codigo_producto,es_caja_nueva,box_id_asignado,destino,orden,categoria,subcategoria,tipo_proyecto,tamaño_corte,ingrediente_forma,largo,ancho,alto,peso_neto_caja,n_tipos_acumulado
MC0000,False,2.7x400.0x240.0x254.33,Catálogo inicial,0,Bastones clasicos,Bastones clasicos - Sigilo,Forma estable,Forma,Tiras para dip de brocoli,384.2,249.8,236.8,12.034,84
MC0001,False,2.7x400.0x273.48x257.14,Catálogo inicial,1,Bastones clasicos,Bastones clasicos - Sigilo,Forma estable,Forma,Espirales de brocoli,393.6,263.1,255.4,6.967,84
MC0002,False,3.0x400.0x300.0x279.4,Catálogo inicial,2,Bastones clasicos,Bastones clasicos - Sigilo,Forma estable,Forma,Brocoli en rejilla,386.4,285.7,285.9,10.068,84
MC0003,False,2.7x400.0x300.0x209.65,Catálogo inicial,3,Bastones clasicos,Bastones clasicos - Sigilo,Forma estable,Forma,Mix crujiente de brocoli,382.7,294.8,202.9,12.578,84
MC0004,False,3.0x400.0x266.63x225.0,Catálogo inicial,4,Bastones clasicos,Bastones clasicos - Sigilo,Estacional,Corte steak,Bastones rectos de brocoli,391.7,254.6,209.7,13.034,84
MC0005,False,3.0x400.0x300.0x175.14,Catálogo inicial,5,Bastones clasicos,Bastones clasicos - Sigilo,Forma estable,Forma,Gajos de brocoli,388.6,285.7,168.9,12.062,84
MC0006,True,2.5x405.3x255.5x229.9,Caja nueva,6,Bastones clasicos,Bastones clasicos - Sigilo,Estacional,Medio,Bastones rectos de brocoli,400.3,250.5,224.9,12.392,85
MC0007,False,2.7x400.0x300.0x224.54,Catálogo inicial,7,Bastones clasicos,Bastones clasicos - Sigilo,Forma estable,Forma,Brocoli en rejilla,383.2,297.1,221.0,6.782,85
MC0008,False,3.0x400.0x269.82x196.42,Catálogo inicial,8,Bastones clasicos,Bastones clasicos - Sigilo,Forma estable,Forma,Tiras para dip de brocoli,371.0,250.4,210.0,6.136,85
MC0009,False,3.0x400.0x266.63x250.68,Catálogo inicial,9,Bastones clasicos,Bastones clasicos - Sigilo,Forma estable,Forma,Tiras para dip de brocoli,406.0,249.0,236.0,12.71,85
MC0010,True,2.5x393.1x259.0x207.4,Caja nueva,10,Bastones clasicos,Bastones clasicos - Sigilo,Forma estable,Forma,Brocoli en rejilla,388.1,254.0,202.4,4.572,86
MC0011,True,2.7x375.0x286.2x216.3,Caja nueva,11,Bastones clasicos,Bastones clasicos - Sigilo,Forma estable,Forma,Mix crujiente de brocoli,369.6,280.8,210.9,13.238,87
MC0012,True,2.5x405.3x310.9x204.6,Caja nueva,12,Snacks y aperitivos,Snacks y aperitivos - Aros y Vegetales,Co-produccion,Forma,Aros de brocoli,400.3,305.9,199.6,4.763,88
MC0013,False,2.7x400.0x240.0x266.03,Catálogo inicial,13,Bastones clasicos,Bastones clasicos - Reserva Privada,Estacional,Fino,Bastones rectos de brocoli,388.3,247.3,248.3,13.104,88
MC0014,False,2.5x400.0x276.27x162.44,Catálogo inicial,14,Snacks y aperitivos,Snacks y aperitivos - Queso,Co-produccion,Forma,Bocados de brocoli con mozzarella,375.0,261.6,169.0,4.916,88
MC0015,False,2.7x400.0x240.0x225.0,Catálogo inicial,15,Bastones clasicos,Bastones clasicos - Sigilo,Forma estable,Forma,Brocoli en rejilla,385.6,246.5,212.5,6.659,88
MC0016,False,3.0x400.0x300.0x186.85,Catálogo inicial,16,Bastones clasicos,Bastones clasicos - Sigilo,Forma estable,Forma,Brocoli zigzag,403.7,298.3,172.3,6.503,88
MC0017,False,2.7x400.0x240.0x237.31,Catálogo inicial,17,Bastones clasicos,Bastones clasicos - Legumes Frites,Estacional,Medio,Bastones rectos de brocoli,384.3,242.0,224.9,12.092,88
MC0018,False,2.7x400.0x240.0x266.03,Catálogo inicial,18,Guarniciones,Guarniciones - Legumes Croquetas,Forma estable,Forma,Croquetas de brocoli,387.2,248.6,248.1,9.868,88
MC0019,False,2.7x400.0x240.0x237.31,Catálogo inicial,19,Bastones clasicos,Bastones clasicos - Sigilo,Estacional,Medio,Bastones rectos de brocoli,376.4,256.6,221.6,12.083,88
MC0020,False,3.0x400.0x300.0x186.85,Catálogo inicial,20,Bastones clasicos,Bastones clasicos - Reserva Privada,Estacional,Grueso,Bastones rectos de brocoli,391.9,301.7,170.4,12.778,88
MC0021,False,2.7x400.0x300.0x249.01,Catálogo inicial,21,Bastones clasicos,Bastones clasicos - Sigilo,Forma estable,Forma,Espirales de brocoli,382.5,287.9,252.2,12.251,88
MC0022,False,2.5x400.0x300.0x281.59,Catálogo inicial,22,Bastones clasicos,Bastones clasicos - Sigilo,Forma estable,Forma,Espirales de brocoli,389.3,305.9,266.5,12.045,88
MC0023,False,3.0x400.0x266.63x250.68,Catálogo inicial,23,Bastones clasicos,Bastones clasicos - Sigilo,Estacional,Fino,Bastones rectos de brocoli,403.3,259.9,238.3,12.302,88
MC0024,False,2.5x400.0x276.27x225.0,Catálogo inicial,24,Bastones clasicos,Bastones clasicos - Sigilo,Forma estable,Forma,Brocoli en rejilla,400.0,260.1,223.6,6.818,88
MC0025,False,2.7x400.0x300.0x249.01,Catálogo inicial,25,Bastones clasicos,Bastones clasicos - Sigilo,Forma estable,Forma,Brocoli zigzag,406.8,287.5,235.0,9.669,88
MC0026,True,2.5x408.3x310.9x146.1,Caja nueva,26,Snacks y aperitivos,Snacks y aperitivos - Queso,Co-produccion,Forma,Bocados de brocoli con queso cheddar,403.3,305.9,141.1,5.005,89
MC0027,False,2.7x400.0x273.48x255.4,Catálogo inicial,27,Bastones clasicos,Bastones clasicos - Sigilo,Estacional,Medio,Bastones rectos de brocoli,384.7,281.8,242.1,12.761,89
MC0028,False,3.0x400.0x300.0x150.0,Catálogo inicial,28,Bastones clasicos,Bastones clasicos - Sigilo,Estacional,Medio,Bastones rectos de brocoli,399.2,289.2,142.5,6.969,89
MC0029,False,2.7x400.0x300.0x194.76,Catálogo inicial,29,Brocoli especial,Brocoli especial - Bastones Especiales,Estacional,Corte steak,Bastones rectos de brocoli,404.1,281.4,192.0,12.384,89
MC0030,True,2.5x399.4x277.8x229.1,Caja nueva,30,Bastones clasicos,Bastones clasicos - Sigilo,Estacional,Medio,Bastones rectos de brocoli,394.4,272.8,224.1,12.108,90
MC0031,False,2.7x400.0x240.0x211.78,Catálogo inicial,31,Bastones clasicos,Bastones clasicos - Reserva Privada,Estacional,Medio,Bastones rectos de brocoli,380.5,252.0,197.3,12.529,90
MC0032,False,2.5x400.0x273.08x245.42,Catálogo inicial,32,Bastones clasicos,Bastones clasicos - Sigilo,Forma estable,Forma,Tiras para dip de brocoli,402.7,252.4,228.7,12.676,90
MC0033,False,3.0x400.0x269.82x196.42,Catálogo inicial,33,Guarniciones,Guarniciones - Cubos,Forma estable,Forma,Cubos de brocoli,392.3,264.6,182.6,11.952,90
MC0034,False,3.0x400.0x300.0x256.0,Catálogo inicial,34,Bastones clasicos,Bastones clasicos - Sigilo,Estacional,Grueso,Bastones rectos de brocoli,386.4,302.1,242.8,12.653,90
MC0035,False,3.0x400.0x300.0x223.02,Catálogo inicial,35,Bastones clasicos,Bastones clasicos - Mayordomo,Estacional,Medio,Bastones rectos de brocoli,381.2,302.9,212.5,12.23,90
MC0036,False,3.0x400.0x269.82x180.0,Catálogo inicial,36,Bastones clasicos,Bastones clasicos - Sigilo,Forma estable,Forma,Gajos de brocoli,393.3,272.7,166.1,12.422,90
MC0037,False,2.5x400.0x300.0x292.23,Catálogo inicial,37,Bastones clasicos,Bastones clasicos - Sigilo,Estacional,Medio,Bastones rectos de brocoli,380.0,279.8,307.1,12.215,90
MC0038,False,2.5x405.3x310.9x204.6,Caja creada en MC,38,Bastones clasicos,Bastones clasicos - Sigilo,Forma estable,Forma,Espirales de brocoli,399.0,291.9,208.5,6.638,90
MC0039,True,2.5x397.7x244.9x307.2,Caja nueva,39,Bastones clasicos,Bastones clasicos - Sigilo,Estacional,Fino,Bastones rectos de brocoli,392.7,239.9,302.2,11.898,91
MC0040,False,2.7x400.0x273.48x225.0,Catálogo inicial,40,Bastones clasicos,Bastones clasicos - Legumes Frites,Estacional,Medio,Bastones rectos de brocoli,388.6,263.1,221.8,10.479,91
MC0041,False,3.0x400.0x300.0x163.44,Catálogo inicial,41,Bastones clasicos,Bastones clasicos - Legumes Frites,Estacional,Grueso,Bastones rectos de brocoli,388.6,279.7,154.1,12.375,91
MC0042,False,2.5x408.3x310.9x146.1,Caja creada en MC,42,Bastones clasicos,Bastones clasicos - Sigilo,Estacional,Medio,Bastones rectos de brocoli,392.4,294.4,145.3,6.466,91
MC0043,False,2.7x400.0x300.0x200.0,Catálogo inicial,43,Bastones clasicos,Bastones clasicos - Sigilo,Estacional,Medio,Bastones rectos de brocoli,371.7,305.9,196.5,11.955,91
MC0044,False,3.0x400.0x277.27x180.0,Catálogo inicial,44,Bastones clasicos,Bastones clasicos - Mayordomo,Forma estable,Forma,Gajos de brocoli,396.4,279.0,165.4,12.272,91
MC0045,False,2.7x400.0x240.0x237.31,Catálogo inicial,45,Bastones clasicos,Bastones clasicos - Sigilo,Estacional,Medio,Bastones rectos de brocoli,377.2,244.9,224.1,12.35,91
MC0046,False,2.7x400.0x240.0x272.42,Catálogo inicial,46,Bastones clasicos,Bastones clasicos - Sigilo,Forma estable,Forma,Corte rustico de brocoli,373.5,255.9,257.3,12.353,91
MC0047,False,2.7x400.0x300.0x257.14,Catálogo inicial,47,Bastones clasicos,Bastones clasicos - Sigilo,Forma estable,Forma,Brocoli zigzag,382.6,302.7,252.6,9.794,91
MC0048,False,3.0x400.0x277.27x287.91,Catálogo inicial,48,Bastones clasicos,Bastones clasicos - Sigilo,Forma estable,Forma,Brocoli en rejilla,374.2,281.1,279.4,12.252,91
MC0049,False,2.5x393.1x259.0x207.4,Caja creada en MC,49,Bastones clasicos,Bastones clasicos - Sigilo,Forma estable,Forma,Espirales de brocoli,383.6,243.3,208.0,7.049,91
MC0050,False,2.5x399.4x277.8x229.1,Caja creada en MC,50,Bastones clasicos,Bastones clasicos - Sigilo,Estacional,Fino,Bastones rectos de brocoli,383.8,296.1,210.7,12.683,91
MC0051,False,3.0x400.0x266.63x256.0,Catálogo inicial,51,Bastones clasicos,Bastones clasicos - Sigilo,Forma estable,Forma,Espirales de brocoli,389.0,257.9,255.5,6.343,91
MC0052,False,2.5x399.4x277.8x229.1,Caja creada en MC,52,Bastones clasicos,Bastones clasicos - Sigilo,Estacional,Fino,Bastones rectos de brocoli,395.2,270.3,219.7,12.535,91
MC0053,False,3.0x400.0x269.82x196.42,Catálogo inicial,53,Bastones clasicos,Bastones clasicos - Legumes Frites,Estacional,Medio,Bastones rectos de brocoli,384.9,272.6,183.6,12.547,91
MC0054,False,3.0x400.0x300.0x186.85,Catálogo inicial,54,Bastones clasicos,Bastones clasicos - Reserva Privada,Estacional,Grueso,Bastones rectos de brocoli,391.7,301.0,174.5,12.956,91
MC0055,False,2.7x400.0x273.48x255.4,Catálogo inicial,55,Bastones clasicos,Bastones clasicos - Sigilo,Forma estable,Forma,Espirales de brocoli,397.8,258.1,256.9,6.383,91
MC0056,False,3.0x400.0x300.0x175.14,Catálogo inicial,56,Bastones clasicos,Bastones clasicos - Sigilo,Estacional,Fino,Bastones rectos de brocoli,402.3,289.2,162.7,6.905,91
MC0057,True,3.0x369.8x290.5x165.9,Caja nueva,57,Guarniciones,Guarniciones - Cubos,Forma estable,Forma,Cubos de brocoli,363.8,284.5,159.9,12.516,92
MC0058,False,3.0x400.0x269.82x180.0,Catálogo inicial,58,Bastones clasicos,Bastones clasicos - Sigilo,Estacional,Medio,Bastones rectos de brocoli,379.8,284.1,164.9,13.059,92
MC0059,True,3.0x369.8x259.5x209.3,Caja nueva,59,Bastones clasicos,Bastones clasicos - Sigilo,Forma estable,Forma,Gajos de brocoli,363.8,253.5,203.3,12.984,93
MC0060,False,2.7x400.0x240.0x237.31,Catálogo inicial,60,Bastones clasicos,Bastones clasicos - Grado B,Estacional,Medio,Bastones rectos de brocoli,383.4,237.9,222.9,12.574,93
MC0061,False,3.0x400.0x269.82x196.42,Catálogo inicial,61,Bastones clasicos,Bastones clasicos - Sigilo,Estacional,Medio,Bastones rectos de brocoli,383.9,278.8,183.4,12.402,93
MC0062,False,2.7x400.0x300.0x195.82,Catálogo inicial,62,Bastones clasicos,Bastones clasicos - Sigilo,Forma estable,Forma,Corte rustico de brocoli,398.1,288.3,192.5,12.69,93
MC0063,False,3.0x400.0x300.0x317.7,Catálogo inicial,63,Bastones clasicos,Bastones clasicos - Sigilo,Forma estable,Forma,Brocoli en rejilla,399.8,285.1,313.6,10.94,93
MC0064,False,3.0x400.0x300.0x175.14,Catálogo inicial,64,Bastones clasicos,Bastones clasicos - Sigilo,Forma estable,Forma,Gajos de brocoli,388.3,290.9,168.0,9.191,93
MC0065,False,3.0x400.0x240.0x159.19,Catálogo inicial,65,Guarniciones,Guarniciones - Legumes Croquetas,Forma estable,Forma,Rosti de brocoli,374.3,242.7,149.4,5.012,93
MC0066,False,2.5x399.4x277.8x229.1,Caja creada en MC,66,Bastones clasicos,Bastones clasicos - Grado B,Estacional,Medio,Bastones rectos de brocoli,398.7,257.7,229.6,12.348,93
MC0067,False,3.0x400.0x300.0x271.95,Catálogo inicial,67,Bastones clasicos,Bastones clasicos - Sigilo,Forma estable,Forma,Espirales de brocoli,379.9,295.4,263.8,12.328,93
MC0068,False,3.0x400.0x300.0x178.34,Catálogo inicial,68,Bastones clasicos,Bastones clasicos - Mayordomo,Estacional,Medio,Bastones rectos de brocoli,388.0,292.2,175.9,10.6,93
MC0069,False,3.0x400.0x300.0x238.97,Catálogo inicial,69,Bastones clasicos,Bastones clasicos - Legumes Frites,Estacional,Medio,Bastones rectos de brocoli,399.5,289.2,223.7,12.709,93
MC0070,False,2.7x400.0x273.48x225.0,Catálogo inicial,70,Bastones clasicos,Bastones clasicos - Sigilo,Estacional,Medio,Bastones rectos de brocoli,386.4,254.3,229.6,12.192,93
MC0071,True,2.5x407.5x253.6x266.4,Caja nueva,71,Bastones clasicos,Bastones clasicos - Sigilo,Forma estable,Forma,Tiras para dip de brocoli,402.5,248.6,261.4,9.813,94
MC0072,False,3.0x400.0x300.0x271.95,Catálogo inicial,72,Bastones clasicos,Bastones clasicos - Sigilo,Estacional,Grueso,Bastones rectos de brocoli,395.9,287.4,259.0,12.015,94
MC0073,True,2.5x374.1x266.5x240.0,Caja nueva,73,Bastones clasicos,Bastones clasicos - Legumes Frites,Estacional,Corte steak,Bastones rectos de brocoli,369.1,261.5,235.0,12.548,95
MC0074,False,2.7x400.0x300.0x195.82,Catálogo inicial,74,Bastones clasicos,Bastones clasicos - Sigilo,Estacional,Grueso,Bastones rectos de brocoli,406.5,294.9,184.3,12.931,95
MC0075,False,3.0x400.0x300.0x175.14,Catálogo inicial,75,Bastones clasicos,Bastones clasicos - Legumes Frites,Estacional,Corte steak,Bastones rectos de brocoli,396.1,280.3,170.9,11.693,95
MC0076,False,3.0x400.0x300.0x271.95,Catálogo inicial,76,Bastones clasicos,Bastones clasicos - Reserva Privada,Forma estable,Forma,Rodajas de brocoli,396.2,291.6,255.4,9.28,95
MC0077,False,3.0x400.0x269.82x196.42,Catálogo inicial,77,Bastones clasicos,Bastones clasicos - Reserva Privada,Estacional,Medio,Bastones rectos de brocoli,384.0,256.5,191.0,12.341,95
MC0078,False,2.7x400.0x240.0x266.03,Catálogo inicial,78,Bastones clasicos,Bastones clasicos - Sigilo,Forma estable,Forma,Dippers de brocoli,373.1,245.2,263.4,12.553,95
MC0079,False,2.7x400.0x273.48x225.0,Catálogo inicial,79,Bastones clasicos,Bastones clasicos - Legumes Frites,Estacional,Fino,Bastones rectos de brocoli,373.9,286.1,215.7,11.189,95
MC0080,False,2.7x400.0x300.0x209.65,Catálogo inicial,80,Bastones clasicos,Bastones clasicos - Sigilo,Forma estable,Forma,Gajos de brocoli,394.3,292.5,202.4,12.772,95
MC0081,False,3.0x400.0x277.27x287.91,Catálogo inicial,81,Bastones clasicos,Bastones clasicos - Sigilo,Forma estable,Forma,Brocoli zigzag,381.7,261.8,286.0,12.603,95
MC0082,False,3.0x400.0x277.27x225.0,Catálogo inicial,82,Bastones clasicos,Bastones clasicos - Reserva Privada,Estacional,Medio,Bastones rectos de brocoli,398.2,265.9,220.5,12.874,95
MC0083,True,2.5x373.7x298.5x213.6,Caja nueva,83,Guarniciones,Guarniciones - Tortitas,Forma estable,Forma,Tortitas de brocoli,368.7,293.5,208.6,11.171,96
MC0084,False,3.0x400.0x300.0x256.0,Catálogo inicial,84,Bastones clasicos,Bastones clasicos - Sigilo,Forma estable,Forma,Espirales de brocoli,392.6,287.7,251.1,10.265,96
MC0085,False,2.5x400.0x276.27x162.44,Catálogo inicial,85,Bastones clasicos,Bastones clasicos - Sigilo,Estacional,Medio,Bastones rectos de brocoli,389.3,280.2,148.7,6.602,96
MC0086,False,3.0x400.0x269.82x196.42,Catálogo inicial,86,Bastones clasicos,Bastones clasicos - Reserva Privada,Forma estable,Forma,Gajos de brocoli,406.8,254.4,189.7,13.237,96
MC0087,False,2.7x400.0x240.0x237.31,Catálogo inicial,87,Guarniciones,Guarniciones - Legumes Croquetas,Forma estable,Forma,Croquetas de brocoli,378.7,241.7,230.2,12.838,96
MC0088,False,2.7x400.0x300.0x249.01,Catálogo inicial,88,Bastones clasicos,Bastones clasicos - Sigilo,Estacional,Fino,Bastones rectos de brocoli,406.8,285.9,234.9,11.823,96
MC0089,False,2.7x400.0x300.0x195.82,Catálogo inicial,89,Guarniciones,Guarniciones - Tortitas,Forma estable,Forma,Tortitas de brocoli,384.7,281.2,204.3,11.862,96
MC0090,False,2.7x400.0x300.0x194.76,Catálogo inicial,90,Bastones clasicos,Bastones clasicos - Cielo,Estacional,Medio,Bastones rectos de brocoli,390.8,281.9,191.7,12.285,96
MC0091,False,2.7x400.0x240.0x257.14,Catálogo inicial,91,Bastones clasicos,Bastones clasicos - Sigilo,Estacional,Fino,Bastones rectos de brocoli,384.4,243.0,248.5,13.061,96
MC0092,True,2.5x403.2x257.6x275.3,Caja nueva,92,Bastones clasicos,Bastones clasicos - Sigilo,Forma estable,Forma,Brocoli en rejilla,398.2,252.6,270.3,6.505,97
MC0093,False,3.0x400.0x300.0x150.0,Catálogo inicial,93,Guarniciones,Guarniciones - Cubos,Forma estable,Forma,Cubos de brocoli,386.2,298.2,144.3,12.898,97
MC0094,False,2.5x400.0x276.27x255.0,Catálogo inicial,94,Bastones clasicos,Bastones clasicos - Grado B,Estacional,Fino,Bastones rectos de brocoli,406.8,256.5,256.0,12.242,97
MC0095,False,3.0x400.0x300.0x279.4,Catálogo inicial,95,Bastones clasicos,Bastones clasicos - Sigilo,Forma estable,Forma,Brocoli zigzag,380.7,305.9,269.9,13.244,97
MC0096,True,2.7x412.2x302.9x182.20000000000002,Caja nueva,96,Bastones clasicos,Bastones clasicos - Legumes Frites,Estacional,Medio,Bastones rectos de brocoli,406.8,297.5,176.8,12.405,98
MC0097,False,3.0x369.8x259.5x209.3,Caja creada en MC,97,Bastones clasicos,Bastones clasicos - Sigilo,Forma estable,Forma,Gajos de brocoli,375.6,245.8,202.2,13.092,98
MC0098,False,3.0x400.0x277.27x200.0,Catálogo inicial,98,Bastones clasicos,Bastones clasicos - Legumes Frites,Estacional,Medio,Bastones rectos de brocoli,385.3,286.0,186.0,11.145,98
MC0099,False,2.5x393.1x259.0x207.4,Caja creada en MC,99,Bastones clasicos,Bastones clasicos - Legumes Frites,Forma estable,Forma,Brocoli zigzag,367.8,253.9,213.5,10.024,98
MC0100,False,2.7x400.0x300.0x209.65,Catálogo inicial,100,Guarniciones,Guarniciones - Tortitas,Forma estable,Forma,Tortitas de brocoli,388.2,288.7,211.5,10.286,98
MC0101,False,2.5x399.4x277.8x229.1,Caja creada en MC,101,Bastones clasicos,Bastones clasicos - Sigilo,Estacional,Medio,Bastones rectos de brocoli,399.6,263.5,224.3,9.725,98
MC0102,False,2.7x400.0x240.0x266.03,Catálogo inicial,102,Bastones clasicos,Bastones clasicos - Sigilo,Estacional,Fino,Bastones rectos de brocoli,382.1,241.7,257.1,12.654,98
MC0103,False,3.0x400.0x300.0x238.97,Catálogo inicial,103,Bastones clasicos,Bastones clasicos - Sigilo,Estacional,Grueso,Bastones rectos de brocoli,392.7,303.6,220.8,11.325,98
MC0104,True,3.0x373.3x289.8x197.7,Caja nueva,104,Bastones clasicos,Bastones clasicos - Sigilo,Estacional,Medio,Bastones rectos de brocoli,367.3,283.8,191.7,12.86,99
MC0105,False,2.5x407.5x253.6x266.4,Caja creada en MC,105,Bastones clasicos,Bastones clasicos - Sigilo,Estacional,Fino,Bastones rectos de brocoli,390.3,243.0,269.6,12.363,99
MC0106,False,2.5x374.1x266.5x240.0,Caja creada en MC,106,Bastones clasicos,Bastones clasicos - Sigilo,Forma estable,Forma,Brocoli en rejilla,364.7,253.7,222.1,6.76,99
MC0107,False,3.0x400.0x300.0x238.97,Catálogo inicial,107,Guarniciones,Guarniciones - Tortitas,Forma estable,Forma,Tortitas de brocoli,370.6,293.8,237.5,11.39,99
MC0108,False,3.0x400.0x277.27x180.0,Catálogo inicial,108,Bastones clasicos,Bastones clasicos - Legumes Frites,Estacional,Medio,Bastones rectos de brocoli,388.6,278.6,171.2,11.645,99
MC0109,False,2.7x400.0x300.0x224.54,Catálogo inicial,109,Bastones clasicos,Bastones clasicos - Sigilo,Estacional,Grueso,Bastones rectos de brocoli,401.3,285.9,221.7,13.23,99
MC0110,False,3.0x400.0x300.0x223.02,Catálogo inicial,110,Bastones clasicos,Bastones clasicos - Sigilo,Forma estable,Forma,Espirales de brocoli,406.8,280.7,219.5,6.435,99
MC0111,False,2.7x400.0x240.0x237.31,Catálogo inicial,111,Bastones clasicos,Bastones clasicos - Sigilo,Forma estable,Forma,Brocoli en rejilla,376.3,238.6,229.7,6.565,99
MC0112,True,2.5x411.8x268.0x264.6,Caja nueva,112,Guarniciones,Guarniciones - Tortitas,Forma estable,Forma,Tortitas de brocoli,406.8,263.0,259.6,12.626,100
MC0113,False,2.5x400.0x300.0x292.23,Catálogo inicial,113,Brocoli especial,Brocoli especial - Bastones Especiales,Estacional,Fino,Bastones rectos de brocoli,397.9,291.9,277.6,9.072,100
MC0114,False,2.7x400.0x300.0x194.76,Catálogo inicial,114,Bastones clasicos,Bastones clasicos - Sigilo,Forma estable,Forma,Espirales de brocoli,393.2,286.2,190.3,5.671,100
MC0115,False,2.7x400.0x240.0x272.42,Catálogo inicial,115,Bastones clasicos,Bastones clasicos - Sigilo,Forma estable,Forma,Dippers de brocoli,388.0,249.7,253.8,12.449,100
MC0116,False,2.7x400.0x273.48x255.4,Catálogo inicial,116,Bastones clasicos,Bastones clasicos - Sigilo,Forma estable,Forma,Brocoli zigzag,386.7,281.5,242.4,10.006,100
MC0117,False,2.5x405.3x255.5x229.9,Caja creada en MC,117,Bastones clasicos,Bastones clasicos - Legumes Frites,Forma estable,Forma,Brocoli zigzag,381.3,248.4,232.9,10.004,100
MC0118,False,3.0x400.0x277.27x225.0,Catálogo inicial,118,Bastones clasicos,Bastones clasicos - Legumes Frites,Estacional,Fino,Bastones rectos de brocoli,381.3,292.3,208.9,12.467,100
MC0119,True,2.7x369.5x248.6x243.20000000000002,Caja nueva,119,Bastones clasicos,Bastones clasicos - Legumes Frites,Estacional,Medio,Bastones rectos de brocoli,364.1,243.2,237.8,12.73,101
MC0120,False,2.7x375.0x286.2x216.3,Caja creada en MC,120,Bastones clasicos,Bastones clasicos - Sigilo,Forma estable,Forma,Mix crujiente de brocoli,368.1,278.2,199.5,12.262,101
MC0121,False,3.0x400.0x300.0x223.02,Catálogo inicial,121,Bastones clasicos,Bastones clasicos - Sigilo,Forma estable,Forma,Dippers de brocoli,395.6,289.3,217.2,11.276,101
MC0122,False,3.0x400.0x300.0x300.0,Catálogo inicial,122,Bastones clasicos,Bastones clasicos - Sigilo,Forma estable,Forma,Brocoli en rejilla,382.8,294.3,300.2,9.738,101
MC0123,False,3.0x400.0x300.0x175.14,Catálogo inicial,123,Bastones clasicos,Bastones clasicos - Legumes Frites,Estacional,Medio,Bastones rectos de brocoli,379.1,296.6,172.6,12.108,101
MC0124,False,2.7x375.0x286.2x216.3,Caja creada en MC,124,Bastones clasicos,Bastones clasicos - Sigilo,Estacional,Medio,Bastones rectos de brocoli,386.1,280.3,201.9,11.868,101
MC0125,False,3.0x400.0x266.63x250.68,Catálogo inicial,125,Bastones clasicos,Bastones clasicos - Sigilo,Forma estable,Forma,Dippers de brocoli,392.1,255.0,242.8,12.812,101
MC0126,False,3.0x400.0x240.0x196.42,Catálogo inicial,126,Bastones clasicos,Bastones clasicos - Reserva Privada,Forma estable,Forma,Gajos de brocoli,381.1,240.2,182.0,9.59,101
MC0127,False,3.0x400.0x300.0x238.97,Catálogo inicial,127,Bastones clasicos,Bastones clasicos - Sigilo,Estacional,Fino,Bastones rectos de brocoli,378.4,301.7,232.5,12.624,101
MC0128,False,3.0x400.0x277.27x298.55,Catálogo inicial,128,Bastones clasicos,Bastones clasicos - Sigilo,Forma estable,Forma,Brocoli en rejilla,400.2,276.3,280.9,12.965,101
MC0129,False,2.5x405.3x310.9x204.6,Caja creada en MC,129,Bastones clasicos,Bastones clasicos - Legumes Frites,Estacional,Medio,Bastones rectos de brocoli,404.3,297.4,189.9,10.568,101
MC0130,False,2.5x407.5x253.6x266.4,Caja creada en MC,130,Bastones clasicos,Bastones clasicos - Sigilo,Forma estable,Forma,Dippers de brocoli,388.7,243.1,270.5,12.483,101
MC0131,True,2.7x409.9x275.79999999999995x184.20000000000002,Caja nueva,131,Guarniciones,Guarniciones - Cubos,Forma estable,Forma,Cubos de brocoli,404.5,270.4,178.8,12.436,102
MC0132,False,3.0x400.0x266.63x250.68,Catálogo inicial,132,Bastones clasicos,Bastones clasicos - Sigilo,Forma estable,Forma,Tiras para dip de brocoli,406.8,259.5,237.5,12.642,102
MC0133,False,3.0x400.0x266.63x256.0,Catálogo inicial,133,Guarniciones,Guarniciones - Tortitas,Forma estable,Forma,Rosti de brocoli,406.3,247.2,253.2,12.965,102
MC0134,False,3.0x400.0x266.63x250.68,Catálogo inicial,134,Bastones clasicos,Bastones clasicos - Sigilo,Estacional,Medio,Bastones rectos de brocoli,400.2,251.0,246.3,12.001,102
MC0135,False,2.5x405.3x255.5x229.9,Caja creada en MC,135,Bastones clasicos,Bastones clasicos - Legumes Frites,Estacional,Medio,Bastones rectos de brocoli,400.1,261.0,215.5,12.714,102
MC0136,False,3.0x400.0x291.1x360.0,Catálogo inicial,136,Bastones clasicos,Bastones clasicos - Reserva Privada,Estacional,Fino,Bastones rectos de brocoli,384.9,276.5,361.5,12.887,102
MC0137,False,2.7x400.0x276.67x250.08,Catálogo inicial,137,Bastones clasicos,Bastones clasicos - Sigilo,Forma estable,Forma,Brocoli zigzag,373.3,285.4,244.3,9.695,102
MC0138,False,2.5x405.3x310.9x204.6,Caja creada en MC,138,Bastones clasicos,Bastones clasicos - Sigilo,Estacional,Fino,Bastones rectos de brocoli,396.2,288.4,208.8,12.448,102
MC0139,False,3.0x400.0x277.27x287.91,Catálogo inicial,139,Bastones clasicos,Bastones clasicos - Sigilo,Forma estable,Forma,Brocoli zigzag,377.0,260.8,293.6,12.657,102
MC0140,False,3.0x400.0x300.0x175.14,Catálogo inicial,140,Bastones clasicos,Bastones clasicos - Sigilo,Forma estable,Forma,Dippers de brocoli,376.8,287.1,177.0,5.557,102
MC0141,False,3.0x400.0x266.63x250.68,Catálogo inicial,141,Bastones clasicos,Bastones clasicos - Reserva Privada,Estacional,Fino,Bastones rectos de brocoli,406.8,245.1,248.0,12.718,102
MC0142,False,3.0x400.0x300.0x238.97,Catálogo inicial,142,Bastones clasicos,Bastones clasicos - Sigilo,Forma estable,Forma,Espirales de brocoli,405.0,288.8,223.0,6.609,102
MC0143,False,2.5x405.3x310.9x204.6,Caja creada en MC,143,Bastones clasicos,Bastones clasicos - Sigilo,Estacional,Medio,Bastones rectos de brocoli,403.2,288.0,207.8,8.492,102
MC0144,False,2.7x400.0x273.48x225.0,Catálogo inicial,144,Bastones clasicos,Bastones clasicos - Sigilo,Forma estable,Forma,Mix crujiente de brocoli,379.9,257.0,232.4,8.495,102
MC0145,False,2.5x374.1x266.5x240.0,Caja creada en MC,145,Bastones clasicos,Bastones clasicos - Legumes Frites,Forma estable,Forma,Brocoli zigzag,366.9,264.2,228.1,10.091,102
MC0146,False,2.7x400.0x300.0x249.01,Catálogo inicial,146,Bastones clasicos,Bastones clasicos - Sigilo,Forma estable,Forma,Brocoli zigzag,383.2,292.7,249.8,9.804,102
MC0147,False,2.7x400.0x240.0x225.0,Catálogo inicial,147,Bastones clasicos,Bastones clasicos - Reserva Privada,Estacional,Corte steak,Bastones rectos de brocoli,384.2,250.1,208.8,11.94,102
MC0148,True,2.5x396.9x303.6x326.6,Caja nueva,148,Bastones clasicos,Bastones clasicos - Sigilo,Estacional,Medio,Bastones rectos de brocoli,391.9,298.6,321.6,12.457,103
MC0149,False,3.0x400.0x277.27x200.0,Catálogo inicial,149,Bastones clasicos,Bastones clasicos - Mayordomo,Estacional,Medio,Bastones rectos de brocoli,399.1,280.3,183.3,12.573,103
MC0150,False,2.7x400.0x300.0x194.76,Catálogo inicial,150,Bastones clasicos,Bastones clasicos - Sigilo,Estacional,Medio,Bastones rectos de brocoli,381.8,284.7,197.8,12.071,103
MC0151,False,2.7x400.0x273.48x225.0,Catálogo inicial,151,Guarniciones,Guarniciones - Legumes Croquetas,Forma estable,Forma,Rosti de brocoli,384.0,279.9,214.3,10.881,103
MC0152,False,2.5x399.4x277.8x229.1,Caja creada en MC,152,Bastones clasicos,Bastones clasicos - Grado B,Estacional,Fino,Bastones rectos de brocoli,374.6,275.3,233.5,11.971,103
MC0153,False,3.0x400.0x300.0x198.55,Catálogo inicial,153,Bastones clasicos,Bastones clasicos - Reserva Privada,Forma estable,Forma,Gajos de brocoli,385.1,284.8,203.0,13.237,103
MC0154,False,3.0x400.0x277.27x200.0,Catálogo inicial,154,Bastones clasicos,Bastones clasicos - Cielo,Estacional,Medio,Bastones rectos de brocoli,386.0,287.6,185.7,12.562,103
MC0155,False,2.7x400.0x300.0x249.01,Catálogo inicial,155,Bastones clasicos,Bastones clasicos - Sigilo,Forma estable,Forma,Espirales de brocoli,377.3,291.9,253.5,11.883,103
MC0156,False,3.0x400.0x266.63x250.68,Catálogo inicial,156,Bastones clasicos,Bastones clasicos - Legumes Frites,Estacional,Fino,Bastones rectos de brocoli,377.3,256.1,244.4,12.632,103
MC0157,False,2.7x400.0x273.48x255.4,Catálogo inicial,157,Guarniciones,Guarniciones - Tortitas,Forma estable,Forma,Tortitas de brocoli,390.8,256.9,260.9,12.479,103
MC0158,False,2.5x405.3x310.9x204.6,Caja creada en MC,158,Bastones clasicos,Bastones clasicos - Sigilo,Forma estable,Forma,Espirales de brocoli,391.8,300.9,202.6,5.585,103
MC0159,False,2.5x405.3x255.5x229.9,Caja creada en MC,159,Bastones clasicos,Bastones clasicos - Sigilo,Forma estable,Forma,Espirales de brocoli,403.4,247.7,217.1,6.671,103
MC0160,False,2.5x405.3x255.5x229.9,Caja creada en MC,160,Bastones clasicos,Bastones clasicos - Reserva Privada,Estacional,Medio,Bastones rectos de brocoli,391.8,258.2,212.4,12.199,103
MC0161,False,3.0x400.0x266.63x250.68,Catálogo inicial,161,Guarniciones,Guarniciones - Tortitas,Forma estable,Forma,Tortitas de brocoli,378.2,276.8,230.8,10.746,103
MC0162,False,2.5x373.7x298.5x213.6,Caja creada en MC,162,Bastones clasicos,Bastones clasicos - Sigilo,Estacional,Medio,Bastones rectos de brocoli,363.8,289.2,209.5,8.609,103
MC0163,False,3.0x400.0x300.0x223.02,Catálogo inicial,163,Bastones clasicos,Bastones clasicos - Sigilo,Forma estable,Forma,Dippers de brocoli,375.6,291.7,222.6,8.755,103
MC0164,False,2.7x400.0x240.0x184.12,Catálogo inicial,164,Snacks y aperitivos,Snacks y aperitivos - Queso,Co-produccion,Forma,Bocados de brocoli con mozzarella,389.9,249.9,168.1,5.022,103
MC0165,False,2.5x400.0x240.0x255.0,Catálogo inicial,165,Bastones clasicos,Bastones clasicos - Sigilo,Estacional,Medio,Bastones rectos de brocoli,384.9,255.4,235.1,12.428,103
MC0166,False,3.0x400.0x300.0x271.95,Catálogo inicial,166,Bastones clasicos,Bastones clasicos - Reserva Privada,Estacional,Medio,Bastones rectos de brocoli,394.7,279.7,277.1,12.341,103
MC0167,False,2.5x405.3x255.5x229.9,Caja creada en MC,167,Bastones clasicos,Bastones clasicos - Legumes Frites,Estacional,Medio,Bastones rectos de brocoli,391.1,251.0,215.5,10.884,103
MC0168,False,2.7x400.0x273.48x255.4,Catálogo inicial,168,Bastones clasicos,Bastones clasicos - Sigilo,Forma estable,Forma,Brocoli en rejilla,400.9,276.3,236.7,6.989,103
MC0169,False,3.0x400.0x300.0x175.14,Catálogo inicial,169,Bastones clasicos,Bastones clasicos - Sigilo,Forma estable,Forma,Gajos de brocoli,386.7,296.9,166.0,9.525,103
MC0170,True,2.5x385.4x265.1x151.0,Caja nueva,170,Guarniciones,Guarniciones - Legumes Croquetas,Forma estable,Forma,Rosti de brocoli,380.4,260.1,146.0,4.916,104
MC0171,False,3.0x400.0x266.63x250.68,Catálogo inicial,171,Bastones clasicos,Bastones clasicos - Sigilo,Forma estable,Forma,Tiras para dip de brocoli,392.0,259.1,240.7,13.735,104
MC0172,False,3.0x400.0x277.27x287.91,Catálogo inicial,172,Bastones clasicos,Bastones clasicos - Sigilo,Forma estable,Forma,Espirales de brocoli,393.0,270.1,268.7,6.582,104
MC0173,False,3.0x400.0x300.0x271.95,Catálogo inicial,173,Bastones clasicos,Bastones clasicos - Reserva Privada,Estacional,Medio,Bastones rectos de brocoli,405.9,284.4,256.6,11.983,104
MC0174,True,2.5x372.5x310.9x209.7,Caja nueva,174,Bastones clasicos,Bastones clasicos - Sigilo,Forma estable,Forma,Brocoli en rejilla,367.5,305.9,204.7,6.664,105
MC0175,True,2.5x369.7x291.0x269.1,Caja nueva,175,Bastones clasicos,Bastones clasicos - Sigilo,Estacional,Grueso,Bastones rectos de brocoli,364.7,286.0,264.1,12.159,106
MC0176,False,3.0x400.0x269.82x180.0,Catálogo inicial,176,Snacks y aperitivos,Snacks y aperitivos - Queso,Co-produccion,Forma,Bocados de brocoli con mozzarella,386.6,251.9,173.4,5.136,106
MC0177,True,3.0x399.2x258.0x209.2,Caja nueva,177,Bastones clasicos,Bastones clasicos - Reserva Privada,Estacional,Medio,Bastones rectos de brocoli,393.2,252.0,203.2,12.421,107
MC0178,False,2.5x407.5x253.6x266.4,Caja creada en MC,178,Bastones clasicos,Bastones clasicos - Grado B,Estacional,Fino,Bastones rectos de brocoli,401.1,257.8,250.8,12.335,107
MC0179,False,3.0x400.0x300.0x186.85,Catálogo inicial,179,Bastones clasicos,Bastones clasicos - Reserva Privada,Estacional,Grueso,Bastones rectos de brocoli,393.5,295.2,177.0,13.103,107
MC0180,False,3.0x400.0x240.0x196.42,Catálogo inicial,180,Bastones clasicos,Bastones clasicos - Sigilo,Forma estable,Forma,Gajos de brocoli,378.6,247.2,184.7,12.712,107
MC0181,False,3.0x400.0x300.0x175.14,Catálogo inicial,181,Guarniciones,Guarniciones - Cubos,Forma estable,Forma,Cubos de brocoli,397.8,301.2,162.0,12.865,107
MC0182,False,3.0x400.0x300.0x175.14,Catálogo inicial,182,Bastones clasicos,Bastones clasicos - Reserva Privada,Estacional,Grueso,Bastones rectos de brocoli,400.0,290.1,162.4,12.663,107
MC0183,False,2.7x400.0x300.0x249.01,Catálogo inicial,183,Bastones clasicos,Bastones clasicos - Sigilo,Forma estable,Forma,Brocoli en rejilla,397.2,298.4,234.9,6.413,107
MC0184,False,3.0x400.0x277.27x200.0,Catálogo inicial,184,Bastones clasicos,Bastones clasicos - Reserva Privada,Estacional,Grueso,Bastones rectos de brocoli,395.1,278.2,183.5,12.729,107
MC0185,False,3.0x400.0x266.63x250.68,Catálogo inicial,185,Bastones clasicos,Bastones clasicos - Sigilo,Forma estable,Forma,Corte rustico de brocoli,396.2,258.2,245.3,12.953,107
MC0186,False,2.5x405.3x255.5x229.9,Caja creada en MC,186,Bastones clasicos,Bastones clasicos - Legumes Frites,Estacional,Medio,Bastones rectos de brocoli,386.4,254.0,227.9,11.044,107
MC0187,False,3.0x400.0x300.0x198.55,Catálogo inicial,187,Brocoli especial,Brocoli especial - Bastones Especiales,Estacional,Corte steak,Bastones rectos de brocoli,396.1,282.7,192.8,13.176,107
MC0188,False,3.0x400.0x269.82x180.0,Catálogo inicial,188,Bastones clasicos,Bastones clasicos - Legumes Frites,Estacional,Medio,Bastones rectos de brocoli,381.3,275.4,170.4,12.819,107
MC0189,False,3.0x400.0x277.27x217.7,Catálogo inicial,189,Bastones clasicos,Bastones clasicos - Reserva Privada,Estacional,Corte steak,Bastones rectos de brocoli,393.0,275.4,204.9,12.579,107
MC0190,False,3.0x400.0x266.63x225.0,Catálogo inicial,190,Bastones clasicos,Bastones clasicos - Sigilo,Forma estable,Forma,Gajos de brocoli,399.9,246.0,207.0,12.594,107
MC0191,True,2.5x368.8x248.9x317.0,Caja nueva,191,Bastones clasicos,Bastones clasicos - Sigilo,Estacional,Fino,Bastones rectos de brocoli,363.8,243.9,312.0,12.551,108
MC0192,True,2.5x374.6x285.0x274.7,Caja nueva,192,Bastones clasicos,Bastones clasicos - Reserva Privada,Estacional,Fino,Bastones rectos de brocoli,369.6,280.0,269.7,12.031,109
MC0193,False,3.0x400.0x266.63x250.68,Catálogo inicial,193,Bastones clasicos,Bastones clasicos - Sigilo,Forma estable,Forma,Brocoli zigzag,372.3,285.6,231.6,12.466,109
MC0194,False,2.7x400.0x240.0x237.31,Catálogo inicial,194,Bastones clasicos,Bastones clasicos - Sigilo,Estacional,Medio,Bastones rectos de brocoli,378.8,252.1,223.6,11.073,109
MC0195,False,3.0x400.0x266.63x250.68,Catálogo inicial,195,Bastones clasicos,Bastones clasicos - Sigilo,Forma estable,Forma,Tiras para dip de brocoli,390.0,259.2,246.4,12.344,109
MC0196,False,3.0x400.0x300.0x175.14,Catálogo inicial,196,Bastones clasicos,Bastones clasicos - Reserva Privada,Estacional,Medio,Bastones rectos de brocoli,370.5,293.8,179.9,12.627,109
MC0197,False,2.5x374.1x266.5x240.0,Caja creada en MC,197,Bastones clasicos,Bastones clasicos - Sigilo,Forma estable,Forma,Rodajas de brocoli,368.8,247.1,221.8,9.756,109
MC0198,False,2.5x369.7x291.0x269.1,Caja creada en MC,198,Bastones clasicos,Bastones clasicos - Reserva Privada,Estacional,Fino,Bastones rectos de brocoli,370.2,284.9,260.4,12.79,109
MC0199,False,2.7x409.9x275.79999999999995x184.20000000000002,Caja creada en MC,199,Guarniciones,Guarniciones - Otros,Estacional,Medio,Bastones rectos de brocoli,406.8,278.5,168.9,12.749,109
MC0200,False,2.7x400.0x300.0x200.0,Catálogo inicial,200,Bastones clasicos,Bastones clasicos - Sigilo,Forma estable,Forma,Corte rustico de brocoli,406.8,280.7,197.3,12.563,109
MC0201,False,2.7x400.0x240.0x254.33,Catálogo inicial,201,Bastones clasicos,Bastones clasicos - Grado B,Estacional,Medio,Bastones rectos de brocoli,388.1,248.0,237.0,11.987,109
MC0202,False,3.0x400.0x277.27x200.0,Catálogo inicial,202,Bastones clasicos,Bastones clasicos - Reserva Privada,Estacional,Grueso,Bastones rectos de brocoli,379.8,275.8,196.3,13.172,109
MC0203,False,3.0x400.0x300.0x238.97,Catálogo inicial,203,Bastones clasicos,Bastones clasicos - Sigilo,Estacional,Grueso,Bastones rectos de brocoli,381.4,305.5,228.9,13.691,109
MC0204,False,2.5x400.0x300.0x281.59,Catálogo inicial,204,Brocoli especial,Brocoli especial - Bastones Especiales,Estacional,Fino,Bastones rectos de brocoli,372.4,302.1,285.2,8.729,109
MC0205,False,3.0x400.0x300.0x279.4,Catálogo inicial,205,Bastones clasicos,Bastones clasicos - Legumes Frites,Estacional,Grueso,Bastones rectos de brocoli,386.6,296.4,274.4,12.372,109
MC0206,False,2.5x399.4x277.8x229.1,Caja creada en MC,206,Bastones clasicos,Bastones clasicos - Sigilo,Estacional,Fino,Bastones rectos de brocoli,374.4,286.3,222.4,12.317,109
MC0207,False,2.7x400.0x276.67x346.88,Catálogo inicial,207,Bastones clasicos,Bastones clasicos - Sigilo,Forma estable,Forma,Brocoli en rejilla,385.0,292.7,321.7,11.51,109
MC0208,False,2.7x400.0x240.0x211.78,Catálogo inicial,208,Bastones clasicos,Bastones clasicos - Reserva Privada,Estacional,Corte steak,Bastones rectos de brocoli,374.1,241.5,207.8,13.02,109
MC0209,False,3.0x400.0x240.0x244.29,Catálogo inicial,209,Bastones clasicos,Bastones clasicos - Sigilo,Forma estable,Forma,Espirales de brocoli,374.2,254.4,227.6,6.84,109
MC0210,False,2.5x405.3x255.5x229.9,Caja creada en MC,210,Bastones clasicos,Bastones clasicos - Reserva Privada,Estacional,Medio,Bastones rectos de brocoli,394.8,256.4,212.5,12.46,109
MC0211,True,2.5x402.3x259.7x164.2,Caja nueva,211,Snacks y aperitivos,Snacks y aperitivos - Queso,Co-produccion,Forma,Bocados de brocoli con mozzarella,397.3,254.7,159.2,5.093,110
MC0212,False,3.0x400.0x266.63x256.0,Catálogo inicial,212,Bastones clasicos,Bastones clasicos - Sigilo,Estacional,Fino,Bastones rectos de brocoli,397.9,257.9,249.9,12.528,110
MC0213,False,2.5x405.3x255.5x229.9,Caja creada en MC,213,Bastones clasicos,Bastones clasicos - Sigilo,Forma estable,Forma,Corte rustico de brocoli,377.4,247.4,240.1,12.429,110
MC0214,False,2.7x400.0x300.0x209.65,Catálogo inicial,214,Snacks y aperitivos,Snacks y aperitivos - Aros y Vegetales,Co-produccion,Forma,Aros de brocoli,405.1,282.7,203.5,5.051,110
MC0215,False,3.0x400.0x269.82x180.0,Catálogo inicial,215,Bastones clasicos,Bastones clasicos - Sigilo,Forma estable,Forma,Gajos de brocoli,376.7,279.9,163.7,12.335,110
MC0216,False,2.7x400.0x240.0x214.97,Catálogo inicial,216,Bastones clasicos,Bastones clasicos - Reserva Privada,Forma estable,Forma,Gajos de brocoli,386.2,250.2,198.4,9.824,110
MC0217,False,2.7x409.9x275.79999999999995x184.20000000000002,Caja creada en MC,217,Bastones clasicos,Bastones clasicos - Reserva Privada,Forma estable,Forma,Gajos de brocoli,392.9,260.3,187.7,12.577,110
MC0218,False,2.7x400.0x240.0x254.33,Catálogo inicial,218,Bastones clasicos,Bastones clasicos - Sigilo,Forma estable,Forma,Corte rustico de brocoli,376.8,244.5,246.7,12.726,110
MC0219,False,2.7x400.0x240.0x272.42,Catálogo inicial,219,Bastones clasicos,Bastones clasicos - Grado B,Estacional,Fino,Bastones rectos de brocoli,389.3,247.5,254.6,12.268,110
MC0220,False,2.5x405.3x255.5x229.9,Caja creada en MC,220,Bastones clasicos,Bastones clasicos - Legumes Frites,Estacional,Medio,Bastones rectos de brocoli,384.2,246.5,235.0,12.766,110
MC0221,False,2.5x400.0x268.82x300.0,Catálogo inicial,221,Bastones clasicos,Bastones clasicos - Sigilo,Forma estable,Forma,Brocoli zigzag,400.2,252.3,286.9,12.16,110
MC0222,True,2.5x389.4x279.3x144.5,Caja nueva,222,Bastones clasicos,Bastones clasicos - Sigilo,Estacional,Medio,Bastones rectos de brocoli,384.4,274.3,139.5,6.388,111
MC0223,False,2.5x405.3x255.5x229.9,Caja creada en MC,223,Bastones clasicos,Bastones clasicos - Sigilo,Forma estable,Forma,Tiras para dip de brocoli,400.6,237.4,214.7,6.397,111
MC0224,False,2.7x400.0x300.0x257.14,Catálogo inicial,224,Bastones clasicos,Bastones clasicos - Reserva Privada,Estacional,Medio,Bastones rectos de brocoli,397.7,278.9,262.0,12.098,111
MC0225,False,2.5x400.0x300.0x257.14,Catálogo inicial,225,Bastones clasicos,Bastones clasicos - Sigilo,Forma estable,Forma,Espirales de brocoli,392.0,296.8,252.5,10.047,111
MC0226,False,3.0x400.0x266.63x250.68,Catálogo inicial,226,Bastones clasicos,Bastones clasicos - Sigilo,Estacional,Medio,Bastones rectos de brocoli,401.8,246.0,239.0,12.137,111
MC0227,False,2.7x400.0x240.0x266.03,Catálogo inicial,227,Guarniciones,Guarniciones - Tortitas,Forma estable,Forma,Rosti de brocoli,399.9,244.1,245.0,10.769,111
MC0228,True,2.5x411.8x310.4x177.7,Caja nueva,228,Bastones clasicos,Bastones clasicos - Sigilo,Estacional,Fino,Bastones rectos de brocoli,406.8,305.4,172.7,7.004,112
MC0229,False,2.5x402.3x259.7x164.2,Caja creada en MC,229,Snacks y aperitivos,Snacks y aperitivos - Queso,Co-produccion,Forma,Bocados de brocoli con queso crema,378.5,245.0,168.4,4.914,112
MC0230,False,2.7x400.0x300.0x249.01,Catálogo inicial,230,Bastones clasicos,Bastones clasicos - Sigilo,Estacional,Grueso,Bastones rectos de brocoli,377.2,286.2,258.6,12.429,112
MC0231,False,2.7x400.0x300.0x209.65,Catálogo inicial,231,Bastones clasicos,Bastones clasicos - Sigilo,Estacional,Medio,Bastones rectos de brocoli,403.2,294.8,195.4,12.12,112
MC0232,False,3.0x400.0x300.0x175.14,Catálogo inicial,232,Bastones clasicos,Bastones clasicos - Legumes Frites,Estacional,Medio,Bastones rectos de brocoli,373.7,282.4,177.8,12.812,112
MC0233,False,3.0x369.8x290.5x165.9,Caja creada en MC,233,Bastones clasicos,Bastones clasicos - Legumes Frites,Estacional,Grueso,Bastones rectos de brocoli,364.9,277.1,159.2,12.818,112
MC0234,False,3.0x400.0x300.0x178.34,Catálogo inicial,234,Bastones clasicos,Bastones clasicos - Reserva Privada,Estacional,Grueso,Bastones rectos de brocoli,378.4,293.9,176.4,12.777,112
MC0235,False,2.7x400.0x300.0x249.01,Catálogo inicial,235,Bastones clasicos,Bastones clasicos - Sigilo,Estacional,Medio,Bastones rectos de brocoli,383.8,278.4,263.4,12.702,112
MC0236,False,3.0x400.0x300.0x223.02,Catálogo inicial,236,Guarniciones,Guarniciones - Tortitas,Forma estable,Forma,Tortitas de brocoli,379.8,292.4,220.8,11.024,112
MC0237,False,3.0x400.0x277.27x200.0,Catálogo inicial,237,Bastones clasicos,Bastones clasicos - Sigilo,Estacional,Corte steak,Bastones rectos de brocoli,385.3,258.3,208.2,12.303,112
MC0238,False,3.0x400.0x300.0x271.95,Catálogo inicial,238,Bastones clasicos,Bastones clasicos - Sigilo,Estacional,Grueso,Bastones rectos de brocoli,387.0,293.0,258.2,15.853,112
MC0239,False,3.0x400.0x269.82x180.0,Catálogo inicial,239,Bastones clasicos,Bastones clasicos - Reserva Privada,Forma estable,Forma,Gajos de brocoli,374.8,251.6,175.9,12.984,112
MC0240,False,2.5x374.1x266.5x240.0,Caja creada en MC,240,Bastones clasicos,Bastones clasicos - Legumes Frites,Forma estable,Forma,Brocoli zigzag,370.0,254.4,221.2,9.974,112
MC0241,True,2.5x411.8x267.8x319.2,Caja nueva,241,Bastones clasicos,Bastones clasicos - Reserva Privada,Estacional,Fino,Bastones rectos de brocoli,406.8,262.8,314.2,12.24,113
MC0242,False,2.5x405.3x255.5x229.9,Caja creada en MC,242,Bastones clasicos,Bastones clasicos - Sigilo,Forma estable,Forma,Tiras para dip de brocoli,396.5,250.8,225.6,12.515,113
MC0243,False,3.0x400.0x300.0x175.14,Catálogo inicial,243,Bastones clasicos,Bastones clasicos - Sigilo,Forma estable,Forma,Gajos de brocoli,398.3,288.4,165.9,9.662,113
MC0244,False,3.0x400.0x300.0x271.95,Catálogo inicial,244,Bastones clasicos,Bastones clasicos - Sigilo,Forma estable,Forma,Espirales de brocoli,389.2,295.5,255.6,9.42,113
MC0245,False,3.0x400.0x266.63x250.68,Catálogo inicial,245,Bastones clasicos,Bastones clasicos - Sigilo,Estacional,Medio,Bastones rectos de brocoli,390.8,260.4,241.0,12.567,113
MC0246,False,3.0x369.8x290.5x165.9,Caja creada en MC,246,Bastones clasicos,Bastones clasicos - Legumes Frites,Estacional,Grueso,Bastones rectos de brocoli,371.9,273.3,155.9,12.344,113
MC0247,True,2.5x368.8x267.8x175.7,Caja nueva,247,Snacks y aperitivos,Snacks y aperitivos - Queso,Co-produccion,Forma,Bocados de brocoli con queso cheddar,363.8,262.8,170.7,4.857,114
MC0248,False,3.0x400.0x240.0x269.82,Catálogo inicial,248,Bastones clasicos,Bastones clasicos - Sigilo,Estacional,Fino,Bastones rectos de brocoli,376.8,258.6,249.5,11.945,114
MC0249,True,2.5x370.0x279.7x286.2,Caja nueva,249,Bastones clasicos,Bastones clasicos - Sigilo,Estacional,Grueso,Bastones rectos de brocoli,365.0,274.7,281.2,12.39,115
MC0250,True,2.5x368.8x301.4x267.1,Caja nueva,250,Bastones clasicos,Bastones clasicos - Sigilo,Forma estable,Forma,Espirales de brocoli,363.8,296.4,262.1,12.361,116
MC0251,True,2.7x375.59999999999997x308.4x189.1,Caja nueva,251,Bastones clasicos,Bastones clasicos - Reserva Privada,Estacional,Grueso,Bastones rectos de brocoli,370.2,303.0,183.7,12.468,117
MC0252,False,3.0x400.0x277.27x287.91,Catálogo inicial,252,Bastones clasicos,Bastones clasicos - Sigilo,Forma estable,Forma,Tiras para dip de brocoli,406.8,262.7,280.0,9.251,117
MC0253,False,3.0x400.0x300.0x296.42,Catálogo inicial,253,Bastones clasicos,Bastones clasicos - Reserva Privada,Forma estable,Forma,Rodajas de brocoli,394.5,305.9,277.5,8.921,117
MC0254,False,2.7x400.0x300.0x249.01,Catálogo inicial,254,Bastones clasicos,Bastones clasicos - Sigilo,Forma estable,Forma,Espirales de brocoli,400.9,286.7,240.8,12.475,117
MC0255,False,3.0x400.0x240.0x244.29,Catálogo inicial,255,Bastones clasicos,Bastones clasicos - Legumes Frites,Estacional,Corte steak,Bastones rectos de brocoli,384.7,239.4,237.3,9.919,117
MC0256,False,2.5x400.0x268.82x300.0,Catálogo inicial,256,Bastones clasicos,Bastones clasicos - Sigilo,Forma estable,Forma,Brocoli en rejilla,395.1,270.2,286.3,12.431,117
MC0257,True,2.5x369.9x188.4x161.6,Caja nueva,257,Guarniciones,Guarniciones - Legumes Croquetas,Forma estable,Forma,Rosti de brocoli,364.9,183.4,156.6,4.882,118
MC0258,False,3.0x400.0x300.0x271.95,Catálogo inicial,258,Bastones clasicos,Bastones clasicos - Sigilo,Forma estable,Forma,Espirales de brocoli,401.2,290.7,263.0,9.783,118
MC0259,False,2.7x400.0x276.67x346.88,Catálogo inicial,259,Bastones clasicos,Bastones clasicos - Reserva Privada,Estacional,Fino,Bastones rectos de brocoli,403.6,256.8,330.5,12.026,118
MC0260,False,2.7x400.0x273.48x225.0,Catálogo inicial,260,Bastones clasicos,Bastones clasicos - Sigilo,Estacional,Medio,Bastones rectos de brocoli,386.2,254.5,233.1,12.702,118
MC0261,False,3.0x400.0x300.0x175.14,Catálogo inicial,261,Bastones clasicos,Bastones clasicos - Sigilo,Estacional,Grueso,Bastones rectos de brocoli,394.5,293.3,165.8,9.476,118
MC0262,False,2.7x400.0x240.0x225.0,Catálogo inicial,262,Bastones clasicos,Bastones clasicos - Reserva Privada,Estacional,Corte steak,Bastones rectos de brocoli,399.7,243.9,207.0,12.844,118
MC0263,False,3.0x400.0x266.63x250.68,Catálogo inicial,263,Bastones clasicos,Bastones clasicos - Sigilo,Estacional,Fino,Bastones rectos de brocoli,386.5,251.6,256.5,12.373,118
MC0264,False,2.5x374.1x266.5x240.0,Caja creada en MC,264,Bastones clasicos,Bastones clasicos - Sigilo,Forma estable,Forma,Mix crujiente de brocoli,370.1,259.2,222.9,8.513,118
MC0265,False,2.7x369.5x248.6x243.20000000000002,Caja creada en MC,265,Snacks y aperitivos,Snacks y aperitivos - Base Brocoli,Forma estable,Forma,Bocaditos inflados de brocoli,364.6,237.1,241.0,10.63,118
MC0266,False,2.7x400.0x276.67x257.14,Catálogo inicial,266,Bastones clasicos,Bastones clasicos - Sigilo,Forma estable,Forma,Corte rustico de brocoli,394.0,261.7,260.0,12.246,118
MC0267,False,3.0x400.0x277.27x225.0,Catálogo inicial,267,Bastones clasicos,Bastones clasicos - Sigilo,Estacional,Fino,Bastones rectos de brocoli,391.8,283.8,210.0,12.643,118
MC0268,False,2.7x400.0x240.0x254.33,Catálogo inicial,268,Bastones clasicos,Bastones clasicos - Sigilo,Forma estable,Forma,Corte rustico de brocoli,373.9,252.1,242.3,12.939,118
MC0269,False,2.5x400.0x300.0x281.59,Catálogo inicial,269,Bastones clasicos,Bastones clasicos - Reserva Privada,Estacional,Fino,Bastones rectos de brocoli,386.3,295.4,280.4,13.125,118
MC0270,False,2.7x400.0x300.0x209.65,Catálogo inicial,270,Bastones clasicos,Bastones clasicos - Reserva Privada,Forma estable,Forma,Gajos de brocoli,386.5,288.3,204.0,13.016,118
MC0271,False,3.0x400.0x300.0x175.14,Catálogo inicial,271,Bastones clasicos,Bastones clasicos - Sigilo,Forma estable,Forma,Gajos de brocoli,393.2,293.8,160.4,10.288,118
MC0272,False,2.7x409.9x275.79999999999995x184.20000000000002,Caja creada en MC,272,Bastones clasicos,Bastones clasicos - Sigilo,Estacional,Grueso,Bastones rectos de brocoli,406.1,278.1,168.1,12.391,118
MC0273,False,3.0x400.0x266.63x250.68,Catálogo inicial,273,Bastones clasicos,Bastones clasicos - Sigilo,Estacional,Medio,Bastones rectos de brocoli,397.7,256.3,240.0,11.363,118
MC0274,False,2.5x402.3x259.7x164.2,Caja creada en MC,274,Snacks y aperitivos,Snacks y aperitivos - Queso,Co-produccion,Forma,Bocados de brocoli con mozzarella,381.2,248.5,164.5,4.859,118
MC0275,False,2.5x399.4x277.8x229.1,Caja creada en MC,275,Bastones clasicos,Bastones clasicos - Legumes Frites Salados,Estacional,Fino,Bastones rectos de brocoli,406.8,257.0,229.3,12.658,118
MC0276,False,2.7x375.59999999999997x308.4x189.1,Caja creada en MC,276,Bastones clasicos,Bastones clasicos - Legumes Frites,Estacional,Medio,Bastones rectos de brocoli,374.9,285.2,192.6,11.622,118
MC0277,False,2.5x405.3x255.5x229.9,Caja creada en MC,277,Bastones clasicos,Bastones clasicos - Sigilo,Forma estable,Forma,Espirales de brocoli,395.0,251.6,220.8,6.523,118
MC0278,False,3.0x400.0x300.0x223.02,Catálogo inicial,278,Bastones clasicos,Bastones clasicos - Mayordomo,Estacional,Medio,Bastones rectos de brocoli,386.8,288.9,217.9,12.675,118
MC0279,False,3.0x400.0x300.0x175.14,Catálogo inicial,279,Bastones clasicos,Bastones clasicos - Legumes Frites,Estacional,Medio,Bastones rectos de brocoli,379.3,278.8,178.8,12.008,118
MC0280,False,2.5x369.7x291.0x269.1,Caja creada en MC,280,Bastones clasicos,Bastones clasicos - Sigilo,Forma estable,Forma,Espirales de brocoli,365.1,274.4,264.1,12.66,118
MC0281,False,2.7x400.0x300.0x209.65,Catálogo inicial,281,Bastones extra crocantes,Bastones extra crocantes - Muy Crocantes,Estacional,Medio,Bastones rectos de brocoli,384.0,293.5,200.9,12.84,118
MC0282,False,2.7x375.0x286.2x216.3,Caja creada en MC,282,Bastones clasicos,Bastones clasicos - Legumes Frites,Estacional,Fino,Bastones rectos de brocoli,363.8,283.6,204.5,10.835,118
MC0283,False,3.0x400.0x266.63x250.68,Catálogo inicial,283,Bastones extra crocantes,Bastones extra crocantes - Muy Crocantes,Estacional,Medio,Bastones rectos de brocoli,404.4,263.8,234.3,12.137,118
MC0284,False,2.5x411.8x267.8x319.2,Caja creada en MC,284,Bastones clasicos,Bastones clasicos - Cielo,Estacional,Medio,Bastones rectos de brocoli,406.8,254.7,303.5,12.322,118
MC0285,False,2.7x400.0x240.0x206.46,Catálogo inicial,285,Bastones clasicos,Bastones clasicos - Sigilo,Forma estable,Forma,Gajos de brocoli,373.8,237.5,198.7,12.138,118
MC0286,False,3.0x400.0x277.27x225.0,Catálogo inicial,286,Bastones clasicos,Bastones clasicos - Reserva Privada,Estacional,Medio,Bastones rectos de brocoli,396.6,262.4,223.5,12.462,118
MC0287,False,2.5x374.6x285.0x274.7,Caja creada en MC,287,Bastones clasicos,Bastones clasicos - Reserva Privada,Forma estable,Forma,Rodajas de brocoli,377.6,282.8,259.0,8.777,118
MC0288,False,2.7x409.9x275.79999999999995x184.20000000000002,Caja creada en MC,288,Bastones clasicos,Bastones clasicos - Sigilo,Forma estable,Forma,Brocoli en rejilla,385.6,257.6,191.5,4.459,118
MC0289,False,2.7x400.0x300.0x224.54,Catálogo inicial,289,Bastones clasicos,Bastones clasicos - Legumes Frites,Estacional,Corte steak,Bastones rectos de brocoli,404.2,290.3,217.1,13.128,118
MC0290,False,2.7x400.0x273.48x225.0,Catálogo inicial,290,Bastones clasicos,Bastones clasicos - Sigilo,Estacional,Medio,Bastones rectos de brocoli,392.5,267.6,215.7,12.23,118
MC0291,False,3.0x400.0x300.0x271.95,Catálogo inicial,291,Bastones clasicos,Bastones clasicos - Legumes Frites,Estacional,Grueso,Bastones rectos de brocoli,406.8,280.4,265.6,13.022,118
MC0292,False,2.7x409.9x275.79999999999995x184.20000000000002,Caja creada en MC,292,Bastones clasicos,Bastones clasicos - Sigilo,Forma estable,Forma,Gajos de brocoli,380.4,283.1,175.2,9.445,118
MC0293,False,2.7x400.0x300.0x249.01,Catálogo inicial,293,Bastones clasicos,Bastones clasicos - Sigilo,Forma estable,Forma,Brocoli en rejilla,397.6,286.9,242.8,6.514,118
MC0294,False,3.0x400.0x300.0x150.0,Catálogo inicial,294,Bastones clasicos,Bastones clasicos - Sigilo,Estacional,Medio,Bastones rectos de brocoli,396.2,286.3,141.7,6.99,118
MC0295,False,2.7x409.9x275.79999999999995x184.20000000000002,Caja creada en MC,295,Bastones clasicos,Bastones clasicos - Reserva Privada,Forma estable,Forma,Espirales de brocoli,402.4,257.5,186.7,4.653,118
MC0296,False,2.7x400.0x273.48x225.0,Catálogo inicial,296,Bastones clasicos,Bastones clasicos - Sigilo,Estacional,Fino,Bastones rectos de brocoli,377.9,260.0,232.7,9.627,118
MC0297,False,2.7x400.0x300.0x194.76,Catálogo inicial,297,Bastones clasicos,Bastones clasicos - Sigilo,Forma estable,Forma,Mix crujiente de brocoli,385.4,281.8,198.0,12.708,118
MC0298,False,3.0x400.0x291.1x360.0,Catálogo inicial,298,Bastones clasicos,Bastones clasicos - Sigilo,Forma estable,Forma,Brocoli en rejilla,386.7,291.4,346.9,12.152,118
MC0299,True,2.7x381.7x267.79999999999995x162.0,Caja nueva,299,Bastones clasicos,Bastones clasicos - Sigilo,Forma estable,Forma,Gajos de brocoli,376.3,262.4,156.6,9.592,119
MC0300,False,2.7x400.0x300.0x209.65,Catálogo inicial,300,Bastones clasicos,Bastones clasicos - Sigilo,Estacional,Fino,Bastones rectos de brocoli,395.7,287.7,201.1,12.731,119
MC0301,False,2.5x411.8x268.0x264.6,Caja creada en MC,301,Bastones clasicos,Bastones clasicos - Sigilo,Estacional,Medio,Bastones rectos de brocoli,393.5,283.3,244.3,13.198,119
MC0302,False,2.5x411.8x268.0x264.6,Caja creada en MC,302,Bastones clasicos,Bastones clasicos - Sigilo,Forma estable,Forma,Espirales de brocoli,392.9,279.0,247.3,9.888,119
MC0303,True,2.5x411.8x308.5x261.5,Caja nueva,303,Bastones clasicos,Bastones clasicos - Sigilo,Forma estable,Forma,Brocoli zigzag,406.8,303.5,256.5,9.916,120
MC0304,True,2.5x411.8x257.5x210.6,Caja nueva,304,Bastones clasicos,Bastones clasicos - Sigilo,Forma estable,Forma,Brocoli en rejilla,406.8,252.5,205.6,4.591,121
MC0305,False,2.7x400.0x240.0x237.31,Catálogo inicial,305,Bastones clasicos,Bastones clasicos - Legumes Frites,Forma estable,Forma,Brocoli zigzag,375.7,250.7,223.8,9.323,121
MC0306,False,2.5x405.3x255.5x229.9,Caja creada en MC,306,Bastones clasicos,Bastones clasicos - Legumes Frites,Estacional,Medio,Bastones rectos de brocoli,397.4,252.1,212.7,12.673,121
MC0307,False,3.0x400.0x240.0x196.42,Catálogo inicial,307,Guarniciones,Guarniciones - Cubos,Forma estable,Forma,Cubos de brocoli,385.6,240.3,180.4,12.119,121
MC0308,False,2.5x369.7x291.0x269.1,Caja creada en MC,308,Bastones clasicos,Bastones clasicos - Sigilo,Estacional,Medio,Bastones rectos de brocoli,386.3,276.3,253.2,13.507,121
MC0309,False,3.0x400.0x240.0x159.19,Catálogo inicial,309,Guarniciones,Guarniciones - Legumes Croquetas,Forma estable,Forma,Rosti de brocoli,373.2,259.3,144.5,5.324,121
MC0310,False,3.0x400.0x300.0x256.0,Catálogo inicial,310,Snacks y aperitivos,Snacks y aperitivos - Aros y Vegetales,Co-produccion,Forma,Aros de brocoli,406.8,277.3,251.4,6.451,121
MC0311,False,3.0x400.0x269.82x180.0,Catálogo inicial,311,Bastones clasicos,Bastones clasicos - Reserva Privada,Forma estable,Forma,Gajos de brocoli,388.2,279.4,164.8,10.756,121
MC0312,False,2.7x400.0x240.0x254.33,Catálogo inicial,312,Bastones clasicos,Bastones clasicos - Sigilo,Forma estable,Forma,Rodajas de brocoli,377.5,249.0,241.5,10.087,121
MC0313,False,3.0x400.0x300.0x223.02,Catálogo inicial,313,Guarniciones,Guarniciones - Legumes Croquetas,Forma estable,Forma,Rosti de brocoli,393.6,302.0,209.0,10.687,121
MC0314,False,2.7x375.0x286.2x216.3,Caja creada en MC,314,Bastones clasicos,Bastones clasicos - Legumes Frites,Estacional,Fino,Bastones rectos de brocoli,363.8,292.6,203.3,12.332,121
MC0315,False,2.5x369.7x291.0x269.1,Caja creada en MC,315,Bastones clasicos,Bastones clasicos - Sigilo,Forma estable,Forma,Espirales de brocoli,363.8,281.2,255.2,10.115,121
MC0316,False,3.0x400.0x300.0x179.4,Catálogo inicial,316,Bastones clasicos,Bastones clasicos - Reserva Privada,Forma estable,Forma,Gajos de brocoli,393.2,297.2,171.6,11.014,121
MC0317,False,2.5x405.3x255.5x229.9,Caja creada en MC,317,Bastones clasicos,Bastones clasicos - Legumes Frites,Estacional,Fino,Bastones rectos de brocoli,380.7,275.7,213.9,10.485,121
MC0318,False,2.7x409.9x275.79999999999995x184.20000000000002,Caja creada en MC,318,Bastones clasicos,Bastones clasicos - Sigilo,Forma estable,Forma,Gajos de brocoli,385.9,255.5,191.2,12.704,121
MC0319,True,3.0x373.8x243.9x189.6,Caja nueva,319,Guarniciones,Guarniciones - Cubos,Forma estable,Forma,Cubos de brocoli,367.8,237.9,183.6,12.351,122
MC0320,False,3.0x400.0x277.27x298.55,Catálogo inicial,320,Bastones clasicos,Bastones clasicos - Reserva Privada,Estacional,Medio,Bastones rectos de brocoli,378.7,290.0,282.4,13.077,122
MC0321,False,2.7x381.7x267.79999999999995x162.0,Caja creada en MC,321,Guarniciones,Guarniciones - Legumes Croquetas,Forma estable,Forma,Rosti de brocoli,402.8,248.9,148.0,4.909,122
MC0322,False,2.5x405.3x255.5x229.9,Caja creada en MC,322,Bastones clasicos,Bastones clasicos - Legumes Frites Salados,Estacional,Medio,Bastones rectos de brocoli,402.7,247.1,220.1,12.894,122
MC0323,False,2.7x400.0x276.67x250.08,Catálogo inicial,323,Bastones clasicos,Bastones clasicos - Grado B,Estacional,Fino,Bastones rectos de brocoli,388.0,284.1,232.3,13.166,122
MC0324,False,2.7x375.0x286.2x216.3,Caja creada en MC,324,Bastones clasicos,Bastones clasicos - Sigilo,Forma estable,Forma,Mix crujiente de brocoli,380.9,288.4,198.5,12.181,122
MC0325,False,3.0x400.0x266.63x225.0,Catálogo inicial,325,Bastones clasicos,Bastones clasicos - Reserva Privada,Estacional,Corte steak,Bastones rectos de brocoli,388.3,251.2,211.1,12.428,122
MC0326,False,2.7x375.59999999999997x308.4x189.1,Caja creada en MC,326,Bastones clasicos,Bastones clasicos - Legumes Frites,Estacional,Medio,Bastones rectos de brocoli,363.8,286.7,194.2,12.646,122
MC0327,False,2.5x400.0x276.27x255.0,Catálogo inicial,327,Bastones clasicos,Bastones clasicos - Sigilo,Forma estable,Forma,Brocoli zigzag,389.0,281.0,244.7,9.499,122
MC0328,False,2.5x399.4x277.8x229.1,Caja creada en MC,328,Bastones clasicos,Bastones clasicos - Reserva Privada,Forma estable,Forma,Gajos de brocoli,389.6,256.7,238.0,9.829,122
MC0329,False,3.0x400.0x240.0x196.42,Catálogo inicial,329,Guarniciones,Guarniciones - Cubos,Forma estable,Forma,Cubos de brocoli,374.4,258.4,179.9,12.416,122
MC0330,False,3.0x400.0x300.0x175.14,Catálogo inicial,330,Bastones clasicos,Bastones clasicos - Sigilo,Estacional,Fino,Bastones rectos de brocoli,387.2,295.5,167.8,6.7,122
MC0331,False,2.5x369.7x291.0x269.1,Caja creada en MC,331,Bastones clasicos,Bastones clasicos - Sigilo,Forma estable,Forma,Espirales de brocoli,372.6,282.2,260.8,12.518,122
MC0332,False,3.0x400.0x240.0x244.29,Catálogo inicial,332,Guarniciones,Guarniciones - Legumes Croquetas,Forma estable,Forma,Croquetas de brocoli,383.6,246.1,232.7,11.024,122
MC0333,False,3.0x400.0x300.0x256.0,Catálogo inicial,333,Bastones clasicos,Bastones clasicos - Sigilo,Estacional,Medio,Bastones rectos de brocoli,395.6,300.9,239.4,12.561,122
MC0334,True,2.5x375.3x310.9x288.9,Caja nueva,334,Bastones clasicos,Bastones clasicos - Sigilo,Estacional,Medio,Bastones rectos de brocoli,370.3,305.9,283.9,12.275,123
MC0335,False,2.5x400.0x273.08x245.42,Catálogo inicial,335,Bastones clasicos,Bastones clasicos - Sigilo,Estacional,Medio,Bastones rectos de brocoli,400.2,262.2,242.0,12.292,123
MC0336,False,2.5x396.9x303.6x326.6,Caja creada en MC,336,Bastones clasicos,Bastones clasicos - Sigilo,Forma estable,Forma,Brocoli en rejilla,394.7,294.4,313.8,12.456,123
MC0337,False,3.0x400.0x300.0x296.42,Catálogo inicial,337,Bastones clasicos,Bastones clasicos - Legumes Frites,Estacional,Fino,Bastones rectos de brocoli,385.1,305.9,285.4,12.483,123
MC0338,False,2.7x369.5x248.6x243.20000000000002,Caja creada en MC,338,Bastones clasicos,Bastones clasicos - Sigilo,Forma estable,Forma,Tiras para dip de brocoli,363.8,251.8,225.6,6.414,123
MC0339,False,2.7x400.0x300.0x200.0,Catálogo inicial,339,Bastones clasicos,Bastones clasicos - Sigilo,Estacional,Medio,Bastones rectos de brocoli,383.2,300.3,194.8,12.621,123
MC0340,False,2.7x412.2x302.9x182.20000000000002,Caja creada en MC,340,Bastones clasicos,Bastones clasicos - Legumes Frites,Estacional,Medio,Bastones rectos de brocoli,400.3,292.0,182.3,10.401,123
MC0341,True,2.5x368.8x292.0x371.3,Caja nueva,341,Bastones clasicos,Bastones clasicos - Sigilo,Forma estable,Forma,Espirales de brocoli,363.8,287.0,366.3,11.737,124
MC0342,False,2.7x400.0x240.0x206.46,Catálogo inicial,342,Bastones clasicos,Bastones clasicos - Legumes Frites,Estacional,Corte steak,Bastones rectos de brocoli,379.0,244.7,198.2,12.395,124
MC0343,False,3.0x400.0x300.0x163.44,Catálogo inicial,343,Bastones clasicos,Bastones clasicos - Sigilo,Forma estable,Forma,Brocoli zigzag,381.0,291.5,158.2,6.577,124
MC0344,False,3.0x400.0x277.27x225.0,Catálogo inicial,344,Bastones clasicos,Bastones clasicos - Grado B,Estacional,Medio,Bastones rectos de brocoli,402.5,260.0,222.9,13.111,124
MC0345,False,3.0x400.0x300.0x317.7,Catálogo inicial,345,Bastones clasicos,Bastones clasicos - Sigilo,Forma estable,Forma,Espirales de brocoli,387.0,294.5,310.5,13.007,124
MC0346,False,2.5x405.3x255.5x229.9,Caja creada en MC,346,Bastones clasicos,Bastones clasicos - Sigilo,Forma estable,Forma,Mix crujiente de brocoli,387.6,249.0,232.8,8.294,124
MC0347,False,2.7x409.9x275.79999999999995x184.20000000000002,Caja creada en MC,347,Bastones clasicos,Bastones clasicos - Reserva Privada,Forma estable,Forma,Gajos de brocoli,389.5,256.1,193.8,12.319,124
MC0348,True,2.5x411.8x308.7x273.4,Caja nueva,348,Bastones clasicos,Bastones clasicos - Sigilo,Forma estable,Forma,Espirales de brocoli,406.8,303.7,268.4,12.494,125
MC0349,False,2.5x405.3x255.5x229.9,Caja creada en MC,349,Bastones clasicos,Bastones clasicos - Legumes Frites,Estacional,Medio,Bastones rectos de brocoli,390.6,253.8,224.0,10.599,125
MC0350,False,2.5x402.3x259.7x164.2,Caja creada en MC,350,Bastones clasicos,Bastones clasicos - Sigilo,Forma estable,Forma,Corte rustico de brocoli,387.3,243.0,160.1,6.716,125
MC0351,False,3.0x400.0x269.82x196.42,Catálogo inicial,351,Bastones clasicos,Bastones clasicos - Legumes Frites,Estacional,Medio,Bastones rectos de brocoli,375.5,263.7,192.2,12.149,125
MC0352,False,2.7x400.0x300.0x209.65,Catálogo inicial,352,Bastones clasicos,Bastones clasicos - Reserva Privada,Forma estable,Forma,Gajos de brocoli,393.6,288.5,203.5,12.892,125
MC0353,False,3.0x400.0x277.27x200.0,Catálogo inicial,353,Bastones clasicos,Bastones clasicos - Cielo,Estacional,Medio,Bastones rectos de brocoli,377.2,272.2,198.0,11.54,125
MC0354,False,3.0x400.0x277.27x298.55,Catálogo inicial,354,Bastones clasicos,Bastones clasicos - Sigilo,Forma estable,Forma,Brocoli en rejilla,379.5,283.3,289.1,10.628,125
MC0355,False,3.0x400.0x240.0x244.29,Catálogo inicial,355,Bastones clasicos,Bastones clasicos - Sigilo,Forma estable,Forma,Mix crujiente de brocoli,382.7,249.2,229.4,8.612,125
MC0356,True,3.0x375.8x300.7x170.7,Caja nueva,356,Bastones clasicos,Bastones clasicos - Sigilo,Estacional,Grueso,Bastones rectos de brocoli,369.8,294.7,164.7,12.811,126
MC0357,False,3.0x400.0x300.0x271.95,Catálogo inicial,357,Bastones clasicos,Bastones clasicos - Legumes Frites,Estacional,Corte steak,Bastones rectos de brocoli,388.6,293.8,263.2,14.294,126
MC0358,False,2.5x400.0x276.27x255.0,Catálogo inicial,358,Bastones clasicos,Bastones clasicos - Sigilo,Forma estable,Forma,Tiras para dip de brocoli,404.4,257.2,257.0,13.02,126
MC0359,False,3.0x400.0x300.0x186.85,Catálogo inicial,359,Bastones clasicos,Bastones clasicos - Sigilo,Estacional,Medio,Bastones rectos de brocoli,388.4,290.0,180.3,12.752,126
MC0360,False,3.0x400.0x266.63x250.68,Catálogo inicial,360,Bastones clasicos,Bastones clasicos - Sigilo,Forma estable,Forma,Espirales de brocoli,374.3,255.5,258.5,6.412,126
MC0361,False,3.0x400.0x300.0x256.0,Catálogo inicial,361,Bastones clasicos,Bastones clasicos - Legumes Frites,Estacional,Corte steak,Bastones rectos de brocoli,384.6,280.2,267.2,13.322,126
MC0362,False,2.7x400.0x273.48x225.0,Catálogo inicial,362,Bastones clasicos,Bastones clasicos - Reserva Privada,Estacional,Medio,Bastones rectos de brocoli,401.7,253.0,227.8,12.93,126
MC0363,False,2.5x368.8x301.4x267.1,Caja creada en MC,363,Bastones clasicos,Bastones clasicos - Sigilo,Forma estable,Forma,Brocoli zigzag,372.7,294.2,252.9,9.769,126
MC0364,True,3.0x373.7x257.7x226.6,Caja nueva,364,Bastones clasicos,Bastones clasicos - Sigilo,Forma estable,Forma,Rodajas de brocoli,367.7,251.7,220.6,13.435,127
MC0365,False,3.0x400.0x300.0x163.44,Catálogo inicial,365,Bastones clasicos,Bastones clasicos - Sigilo,Forma estable,Forma,Tiras para dip de brocoli,405.4,279.3,159.4,6.676,127
MC0366,False,2.7x400.0x276.67x250.08,Catálogo inicial,366,Bastones clasicos,Bastones clasicos - Legumes Frites,Estacional,Medio,Bastones rectos de brocoli,391.1,284.6,230.1,13.24,127
MC0367,False,3.0x400.0x277.27x298.55,Catálogo inicial,367,Bastones clasicos,Bastones clasicos - Sigilo,Estacional,Medio,Bastones rectos de brocoli,390.8,286.5,276.9,13.685,127
MC0368,False,2.7x400.0x300.0x163.63,Catálogo inicial,368,Bastones clasicos,Bastones clasicos - Sigilo,Forma estable,Forma,Gajos de brocoli,406.8,283.6,158.8,10.141,127
MC0369,False,2.5x411.8x268.0x264.6,Caja creada en MC,369,Bastones clasicos,Bastones clasicos - Sigilo,Forma estable,Forma,Espirales de brocoli,398.5,253.1,271.3,6.831,127
MC0370,False,2.5x396.9x303.6x326.6,Caja creada en MC,370,Bastones clasicos,Bastones clasicos - Sigilo,Forma estable,Forma,Brocoli en rejilla,393.6,290.2,326.5,10.662,127
MC0371,False,3.0x400.0x300.0x257.14,Catálogo inicial,371,Bastones clasicos,Bastones clasicos - Sigilo,Forma estable,Forma,Espirales de brocoli,406.8,276.7,258.4,12.318,127
MC0372,False,3.0x400.0x269.82x180.0,Catálogo inicial,372,Bastones clasicos,Bastones clasicos - Sigilo,Forma estable,Forma,Gajos de brocoli,383.5,272.0,169.6,8.479,127
MC0373,False,3.0x375.8x300.7x170.7,Caja creada en MC,373,Guarniciones,Guarniciones - Cubos,Forma estable,Forma,Cubos de brocoli,378.7,285.0,164.9,12.039,127
MC0374,True,2.5x405.1x307.8x292.7,Caja nueva,374,Bastones clasicos,Bastones clasicos - Sigilo,Forma estable,Forma,Brocoli en rejilla,400.1,302.8,287.7,8.16,128
MC0375,False,2.5x400.0x273.08x245.42,Catálogo inicial,375,Bastones clasicos,Bastones clasicos - Sigilo,Forma estable,Forma,Tiras para dip de brocoli,398.2,267.9,235.9,12.426,128
MC0376,False,2.7x400.0x300.0x200.0,Catálogo inicial,376,Snacks y aperitivos,Snacks y aperitivos - Aros y Vegetales,Co-produccion,Forma,Aros de brocoli,388.8,302.9,191.6,5.008,128
MC0377,False,3.0x400.0x277.27x180.0,Catálogo inicial,377,Bastones clasicos,Bastones clasicos - Sigilo,Estacional,Medio,Bastones rectos de brocoli,372.1,273.4,178.6,12.709,128
MC0378,False,2.7x400.0x300.0x194.76,Catálogo inicial,378,Brocoli especial,Brocoli especial - Bastones Especiales,Estacional,Corte steak,Bastones rectos de brocoli,406.8,286.0,185.2,11.803,128
MC0379,False,3.0x400.0x277.27x200.0,Catálogo inicial,379,Bastones clasicos,Bastones clasicos - Reserva Privada,Estacional,Corte steak,Bastones rectos de brocoli,396.9,257.0,201.6,12.983,128
MC0380,False,3.0x400.0x300.0x175.14,Catálogo inicial,380,Bastones clasicos,Bastones clasicos - Sigilo,Forma estable,Forma,Gajos de brocoli,379.5,289.5,171.1,9.648,128
MC0381,False,3.0x400.0x269.82x196.42,Catálogo inicial,381,Bastones clasicos,Bastones clasicos - Sigilo,Forma estable,Forma,Gajos de brocoli,393.5,252.0,191.9,12.7,128
MC0382,False,2.5x400.0x300.0x281.59,Catálogo inicial,382,Bastones clasicos,Bastones clasicos - Sigilo,Estacional,Fino,Bastones rectos de brocoli,384.7,278.1,297.7,12.733,128
MC0383,False,3.0x400.0x300.0x186.85,Catálogo inicial,383,Bastones clasicos,Bastones clasicos - Legumes Frites,Estacional,Medio,Bastones rectos de brocoli,392.0,296.6,175.0,13.014,128
MC0384,False,2.7x400.0x300.0x249.01,Catálogo inicial,384,Bastones clasicos,Bastones clasicos - Sigilo,Forma estable,Forma,Brocoli zigzag,392.5,289.6,246.2,9.719,128
MC0385,False,2.5x374.1x266.5x240.0,Caja creada en MC,385,Bastones clasicos,Bastones clasicos - Reserva Privada,Forma estable,Forma,Gajos de brocoli,365.3,258.2,224.5,11.704,128
MC0386,False,3.0x400.0x300.0x163.44,Catálogo inicial,386,Bastones clasicos,Bastones clasicos - Mayordomo,Estacional,Grueso,Bastones rectos de brocoli,390.1,279.1,166.8,12.521,128
MC0387,False,2.7x400.0x300.0x257.14,Catálogo inicial,387,Bastones clasicos,Bastones clasicos - Sigilo,Estacional,Medio,Bastones rectos de brocoli,406.8,292.9,245.0,12.575,128
MC0388,False,2.5x411.8x268.0x264.6,Caja creada en MC,388,Bastones clasicos,Bastones clasicos - Legumes Frites,Estacional,Corte steak,Bastones rectos de brocoli,391.4,262.8,269.8,13.323,128
MC0389,False,3.0x369.8x290.5x165.9,Caja creada en MC,389,Guarniciones,Guarniciones - Cubos,Forma estable,Forma,Cubos de brocoli,381.6,280.7,152.6,12.555,128
MC0390,False,3.0x400.0x300.0x175.14,Catálogo inicial,390,Bastones clasicos,Bastones clasicos - Sigilo,Estacional,Medio,Bastones rectos de brocoli,378.2,281.5,178.7,12.365,128
MC0391,False,2.7x400.0x273.48x255.4,Catálogo inicial,391,Bastones clasicos,Bastones clasicos - Sigilo,Forma estable,Forma,Espirales de brocoli,381.2,277.3,249.7,11.996,128
MC0392,False,2.7x400.0x300.0x200.0,Catálogo inicial,392,Bastones clasicos,Bastones clasicos - Sigilo,Forma estable,Forma,Corte rustico de brocoli,383.1,287.4,203.2,12.752,128
MC0393,False,2.5x411.8x267.8x319.2,Caja creada en MC,393,Bastones clasicos,Bastones clasicos - Reserva Privada,Estacional,Fino,Bastones rectos de brocoli,390.5,263.6,325.0,12.289,128
MC0394,False,2.5x411.8x268.0x264.6,Caja creada en MC,394,Bastones clasicos,Bastones clasicos - Sigilo,Estacional,Medio,Bastones rectos de brocoli,389.4,262.0,272.1,12.348,128
MC0395,False,2.7x375.59999999999997x308.4x189.1,Caja creada en MC,395,Bastones clasicos,Bastones clasicos - Sigilo,Estacional,Medio,Bastones rectos de brocoli,365.9,287.8,194.6,12.327,128
MC0396,True,2.7x408.59999999999997x253.3x207.4,Caja nueva,396,Bastones clasicos,Bastones clasicos - Legumes Frites,Estacional,Medio,Bastones rectos de brocoli,403.2,247.9,202.0,12.963,129
MC0397,False,2.7x400.0x276.67x257.14,Catálogo inicial,397,Bastones clasicos,Bastones clasicos - Sigilo,Forma estable,Forma,Espirales de brocoli,388.5,258.7,267.3,6.492,129
MC0398,False,3.0x400.0x300.0x198.55,Catálogo inicial,398,Bastones clasicos,Bastones clasicos - Sigilo,Estacional,Medio,Bastones rectos de brocoli,399.5,284.6,195.0,12.53,129
MC0399,False,2.7x400.0x240.0x237.31,Catálogo inicial,399,Guarniciones,Guarniciones - Legumes Croquetas,Forma estable,Forma,Croquetas de brocoli,381.6,245.2,226.2,10.855,129
MC0400,False,3.0x400.0x266.63x250.68,Catálogo inicial,400,Bastones clasicos,Bastones clasicos - Reserva Privada,Estacional,Medio,Bastones rectos de brocoli,406.8,252.8,236.2,12.674,129
MC0401,False,2.5x403.2x257.6x275.3,Caja creada en MC,401,Bastones clasicos,Bastones clasicos - Sigilo,Forma estable,Forma,Brocoli en rejilla,397.3,250.3,268.0,6.763,129
MC0402,False,2.5x411.8x267.8x319.2,Caja creada en MC,402,Bastones clasicos,Bastones clasicos - Reserva Privada,Estacional,Medio,Bastones rectos de brocoli,389.9,282.1,304.4,12.743,129
MC0403,False,2.5x374.1x266.5x240.0,Caja creada en MC,403,Bastones clasicos,Bastones clasicos - Sigilo,Estacional,Medio,Bastones rectos de brocoli,365.6,246.1,239.3,12.758,129
MC0404,False,2.7x409.9x275.79999999999995x184.20000000000002,Caja creada en MC,404,Bastones clasicos,Bastones clasicos - Reserva Privada,Estacional,Grueso,Bastones rectos de brocoli,397.7,274.7,170.6,12.727,129
MC0405,False,3.0x400.0x277.27x180.0,Catálogo inicial,405,Bastones clasicos,Bastones clasicos - Reserva Privada,Estacional,Grueso,Bastones rectos de brocoli,392.7,275.2,168.7,11.982,129
MC0406,False,3.0x373.3x289.8x197.7,Caja creada en MC,406,Bastones clasicos,Bastones clasicos - Cielo,Estacional,Medio,Bastones rectos de brocoli,367.4,281.0,190.4,12.171,129
MC0407,False,3.0x400.0x240.0x244.29,Catálogo inicial,407,Bastones clasicos,Bastones clasicos - Legumes Frites,Estacional,Corte steak,Bastones rectos de brocoli,379.7,251.9,228.5,9.69,129
MC0408,False,2.5x393.1x259.0x207.4,Caja creada en MC,408,Bastones clasicos,Bastones clasicos - Reserva Privada,Forma estable,Forma,Gajos de brocoli,397.3,250.3,199.2,10.76,129
MC0409,False,2.5x411.8x308.7x273.4,Caja creada en MC,409,Bastones clasicos,Bastones clasicos - Sigilo,Forma estable,Forma,Brocoli en rejilla,392.4,291.4,285.9,12.101,129
MC0410,False,3.0x400.0x300.0x271.95,Catálogo inicial,410,Bastones clasicos,Bastones clasicos - Sigilo,Forma estable,Forma,Espirales de brocoli,397.1,293.5,257.5,9.202,129
MC0411,False,3.0x373.7x257.7x226.6,Caja creada en MC,411,Bastones clasicos,Bastones clasicos - Reserva Privada,Estacional,Corte steak,Bastones rectos de brocoli,396.4,247.6,207.4,11.995,129
MC0412,False,2.5x405.3x310.9x204.6,Caja creada en MC,412,Bastones clasicos,Bastones clasicos - Sigilo,Estacional,Medio,Bastones rectos de brocoli,406.8,293.5,189.5,12.404,129
MC0413,False,3.0x400.0x266.63x250.68,Catálogo inicial,413,Bastones clasicos,Bastones clasicos - Legumes Frites,Estacional,Medio,Bastones rectos de brocoli,394.0,253.7,234.3,12.474,129
MC0414,False,3.0x373.3x289.8x197.7,Caja creada en MC,414,Bastones clasicos,Bastones clasicos - Legumes Frites,Estacional,Medio,Bastones rectos de brocoli,363.8,288.8,180.3,10.738,129
MC0415,False,2.5x375.3x310.9x288.9,Caja creada en MC,415,Bastones clasicos,Bastones clasicos - Sigilo,Forma estable,Forma,Brocoli en rejilla,382.3,302.1,277.3,12.53,129
MC0416,False,2.5x400.0x300.0x292.23,Catálogo inicial,416,Bastones clasicos,Bastones clasicos - Sigilo,Forma estable,Forma,Brocoli en rejilla,384.1,280.3,306.4,10.857,129
MC0417,False,2.7x369.5x248.6x243.20000000000002,Caja creada en MC,417,Bastones clasicos,Bastones clasicos - Reserva Privada,Forma estable,Forma,Gajos de brocoli,363.8,251.4,228.0,12.909,129
MC0418,False,3.0x400.0x300.0x256.0,Catálogo inicial,418,Bastones clasicos,Bastones clasicos - Legumes Frites,Estacional,Fino,Bastones rectos de brocoli,381.1,285.6,264.8,12.937,129
MC0419,False,3.0x400.0x300.0x186.85,Catálogo inicial,419,Bastones clasicos,Bastones clasicos - Sigilo,Estacional,Forma,Bastones rectos de brocoli,406.8,295.8,171.3,5.615,129
MC0420,False,2.7x400.0x240.0x206.46,Catálogo inicial,420,Bastones clasicos,Bastones clasicos - Sigilo,Forma estable,Forma,Gajos de brocoli,380.2,251.2,192.5,12.576,129
MC0421,False,2.7x409.9x275.79999999999995x184.20000000000002,Caja creada en MC,421,Bastones clasicos,Bastones clasicos - Sigilo,Estacional,Grueso,Bastones rectos de brocoli,399.0,282.2,168.2,9.34,129
MC0422,False,2.7x400.0x276.67x250.08,Catálogo inicial,422,Bastones clasicos,Bastones clasicos - Sigilo,Estacional,Fino,Bastones rectos de brocoli,384.1,291.5,233.1,12.466,129
MC0423,False,3.0x400.0x240.0x269.82,Catálogo inicial,423,Snacks y aperitivos,Snacks y aperitivos - Base Brocoli,Forma estable,Forma,Bocaditos inflados de brocoli,370.4,237.1,256.8,10.592,129
MC0424,False,2.5x402.3x259.7x164.2,Caja creada en MC,424,Snacks y aperitivos,Snacks y aperitivos - Queso,Co-produccion,Forma,Bocados de brocoli con mozzarella,406.8,241.8,160.8,4.984,129
MC0425,False,2.5x393.1x259.0x207.4,Caja creada en MC,425,Bastones clasicos,Bastones clasicos - Sigilo,Estacional,Medio,Bastones rectos de brocoli,376.8,242.1,217.9,9.532,129
MC0426,False,3.0x400.0x300.0x223.02,Catálogo inicial,426,Bastones clasicos,Bastones clasicos - Reserva Privada,Estacional,Fino,Bastones rectos de brocoli,400.5,286.7,213.6,12.643,129
MC0427,True,2.5x368.8x257.3x255.1,Caja nueva,427,Bastones clasicos,Bastones clasicos - Sigilo,Estacional,Fino,Bastones rectos de brocoli,363.8,252.3,250.1,11.997,130
MC0428,False,2.5x405.1x307.8x292.7,Caja creada en MC,428,Bastones clasicos,Bastones clasicos - Sigilo,Forma estable,Forma,Brocoli en rejilla,406.8,293.2,288.3,9.754,130
MC0429,False,3.0x400.0x240.0x159.19,Catálogo inicial,429,Guarniciones,Guarniciones - Legumes Croquetas,Forma estable,Forma,Rosti de brocoli,386.9,245.2,145.9,6.103,130
MC0430,False,3.0x400.0x266.63x250.68,Catálogo inicial,430,Bastones clasicos,Bastones clasicos - Sigilo,Estacional,Medio,Bastones rectos de brocoli,390.8,253.0,253.6,12.84,130
MC0431,False,2.7x400.0x300.0x194.76,Catálogo inicial,431,Snacks y aperitivos,Snacks y aperitivos - Aros y Vegetales,Co-produccion,Forma,Aros de brocoli,401.8,279.5,193.2,4.885,130
MC0432,False,2.5x368.8x301.4x267.1,Caja creada en MC,432,Bastones clasicos,Bastones clasicos - Sigilo,Estacional,Medio,Bastones rectos de brocoli,369.7,281.8,247.5,12.507,130
MC0433,False,3.0x400.0x277.27x225.0,Catálogo inicial,433,Bastones clasicos,Bastones clasicos - Legumes Frites,Estacional,Corte steak,Bastones rectos de brocoli,393.5,255.0,232.8,12.569,130
MC0434,False,3.0x400.0x300.0x198.55,Catálogo inicial,434,Bastones clasicos,Bastones clasicos - Cielo,Estacional,Medio,Bastones rectos de brocoli,382.2,293.1,198.3,13.08,130
MC0435,False,3.0x399.2x258.0x209.2,Caja creada en MC,435,Bastones clasicos,Bastones clasicos - Reserva Privada,Forma estable,Forma,Gajos de brocoli,377.7,246.6,209.3,11.945,130
MC0436,False,2.7x400.0x240.0x272.42,Catálogo inicial,436,Bastones clasicos,Bastones clasicos - Sigilo,Forma estable,Forma,Dippers de brocoli,377.4,255.8,253.0,12.158,130
MC0437,False,2.7x400.0x240.0x206.46,Catálogo inicial,437,Bastones clasicos,Bastones clasicos - Sigilo,Forma estable,Forma,Gajos de brocoli,386.2,243.4,195.4,13.552,130
MC0438,False,2.7x400.0x300.0x224.54,Catálogo inicial,438,Bastones clasicos,Bastones clasicos - Mayordomo,Estacional,Corte steak,Bastones rectos de brocoli,403.2,284.9,221.4,12.398,130
MC0439,False,2.7x400.0x300.0x194.76,Catálogo inicial,439,Snacks y aperitivos,Snacks y aperitivos - Aros y Vegetales,Co-produccion,Forma,Aros de brocoli,391.0,294.1,189.5,4.716,130
MC0440,False,2.5x411.8x308.7x273.4,Caja creada en MC,440,Bastones clasicos,Bastones clasicos - Sigilo,Forma estable,Forma,Brocoli en rejilla,387.4,296.1,286.3,8.597,130
MC0441,False,3.0x400.0x277.27x200.0,Catálogo inicial,441,Bastones clasicos,Bastones clasicos - Reserva Privada,Estacional,Corte steak,Bastones rectos de brocoli,392.9,258.8,202.2,11.462,130
MC0442,False,2.5x405.3x255.5x229.9,Caja creada en MC,442,Bastones clasicos,Bastones clasicos - Legumes Frites,Estacional,Medio,Bastones rectos de brocoli,385.9,251.7,229.4,12.59,130
MC0443,False,3.0x400.0x277.27x200.0,Catálogo inicial,443,Bastones extra crocantes,Bastones extra crocantes - Muy Crocantes,Estacional,Medio,Bastones rectos de brocoli,381.1,267.2,203.6,12.804,130
MC0444,False,3.0x400.0x300.0x186.85,Catálogo inicial,444,Bastones clasicos,Bastones clasicos - Sigilo,Forma estable,Forma,Brocoli en rejilla,406.8,278.0,184.9,4.377,130
MC0445,True,2.5x368.8x289.1x230.3,Caja nueva,445,Guarniciones,Guarniciones - Tortitas,Forma estable,Forma,Tortitas de brocoli,363.8,284.1,225.3,10.845,131
MC0446,True,2.5x411.8x247.4x241.4,Caja nueva,446,Guarniciones,Guarniciones - Legumes Croquetas,Forma estable,Forma,Croquetas de brocoli,406.8,242.4,236.4,12.846,132
MC0447,False,2.5x400.0x240.0x353.93,Catálogo inicial,447,Bastones clasicos,Bastones clasicos - Sigilo,Estacional,Fino,Bastones rectos de brocoli,398.7,239.8,331.0,11.844,132
MC0448,False,3.0x400.0x269.82x180.0,Catálogo inicial,448,Bastones clasicos,Bastones clasicos - Reserva Privada,Forma estable,Forma,Espirales de brocoli,383.0,255.5,174.9,4.365,132
MC0449,True,2.5x411.8x302.0x363.5,Caja nueva,449,Bastones clasicos,Bastones clasicos - Sigilo,Forma estable,Forma,Espirales de brocoli,406.8,297.0,358.5,11.918,133
MC0450,False,2.7x400.0x300.0x194.76,Catálogo inicial,450,Guarniciones,Guarniciones - Otros,Estacional,Medio,Bastones rectos de brocoli,397.5,294.1,184.1,12.218,133
MC0451,False,2.5x405.3x255.5x229.9,Caja creada en MC,451,Bastones clasicos,Bastones clasicos - Grado B,Estacional,Medio,Bastones rectos de brocoli,404.4,256.0,217.3,12.39,133
MC0452,False,3.0x400.0x300.0x175.14,Catálogo inicial,452,Bastones clasicos,Bastones clasicos - Reserva Privada,Estacional,Grueso,Bastones rectos de brocoli,388.3,298.6,162.9,12.026,133
MC0453,False,2.5x411.8x308.7x273.4,Caja creada en MC,453,Bastones clasicos,Bastones clasicos - Sigilo,Forma estable,Forma,Brocoli en rejilla,385.5,288.1,291.0,9.813,133
MC0454,False,2.5x400.0x268.82x300.0,Catálogo inicial,454,Bastones clasicos,Bastones clasicos - Reserva Privada,Estacional,Fino,Bastones rectos de brocoli,382.6,254.1,316.2,12.444,133
MC0455,False,2.5x411.8x268.0x264.6,Caja creada en MC,455,Guarniciones,Guarniciones - Tortitas,Forma estable,Forma,Tortitas de brocoli,397.6,263.1,263.6,12.706,133
MC0456,True,2.5x401.0x249.6x249.7,Caja nueva,456,Guarniciones,Guarniciones - Legumes Croquetas,Forma estable,Forma,Croquetas de brocoli,396.0,244.6,244.7,9.809,134
MC0457,False,2.7x400.0x300.0x194.76,Catálogo inicial,457,Bastones clasicos,Bastones clasicos - Legumes Frites,Estacional,Medio,Bastones rectos de brocoli,388.1,305.9,182.8,12.578,134
MC0458,False,2.5x407.5x253.6x266.4,Caja creada en MC,458,Bastones clasicos,Bastones clasicos - Sigilo,Forma estable,Forma,Brocoli en rejilla,382.3,257.9,264.9,6.218,134
MC0459,False,2.5x385.4x265.1x151.0,Caja creada en MC,459,Guarniciones,Guarniciones - Legumes Croquetas,Forma estable,Forma,Rosti de brocoli,389.4,254.9,141.0,5.074,134
MC0460,False,3.0x400.0x300.0x271.95,Catálogo inicial,460,Bastones clasicos,Bastones clasicos - Reserva Privada,Estacional,Medio,Bastones rectos de brocoli,396.7,290.5,258.8,12.376,134
MC0461,False,3.0x400.0x266.63x250.68,Catálogo inicial,461,Bastones clasicos,Bastones clasicos - Legumes Frites,Forma estable,Forma,Brocoli zigzag,387.5,266.2,234.9,9.701,134
MC0462,False,3.0x400.0x300.0x186.85,Catálogo inicial,462,Bastones clasicos,Bastones clasicos - Sigilo,Estacional,Medio,Bastones rectos de brocoli,393.6,291.8,181.7,12.893,134
MC0463,False,2.5x402.3x259.7x164.2,Caja creada en MC,463,Snacks y aperitivos,Snacks y aperitivos - Queso,Co-produccion,Forma,Bocados de brocoli con mozzarella,389.8,242.7,160.4,4.892,134
MC0464,False,3.0x400.0x300.0x175.14,Catálogo inicial,464,Bastones clasicos,Bastones clasicos - Sigilo,Forma estable,Forma,Gajos de brocoli,377.2,300.1,165.6,10.145,134
MC0465,False,2.5x369.7x291.0x269.1,Caja creada en MC,465,Bastones clasicos,Bastones clasicos - Sigilo,Forma estable,Forma,Espirales de brocoli,375.9,283.1,254.4,13.042,134
MC0466,False,3.0x400.0x240.0x244.29,Catálogo inicial,466,Bastones clasicos,Bastones clasicos - Legumes Frites,Estacional,Medio,Bastones rectos de brocoli,373.7,255.8,225.7,11.248,134
MC0467,False,2.5x400.0x240.0x343.29,Catálogo inicial,467,Bastones clasicos,Bastones clasicos - Reserva Privada,Estacional,Fino,Bastones rectos de brocoli,387.7,245.2,318.8,12.132,134
MC0468,False,3.0x400.0x300.0x271.95,Catálogo inicial,468,Bastones clasicos,Bastones clasicos - Sigilo,Forma estable,Forma,Espirales de brocoli,394.0,300.7,254.7,11.68,134
MC0469,False,2.7x400.0x240.0x206.46,Catálogo inicial,469,Bastones clasicos,Bastones clasicos - Reserva Privada,Forma estable,Forma,Gajos de brocoli,387.8,250.0,190.6,11.356,134
MC0470,False,2.5x373.7x298.5x213.6,Caja creada en MC,470,Snacks y aperitivos,Snacks y aperitivos - Aros y Vegetales,Co-produccion,Forma,Aros de brocoli,363.8,296.9,203.5,5.017,134
MC0471,False,2.5x368.8x257.3x255.1,Caja creada en MC,471,Bastones clasicos,Bastones clasicos - Sigilo,Estacional,Fino,Bastones rectos de brocoli,368.7,245.9,250.4,12.221,134
MC0472,True,2.5x411.2x274.7x227.2,Caja nueva,472,Bastones clasicos,Bastones clasicos - Sigilo,Estacional,Corte steak,Bastones rectos de brocoli,406.2,269.7,222.2,12.94,135
MC0473,False,2.7x400.0x300.0x194.76,Catálogo inicial,473,Bastones clasicos,Bastones clasicos - Legumes Frites,Estacional,Medio,Bastones rectos de brocoli,373.4,299.8,188.0,12.177,135
MC0474,False,2.7x409.9x275.79999999999995x184.20000000000002,Caja creada en MC,474,Bastones clasicos,Bastones clasicos - Legumes Frites,Estacional,Medio,Bastones rectos de brocoli,390.2,286.4,171.9,12.341,135
MC0475,False,2.7x369.5x248.6x243.20000000000002,Caja creada en MC,475,Bastones clasicos,Bastones clasicos - Sigilo,Forma estable,Forma,Brocoli en rejilla,367.0,248.5,228.9,6.856,135
MC0476,False,2.5x403.2x257.6x275.3,Caja creada en MC,476,Bastones clasicos,Bastones clasicos - Sigilo,Forma estable,Forma,Espirales de brocoli,406.8,252.1,264.6,6.283,135
MC0477,False,2.7x400.0x300.0x194.76,Catálogo inicial,477,Bastones clasicos,Bastones clasicos - Legumes Frites,Estacional,Medio,Bastones rectos de brocoli,384.3,295.5,190.4,10.964,135
MC0478,False,2.5x411.2x274.7x227.2,Caja creada en MC,478,Guarniciones,Guarniciones - Tortitas,Forma estable,Forma,Tortitas de brocoli,384.3,280.2,224.1,11.359,135
MC0479,True,2.5x411.5x253.8x142.1,Caja nueva,479,Guarniciones,Guarniciones - Legumes Croquetas,Forma estable,Forma,Rosti de brocoli,406.5,248.8,137.1,5.032,136
MC0480,True,2.5x411.8x309.7x356.6,Caja nueva,480,Bastones clasicos,Bastones clasicos - Sigilo,Forma estable,Forma,Espirales de brocoli,406.8,304.7,351.6,12.449,137
MC0481,False,2.7x400.0x300.0x257.14,Catálogo inicial,481,Bastones clasicos,Bastones clasicos - Sigilo,Estacional,Medio,Bastones rectos de brocoli,391.4,291.2,254.5,12.925,137
MC0482,False,2.5x374.1x266.5x240.0,Caja creada en MC,482,Bastones extra crocantes,Bastones extra crocantes - Atelier Frites,Estacional,Grueso,Bastones rectos de brocoli,384.0,254.7,231.1,12.503,137
MC0483,False,3.0x400.0x269.82x196.42,Catálogo inicial,483,Bastones clasicos,Bastones clasicos - Sigilo,Estacional,Medio,Bastones rectos de brocoli,376.3,268.6,190.8,11.624,137
MC0484,False,3.0x400.0x300.0x271.95,Catálogo inicial,484,Bastones clasicos,Bastones clasicos - Sigilo,Estacional,Grueso,Bastones rectos de brocoli,393.9,294.1,261.0,12.085,137
MC0485,False,3.0x400.0x266.63x225.0,Catálogo inicial,485,Bastones clasicos,Bastones clasicos - Reserva Privada,Estacional,Corte steak,Bastones rectos de brocoli,381.8,262.4,209.5,12.786,137
MC0486,False,2.7x400.0x276.67x250.08,Catálogo inicial,486,Bastones clasicos,Bastones clasicos - Sigilo,Forma estable,Forma,Brocoli en rejilla,381.4,292.2,231.6,6.198,137
MC0487,True,2.5x411.8x271.2x149.8,Caja nueva,487,Bastones clasicos,Bastones clasicos - Sigilo,Forma estable,Forma,Dippers de brocoli,406.8,266.2,144.8,4.456,138
MC0488,False,3.0x400.0x266.63x250.68,Catálogo inicial,488,Bastones clasicos,Bastones clasicos - Sigilo,Estacional,Fino,Bastones rectos de brocoli,384.7,278.7,232.9,12.627,138
MC0489,False,2.7x400.0x276.67x354.33,Catálogo inicial,489,Bastones clasicos,Bastones clasicos - Reserva Privada,Estacional,Fino,Bastones rectos de brocoli,405.1,269.9,338.1,13.051,138
MC0490,False,2.5x393.1x259.0x207.4,Caja creada en MC,490,Bastones clasicos,Bastones clasicos - Reserva Privada,Forma estable,Forma,Gajos de brocoli,394.1,247.8,201.4,10.81,138
MC0491,False,2.7x412.2x302.9x182.20000000000002,Caja creada en MC,491,Bastones clasicos,Bastones clasicos - Reserva Privada,Estacional,Grueso,Bastones rectos de brocoli,406.7,284.0,182.4,12.259,138
MC0492,False,3.0x400.0x277.27x180.0,Catálogo inicial,492,Bastones clasicos,Bastones clasicos - Legumes Frites,Estacional,Medio,Bastones rectos de brocoli,384.1,288.5,167.4,12.48,138
MC0493,False,3.0x400.0x291.1x360.0,Catálogo inicial,493,Bastones clasicos,Bastones clasicos - Reserva Privada,Estacional,Fino,Bastones rectos de brocoli,389.9,268.8,369.1,12.632,138
MC0494,False,3.0x400.0x277.27x287.91,Catálogo inicial,494,Bastones clasicos,Bastones clasicos - Sigilo,Forma estable,Forma,Brocoli zigzag,377.6,273.9,276.7,12.94,138
MC0495,False,3.0x400.0x277.27x287.91,Catálogo inicial,495,Bastones clasicos,Bastones clasicos - Sigilo,Forma estable,Forma,Brocoli en rejilla,376.1,274.7,278.8,9.025,138
MC0496,False,2.7x400.0x240.0x237.31,Catálogo inicial,496,Bastones clasicos,Bastones clasicos - Sigilo,Forma estable,Forma,Rodajas de brocoli,385.2,241.6,227.0,9.516,138
MC0497,False,3.0x400.0x300.0x175.14,Catálogo inicial,497,Guarniciones,Guarniciones - Cubos,Forma estable,Forma,Cubos de brocoli,399.5,292.2,159.2,12.545,138
MC0498,False,2.5x369.7x291.0x269.1,Caja creada en MC,498,Bastones clasicos,Bastones clasicos - Sigilo,Estacional,Fino,Bastones rectos de brocoli,393.5,270.8,253.6,12.667,138
MC0499,False,3.0x400.0x269.82x180.0,Catálogo inicial,499,Snacks y aperitivos,Snacks y aperitivos - Queso,Co-produccion,Forma,Bocados de brocoli con queso crema,377.8,265.4,172.1,4.94,138
MC0500,True,2.7x369.9x243.1x261.3,Caja nueva,500,Bastones clasicos,Bastones clasicos - Legumes Frites,Estacional,Medio,Bastones rectos de brocoli,364.5,237.7,255.9,13.327,139
MC0501,True,3.0x375.5x304.2x171.8,Caja nueva,501,Bastones clasicos,Bastones clasicos - Sigilo,Forma estable,Forma,Gajos de brocoli,369.5,298.2,165.8,12.556,140
MC0502,True,2.5x370.5x299.0x316.4,Caja nueva,502,Bastones clasicos,Bastones clasicos - Sigilo,Forma estable,Forma,Brocoli en rejilla,365.5,294.0,311.4,12.796,141
MC0503,False,2.7x409.9x275.79999999999995x184.20000000000002,Caja creada en MC,503,Bastones clasicos,Bastones clasicos - Reserva Privada,Estacional,Grueso,Bastones rectos de brocoli,387.3,272.7,177.4,12.573,141
MC0504,False,3.0x400.0x300.0x256.0,Catálogo inicial,504,Bastones clasicos,Bastones clasicos - Sigilo,Forma estable,Forma,Espirales de brocoli,399.0,283.4,252.3,12.641,141
MC0505,False,3.0x400.0x269.82x196.42,Catálogo inicial,505,Bastones clasicos,Bastones clasicos - Sigilo,Estacional,Grueso,Bastones rectos de brocoli,382.8,256.2,201.8,12.263,141
MC0506,False,2.5x385.4x265.1x151.0,Caja creada en MC,506,Bastones clasicos,Bastones clasicos - Sigilo,Forma estable,Forma,Dippers de brocoli,366.3,259.2,146.3,4.415,141
MC0507,False,3.0x400.0x269.82x196.42,Catálogo inicial,507,Bastones clasicos,Bastones clasicos - Legumes Frites,Estacional,Medio,Bastones rectos de brocoli,383.8,274.8,180.4,12.959,141
MC0508,False,2.7x400.0x300.0x257.14,Catálogo inicial,508,Guarniciones,Guarniciones - Tortitas,Forma estable,Forma,Tortitas de brocoli,393.1,301.4,246.9,8.917,141
MC0509,False,3.0x400.0x277.27x180.0,Catálogo inicial,509,Bastones clasicos,Bastones clasicos - Legumes Frites,Estacional,Medio,Bastones rectos de brocoli,403.9,263.9,170.4,12.116,141
MC0510,False,3.0x400.0x300.0x175.14,Catálogo inicial,510,Bastones clasicos,Bastones clasicos - Reserva Privada,Estacional,Corte steak,Bastones rectos de brocoli,377.7,294.0,176.3,12.568,141
MC0511,False,3.0x400.0x277.27x200.0,Catálogo inicial,511,Bastones clasicos,Bastones clasicos - Sigilo,Estacional,Medio,Bastones rectos de brocoli,379.5,295.8,183.8,11.61,141
MC0512,False,2.5x411.8x268.0x264.6,Caja creada en MC,512,Bastones clasicos,Bastones clasicos - Sigilo,Forma estable,Forma,Brocoli en rejilla,406.8,255.1,262.0,6.388,141
MC0513,False,2.5x411.8x267.8x319.2,Caja creada en MC,513,Bastones clasicos,Bastones clasicos - Sigilo,Estacional,Fino,Bastones rectos de brocoli,398.3,251.2,327.5,12.86,141
MC0514,False,2.5x411.8x247.4x241.4,Caja creada en MC,514,Bastones clasicos,Bastones clasicos - Sigilo,Estacional,Medio,Bastones rectos de brocoli,389.5,254.6,230.3,10.959,141
MC0515,True,2.5x381.3x192.3x157.1,Caja nueva,515,Guarniciones,Guarniciones - Legumes Croquetas,Forma estable,Forma,Rosti de brocoli,376.3,187.3,152.1,5.018,142
MC0516,False,3.0x400.0x300.0x271.95,Catálogo inicial,516,Bastones clasicos,Bastones clasicos - Sigilo,Estacional,Grueso,Bastones rectos de brocoli,398.9,305.9,250.2,11.824,142
MC0517,False,2.7x375.59999999999997x308.4x189.1,Caja creada en MC,517,Bastones clasicos,Bastones clasicos - Mayordomo,Estacional,Grueso,Bastones rectos de brocoli,395.0,293.5,175.1,12.353,142
MC0518,False,3.0x400.0x300.0x175.14,Catálogo inicial,518,Bastones clasicos,Bastones clasicos - Legumes Frites,Estacional,Corte steak,Bastones rectos de brocoli,378.6,297.3,173.0,12.627,142
MC0519,False,2.7x400.0x276.67x346.88,Catálogo inicial,519,Bastones clasicos,Bastones clasicos - Reserva Privada,Estacional,Fino,Bastones rectos de brocoli,395.1,260.6,346.8,12.674,142
MC0520,True,2.5x375.1x293.3x229.2,Caja nueva,520,Bastones clasicos,Bastones clasicos - Sigilo,Forma estable,Forma,Brocoli zigzag,370.1,288.3,224.2,12.861,143
MC0521,False,2.7x400.0x240.0x237.31,Catálogo inicial,521,Bastones clasicos,Bastones clasicos - Legumes Frites,Estacional,Fino,Bastones rectos de brocoli,383.7,252.7,221.3,9.688,143
MC0522,False,3.0x400.0x300.0x271.95,Catálogo inicial,522,Bastones clasicos,Bastones clasicos - Sigilo,Forma estable,Forma,Espirales de brocoli,397.1,293.9,254.4,6.468,143
MC0523,False,3.0x400.0x266.63x250.68,Catálogo inicial,523,Bastones clasicos,Bastones clasicos - Sigilo,Estacional,Medio,Bastones rectos de brocoli,378.9,275.6,237.2,12.0,143
MC0524,False,2.5x374.6x285.0x274.7,Caja creada en MC,524,Bastones clasicos,Bastones clasicos - Reserva Privada,Estacional,Medio,Bastones rectos de brocoli,378.7,272.9,268.6,12.423,143
MC0525,False,3.0x400.0x240.0x244.29,Catálogo inicial,525,Guarniciones,Guarniciones - Legumes Croquetas,Forma estable,Forma,Croquetas de brocoli,387.6,242.9,228.6,10.584,143
MC0526,False,2.5x405.3x255.5x229.9,Caja creada en MC,526,Bastones clasicos,Bastones clasicos - Grado B,Estacional,Medio,Bastones rectos de brocoli,380.4,256.8,215.4,11.807,143
MC0527,False,2.7x400.0x273.48x225.0,Catálogo inicial,527,Bastones clasicos,Bastones clasicos - Legumes Frites,Estacional,Corte steak,Bastones rectos de brocoli,376.0,262.9,233.4,9.433,143
MC0528,False,2.5x405.3x255.5x229.9,Caja creada en MC,528,Bastones clasicos,Bastones clasicos - Grado B,Estacional,Medio,Bastones rectos de brocoli,380.0,254.7,216.3,13.066,143
MC0529,False,2.5x405.3x255.5x229.9,Caja creada en MC,529,Bastones clasicos,Bastones clasicos - Grado B,Estacional,Medio,Bastones rectos de brocoli,386.7,255.5,220.0,12.399,143
MC0530,False,2.7x400.0x276.67x346.88,Catálogo inicial,530,Bastones clasicos,Bastones clasicos - Reserva Privada,Estacional,Fino,Bastones rectos de brocoli,381.4,272.5,335.8,12.582,143
MC0531,False,2.5x411.8x247.4x241.4,Caja creada en MC,531,Bastones clasicos,Bastones clasicos - Legumes Frites,Estacional,Medio,Bastones rectos de brocoli,401.4,253.2,223.8,10.831,143
MC0532,False,2.5x399.4x277.8x229.1,Caja creada en MC,532,Bastones clasicos,Bastones clasicos - Sigilo,Forma estable,Forma,Tiras para dip de brocoli,379.1,259.5,244.2,6.151,143
MC0533,False,2.5x396.9x303.6x326.6,Caja creada en MC,533,Bastones clasicos,Bastones clasicos - Sigilo,Forma estable,Forma,Brocoli en rejilla,381.4,285.9,342.9,12.337,143
MC0534,False,2.5x400.0x276.27x255.0,Catálogo inicial,534,Bastones clasicos,Bastones clasicos - Sigilo,Forma estable,Forma,Espirales de brocoli,378.8,297.3,236.1,11.685,143
MC0535,True,3.0x407.3x297.5x162.7,Caja nueva,535,Guarniciones,Guarniciones - Cubos,Forma estable,Forma,Cubos de brocoli,401.3,291.5,156.7,12.292,144
MC0536,True,2.5x401.9x250.9x284.6,Caja nueva,536,Bastones clasicos,Bastones clasicos - Sigilo,Forma estable,Forma,Brocoli zigzag,396.9,245.9,279.6,12.48,145
MC0537,False,2.7x400.0x240.0x237.31,Catálogo inicial,537,Bastones clasicos,Bastones clasicos - Sigilo,Forma estable,Forma,Rodajas de brocoli,377.6,253.2,218.5,12.586,145
MC0538,False,2.7x409.9x275.79999999999995x184.20000000000002,Caja creada en MC,538,Bastones clasicos,Bastones clasicos - Sigilo,Estacional,Fino,Bastones rectos de brocoli,398.9,267.6,178.8,6.603,145
MC0539,False,3.0x375.8x300.7x170.7,Caja creada en MC,539,Bastones clasicos,Bastones clasicos - Sigilo,Forma estable,Forma,Gajos de brocoli,363.8,284.4,161.5,9.212,145
MC0540,False,2.7x400.0x240.0x214.97,Catálogo inicial,540,Bastones clasicos,Bastones clasicos - Sigilo,Estacional,Medio,Bastones rectos de brocoli,378.5,249.3,204.2,9.516,145
MC0541,False,3.0x400.0x266.63x250.68,Catálogo inicial,541,Bastones clasicos,Bastones clasicos - Sigilo,Estacional,Medio,Bastones rectos de brocoli,406.8,259.2,236.2,12.219,145
MC0542,False,3.0x400.0x240.0x291.1,Catálogo inicial,542,Bastones clasicos,Bastones clasicos - Sigilo,Forma estable,Forma,Espirales de brocoli,394.6,247.1,268.4,6.349,145
MC0543,False,2.5x411.8x308.5x261.5,Caja creada en MC,543,Bastones clasicos,Bastones clasicos - Sigilo,Forma estable,Forma,Espirales de brocoli,395.8,300.5,263.1,10.034,145
MC0544,False,2.7x400.0x300.0x249.01,Catálogo inicial,544,Bastones clasicos,Bastones clasicos - Sigilo,Estacional,Medio,Bastones rectos de brocoli,401.5,283.6,245.1,12.045,145
MC0545,True,3.0x399.3x249.3x176.7,Caja nueva,545,Guarniciones,Guarniciones - Cubos,Forma estable,Forma,Cubos de brocoli,393.3,243.3,170.7,12.613,146
MC0546,False,2.7x400.0x276.67x257.14,Catálogo inicial,546,Brocoli especial,Brocoli especial - Bastones Especiales,Estacional,Corte steak,Bastones rectos de brocoli,371.3,301.4,240.4,12.559,146
MC0547,False,2.5x375.3x310.9x288.9,Caja creada en MC,547,Bastones clasicos,Bastones clasicos - Reserva Privada,Estacional,Fino,Bastones rectos de brocoli,366.5,289.1,284.5,12.86,146
MC0548,False,2.7x400.0x300.0x163.63,Catálogo inicial,548,Bastones clasicos,Bastones clasicos - Legumes Frites,Estacional,Grueso,Bastones rectos de brocoli,388.4,283.4,167.0,9.711,146
MC0549,False,2.5x405.3x255.5x229.9,Caja creada en MC,549,Guarniciones,Guarniciones - Pure,Co-produccion,Forma,Pure de brocoli,386.5,248.3,214.5,12.797,146
MC0550,False,3.0x400.0x300.0x186.85,Catálogo inicial,550,Bastones clasicos,Bastones clasicos - Sigilo,Estacional,Grueso,Bastones rectos de brocoli,401.2,285.5,181.4,12.435,146
MC0551,False,3.0x400.0x300.0x163.44,Catálogo inicial,551,Snacks y aperitivos,Snacks y aperitivos - Queso,Co-produccion,Forma,Bocados de brocoli con queso cheddar,391.3,296.1,151.6,5.065,146
MC0552,False,2.5x375.3x310.9x288.9,Caja creada en MC,552,Bastones clasicos,Bastones clasicos - Sigilo,Estacional,Medio,Bastones rectos de brocoli,363.8,287.6,296.0,11.936,146
MC0553,False,2.5x400.0x300.0x257.14,Catálogo inicial,553,Bastones clasicos,Bastones clasicos - Legumes Frites,Estacional,Fino,Bastones rectos de brocoli,373.2,281.7,278.6,11.511,146
MC0554,True,2.5x368.8x253.3x262.9,Caja nueva,554,Bastones clasicos,Bastones clasicos - Sigilo,Forma estable,Forma,Dippers de brocoli,363.8,248.3,257.9,12.642,147
MC0555,False,2.7x400.0x300.0x194.76,Catálogo inicial,555,Bastones clasicos,Bastones clasicos - Sigilo,Forma estable,Forma,Espirales de brocoli,392.2,293.2,189.3,5.571,147
MC0556,False,2.7x400.0x273.48x225.0,Catálogo inicial,556,Snacks y aperitivos,Snacks y aperitivos - Aros y Vegetales,Co-produccion,Forma,Aros de brocoli,392.8,281.9,209.2,5.071,147
MC0557,False,2.7x409.9x275.79999999999995x184.20000000000002,Caja creada en MC,557,Bastones clasicos,Bastones clasicos - Sigilo,Estacional,Medio,Bastones rectos de brocoli,381.1,278.1,183.1,12.303,147
MC0558,True,2.5x410.7x272.0x230.1,Caja nueva,558,Bastones clasicos,Bastones clasicos - Sigilo,Estacional,Medio,Bastones rectos de brocoli,405.7,267.0,225.1,13.059,148
MC0559,False,2.5x411.8x308.5x261.5,Caja creada en MC,559,Bastones clasicos,Bastones clasicos - Sigilo,Forma estable,Forma,Espirales de brocoli,406.8,299.4,248.3,9.615,148
MC0560,False,2.7x400.0x240.0x184.12,Catálogo inicial,560,Bastones clasicos,Bastones clasicos - Sigilo,Forma estable,Forma,Brocoli zigzag,381.0,238.2,180.2,6.835,148
MC0561,False,2.5x368.8x253.3x262.9,Caja creada en MC,561,Bastones clasicos,Bastones clasicos - Sigilo,Forma estable,Forma,Espirales de brocoli,367.8,243.2,258.2,6.616,148
MC0562,False,3.0x400.0x300.0x178.34,Catálogo inicial,562,Bastones clasicos,Bastones clasicos - Reserva Privada,Estacional,Grueso,Bastones rectos de brocoli,391.1,283.0,178.8,13.145,148
MC0563,False,2.5x411.8x308.5x261.5,Caja creada en MC,563,Bastones clasicos,Bastones clasicos - Sigilo,Forma estable,Forma,Espirales de brocoli,401.6,305.9,254.4,12.381,148
MC0564,False,2.5x400.0x300.0x257.14,Catálogo inicial,564,Bastones clasicos,Bastones clasicos - Sigilo,Estacional,Grueso,Bastones rectos de brocoli,398.7,294.3,249.5,12.745,148
MC0565,False,3.0x400.0x300.0x179.4,Catálogo inicial,565,Bastones clasicos,Bastones clasicos - Legumes Frites,Estacional,Medio,Bastones rectos de brocoli,391.2,293.1,174.8,11.938,148
MC0566,False,3.0x369.8x259.5x209.3,Caja creada en MC,566,Bastones clasicos,Bastones clasicos - Reserva Privada,Estacional,Medio,Bastones rectos de brocoli,365.8,248.6,198.0,13.082,148
MC0567,False,3.0x400.0x266.63x250.68,Catálogo inicial,567,Bastones extra crocantes,Bastones extra crocantes - Atelier Frites,Estacional,Grueso,Bastones rectos de brocoli,406.8,258.6,232.5,12.658,148
MC0568,False,2.5x399.4x277.8x229.1,Caja creada en MC,568,Bastones clasicos,Bastones clasicos - Sigilo,Forma estable,Forma,Brocoli zigzag,376.8,276.5,230.7,9.883,148
MC0569,False,2.5x411.8x268.0x264.6,Caja creada en MC,569,Bastones clasicos,Bastones clasicos - Sigilo,Forma estable,Forma,Gajos de brocoli,388.5,289.9,244.3,13.669,148
MC0570,True,2.5x373.4x290.1x278.6,Caja nueva,570,Bastones clasicos,Bastones clasicos - Legumes Frites,Estacional,Medio,Bastones rectos de brocoli,368.4,285.1,273.6,12.622,149
MC0571,False,3.0x400.0x269.82x180.0,Catálogo inicial,571,Snacks y aperitivos,Snacks y aperitivos - Queso,Co-produccion,Forma,Bocados de brocoli con queso cheddar,382.0,261.6,170.8,4.805,149
MC0572,False,2.5x400.0x276.27x225.0,Catálogo inicial,572,Guarniciones,Guarniciones - Legumes Croquetas,Forma estable,Forma,Rosti de brocoli,397.3,280.0,211.0,10.935,149
MC0573,False,2.5x411.8x247.4x241.4,Caja creada en MC,573,Bastones clasicos,Bastones clasicos - Legumes Frites,Estacional,Fino,Bastones rectos de brocoli,389.9,256.4,230.9,12.134,149
MC0574,True,2.5x410.0x304.1x231.5,Caja nueva,574,Bastones clasicos,Bastones clasicos - Sigilo,Estacional,Grueso,Bastones rectos de brocoli,405.0,299.1,226.5,11.116,150
MC0575,False,3.0x400.0x300.0x175.14,Catálogo inicial,575,Guarniciones,Guarniciones - Cubos,Forma estable,Forma,Cubos de brocoli,390.8,286.7,167.0,12.349,150
MC0576,False,2.5x410.7x272.0x230.1,Caja creada en MC,576,Bastones clasicos,Bastones clasicos - Sigilo,Estacional,Fino,Bastones rectos de brocoli,391.8,258.1,241.0,12.28,150
MC0577,False,3.0x400.0x269.82x180.0,Catálogo inicial,577,Bastones clasicos,Bastones clasicos - Sigilo,Forma estable,Forma,Espirales de brocoli,406.8,253.0,172.7,4.365,150
MC0578,False,3.0x400.0x300.0x271.95,Catálogo inicial,578,Bastones clasicos,Bastones clasicos - Sigilo,Forma estable,Forma,Brocoli zigzag,392.2,288.3,262.5,10.216,150
MC0579,False,2.5x389.4x279.3x144.5,Caja creada en MC,579,Guarniciones,Guarniciones - Legumes Croquetas,Forma estable,Forma,Tortitas de brocoli,363.8,264.1,151.4,5.045,150
MC0580,False,3.0x400.0x266.63x250.68,Catálogo inicial,580,Bastones clasicos,Bastones clasicos - Sigilo,Forma estable,Forma,Tiras para dip de brocoli,383.5,263.0,242.0,12.415,150
MC0581,False,2.5x373.7x298.5x213.6,Caja creada en MC,581,Guarniciones,Guarniciones - Tortitas,Forma estable,Forma,Tortitas de brocoli,389.3,278.5,208.1,11.25,150
MC0582,False,2.5x411.5x253.8x142.1,Caja creada en MC,582,Guarniciones,Guarniciones - Legumes Croquetas,Forma estable,Forma,Rosti de brocoli,384.5,256.3,139.7,5.071,150
MC0583,True,3.0x371.0x248.5x188.9,Caja nueva,583,Guarniciones,Guarniciones - Cubos,Forma estable,Forma,Cubos de brocoli,365.0,242.5,182.9,12.603,151
MC0584,False,3.0x400.0x269.82x180.0,Catálogo inicial,584,Bastones clasicos,Bastones clasicos - Sigilo,Forma estable,Forma,Gajos de brocoli,371.7,272.0,166.2,11.226,151
MC0585,False,2.5x374.1x266.5x240.0,Caja creada en MC,585,Bastones clasicos,Bastones clasicos - Grado B,Estacional,Medio,Bastones rectos de brocoli,386.1,262.9,222.7,12.55,151
MC0586,False,3.0x400.0x277.27x287.91,Catálogo inicial,586,Bastones clasicos,Bastones clasicos - Sigilo,Forma estable,Forma,Espirales de brocoli,390.7,280.9,269.8,8.161,151
MC0587,False,2.5x385.4x265.1x151.0,Caja creada en MC,587,Guarniciones,Guarniciones - Legumes Croquetas,Forma estable,Forma,Tortitas de brocoli,364.3,259.0,143.3,5.113,151
MC0588,False,2.5x400.0x268.82x300.0,Catálogo inicial,588,Bastones clasicos,Bastones clasicos - Sigilo,Estacional,Medio,Bastones rectos de brocoli,385.6,253.1,292.4,12.561,151
MC0589,False,2.7x408.59999999999997x253.3x207.4,Caja creada en MC,589,Bastones clasicos,Bastones clasicos - Sigilo,Forma estable,Forma,Dippers de brocoli,384.4,253.4,205.5,6.457,151
MC0590,False,2.5x405.3x255.5x229.9,Caja creada en MC,590,Bastones clasicos,Bastones clasicos - Sigilo,Estacional,Medio,Bastones rectos de brocoli,391.9,251.0,212.1,13.074,151
MC0591,False,3.0x400.0x266.63x256.0,Catálogo inicial,591,Bastones clasicos,Bastones clasicos - Grado B,Estacional,Fino,Bastones rectos de brocoli,402.5,259.4,245.7,12.321,151
MC0592,False,2.7x409.9x275.79999999999995x184.20000000000002,Caja creada en MC,592,Bastones clasicos,Bastones clasicos - Legumes Frites,Estacional,Medio,Bastones rectos de brocoli,393.3,288.7,170.8,12.647,151
MC0593,False,2.5x368.8x301.4x267.1,Caja creada en MC,593,Bastones clasicos,Bastones clasicos - Reserva Privada,Estacional,Fino,Bastones rectos de brocoli,381.5,292.2,250.6,12.655,151
MC0594,False,2.5x370.5x299.0x316.4,Caja creada en MC,594,Bastones clasicos,Bastones clasicos - Reserva Privada,Estacional,Medio,Bastones rectos de brocoli,380.6,282.0,310.6,12.271,151
MC0595,False,3.0x400.0x277.27x180.0,Catálogo inicial,595,Bastones clasicos,Bastones clasicos - Sigilo,Estacional,Grueso,Bastones rectos de brocoli,376.5,275.2,176.3,12.197,151
MC0596,False,3.0x373.7x257.7x226.6,Caja creada en MC,596,Guarniciones,Guarniciones - Tortitas,Forma estable,Forma,Rosti de brocoli,365.0,243.8,225.7,10.883,151
MC0597,False,3.0x399.2x258.0x209.2,Caja creada en MC,597,Bastones clasicos,Bastones clasicos - Sigilo,Forma estable,Forma,Espirales de brocoli,372.2,258.3,209.0,6.65,151
MC0598,False,3.0x400.0x300.0x271.95,Catálogo inicial,598,Bastones clasicos,Bastones clasicos - Sigilo,Forma estable,Forma,Espirales de brocoli,387.5,305.9,253.8,9.323,151
MC0599,False,2.5x369.7x291.0x269.1,Caja creada en MC,599,Bastones clasicos,Bastones clasicos - Sigilo,Forma estable,Forma,Brocoli zigzag,374.5,294.2,248.6,9.559,151
MC0600,True,3.0x400.9x251.9x192.9,Caja nueva,600,Bastones clasicos,Bastones clasicos - Reserva Privada,Forma estable,Forma,Gajos de brocoli,394.9,245.9,186.9,12.6,152
MC0601,False,2.5x411.8x257.5x210.6,Caja creada en MC,601,Bastones clasicos,Bastones clasicos - Sigilo,Forma estable,Forma,Espirales de brocoli,391.4,251.7,213.2,7.006,152
MC0602,False,2.7x400.0x300.0x209.65,Catálogo inicial,602,Snacks y aperitivos,Snacks y aperitivos - Aros y Vegetales,Co-produccion,Forma,Aros de brocoli,376.2,303.6,205.2,5.083,152
MC0603,True,2.5x380.3x191.0x160.9,Caja nueva,603,Guarniciones,Guarniciones - Legumes Croquetas,Forma estable,Forma,Croquetas de brocoli,375.3,186.0,155.9,4.61,153
MC0604,False,2.5x400.0x276.27x255.0,Catálogo inicial,604,Bastones clasicos,Bastones clasicos - Sigilo,Estacional,Medio,Bastones rectos de brocoli,383.5,292.7,236.5,12.74,153
MC0605,False,3.0x400.0x269.82x180.0,Catálogo inicial,605,Bastones clasicos,Bastones clasicos - Sigilo,Estacional,Medio,Bastones rectos de brocoli,397.0,257.8,175.4,8.112,153
MC0606,False,2.5x400.0x300.0x281.59,Catálogo inicial,606,Bastones clasicos,Bastones clasicos - Reserva Privada,Estacional,Medio,Bastones rectos de brocoli,378.9,284.4,294.4,12.67,153
MC0607,False,3.0x400.0x277.27x180.0,Catálogo inicial,607,Bastones clasicos,Bastones clasicos - Sigilo,Forma estable,Forma,Brocoli zigzag,377.8,290.6,168.5,6.747,153
MC0608,False,2.7x400.0x273.48x255.4,Catálogo inicial,608,Bastones clasicos,Bastones clasicos - Sigilo,Forma estable,Forma,Espirales de brocoli,371.4,269.7,262.3,12.428,153
MC0609,False,3.0x400.0x277.27x180.0,Catálogo inicial,609,Bastones clasicos,Bastones clasicos - Sigilo,Forma estable,Forma,Gajos de brocoli,386.3,288.9,166.0,12.462,153
MC0610,False,2.7x400.0x300.0x209.65,Catálogo inicial,610,Guarniciones,Guarniciones - Tortitas,Forma estable,Forma,Tortitas de brocoli,394.8,286.6,203.1,10.993,153
MC0611,False,2.5x374.6x285.0x274.7,Caja creada en MC,611,Bastones clasicos,Bastones clasicos - Sigilo,Estacional,Grueso,Bastones rectos de brocoli,363.8,292.8,261.2,13.004,153
MC0612,False,2.7x400.0x240.0x225.0,Catálogo inicial,612,Bastones clasicos,Bastones clasicos - Sigilo,Forma estable,Forma,Espirales de brocoli,387.0,238.0,220.6,6.746,153
MC0613,False,2.7x400.0x300.0x224.54,Catálogo inicial,613,Bastones clasicos,Bastones clasicos - Sigilo,Forma estable,Forma,Dippers de brocoli,399.8,291.5,216.5,12.907,153
MC0614,False,3.0x400.0x300.0x317.7,Catálogo inicial,614,Bastones clasicos,Bastones clasicos - Reserva Privada,Forma estable,Forma,Brocoli en rejilla,393.2,305.9,295.3,12.852,153
MC0615,False,2.5x400.0x276.27x225.0,Catálogo inicial,615,Bastones clasicos,Bastones clasicos - Sigilo,Estacional,Medio,Bastones rectos de brocoli,392.4,286.7,208.0,9.945,153
MC0616,False,2.5x405.3x255.5x229.9,Caja creada en MC,616,Bastones extra crocantes,Bastones extra crocantes - Atelier Frites,Estacional,Grueso,Bastones rectos de brocoli,382.8,254.5,222.7,11.83,153
MC0617,False,3.0x400.0x300.0x271.95,Catálogo inicial,617,Bastones clasicos,Bastones clasicos - Legumes Frites,Estacional,Grueso,Bastones rectos de brocoli,386.6,290.7,273.4,12.919,153
MC0618,True,3.0x373.2x309.4x177.8,Caja nueva,618,Bastones clasicos,Bastones clasicos - Mayordomo,Estacional,Medio,Bastones rectos de brocoli,367.2,303.4,171.8,12.328,154
MC0619,False,3.0x373.7x257.7x226.6,Caja creada en MC,619,Bastones clasicos,Bastones clasicos - Legumes Frites,Forma estable,Forma,Brocoli zigzag,363.8,244.3,224.1,9.959,154
MC0620,False,2.7x400.0x300.0x209.65,Catálogo inicial,620,Bastones clasicos,Bastones clasicos - Cielo,Estacional,Medio,Bastones rectos de brocoli,396.9,287.7,198.6,12.135,154
MC0621,False,3.0x400.0x269.82x196.42,Catálogo inicial,621,Bastones clasicos,Bastones clasicos - Legumes Frites Salados,Estacional,Medio,Bastones rectos de brocoli,381.4,248.9,207.8,12.056,154
MC0622,False,2.5x411.8x257.5x210.6,Caja creada en MC,622,Bastones clasicos,Bastones clasicos - Legumes Frites,Estacional,Medio,Bastones rectos de brocoli,387.6,250.8,212.5,11.652,154
MC0623,False,2.5x368.8x267.8x175.7,Caja creada en MC,623,Snacks y aperitivos,Snacks y aperitivos - Queso,Co-produccion,Forma,Bocados de brocoli con mozzarella,376.7,254.6,168.3,4.856,154
MC0624,False,2.5x368.8x292.0x371.3,Caja creada en MC,624,Bastones clasicos,Bastones clasicos - Reserva Privada,Estacional,Fino,Bastones rectos de brocoli,363.8,278.8,364.9,12.93,154
MC0625,False,3.0x400.0x277.27x200.0,Catálogo inicial,625,Bastones clasicos,Bastones clasicos - Reserva Privada,Estacional,Corte steak,Bastones rectos de brocoli,381.0,261.4,204.6,12.544,154
MC0626,False,2.5x373.4x290.1x278.6,Caja creada en MC,626,Bastones clasicos,Bastones clasicos - Reserva Privada,Estacional,Fino,Bastones rectos de brocoli,371.7,285.8,269.1,12.342,154
MC0627,False,2.7x400.0x273.48x225.0,Catálogo inicial,627,Bastones clasicos,Bastones clasicos - Sigilo,Forma estable,Forma,Corte rustico de brocoli,390.4,282.8,206.8,12.483,154
MC0628,False,2.5x405.3x310.9x204.6,Caja creada en MC,628,Bastones clasicos,Bastones clasicos - Sigilo,Forma estable,Forma,Espirales de brocoli,400.4,305.9,195.9,5.285,154
MC0629,False,2.7x400.0x300.0x200.0,Catálogo inicial,629,Bastones clasicos,Bastones clasicos - Sigilo,Forma estable,Forma,Corte rustico de brocoli,389.7,282.3,202.8,12.495,154
MC0630,False,2.7x400.0x300.0x209.65,Catálogo inicial,630,Snacks y aperitivos,Snacks y aperitivos - Aros y Vegetales,Co-produccion,Forma,Aros de brocoli,397.8,290.9,199.6,4.838,154
MC0631,False,2.5x411.5x253.8x142.1,Caja creada en MC,631,Guarniciones,Guarniciones - Legumes Croquetas,Forma estable,Forma,Rosti de brocoli,398.0,238.6,145.2,4.941,154
MC0632,False,2.7x400.0x300.0x194.76,Catálogo inicial,632,Bastones clasicos,Bastones clasicos - Cielo,Estacional,Medio,Bastones rectos de brocoli,373.6,298.0,192.1,12.847,154
MC0633,False,2.7x400.0x300.0x209.65,Catálogo inicial,633,Brocoli especial,Brocoli especial - Bastones Especiales,Estacional,Corte steak,Bastones rectos de brocoli,387.4,296.4,198.6,12.595,154
MC0634,False,3.0x400.0x277.27x298.55,Catálogo inicial,634,Bastones clasicos,Bastones clasicos - Sigilo,Forma estable,Forma,Espirales de brocoli,406.4,273.5,275.7,6.211,154
MC0635,False,2.7x400.0x300.0x300.0,Catálogo inicial,635,Bastones clasicos,Bastones clasicos - Reserva Privada,Forma estable,Forma,Brocoli en rejilla,406.8,283.7,296.5,12.819,154
MC0636,False,3.0x373.3x289.8x197.7,Caja creada en MC,636,Bastones clasicos,Bastones clasicos - Legumes Frites,Estacional,Medio,Bastones rectos de brocoli,363.8,294.3,183.1,12.497,154
MC0637,False,2.5x369.7x291.0x269.1,Caja creada en MC,637,Bastones clasicos,Bastones clasicos - Legumes Frites,Estacional,Fino,Bastones rectos de brocoli,376.4,282.6,255.3,12.789,154
MC0638,False,2.5x399.4x277.8x229.1,Caja creada en MC,638,Bastones clasicos,Bastones clasicos - Sigilo,Estacional,Medio,Bastones rectos de brocoli,406.8,261.2,226.1,12.78,154
MC0639,True,2.5x398.9x278.8x296.1,Caja nueva,639,Bastones clasicos,Bastones clasicos - Legumes Frites,Estacional,Medio,Bastones rectos de brocoli,393.9,273.8,291.1,12.437,155
MC0640,False,2.7x400.0x300.0x209.65,Catálogo inicial,640,Bastones clasicos,Bastones clasicos - Legumes Frites,Estacional,Fino,Bastones rectos de brocoli,382.2,294.4,210.6,10.615,155
MC0641,False,2.7x400.0x276.67x250.08,Catálogo inicial,641,Bastones clasicos,Bastones clasicos - Grado B,Estacional,Fino,Bastones rectos de brocoli,383.5,292.7,230.6,13.193,155
MC0642,False,3.0x400.0x240.0x244.29,Catálogo inicial,642,Bastones clasicos,Bastones clasicos - Legumes Frites,Forma estable,Forma,Brocoli zigzag,375.6,251.7,231.2,9.745,155
MC0643,False,2.5x399.4x277.8x229.1,Caja creada en MC,643,Bastones clasicos,Bastones clasicos - Legumes Frites Salados,Estacional,Fino,Bastones rectos de brocoli,396.4,259.9,230.2,12.469,155
MC0644,False,3.0x400.0x240.0x196.42,Catálogo inicial,644,Guarniciones,Guarniciones - Cubos,Forma estable,Forma,Cubos de brocoli,380.1,242.3,185.1,12.348,155
MC0645,False,3.0x400.0x300.0x271.95,Catálogo inicial,645,Bastones clasicos,Bastones clasicos - Reserva Privada,Forma estable,Forma,Rodajas de brocoli,394.5,290.9,264.5,9.06,155
MC0646,False,3.0x400.0x300.0x317.7,Catálogo inicial,646,Bastones clasicos,Bastones clasicos - Sigilo,Estacional,Medio,Bastones rectos de brocoli,395.9,291.9,303.7,12.303,155
MC0647,False,3.0x400.0x240.0x196.42,Catálogo inicial,647,Bastones clasicos,Bastones clasicos - Sigilo,Estacional,Medio,Bastones rectos de brocoli,385.0,240.8,188.3,7.868,155
MC0648,False,2.7x375.59999999999997x308.4x189.1,Caja creada en MC,648,Guarniciones,Guarniciones - Otros,Estacional,Medio,Bastones rectos de brocoli,392.2,293.4,176.9,12.245,155
MC0649,False,2.5x399.4x277.8x229.1,Caja creada en MC,649,Bastones clasicos,Bastones clasicos - Sigilo,Estacional,Fino,Bastones rectos de brocoli,406.8,256.9,228.3,10.138,155
MC0650,False,2.7x375.0x286.2x216.3,Caja creada en MC,650,Bastones extra crocantes,Bastones extra crocantes - Muy Crocantes,Estacional,Medio,Bastones rectos de brocoli,365.4,280.0,198.4,12.812,155
MC0651,False,3.0x400.0x277.27x180.0,Catálogo inicial,651,Bastones clasicos,Bastones clasicos - Sigilo,Forma estable,Forma,Gajos de brocoli,389.8,289.0,164.2,12.404,155
MC0652,False,3.0x399.2x258.0x209.2,Caja creada en MC,652,Bastones clasicos,Bastones clasicos - Sigilo,Forma estable,Forma,Tiras para dip de brocoli,374.3,246.0,217.0,6.768,155
MC0653,False,2.5x407.5x253.6x266.4,Caja creada en MC,653,Bastones clasicos,Bastones clasicos - Sigilo,Estacional,Fino,Bastones rectos de brocoli,389.6,250.4,266.9,12.78,155
MC0654,False,3.0x400.0x269.82x196.42,Catálogo inicial,654,Guarniciones,Guarniciones - Cubos,Forma estable,Forma,Cubos de brocoli,393.5,250.2,185.0,12.4,155
MC0655,False,2.5x402.3x259.7x164.2,Caja creada en MC,655,Bastones clasicos,Bastones clasicos - Sigilo,Forma estable,Forma,Corte rustico de brocoli,391.8,241.4,157.1,6.716,155
MC0656,True,2.5x411.8x310.3x228.1,Caja nueva,656,Bastones clasicos,Bastones clasicos - Sigilo,Estacional,Fino,Bastones rectos de brocoli,406.8,305.3,223.1,12.623,156
MC0657,False,2.7x409.9x275.79999999999995x184.20000000000002,Caja creada en MC,657,Bastones clasicos,Bastones clasicos - Legumes Frites,Estacional,Medio,Bastones rectos de brocoli,388.2,285.5,176.4,12.188,156
MC0658,False,2.7x412.2x302.9x182.20000000000002,Caja creada en MC,658,Bastones clasicos,Bastones clasicos - Mayordomo,Estacional,Medio,Bastones rectos de brocoli,399.1,303.3,175.2,12.502,156
MC0659,True,2.5x368.8x291.4x286.4,Caja nueva,659,Bastones clasicos,Bastones clasicos - Sigilo,Forma estable,Forma,Brocoli zigzag,363.8,286.4,281.4,13.12,157
MC0660,True,2.5x411.8x252.9x150.9,Caja nueva,660,Snacks y aperitivos,Snacks y aperitivos - Queso,Co-produccion,Forma,Bocados de brocoli con queso crema,406.8,247.9,145.9,4.747,158
MC0661,False,2.5x400.0x300.0x281.59,Catálogo inicial,661,Snacks y aperitivos,Snacks y aperitivos - Aros y Vegetales,Co-produccion,Forma,Aros de brocoli,397.4,305.9,262.2,4.972,158
MC0662,False,3.0x400.0x300.0x271.95,Catálogo inicial,662,Bastones clasicos,Bastones clasicos - Sigilo,Forma estable,Forma,Brocoli zigzag,398.5,291.4,258.0,9.661,158
MC0663,False,2.5x393.1x259.0x207.4,Caja creada en MC,663,Bastones clasicos,Bastones clasicos - Sigilo,Forma estable,Forma,Tiras para dip de brocoli,369.0,253.4,201.2,6.7,158
MC0664,False,2.7x400.0x276.67x346.88,Catálogo inicial,664,Bastones clasicos,Bastones clasicos - Reserva Privada,Estacional,Fino,Bastones rectos de brocoli,385.2,273.4,345.0,11.808,158
MC0665,False,3.0x375.5x304.2x171.8,Caja creada en MC,665,Bastones clasicos,Bastones clasicos - Sigilo,Estacional,Grueso,Bastones rectos de brocoli,396.7,290.2,158.6,9.638,158
MC0666,False,2.7x400.0x300.0x360.0,Catálogo inicial,666,Bastones clasicos,Bastones clasicos - Sigilo,Forma estable,Forma,Brocoli zigzag,387.8,286.9,362.9,12.319,158
MC0667,False,3.0x400.0x300.0x271.95,Catálogo inicial,667,Bastones clasicos,Bastones clasicos - Sigilo,Forma estable,Forma,Espirales de brocoli,398.4,294.5,259.9,12.86,158
MC0668,False,3.0x400.0x277.27x200.0,Catálogo inicial,668,Bastones clasicos,Bastones clasicos - Grado B,Estacional,Medio,Bastones rectos de brocoli,398.6,274.9,185.0,12.484,158
MC0669,False,2.7x369.5x248.6x243.20000000000002,Caja creada en MC,669,Bastones clasicos,Bastones clasicos - Legumes Frites,Estacional,Medio,Bastones rectos de brocoli,363.8,250.0,229.0,13.174,158
MC0670,True,2.7x411.9x311.29999999999995x206.1,Caja nueva,670,Bastones clasicos,Bastones clasicos - Sigilo,Estacional,Medio,Bastones rectos de brocoli,406.5,305.9,200.7,12.748,159
MC0671,False,3.0x400.0x266.63x225.0,Catálogo inicial,671,Bastones clasicos,Bastones clasicos - Legumes Frites Salados,Estacional,Medio,Bastones rectos de brocoli,393.1,256.8,211.3,12.346,159
MC0672,False,3.0x400.0x269.82x196.42,Catálogo inicial,672,Bastones clasicos,Bastones clasicos - Legumes Frites,Estacional,Medio,Bastones rectos de brocoli,383.6,274.5,187.2,11.079,159
MC0673,False,2.7x400.0x240.0x237.31,Catálogo inicial,673,Bastones clasicos,Bastones clasicos - Sigilo,Forma estable,Forma,Tiras para dip de brocoli,375.7,243.1,232.1,12.367,159
MC0674,False,3.0x400.0x277.27x180.0,Catálogo inicial,674,Bastones clasicos,Bastones clasicos - Legumes Frites,Estacional,Corte steak,Bastones rectos de brocoli,388.8,260.4,183.2,12.822,159
MC0675,False,2.5x369.7x291.0x269.1,Caja creada en MC,675,Bastones clasicos,Bastones clasicos - Legumes Frites,Estacional,Fino,Bastones rectos de brocoli,363.8,281.2,266.4,12.0,159
MC0676,False,2.5x368.8x257.3x255.1,Caja creada en MC,676,Guarniciones,Guarniciones - Tortitas,Forma estable,Forma,Rosti de brocoli,385.4,240.2,247.3,10.728,159
MC0677,False,2.7x400.0x240.0x266.03,Catálogo inicial,677,Bastones clasicos,Bastones clasicos - Sigilo,Estacional,Medio,Bastones rectos de brocoli,375.4,252.9,253.3,12.671,159
MC0678,False,2.5x402.3x259.7x164.2,Caja creada en MC,678,Bastones clasicos,Bastones clasicos - Sigilo,Forma estable,Forma,Espirales de brocoli,393.6,243.7,162.7,4.665,159
MC0679,False,3.0x400.0x277.27x180.0,Catálogo inicial,679,Bastones clasicos,Bastones clasicos - Reserva Privada,Forma estable,Forma,Gajos de brocoli,381.6,258.6,185.2,11.674,159
MC0680,False,3.0x400.0x300.0x256.0,Catálogo inicial,680,Bastones clasicos,Bastones clasicos - Reserva Privada,Estacional,Medio,Bastones rectos de brocoli,399.5,282.6,251.5,13.015,159
MC0681,False,2.7x400.0x273.48x225.0,Catálogo inicial,681,Guarniciones,Guarniciones - Legumes Croquetas,Forma estable,Forma,Croquetas de brocoli,378.0,262.3,233.3,12.447,159
MC0682,False,3.0x400.0x240.0x244.29,Catálogo inicial,682,Bastones clasicos,Bastones clasicos - Sigilo,Estacional,Medio,Bastones rectos de brocoli,375.0,248.4,234.3,10.378,159
MC0683,False,2.5x400.0x240.0x255.0,Catálogo inicial,683,Bastones clasicos,Bastones clasicos - Sigilo,Estacional,Medio,Bastones rectos de brocoli,377.2,258.6,236.8,10.009,159
MC0684,False,2.7x400.0x300.0x163.63,Catálogo inicial,684,Bastones clasicos,Bastones clasicos - Sigilo,Estacional,Grueso,Bastones rectos de brocoli,402.8,290.2,157.0,9.303,159
MC0685,False,2.5x405.3x255.5x229.9,Caja creada en MC,685,Bastones clasicos,Bastones clasicos - Sigilo,Estacional,Medio,Bastones rectos de brocoli,389.2,254.3,213.9,12.493,159
MC0686,False,2.7x400.0x276.67x250.08,Catálogo inicial,686,Bastones clasicos,Bastones clasicos - Sigilo,Forma estable,Forma,Dippers de brocoli,381.5,292.2,233.1,8.733,159
MC0687,False,2.7x400.0x276.67x346.88,Catálogo inicial,687,Bastones clasicos,Bastones clasicos - Reserva Privada,Estacional,Fino,Bastones rectos de brocoli,382.3,259.8,322.6,12.737,159
MC0688,False,2.5x401.0x249.6x249.7,Caja creada en MC,688,Bastones clasicos,Bastones clasicos - Sigilo,Forma estable,Forma,Corte rustico de brocoli,374.5,257.7,243.7,12.294,159
MC0689,False,2.7x400.0x240.0x214.97,Catálogo inicial,689,Bastones clasicos,Bastones clasicos - Sigilo,Forma estable,Forma,Espirales de brocoli,387.5,246.3,201.5,6.526,159
MC0690,False,3.0x400.0x277.27x200.0,Catálogo inicial,690,Bastones clasicos,Bastones clasicos - Reserva Privada,Estacional,Medio,Bastones rectos de brocoli,372.3,269.7,202.0,12.345,159
MC0691,False,2.5x401.0x249.6x249.7,Caja creada en MC,691,Bastones clasicos,Bastones clasicos - Sigilo,Estacional,Medio,Bastones rectos de brocoli,401.9,248.1,235.1,12.513,159
MC0692,False,3.0x400.0x300.0x178.34,Catálogo inicial,692,Bastones clasicos,Bastones clasicos - Sigilo,Forma estable,Forma,Gajos de brocoli,392.5,292.0,172.9,12.587,159
MC0693,False,3.0x400.0x300.0x223.02,Catálogo inicial,693,Bastones clasicos,Bastones clasicos - Sigilo,Forma estable,Forma,Gajos de brocoli,406.8,286.1,211.4,12.204,159
MC0694,False,3.0x400.0x266.63x250.68,Catálogo inicial,694,Bastones clasicos,Bastones clasicos - Sigilo,Forma estable,Forma,Tiras para dip de brocoli,380.0,258.1,246.8,12.838,159
MC0695,False,2.5x405.1x307.8x292.7,Caja creada en MC,695,Bastones clasicos,Bastones clasicos - Reserva Privada,Forma estable,Forma,Brocoli en rejilla,393.8,292.2,298.6,10.795,159
MC0696,False,3.0x400.0x300.0x271.95,Catálogo inicial,696,Bastones clasicos,Bastones clasicos - Reserva Privada,Estacional,Medio,Bastones rectos de brocoli,406.8,288.7,260.2,12.174,159
MC0697,False,3.0x400.0x300.0x300.0,Catálogo inicial,697,Bastones clasicos,Bastones clasicos - Reserva Privada,Estacional,Fino,Bastones rectos de brocoli,399.8,284.6,296.7,12.297,159
MC0698,False,2.7x400.0x240.0x237.31,Catálogo inicial,698,Bastones clasicos,Bastones clasicos - Legumes Frites,Estacional,Fino,Bastones rectos de brocoli,384.8,242.9,229.3,12.903,159
MC0699,False,2.5x411.2x274.7x227.2,Caja creada en MC,699,Bastones clasicos,Bastones clasicos - Sigilo,Forma estable,Forma,Tiras para dip de brocoli,395.6,255.1,237.2,12.45,159
MC0700,False,3.0x400.9x251.9x192.9,Caja creada en MC,700,Bastones clasicos,Bastones clasicos - Reserva Privada,Forma estable,Forma,Espirales de brocoli,393.0,246.6,183.0,4.406,159
MC0701,False,2.7x400.0x240.0x206.46,Catálogo inicial,701,Bastones clasicos,Bastones clasicos - Reserva Privada,Forma estable,Forma,Gajos de brocoli,396.3,241.7,190.2,12.847,159
MC0702,False,2.5x405.3x255.5x229.9,Caja creada en MC,702,Bastones clasicos,Bastones clasicos - Legumes Frites,Estacional,Medio,Bastones rectos de brocoli,384.8,256.0,222.4,11.707,159
MC0703,False,3.0x400.0x300.0x256.0,Catálogo inicial,703,Bastones clasicos,Bastones clasicos - Sigilo,Forma estable,Forma,Brocoli en rejilla,393.9,300.3,240.9,6.541,159
MC0704,False,2.5x374.1x266.5x240.0,Caja creada en MC,704,Bastones clasicos,Bastones clasicos - Legumes Frites,Estacional,Corte steak,Bastones rectos de brocoli,363.8,256.0,237.7,12.963,159
MC0705,False,2.7x400.0x240.0x272.42,Catálogo inicial,705,Bastones clasicos,Bastones clasicos - Sigilo,Forma estable,Forma,Dippers de brocoli,384.6,252.2,253.2,12.889,159
MC0706,False,3.0x400.0x300.0x223.02,Catálogo inicial,706,Bastones clasicos,Bastones clasicos - Sigilo,Estacional,Grueso,Bastones rectos de brocoli,400.3,278.8,222.0,11.046,159
MC0707,False,2.7x400.0x273.48x255.4,Catálogo inicial,707,Bastones clasicos,Bastones clasicos - Reserva Privada,Forma estable,Forma,Rodajas de brocoli,383.4,274.3,250.5,8.757,159
MC0708,False,3.0x373.2x309.4x177.8,Caja creada en MC,708,Bastones clasicos,Bastones clasicos - Legumes Frites,Estacional,Corte steak,Bastones rectos de brocoli,369.2,305.1,166.4,12.019,159
MC0709,False,3.0x400.0x277.27x200.0,Catálogo inicial,709,Bastones clasicos,Bastones clasicos - Legumes Frites,Estacional,Fino,Bastones rectos de brocoli,399.5,279.0,184.4,12.423,159
MC0710,False,2.5x405.3x255.5x229.9,Caja creada en MC,710,Guarniciones,Guarniciones - Pure,Co-produccion,Forma,Pure de brocoli,399.3,249.5,216.5,12.265,159
MC0711,False,3.0x400.0x269.82x180.0,Catálogo inicial,711,Bastones clasicos,Bastones clasicos - Sigilo,Forma estable,Forma,Espirales de brocoli,384.4,249.7,174.2,4.446,159
MC0712,False,2.5x368.8x289.1x230.3,Caja creada en MC,712,Bastones clasicos,Bastones clasicos - Legumes Frites,Estacional,Fino,Bastones rectos de brocoli,376.8,282.7,217.4,10.753,159
MC0713,False,2.5x375.1x293.3x229.2,Caja creada en MC,713,Bastones clasicos,Bastones clasicos - Sigilo,Estacional,Fino,Bastones rectos de brocoli,368.6,280.6,225.3,12.392,159
MC0714,False,2.7x400.0x273.48x225.0,Catálogo inicial,714,Bastones clasicos,Bastones clasicos - Grado B,Estacional,Medio,Bastones rectos de brocoli,374.1,290.8,210.3,12.7,159
MC0715,False,2.7x400.0x240.0x214.97,Catálogo inicial,715,Bastones clasicos,Bastones clasicos - Sigilo,Estacional,Medio,Bastones rectos de brocoli,376.8,249.0,206.6,12.455,159
MC0716,False,2.7x400.0x300.0x163.63,Catálogo inicial,716,Bastones clasicos,Bastones clasicos - Sigilo,Forma estable,Forma,Tiras para dip de brocoli,406.8,292.0,153.9,6.372,159
MC0717,False,3.0x400.0x269.82x180.0,Catálogo inicial,717,Bastones clasicos,Bastones clasicos - Reserva Privada,Estacional,Grueso,Bastones rectos de brocoli,376.6,275.1,173.7,12.22,159
MC0718,False,2.7x409.9x275.79999999999995x184.20000000000002,Caja creada en MC,718,Bastones clasicos,Bastones clasicos - Legumes Frites,Estacional,Medio,Bastones rectos de brocoli,387.3,284.3,171.6,11.93,159
MC0719,True,2.5x393.6x259.4x350.2,Caja nueva,719,Bastones clasicos,Bastones clasicos - Reserva Privada,Estacional,Fino,Bastones rectos de brocoli,388.6,254.4,345.2,12.592,160
MC0720,False,2.5x400.0x240.0x255.0,Catálogo inicial,720,Bastones clasicos,Bastones clasicos - Legumes Frites,Forma estable,Forma,Brocoli zigzag,382.8,255.2,237.4,9.897,160
MC0721,False,3.0x400.0x300.0x186.85,Catálogo inicial,721,Bastones clasicos,Bastones clasicos - Sigilo,Forma estable,Forma,Gajos de brocoli,389.3,305.9,175.1,12.596,160
MC0722,False,2.7x375.0x286.2x216.3,Caja creada en MC,722,Bastones clasicos,Bastones clasicos - Sigilo,Forma estable,Forma,Dippers de brocoli,403.3,265.3,198.5,6.346,160
MC0723,False,2.5x399.4x277.8x229.1,Caja creada en MC,723,Bastones clasicos,Bastones clasicos - Legumes Frites,Forma estable,Forma,Brocoli zigzag,373.9,257.4,247.8,12.593,160
MC0724,False,3.0x373.7x257.7x226.6,Caja creada en MC,724,Bastones clasicos,Bastones clasicos - Sigilo,Forma estable,Forma,Brocoli en rejilla,364.9,247.4,221.6,6.655,160
MC0725,False,3.0x373.7x257.7x226.6,Caja creada en MC,725,Bastones clasicos,Bastones clasicos - Sigilo,Forma estable,Forma,Rodajas de brocoli,364.2,237.3,226.2,9.417,160
MC0726,False,2.5x373.4x290.1x278.6,Caja creada en MC,726,Bastones clasicos,Bastones clasicos - Sigilo,Estacional,Medio,Bastones rectos de brocoli,373.0,269.9,282.7,12.778,160
MC0727,False,2.5x399.4x277.8x229.1,Caja creada en MC,727,Bastones clasicos,Bastones clasicos - Sigilo,Forma estable,Forma,Tiras para dip de brocoli,378.3,264.8,239.6,12.807,160
MC0728,False,2.5x368.8x289.1x230.3,Caja creada en MC,728,Bastones extra crocantes,Bastones extra crocantes - Muy Crocantes,Estacional,Medio,Bastones rectos de brocoli,390.8,279.2,212.1,12.856,160
MC0729,False,2.5x400.0x268.82x300.0,Catálogo inicial,729,Bastones clasicos,Bastones clasicos - Sigilo,Forma estable,Forma,Brocoli en rejilla,380.6,280.0,285.1,12.272,160
MC0730,False,3.0x400.0x300.0x175.14,Catálogo inicial,730,Bastones clasicos,Bastones clasicos - Reserva Privada,Forma estable,Forma,Gajos de brocoli,406.8,284.6,165.0,11.389,160
MC0731,False,2.7x381.7x267.79999999999995x162.0,Caja creada en MC,731,Snacks y aperitivos,Snacks y aperitivos - Queso,Co-produccion,Forma,Bocados de brocoli con mozzarella,372.5,246.9,164.9,4.926,160
MC0732,False,2.7x408.59999999999997x253.3x207.4,Caja creada en MC,732,Bastones clasicos,Bastones clasicos - Grado B,Estacional,Medio,Bastones rectos de brocoli,385.3,238.9,211.6,12.745,160
MC0733,True,2.5x375.0x252.6x260.8,Caja nueva,733,Bastones clasicos,Bastones clasicos - Sigilo,Forma estable,Forma,Espirales de brocoli,370.0,247.6,255.8,6.4,161
MC0734,False,2.5x405.3x255.5x229.9,Caja creada en MC,734,Bastones clasicos,Bastones clasicos - Sigilo,Forma estable,Forma,Corte rustico de brocoli,377.3,241.4,247.2,12.416,161
MC0735,False,2.5x405.3x255.5x229.9,Caja creada en MC,735,Bastones clasicos,Bastones clasicos - Legumes Frites,Estacional,Fino,Bastones rectos de brocoli,381.6,275.7,213.8,10.201,161
MC0736,False,3.0x375.8x300.7x170.7,Caja creada en MC,736,Bastones clasicos,Bastones clasicos - Reserva Privada,Forma estable,Forma,Gajos de brocoli,363.8,279.3,167.1,10.9,161
MC0737,False,2.7x400.0x276.67x250.08,Catálogo inicial,737,Bastones clasicos,Bastones clasicos - Sigilo,Forma estable,Forma,Brocoli en rejilla,388.7,290.5,231.9,6.518,161
MC0738,False,2.7x411.9x311.29999999999995x206.1,Caja creada en MC,738,Snacks y aperitivos,Snacks y aperitivos - Aros y Vegetales,Co-produccion,Forma,Aros de brocoli,406.8,293.9,205.4,4.938,161
MC0739,False,2.5x400.0x273.08x245.42,Catálogo inicial,739,Bastones clasicos,Bastones clasicos - Grado B,Estacional,Fino,Bastones rectos de brocoli,387.7,253.6,257.6,13.159,161
MC0740,False,2.5x411.8x267.8x319.2,Caja creada en MC,740,Bastones clasicos,Bastones clasicos - Sigilo,Estacional,Fino,Bastones rectos de brocoli,396.1,259.6,325.1,12.064,161
MC0741,False,2.7x400.0x240.0x266.03,Catálogo inicial,741,Bastones clasicos,Bastones clasicos - Reserva Privada,Estacional,Fino,Bastones rectos de brocoli,394.8,246.9,245.2,12.289,161
MC0742,False,2.7x409.9x275.79999999999995x184.20000000000002,Caja creada en MC,742,Bastones clasicos,Bastones clasicos - Legumes Frites,Estacional,Medio,Bastones rectos de brocoli,384.1,283.6,174.7,12.161,161
MC0743,False,2.5x375.3x310.9x288.9,Caja creada en MC,743,Bastones clasicos,Bastones clasicos - Sigilo,Forma estable,Forma,Brocoli en rejilla,379.3,290.0,290.4,12.289,161
MC0744,False,3.0x373.7x257.7x226.6,Caja creada en MC,744,Bastones clasicos,Bastones clasicos - Sigilo,Estacional,Medio,Bastones rectos de brocoli,366.2,260.1,212.9,12.887,161
MC0745,False,3.0x400.0x300.0x223.02,Catálogo inicial,745,Bastones clasicos,Bastones clasicos - Sigilo,Estacional,Fino,Bastones rectos de brocoli,395.5,286.7,216.5,13.054,161
MC0746,False,2.5x402.3x259.7x164.2,Caja creada en MC,746,Bastones clasicos,Bastones clasicos - Sigilo,Forma estable,Forma,Corte rustico de brocoli,381.7,248.6,165.9,6.608,161
MC0747,False,2.5x400.0x276.27x255.0,Catálogo inicial,747,Bastones clasicos,Bastones clasicos - Sigilo,Estacional,Medio,Bastones rectos de brocoli,374.3,279.3,255.9,13.452,161
MC0748,False,3.0x400.0x240.0x244.29,Catálogo inicial,748,Guarniciones,Guarniciones - Legumes Croquetas,Forma estable,Forma,Croquetas de brocoli,396.5,238.7,228.3,12.066,161
MC0749,False,2.7x400.0x300.0x209.65,Catálogo inicial,749,Bastones clasicos,Bastones clasicos - Sigilo,Forma estable,Forma,Espirales de brocoli,379.2,292.6,213.9,6.755,161
MC0750,False,3.0x400.0x300.0x175.14,Catálogo inicial,750,Guarniciones,Guarniciones - Otros,Estacional,Medio,Bastones rectos de brocoli,379.9,289.8,176.5,12.92,161
MC0751,False,3.0x400.0x266.63x250.68,Catálogo inicial,751,Guarniciones,Guarniciones - Legumes Croquetas,Forma estable,Forma,Croquetas de brocoli,386.9,255.4,252.6,9.719,161
MC0752,False,2.5x399.4x277.8x229.1,Caja creada en MC,752,Bastones clasicos,Bastones clasicos - Sigilo,Estacional,Medio,Bastones rectos de brocoli,377.2,257.1,248.5,11.976,161
MC0753,False,3.0x400.0x269.82x196.42,Catálogo inicial,753,Bastones clasicos,Bastones clasicos - Reserva Privada,Forma estable,Forma,Gajos de brocoli,395.0,248.3,194.9,12.01,161
MC0754,False,3.0x400.0x277.27x180.0,Catálogo inicial,754,Guarniciones,Guarniciones - Cubos,Forma estable,Forma,Cubos de brocoli,376.5,260.3,188.4,12.564,161
MC0755,False,3.0x400.0x277.27x287.91,Catálogo inicial,755,Bastones clasicos,Bastones clasicos - Sigilo,Forma estable,Forma,Brocoli zigzag,385.2,262.2,286.1,12.706,161
MC0756,False,2.5x411.8x310.3x228.1,Caja creada en MC,756,Snacks y aperitivos,Snacks y aperitivos - Aros y Vegetales,Co-produccion,Forma,Aros de brocoli,406.8,304.1,223.5,4.69,161
MC0757,False,2.5x400.0x300.0x225.0,Catálogo inicial,757,Guarniciones,Guarniciones - Tortitas,Forma estable,Forma,Tortitas de brocoli,396.0,284.1,227.0,10.894,161
MC0758,False,2.5x401.0x249.6x249.7,Caja creada en MC,758,Bastones clasicos,Bastones clasicos - Legumes Frites,Estacional,Medio,Bastones rectos de brocoli,381.1,262.5,236.4,13.107,161
MC0759,False,3.0x375.8x300.7x170.7,Caja creada en MC,759,Bastones clasicos,Bastones clasicos - Reserva Privada,Forma estable,Forma,Gajos de brocoli,373.2,288.0,158.4,10.928,161
MC0760,False,2.5x400.0x276.27x162.44,Catálogo inicial,760,Snacks y aperitivos,Snacks y aperitivos - Queso,Co-produccion,Forma,Bocados de brocoli con queso crema,386.8,259.8,165.3,5.223,161
MC0761,False,2.7x409.9x275.79999999999995x184.20000000000002,Caja creada en MC,761,Guarniciones,Guarniciones - Cubos,Forma estable,Forma,Cubos de brocoli,393.9,257.2,190.3,12.743,161
MC0762,False,2.5x375.3x310.9x288.9,Caja creada en MC,762,Bastones clasicos,Bastones clasicos - Legumes Frites,Estacional,Medio,Bastones rectos de brocoli,388.4,290.1,281.3,12.093,161
MC0763,False,3.0x400.0x240.0x196.42,Catálogo inicial,763,Bastones clasicos,Bastones clasicos - Reserva Privada,Forma estable,Forma,Gajos de brocoli,382.0,242.5,181.4,12.39,161
MC0764,False,2.7x400.0x276.67x250.08,Catálogo inicial,764,Bastones clasicos,Bastones clasicos - Sigilo,Forma estable,Forma,Brocoli zigzag,385.6,292.0,232.2,12.452,161
MC0765,False,2.5x399.4x277.8x229.1,Caja creada en MC,765,Bastones clasicos,Bastones clasicos - Sigilo,Forma estable,Forma,Brocoli en rejilla,380.5,269.2,233.2,6.557,161
MC0766,False,2.7x369.9x243.1x261.3,Caja creada en MC,766,Bastones clasicos,Bastones clasicos - Sigilo,Forma estable,Forma,Corte rustico de brocoli,366.4,245.2,244.3,12.136,161
MC0767,False,3.0x400.0x277.27x200.0,Catálogo inicial,767,Bastones clasicos,Bastones clasicos - Legumes Frites Salados,Estacional,Medio,Bastones rectos de brocoli,386.9,255.5,206.9,13.065,161
MC0768,False,2.5x411.8x257.5x210.6,Caja creada en MC,768,Bastones clasicos,Bastones clasicos - Legumes Frites,Forma estable,Forma,Brocoli zigzag,390.4,248.6,215.3,9.464,161
MC0769,False,3.0x375.8x300.7x170.7,Caja creada en MC,769,Bastones clasicos,Bastones clasicos - Sigilo,Forma estable,Forma,Gajos de brocoli,370.2,281.8,166.2,12.904,161
MC0770,False,3.0x400.0x300.0x175.14,Catálogo inicial,770,Bastones clasicos,Bastones clasicos - Sigilo,Forma estable,Forma,Gajos de brocoli,383.8,299.3,167.3,12.336,161
MC0771,False,3.0x375.8x300.7x170.7,Caja creada en MC,771,Guarniciones,Guarniciones - Cubos,Forma estable,Forma,Cubos de brocoli,376.5,280.2,169.4,12.49,161
MC0772,False,2.7x409.9x275.79999999999995x184.20000000000002,Caja creada en MC,772,Bastones clasicos,Bastones clasicos - Sigilo,Forma estable,Forma,Gajos de brocoli,389.3,283.9,169.6,9.914,161
MC0773,False,3.0x399.3x249.3x176.7,Caja creada en MC,773,Snacks y aperitivos,Snacks y aperitivos - Queso,Co-produccion,Forma,Bocados de brocoli con mozzarella,388.4,238.1,171.9,4.91,161
MC0774,True,2.5x411.8x254.2x279.0,Caja nueva,774,Bastones clasicos,Bastones clasicos - Sigilo,Forma estable,Forma,Espirales de brocoli,406.8,249.2,274.0,6.611,162
MC0775,False,3.0x400.0x300.0x198.55,Catálogo inicial,775,Bastones clasicos,Bastones clasicos - Sigilo,Estacional,Medio,Bastones rectos de brocoli,401.0,280.8,197.4,11.733,162
MC0776,False,3.0x369.8x290.5x165.9,Caja creada en MC,776,Snacks y aperitivos,Snacks y aperitivos - Queso,Co-produccion,Forma,Bocados de brocoli con queso suizo,368.9,291.4,150.9,5.066,162
MC0777,False,3.0x400.0x266.63x250.68,Catálogo inicial,777,Bastones clasicos,Bastones clasicos - Sigilo,Forma estable,Forma,Rodajas de brocoli,387.7,273.2,231.6,9.028,162
MC0778,False,2.5x398.9x278.8x296.1,Caja creada en MC,778,Bastones clasicos,Bastones clasicos - Sigilo,Forma estable,Forma,Brocoli en rejilla,377.0,282.9,290.4,12.415,162
MC0779,False,2.5x400.0x273.08x245.42,Catálogo inicial,779,Bastones clasicos,Bastones clasicos - Sigilo,Forma estable,Forma,Espirales de brocoli,388.2,281.2,231.6,10.0,162
MC0780,False,2.5x411.8x308.5x261.5,Caja creada en MC,780,Bastones clasicos,Bastones clasicos - Reserva Privada,Forma estable,Forma,Espirales de brocoli,398.7,304.0,248.3,12.733,162
MC0781,False,3.0x400.0x277.27x200.0,Catálogo inicial,781,Bastones clasicos,Bastones clasicos - Sigilo,Estacional,Medio,Bastones rectos de brocoli,382.3,281.7,189.7,12.013,162
MC0782,False,2.5x405.3x255.5x229.9,Caja creada en MC,782,Bastones clasicos,Bastones clasicos - Reserva Privada,Forma estable,Forma,Gajos de brocoli,390.2,261.8,217.2,12.061,162
MC0783,False,2.7x400.0x240.0x237.31,Catálogo inicial,783,Bastones clasicos,Bastones clasicos - Reserva Privada,Forma estable,Forma,Gajos de brocoli,371.2,249.9,220.5,12.242,162
MC0784,False,3.0x373.7x257.7x226.6,Caja creada en MC,784,Bastones clasicos,Bastones clasicos - Legumes Frites Salados,Estacional,Medio,Bastones rectos de brocoli,385.7,250.2,211.0,12.57,162
MC0785,False,2.5x400.0x300.0x281.59,Catálogo inicial,785,Bastones clasicos,Bastones clasicos - Reserva Privada,Estacional,Fino,Bastones rectos de brocoli,378.4,284.5,297.7,11.738,162
MC0786,False,2.5x368.8x301.4x267.1,Caja creada en MC,786,Bastones clasicos,Bastones clasicos - Sigilo,Forma estable,Forma,Brocoli zigzag,379.4,292.5,252.4,9.746,162
MC0787,False,3.0x400.0x300.0x300.0,Catálogo inicial,787,Bastones clasicos,Bastones clasicos - Reserva Privada,Forma estable,Forma,Brocoli en rejilla,406.8,294.0,283.4,12.617,162
MC0788,False,3.0x400.0x300.0x150.0,Catálogo inicial,788,Bastones clasicos,Bastones clasicos - Sigilo,Estacional,Medio,Bastones rectos de brocoli,402.5,291.6,139.0,6.693,162
MC0789,False,2.5x400.0x300.0x281.59,Catálogo inicial,789,Bastones clasicos,Bastones clasicos - Sigilo,Forma estable,Forma,Brocoli en rejilla,405.8,284.3,278.7,12.697,162
MC0790,False,2.5x401.0x249.6x249.7,Caja creada en MC,790,Bastones clasicos,Bastones clasicos - Sigilo,Forma estable,Forma,Tiras para dip de brocoli,406.8,245.3,233.7,12.584,162
MC0791,False,3.0x369.8x259.5x209.3,Caja creada en MC,791,Bastones clasicos,Bastones clasicos - Sigilo,Estacional,Grueso,Bastones rectos de brocoli,371.2,251.0,200.9,12.297,162
MC0792,False,2.5x411.2x274.7x227.2,Caja creada en MC,792,Bastones clasicos,Bastones clasicos - Reserva Privada,Estacional,Medio,Bastones rectos de brocoli,386.8,270.7,231.6,11.774,162
MC0793,False,2.7x400.0x276.67x257.14,Catálogo inicial,793,Bastones clasicos,Bastones clasicos - Sigilo,Estacional,Medio,Bastones rectos de brocoli,372.4,282.2,256.3,12.55,162
MC0794,False,2.5x405.3x255.5x229.9,Caja creada en MC,794,Bastones clasicos,Bastones clasicos - Sigilo,Estacional,Corte steak,Bastones rectos de brocoli,383.8,260.8,222.7,12.143,162
MC0795,False,2.5x400.0x276.27x255.0,Catálogo inicial,795,Bastones clasicos,Bastones clasicos - Legumes Frites,Estacional,Fino,Bastones rectos de brocoli,372.8,284.6,251.4,12.774,162
MC0796,False,3.0x400.0x300.0x317.7,Catálogo inicial,796,Bastones clasicos,Bastones clasicos - Sigilo,Forma estable,Forma,Brocoli en rejilla,373.8,291.1,320.5,11.158,162
MC0797,False,2.5x375.3x310.9x288.9,Caja creada en MC,797,Brocoli especial,Brocoli especial - Bastones Especiales,Estacional,Fino,Bastones rectos de brocoli,382.5,295.4,283.0,9.122,162
MC0798,False,3.0x400.0x300.0x271.95,Catálogo inicial,798,Bastones clasicos,Bastones clasicos - Sigilo,Estacional,Medio,Bastones rectos de brocoli,384.3,296.0,269.1,13.734,162
MC0799,False,2.5x397.7x244.9x307.2,Caja creada en MC,799,Bastones clasicos,Bastones clasicos - Cielo,Estacional,Medio,Bastones rectos de brocoli,378.7,262.1,286.7,12.708,162
MC0800,False,2.5x405.1x307.8x292.7,Caja creada en MC,800,Bastones clasicos,Bastones clasicos - Sigilo,Forma estable,Forma,Brocoli en rejilla,395.8,289.8,300.2,11.958,162
MC0801,False,3.0x400.0x266.63x225.0,Catálogo inicial,801,Bastones clasicos,Bastones clasicos - Reserva Privada,Estacional,Corte steak,Bastones rectos de brocoli,382.2,262.1,208.3,12.592,162
MC0802,False,2.7x400.0x300.0x179.86,Catálogo inicial,802,Bastones clasicos,Bastones clasicos - Legumes Frites,Estacional,Grueso,Bastones rectos de brocoli,406.8,292.4,169.8,9.732,162
MC0803,False,3.0x400.0x300.0x198.55,Catálogo inicial,803,Bastones clasicos,Bastones clasicos - Grado B,Estacional,Medio,Bastones rectos de brocoli,380.8,282.2,206.2,12.961,162
MC0804,False,2.5x400.0x276.27x225.0,Catálogo inicial,804,Snacks y aperitivos,Snacks y aperitivos - Aros y Vegetales,Co-produccion,Forma,Aros de brocoli,395.9,284.1,207.6,4.919,162
MC0805,False,2.7x369.5x248.6x243.20000000000002,Caja creada en MC,805,Bastones clasicos,Bastones clasicos - Sigilo,Forma estable,Forma,Brocoli en rejilla,368.1,251.1,223.6,6.701,162
MC0806,True,2.5x411.8x305.8x147.6,Caja nueva,806,Bastones clasicos,Bastones clasicos - Sigilo,Estacional,Medio,Bastones rectos de brocoli,406.8,300.8,142.6,6.964,163
MC0807,False,2.5x407.5x253.6x266.4,Caja creada en MC,807,Bastones clasicos,Bastones clasicos - Legumes Frites,Estacional,Medio,Bastones rectos de brocoli,392.8,260.2,252.9,10.97,163
MC0808,False,3.0x400.0x277.27x200.0,Catálogo inicial,808,Guarniciones,Guarniciones - Tortitas,Forma estable,Forma,Mini tortitas de brocoli,386.4,277.0,192.8,12.084,163
MC0809,False,2.7x400.0x240.0x214.97,Catálogo inicial,809,Bastones clasicos,Bastones clasicos - Reserva Privada,Estacional,Medio,Bastones rectos de brocoli,377.1,248.1,204.7,13.457,163
MC0810,False,2.5x400.0x276.27x255.0,Catálogo inicial,810,Bastones clasicos,Bastones clasicos - Sigilo,Forma estable,Forma,Espirales de brocoli,395.5,258.5,261.3,6.29,163
MC0811,False,3.0x400.0x300.0x238.97,Catálogo inicial,811,Bastones clasicos,Bastones clasicos - Sigilo,Estacional,Grueso,Bastones rectos de brocoli,381.7,295.4,232.8,13.723,163
MC0812,False,2.5x400.0x300.0x292.23,Catálogo inicial,812,Bastones clasicos,Bastones clasicos - Reserva Privada,Forma estable,Forma,Brocoli en rejilla,406.8,279.3,285.8,12.63,163
MC0813,False,2.7x400.0x300.0x360.0,Catálogo inicial,813,Bastones clasicos,Bastones clasicos - Sigilo,Forma estable,Forma,Brocoli en rejilla,397.4,291.2,345.1,12.096,163
MC0814,False,2.7x400.0x240.0x206.46,Catálogo inicial,814,Bastones clasicos,Bastones clasicos - Sigilo,Forma estable,Forma,Espirales de brocoli,384.1,234.2,204.1,6.712,163
MC0815,True,2.5x369.3x252.8x285.7,Caja nueva,815,Bastones clasicos,Bastones clasicos - Sigilo,Estacional,Medio,Bastones rectos de brocoli,364.3,247.8,280.7,12.431,164
MC0816,False,2.5x407.5x253.6x266.4,Caja creada en MC,816,Bastones clasicos,Bastones clasicos - Sigilo,Forma estable,Forma,Espirales de brocoli,381.4,265.3,256.0,6.454,164
MC0817,False,2.5x411.8x271.2x149.8,Caja creada en MC,817,Guarniciones,Guarniciones - Legumes Croquetas,Forma estable,Forma,Rosti de brocoli,387.8,265.8,143.8,4.833,164
MC0818,False,3.0x400.0x300.0x279.4,Catálogo inicial,818,Snacks y aperitivos,Snacks y aperitivos - Aros y Vegetales,Co-produccion,Forma,Aros de brocoli,406.8,285.2,268.5,6.919,164
MC0819,False,2.5x410.7x272.0x230.1,Caja creada en MC,819,Bastones clasicos,Bastones clasicos - Reserva Privada,Estacional,Medio,Bastones rectos de brocoli,406.1,252.5,227.6,12.418,164
MC0820,False,2.5x375.3x310.9x288.9,Caja creada en MC,820,Bastones clasicos,Bastones clasicos - Sigilo,Forma estable,Forma,Brocoli en rejilla,369.5,288.4,275.3,9.925,164
MC0821,False,2.5x411.8x308.5x261.5,Caja creada en MC,821,Snacks y aperitivos,Snacks y aperitivos - Aros y Vegetales,Co-produccion,Forma,Aros de brocoli,398.6,305.9,249.4,6.435,164
MC0822,False,3.0x400.0x266.63x250.68,Catálogo inicial,822,Guarniciones,Guarniciones - Legumes Croquetas,Forma estable,Forma,Croquetas de brocoli,391.6,248.3,255.1,12.367,164
MC0823,False,3.0x375.8x300.7x170.7,Caja creada en MC,823,Bastones clasicos,Bastones clasicos - Sigilo,Forma estable,Forma,Gajos de brocoli,368.7,283.9,169.5,9.617,164
MC0824,False,3.0x400.0x269.82x196.42,Catálogo inicial,824,Bastones clasicos,Bastones clasicos - Legumes Frites,Estacional,Medio,Bastones rectos de brocoli,382.9,259.5,199.2,11.919,164
MC0825,False,2.5x410.7x272.0x230.1,Caja creada en MC,825,Bastones clasicos,Bastones clasicos - Sigilo,Forma estable,Forma,Tiras para dip de brocoli,396.2,252.1,241.7,12.44,164
MC0826,False,2.5x405.3x255.5x229.9,Caja creada en MC,826,Guarniciones,Guarniciones - Pure,Co-produccion,Forma,Pure de brocoli,391.4,250.3,221.2,12.347,164
MC0827,False,3.0x400.0x240.0x244.29,Catálogo inicial,827,Bastones clasicos,Bastones clasicos - Grado B,Estacional,Fino,Bastones rectos de brocoli,371.2,243.7,242.6,12.939,164
MC0828,False,3.0x400.0x277.27x287.91,Catálogo inicial,828,Bastones clasicos,Bastones clasicos - Reserva Privada,Estacional,Medio,Bastones rectos de brocoli,382.2,284.5,276.2,12.051,164
MC0829,False,2.7x400.0x273.48x255.4,Catálogo inicial,829,Bastones clasicos,Bastones clasicos - Sigilo,Forma estable,Forma,Brocoli en rejilla,391.1,281.3,239.3,6.387,164
MC0830,False,2.7x409.9x275.79999999999995x184.20000000000002,Caja creada en MC,830,Bastones clasicos,Bastones clasicos - Legumes Frites,Estacional,Medio,Bastones rectos de brocoli,384.3,276.9,180.1,12.163,164
MC0831,False,3.0x400.0x300.0x186.85,Catálogo inicial,831,Bastones clasicos,Bastones clasicos - Legumes Frites,Estacional,Medio,Bastones rectos de brocoli,388.3,303.5,173.9,13.041,164
MC0832,False,2.7x400.0x240.0x211.78,Catálogo inicial,832,Bastones clasicos,Bastones clasicos - Sigilo,Estacional,Grueso,Bastones rectos de brocoli,377.9,247.6,201.4,12.174,164
MC0833,False,2.7x400.0x240.0x237.31,Catálogo inicial,833,Bastones clasicos,Bastones clasicos - Legumes Frites,Estacional,Corte steak,Bastones rectos de brocoli,379.5,249.6,224.8,9.914,164
MC0834,False,2.5x411.8x257.5x210.6,Caja creada en MC,834,Bastones clasicos,Bastones clasicos - Legumes Frites,Forma estable,Forma,Brocoli zigzag,385.0,246.3,218.5,10.034,164
MC0835,False,3.0x400.0x266.63x256.0,Catálogo inicial,835,Bastones clasicos,Bastones clasicos - Sigilo,Forma estable,Forma,Brocoli en rejilla,379.5,246.4,273.6,6.472,164
MC0836,False,2.5x411.2x274.7x227.2,Caja creada en MC,836,Bastones clasicos,Bastones clasicos - Sigilo,Estacional,Medio,Bastones rectos de brocoli,388.2,257.3,242.9,11.984,164
MC0837,False,2.5x411.8x268.0x264.6,Caja creada en MC,837,Bastones clasicos,Bastones clasicos - Sigilo,Forma estable,Forma,Brocoli en rejilla,394.1,262.5,267.5,6.234,164
MC0838,False,2.5x368.8x291.4x286.4,Caja creada en MC,838,Bastones clasicos,Bastones clasicos - Sigilo,Forma estable,Forma,Brocoli en rejilla,372.2,272.7,287.7,10.001,164
MC0839,False,2.5x405.3x255.5x229.9,Caja creada en MC,839,Bastones clasicos,Bastones clasicos - Grado B,Estacional,Medio,Bastones rectos de brocoli,398.6,248.6,223.4,12.027,164
MC0840,False,3.0x400.0x300.0x271.95,Catálogo inicial,840,Bastones clasicos,Bastones clasicos - Sigilo,Forma estable,Forma,Brocoli zigzag,386.0,287.4,276.7,13.153,164
MC0841,False,2.5x400.0x268.82x300.0,Catálogo inicial,841,Bastones clasicos,Bastones clasicos - Sigilo,Forma estable,Forma,Brocoli en rejilla,386.5,285.2,278.2,12.543,164
MC0842,False,2.5x411.8x247.4x241.4,Caja creada en MC,842,Bastones clasicos,Bastones clasicos - Grado B,Estacional,Medio,Bastones rectos de brocoli,404.3,258.1,223.0,12.641,164
MC0843,False,2.5x369.7x291.0x269.1,Caja creada en MC,843,Bastones clasicos,Bastones clasicos - Sigilo,Forma estable,Forma,Brocoli zigzag,363.8,288.3,257.9,9.888,164
MC0844,False,3.0x375.8x300.7x170.7,Caja creada en MC,844,Bastones clasicos,Bastones clasicos - Sigilo,Forma estable,Forma,Gajos de brocoli,365.0,285.4,166.3,9.477,164
MC0845,False,3.0x400.0x277.27x180.0,Catálogo inicial,845,Bastones clasicos,Bastones clasicos - Sigilo,Forma estable,Forma,Gajos de brocoli,391.2,283.4,166.8,9.465,164
MC0846,False,3.0x400.0x266.63x256.0,Catálogo inicial,846,Bastones clasicos,Bastones clasicos - Sigilo,Forma estable,Forma,Tiras para dip de brocoli,392.9,253.1,256.6,6.639,164
MC0847,False,3.0x400.0x269.82x180.0,Catálogo inicial,847,Guarniciones,Guarniciones - Cubos,Forma estable,Forma,Cubos de brocoli,385.0,256.5,183.1,12.264,164
MC0848,False,2.5x405.1x307.8x292.7,Caja creada en MC,848,Bastones clasicos,Bastones clasicos - Sigilo,Estacional,Medio,Bastones rectos de brocoli,385.6,285.6,312.1,11.469,164
MC0849,False,2.7x400.0x276.67x354.33,Catálogo inicial,849,Bastones clasicos,Bastones clasicos - Reserva Privada,Estacional,Fino,Bastones rectos de brocoli,386.6,267.5,360.9,12.743,164
MC0850,False,2.5x410.0x304.1x231.5,Caja creada en MC,850,Bastones clasicos,Bastones clasicos - Reserva Privada,Estacional,Fino,Bastones rectos de brocoli,396.8,287.6,237.1,12.111,164
MC0851,False,3.0x400.0x300.0x186.85,Catálogo inicial,851,Bastones clasicos,Bastones clasicos - Sigilo,Estacional,Grueso,Bastones rectos de brocoli,391.6,299.4,176.3,12.675,164
MC0852,False,2.5x370.5x299.0x316.4,Caja creada en MC,852,Bastones clasicos,Bastones clasicos - Sigilo,Forma estable,Forma,Brocoli en rejilla,383.0,283.4,306.1,13.022,164
MC0853,False,3.0x375.5x304.2x171.8,Caja creada en MC,853,Bastones clasicos,Bastones clasicos - Legumes Frites,Estacional,Medio,Bastones rectos de brocoli,363.8,290.1,173.0,12.506,164
MC0854,False,2.5x411.8x302.0x363.5,Caja creada en MC,854,Bastones clasicos,Bastones clasicos - Sigilo,Forma estable,Forma,Espirales de brocoli,404.1,305.9,338.0,12.358,164
MC0855,False,2.5x374.1x266.5x240.0,Caja creada en MC,855,Bastones clasicos,Bastones clasicos - Sigilo,Estacional,Fino,Bastones rectos de brocoli,397.0,247.5,230.0,9.795,164
MC0856,False,3.0x400.0x300.0x200.0,Catálogo inicial,856,Bastones clasicos,Bastones clasicos - Legumes Frites,Estacional,Fino,Bastones rectos de brocoli,393.5,284.2,199.8,13.095,164
MC0857,False,3.0x400.0x269.82x180.0,Catálogo inicial,857,Bastones clasicos,Bastones clasicos - Mayordomo,Estacional,Medio,Bastones rectos de brocoli,375.8,283.2,168.8,12.102,164
MC0858,False,2.7x400.0x276.67x250.08,Catálogo inicial,858,Bastones clasicos,Bastones clasicos - Sigilo,Forma estable,Forma,Dippers de brocoli,395.8,285.8,230.5,10.997,164
MC0859,False,3.0x400.0x300.0x186.85,Catálogo inicial,859,Bastones clasicos,Bastones clasicos - Sigilo,Estacional,Grueso,Bastones rectos de brocoli,396.0,293.3,179.0,12.752,164
MC0860,True,2.5x409.1x293.0x331.0,Caja nueva,860,Bastones clasicos,Bastones clasicos - Sigilo,Forma estable,Forma,Brocoli en rejilla,404.1,288.0,326.0,10.937,165
MC0861,False,3.0x400.0x269.82x196.42,Catálogo inicial,861,Bastones clasicos,Bastones clasicos - Sigilo,Forma estable,Forma,Gajos de brocoli,382.7,256.8,191.7,12.932,165
MC0862,False,2.7x400.0x240.0x237.31,Catálogo inicial,862,Bastones clasicos,Bastones clasicos - Legumes Frites,Forma estable,Forma,Brocoli zigzag,377.4,243.5,231.2,12.338,165
MC0863,False,3.0x400.0x266.63x256.0,Catálogo inicial,863,Bastones clasicos,Bastones clasicos - Sigilo,Forma estable,Forma,Espirales de brocoli,401.8,247.6,256.2,6.904,165
MC0864,False,2.5x373.4x290.1x278.6,Caja creada en MC,864,Bastones clasicos,Bastones clasicos - Sigilo,Forma estable,Forma,Espirales de brocoli,393.7,271.4,266.7,6.914,165
MC0865,False,2.7x400.0x300.0x224.54,Catálogo inicial,865,Bastones clasicos,Bastones clasicos - Sigilo,Estacional,Grueso,Bastones rectos de brocoli,381.8,294.4,225.4,13.866,165
MC0866,False,2.5x405.1x307.8x292.7,Caja creada en MC,866,Bastones clasicos,Bastones clasicos - Sigilo,Estacional,Medio,Bastones rectos de brocoli,395.9,285.2,308.3,12.707,165
MC0867,False,2.5x398.9x278.8x296.1,Caja creada en MC,867,Bastones clasicos,Bastones clasicos - Sigilo,Estacional,Medio,Bastones rectos de brocoli,399.8,265.9,289.5,12.947,165
MC0868,False,3.0x400.0x277.27x225.0,Catálogo inicial,868,Bastones clasicos,Bastones clasicos - Sigilo,Forma estable,Forma,Corte rustico de brocoli,394.0,257.2,230.5,12.055,165
MC0869,False,2.5x400.0x300.0x292.23,Catálogo inicial,869,Bastones clasicos,Bastones clasicos - Sigilo,Estacional,Grueso,Bastones rectos de brocoli,388.5,291.0,296.0,12.488,165
MC0870,False,2.5x411.8x268.0x264.6,Caja creada en MC,870,Bastones clasicos,Bastones clasicos - Sigilo,Forma estable,Forma,Brocoli zigzag,389.9,253.9,279.4,12.971,165
MC0871,False,2.5x411.8x257.5x210.6,Caja creada en MC,871,Bastones clasicos,Bastones clasicos - Sigilo,Forma estable,Forma,Tiras para dip de brocoli,400.0,245.6,213.8,6.553,165
MC0872,False,2.5x374.1x266.5x240.0,Caja creada en MC,872,Bastones clasicos,Bastones clasicos - Legumes Frites,Estacional,Medio,Bastones rectos de brocoli,369.7,250.7,234.5,12.912,165
MC0873,False,3.0x400.0x240.0x244.29,Catálogo inicial,873,Bastones clasicos,Bastones clasicos - Legumes Frites,Estacional,Fino,Bastones rectos de brocoli,373.3,241.5,240.7,12.504,165
MC0874,False,3.0x400.0x300.0x238.97,Catálogo inicial,874,Bastones clasicos,Bastones clasicos - Sigilo,Forma estable,Forma,Brocoli en rejilla,395.1,295.2,222.1,6.035,165
MC0875,False,2.7x400.0x300.0x209.65,Catálogo inicial,875,Bastones clasicos,Bastones clasicos - Sigilo,Forma estable,Forma,Espirales de brocoli,405.4,298.6,193.9,5.469,165
MC0876,False,3.0x400.0x269.82x196.42,Catálogo inicial,876,Bastones clasicos,Bastones clasicos - Sigilo,Estacional,Fino,Bastones rectos de brocoli,375.3,269.2,186.6,6.598,165
MC0877,False,3.0x373.3x289.8x197.7,Caja creada en MC,877,Bastones clasicos,Bastones clasicos - Sigilo,Estacional,Medio,Bastones rectos de brocoli,368.9,286.7,186.7,12.844,165
MC0878,False,2.5x374.6x285.0x274.7,Caja creada en MC,878,Bastones clasicos,Bastones clasicos - Sigilo,Forma estable,Forma,Espirales de brocoli,363.8,266.0,261.6,12.873,165
MC0879,False,2.5x411.8x267.8x319.2,Caja creada en MC,879,Bastones clasicos,Bastones clasicos - Sigilo,Estacional,Fino,Bastones rectos de brocoli,385.4,254.3,327.2,12.716,165
MC0880,False,2.7x400.0x276.67x257.14,Catálogo inicial,880,Bastones clasicos,Bastones clasicos - Sigilo,Estacional,Medio,Bastones rectos de brocoli,379.8,276.0,255.6,12.648,165
MC0881,False,2.5x411.8x308.5x261.5,Caja creada en MC,881,Bastones clasicos,Bastones clasicos - Sigilo,Forma estable,Forma,Espirales de brocoli,390.4,303.7,249.2,9.312,165
MC0882,False,3.0x400.0x266.63x250.68,Catálogo inicial,882,Bastones clasicos,Bastones clasicos - Sigilo,Forma estable,Forma,Corte rustico de brocoli,400.8,248.8,244.7,12.721,165
MC0883,False,2.5x407.5x253.6x266.4,Caja creada en MC,883,Bastones clasicos,Bastones clasicos - Sigilo,Forma estable,Forma,Tiras para dip de brocoli,385.4,259.5,257.6,6.623,165
MC0884,False,3.0x400.0x266.63x250.68,Catálogo inicial,884,Bastones clasicos,Bastones clasicos - Sigilo,Estacional,Medio,Bastones rectos de brocoli,395.7,249.3,242.6,12.967,165
MC0885,False,2.7x400.0x300.0x257.14,Catálogo inicial,885,Snacks y aperitivos,Snacks y aperitivos - Aros y Vegetales,Co-produccion,Forma,Aros de brocoli,389.5,284.9,262.0,5.318,165
MC0886,False,2.7x400.0x240.0x184.12,Catálogo inicial,886,Guarniciones,Guarniciones - Cubos,Forma estable,Forma,Cubos de brocoli,390.7,245.4,171.2,11.865,165
MC0887,False,3.0x400.0x300.0x271.95,Catálogo inicial,887,Bastones clasicos,Bastones clasicos - Sigilo,Forma estable,Forma,Espirales de brocoli,400.6,296.8,253.4,6.424,165
MC0888,False,2.5x398.9x278.8x296.1,Caja creada en MC,888,Bastones clasicos,Bastones clasicos - Sigilo,Forma estable,Forma,Brocoli en rejilla,386.8,279.4,288.6,9.533,165
MC0889,False,2.5x400.0x268.82x300.0,Catálogo inicial,889,Bastones clasicos,Bastones clasicos - Sigilo,Forma estable,Forma,Brocoli en rejilla,384.0,276.1,289.6,12.565,165
MC0890,False,2.5x385.4x265.1x151.0,Caja creada en MC,890,Guarniciones,Guarniciones - Legumes Croquetas,Forma estable,Forma,Tortitas de brocoli,391.9,252.1,143.9,5.002,165
MC0891,False,3.0x400.0x240.0x269.82,Catálogo inicial,891,Bastones clasicos,Bastones clasicos - Reserva Privada,Estacional,Fino,Bastones rectos de brocoli,383.5,243.0,259.6,10.923,165
MC0892,False,3.0x400.0x240.0x196.42,Catálogo inicial,892,Bastones clasicos,Bastones clasicos - Sigilo,Forma estable,Forma,Espirales de brocoli,376.5,258.0,179.8,4.639,165
MC0893,False,2.7x400.0x276.67x257.14,Catálogo inicial,893,Bastones clasicos,Bastones clasicos - Reserva Privada,Estacional,Fino,Bastones rectos de brocoli,393.6,275.6,247.6,12.087,165
MC0894,False,3.0x375.8x300.7x170.7,Caja creada en MC,894,Bastones clasicos,Bastones clasicos - Legumes Frites,Estacional,Medio,Bastones rectos de brocoli,367.6,288.0,168.9,12.11,165
MC0895,False,2.5x368.8x257.3x255.1,Caja creada en MC,895,Bastones clasicos,Bastones clasicos - Sigilo,Forma estable,Forma,Corte rustico de brocoli,399.2,239.2,236.4,12.116,165
MC0896,True,2.5x411.8x310.9x185.6,Caja nueva,896,Bastones clasicos,Bastones clasicos - Sigilo,Forma estable,Forma,Brocoli en rejilla,406.8,305.9,180.6,4.451,166
MC0897,False,2.5x405.3x255.5x229.9,Caja creada en MC,897,Bastones clasicos,Bastones clasicos - Sigilo,Estacional,Medio,Bastones rectos de brocoli,396.4,241.9,230.7,12.039,166
MC0898,True,3.0x387.8x278.8x169.5,Caja nueva,898,Bastones clasicos,Bastones clasicos - Mayordomo,Forma estable,Forma,Gajos de brocoli,381.8,272.8,163.5,12.482,167
MC0899,False,2.7x409.9x275.79999999999995x184.20000000000002,Caja creada en MC,899,Bastones clasicos,Bastones clasicos - Reserva Privada,Forma estable,Forma,Gajos de brocoli,390.5,258.2,192.3,12.438,167
MC0900,False,2.5x400.0x300.0x292.23,Catálogo inicial,900,Bastones clasicos,Bastones clasicos - Sigilo,Forma estable,Forma,Espirales de brocoli,403.0,305.9,270.3,9.52,167
MC0901,False,2.7x400.0x273.48x255.4,Catálogo inicial,901,Bastones clasicos,Bastones clasicos - Sigilo,Forma estable,Forma,Espirales de brocoli,388.6,257.4,263.6,6.67,167
MC0902,False,2.5x401.9x250.9x284.6,Caja creada en MC,902,Bastones clasicos,Bastones clasicos - Reserva Privada,Estacional,Fino,Bastones rectos de brocoli,395.8,259.3,265.1,12.478,167
MC0903,False,3.0x400.0x300.0x271.95,Catálogo inicial,903,Bastones clasicos,Bastones clasicos - Sigilo,Forma estable,Forma,Espirales de brocoli,405.3,296.2,251.3,10.061,167
MC0904,False,2.7x400.0x300.0x300.0,Catálogo inicial,904,Brocoli especial,Brocoli especial - Bastones Especiales,Estacional,Fino,Bastones rectos de brocoli,388.3,286.9,307.0,8.699,167
MC0905,False,2.7x400.0x240.0x214.97,Catálogo inicial,905,Bastones clasicos,Bastones clasicos - Sigilo,Estacional,Medio,Bastones rectos de brocoli,372.0,242.4,213.1,9.743,167
MC0906,False,3.0x387.8x278.8x169.5,Caja creada en MC,906,Bastones clasicos,Bastones clasicos - Sigilo,Forma estable,Forma,Gajos de brocoli,372.2,275.6,164.1,8.602,167
MC0907,False,3.0x400.0x266.63x256.0,Catálogo inicial,907,Bastones clasicos,Bastones clasicos - Sigilo,Forma estable,Forma,Brocoli en rejilla,382.4,284.6,235.6,6.499,167
MC0908,False,2.5x370.0x279.7x286.2,Caja creada en MC,908,Bastones clasicos,Bastones clasicos - Sigilo,Forma estable,Forma,Espirales de brocoli,364.8,289.4,264.5,12.767,167
MC0909,False,2.5x411.8x247.4x241.4,Caja creada en MC,909,Bastones clasicos,Bastones clasicos - Sigilo,Forma estable,Forma,Tiras para dip de brocoli,401.6,246.4,231.5,12.346,167
MC0910,False,3.0x400.0x269.82x196.42,Catálogo inicial,910,Guarniciones,Guarniciones - Cubos,Forma estable,Forma,Cubos de brocoli,403.8,250.4,185.3,12.694,167
MC0911,False,2.5x411.8x254.2x279.0,Caja creada en MC,911,Bastones clasicos,Bastones clasicos - Sigilo,Forma estable,Forma,Espirales de brocoli,406.8,245.0,275.2,6.342,167
MC0912,False,3.0x375.5x304.2x171.8,Caja creada en MC,912,Bastones clasicos,Bastones clasicos - Sigilo,Forma estable,Forma,Gajos de brocoli,367.2,288.5,169.7,12.785,167
MC0913,False,2.5x411.8x268.0x264.6,Caja creada en MC,913,Bastones clasicos,Bastones clasicos - Reserva Privada,Estacional,Fino,Bastones rectos de brocoli,394.4,281.8,247.1,12.283,167
MC0914,False,2.7x400.0x300.0x300.0,Catálogo inicial,914,Bastones clasicos,Bastones clasicos - Reserva Privada,Estacional,Fino,Bastones rectos de brocoli,402.5,298.1,284.9,12.819,167
MC0915,False,2.5x400.0x300.0x292.23,Catálogo inicial,915,Brocoli especial,Brocoli especial - Bastones Especiales,Estacional,Fino,Bastones rectos de brocoli,389.6,298.9,285.6,8.766,167
MC0916,False,3.0x400.0x277.27x200.0,Catálogo inicial,916,Bastones clasicos,Bastones clasicos - Sigilo,Forma estable,Forma,Brocoli en rejilla,394.2,264.5,198.6,4.705,167
MC0917,False,3.0x373.7x257.7x226.6,Caja creada en MC,917,Bastones clasicos,Bastones clasicos - Sigilo,Forma estable,Forma,Espirales de brocoli,363.8,242.4,219.0,6.516,167
MC0918,False,2.5x396.9x303.6x326.6,Caja creada en MC,918,Bastones clasicos,Bastones clasicos - Reserva Privada,Forma estable,Forma,Brocoli en rejilla,398.2,296.5,315.0,10.513,167
MC0919,False,3.0x400.0x300.0x175.14,Catálogo inicial,919,Bastones clasicos,Bastones clasicos - Legumes Frites,Estacional,Medio,Bastones rectos de brocoli,373.7,277.6,186.0,10.797,167
MC0920,False,2.7x400.0x273.48x225.0,Catálogo inicial,920,Bastones clasicos,Bastones clasicos - Sigilo,Estacional,Medio,Bastones rectos de brocoli,388.3,282.5,210.8,11.981,167
MC0921,False,2.5x369.7x291.0x269.1,Caja creada en MC,921,Bastones clasicos,Bastones clasicos - Reserva Privada,Forma estable,Forma,Rodajas de brocoli,367.9,283.8,259.8,8.387,167
MC0922,False,3.0x400.0x266.63x250.68,Catálogo inicial,922,Bastones clasicos,Bastones clasicos - Sigilo,Forma estable,Forma,Corte rustico de brocoli,399.4,249.4,243.3,12.733,167
MC0923,False,2.5x405.3x255.5x229.9,Caja creada en MC,923,Bastones clasicos,Bastones clasicos - Legumes Frites,Estacional,Corte steak,Bastones rectos de brocoli,391.7,242.8,233.7,9.749,167
MC0924,False,2.5x405.3x255.5x229.9,Caja creada en MC,924,Bastones extra crocantes,Bastones extra crocantes - Atelier Frites,Estacional,Grueso,Bastones rectos de brocoli,381.8,244.2,241.8,12.32,167
MC0925,False,2.5x374.1x266.5x240.0,Caja creada en MC,925,Bastones clasicos,Bastones clasicos - Sigilo,Forma estable,Forma,Gajos de brocoli,372.8,265.9,221.5,12.355,167
MC0926,False,3.0x369.8x259.5x209.3,Caja creada en MC,926,Bastones clasicos,Bastones clasicos - Sigilo,Forma estable,Forma,Brocoli en rejilla,367.6,246.9,206.1,4.419,167
MC0927,False,3.0x400.0x266.63x225.0,Catálogo inicial,927,Bastones clasicos,Bastones clasicos - Reserva Privada,Estacional,Corte steak,Bastones rectos de brocoli,389.9,259.8,209.2,13.119,167
MC0928,False,2.5x402.3x259.7x164.2,Caja creada en MC,928,Snacks y aperitivos,Snacks y aperitivos - Queso,Co-produccion,Forma,Bocados de brocoli con mozzarella,386.1,242.8,166.9,4.89,167
MC0929,False,2.5x369.7x291.0x269.1,Caja creada en MC,929,Bastones clasicos,Bastones clasicos - Sigilo,Forma estable,Forma,Espirales de brocoli,368.0,274.3,257.4,12.004,167
MC0930,False,2.7x409.9x275.79999999999995x184.20000000000002,Caja creada en MC,930,Bastones clasicos,Bastones clasicos - Sigilo,Forma estable,Forma,Brocoli zigzag,388.2,261.3,188.0,6.911,167
MC0931,False,3.0x400.0x300.0x238.97,Catálogo inicial,931,Bastones clasicos,Bastones clasicos - Sigilo,Estacional,Grueso,Bastones rectos de brocoli,389.7,290.3,226.9,13.661,167
MC0932,False,3.0x400.0x300.0x317.7,Catálogo inicial,932,Bastones clasicos,Bastones clasicos - Sigilo,Forma estable,Forma,Espirales de brocoli,382.3,298.9,310.2,13.795,167
MC0933,False,3.0x400.0x277.27x180.0,Catálogo inicial,933,Bastones clasicos,Bastones clasicos - Sigilo,Forma estable,Forma,Gajos de brocoli,381.5,293.5,164.3,9.596,167
MC0934,False,2.7x400.0x300.0x209.65,Catálogo inicial,934,Brocoli especial,Brocoli especial - Bastones Especiales,Estacional,Corte steak,Bastones rectos de brocoli,406.8,297.8,192.1,12.817,167
MC0935,False,3.0x400.0x277.27x217.7,Catálogo inicial,935,Bastones clasicos,Bastones clasicos - Sigilo,Forma estable,Forma,Gajos de brocoli,395.0,274.8,208.0,12.906,167
MC0936,False,2.5x400.0x276.27x225.0,Catálogo inicial,936,Bastones clasicos,Bastones clasicos - Sigilo,Forma estable,Forma,Espirales de brocoli,384.5,284.0,214.9,6.398,167
MC0937,False,2.7x400.0x240.0x266.03,Catálogo inicial,937,Guarniciones,Guarniciones - Legumes Croquetas,Forma estable,Forma,Croquetas de brocoli,387.1,239.8,257.6,9.533,167
MC0938,False,3.0x400.0x300.0x271.95,Catálogo inicial,938,Bastones clasicos,Bastones clasicos - Sigilo,Estacional,Grueso,Bastones rectos de brocoli,374.5,305.9,266.1,12.778,167
MC0939,False,3.0x400.0x300.0x178.34,Catálogo inicial,939,Bastones clasicos,Bastones clasicos - Sigilo,Forma estable,Forma,Brocoli en rejilla,395.4,281.8,178.3,4.578,167
MC0940,False,2.5x368.8x289.1x230.3,Caja creada en MC,940,Bastones clasicos,Bastones clasicos - Sigilo,Forma estable,Forma,Gajos de brocoli,389.7,278.9,213.3,11.492,167
MC0941,False,3.0x400.0x269.82x180.0,Catálogo inicial,941,Bastones clasicos,Bastones clasicos - Sigilo,Forma estable,Forma,Gajos de brocoli,374.6,273.2,170.6,10.628,167
MC0942,False,2.5x405.3x255.5x229.9,Caja creada en MC,942,Bastones clasicos,Bastones clasicos - Grado B,Estacional,Medio,Bastones rectos de brocoli,398.1,243.6,222.8,11.549,167
MC0943,False,3.0x400.0x300.0x238.97,Catálogo inicial,943,Bastones clasicos,Bastones clasicos - Legumes Frites,Estacional,Corte steak,Bastones rectos de brocoli,385.8,305.9,224.4,12.723,167
MC0944,False,3.0x400.0x266.63x250.68,Catálogo inicial,944,Bastones clasicos,Bastones clasicos - Legumes Frites,Estacional,Corte steak,Bastones rectos de brocoli,385.8,270.3,236.4,12.402,167
MC0945,False,2.5x405.3x255.5x229.9,Caja creada en MC,945,Bastones clasicos,Bastones clasicos - Sigilo,Forma estable,Forma,Rodajas de brocoli,386.3,248.4,231.9,9.703,167
MC0946,False,2.5x370.0x279.7x286.2,Caja creada en MC,946,Bastones clasicos,Bastones clasicos - Sigilo,Forma estable,Forma,Brocoli en rejilla,363.8,270.8,284.7,8.306,167
MC0947,False,2.5x381.3x192.3x157.1,Caja creada en MC,947,Guarniciones,Guarniciones - Legumes Croquetas,Forma estable,Forma,Croquetas de brocoli,388.4,176.5,154.4,4.835,167
MC0948,False,2.5x370.5x299.0x316.4,Caja creada en MC,948,Bastones clasicos,Bastones clasicos - Sigilo,Estacional,Fino,Bastones rectos de brocoli,363.8,283.9,300.8,12.321,167
MC0949,False,2.7x411.9x311.29999999999995x206.1,Caja creada en MC,949,Bastones clasicos,Bastones clasicos - Sigilo,Forma estable,Forma,Espirales de brocoli,387.7,293.2,219.4,6.369,167
MC0950,False,3.0x400.0x266.63x250.68,Catálogo inicial,950,Bastones clasicos,Bastones clasicos - Sigilo,Forma estable,Forma,Tiras para dip de brocoli,405.1,250.0,236.0,12.544,167
MC0951,False,3.0x400.0x300.0x271.95,Catálogo inicial,951,Bastones clasicos,Bastones clasicos - Sigilo,Forma estable,Forma,Espirales de brocoli,391.2,298.0,253.4,9.921,167
MC0952,False,3.0x399.2x258.0x209.2,Caja creada en MC,952,Bastones clasicos,Bastones clasicos - Legumes Frites Salados,Estacional,Medio,Bastones rectos de brocoli,375.7,258.0,207.2,13.351,167
MC0953,False,3.0x399.3x249.3x176.7,Caja creada en MC,953,Snacks y aperitivos,Snacks y aperitivos - Queso,Co-produccion,Forma,Bocados de brocoli con queso cheddar,380.1,257.5,166.8,4.997,167
MC0954,False,2.5x368.8x257.3x255.1,Caja creada en MC,954,Bastones clasicos,Bastones clasicos - Sigilo,Forma estable,Forma,Brocoli en rejilla,394.8,245.6,235.5,6.976,167
MC0955,False,2.5x370.5x299.0x316.4,Caja creada en MC,955,Bastones clasicos,Bastones clasicos - Reserva Privada,Estacional,Fino,Bastones rectos de brocoli,363.8,276.5,311.4,12.189,167
MC0956,False,3.0x400.0x300.0x150.0,Catálogo inicial,956,Snacks y aperitivos,Snacks y aperitivos - Queso,Co-produccion,Forma,Bocados de brocoli con queso cheddar,401.1,293.8,138.8,4.749,167
MC0957,False,3.0x373.2x309.4x177.8,Caja creada en MC,957,Bastones clasicos,Bastones clasicos - Legumes Frites,Estacional,Medio,Bastones rectos de brocoli,385.4,286.1,172.2,12.368,167
MC0958,False,2.5x374.1x266.5x240.0,Caja creada en MC,958,Bastones clasicos,Bastones clasicos - Sigilo,Estacional,Medio,Bastones rectos de brocoli,369.3,254.6,227.3,11.901,167
MC0959,False,3.0x400.0x300.0x163.44,Catálogo inicial,959,Bastones clasicos,Bastones clasicos - Sigilo,Forma estable,Forma,Gajos de brocoli,379.2,292.8,163.5,8.754,167
MC0960,False,3.0x400.0x269.82x180.0,Catálogo inicial,960,Guarniciones,Guarniciones - Cubos,Forma estable,Forma,Cubos de brocoli,374.2,273.8,166.4,12.207,167
MC0961,False,2.5x368.8x289.1x230.3,Caja creada en MC,961,Bastones clasicos,Bastones clasicos - Sigilo,Estacional,Medio,Bastones rectos de brocoli,396.0,273.7,212.7,8.237,167
MC0962,False,2.5x401.0x249.6x249.7,Caja creada en MC,962,Guarniciones,Guarniciones - Legumes Croquetas,Forma estable,Forma,Croquetas de brocoli,388.3,246.3,246.3,10.258,167
MC0963,False,3.0x400.0x300.0x223.02,Catálogo inicial,963,Bastones clasicos,Bastones clasicos - Reserva Privada,Estacional,Fino,Bastones rectos de brocoli,372.7,284.7,227.6,12.298,167
MC0964,False,2.5x411.8x308.7x273.4,Caja creada en MC,964,Bastones clasicos,Bastones clasicos - Legumes Frites,Estacional,Medio,Bastones rectos de brocoli,383.3,294.5,286.9,11.886,167
MC0965,False,2.5x398.9x278.8x296.1,Caja creada en MC,965,Bastones clasicos,Bastones clasicos - Reserva Privada,Estacional,Fino,Bastones rectos de brocoli,376.0,289.0,285.9,12.837,167
MC0966,False,2.7x400.0x276.67x354.33,Catálogo inicial,966,Bastones clasicos,Bastones clasicos - Reserva Privada,Estacional,Fino,Bastones rectos de brocoli,406.8,272.7,329.8,12.227,167
MC0967,False,2.5x368.8x301.4x267.1,Caja creada en MC,967,Bastones clasicos,Bastones clasicos - Legumes Frites,Estacional,Fino,Bastones rectos de brocoli,372.3,291.4,260.0,12.909,167
MC0968,False,2.5x405.3x255.5x229.9,Caja creada en MC,968,Bastones clasicos,Bastones clasicos - Grado B,Estacional,Medio,Bastones rectos de brocoli,401.4,249.6,216.2,12.225,167
MC0969,False,3.0x400.0x300.0x238.97,Catálogo inicial,969,Bastones clasicos,Bastones clasicos - Sigilo,Forma estable,Forma,Brocoli zigzag,385.6,296.3,235.8,9.592,167
MC0970,False,2.7x375.0x286.2x216.3,Caja creada en MC,970,Bastones clasicos,Bastones clasicos - Reserva Privada,Forma estable,Forma,Gajos de brocoli,366.8,286.0,206.6,13.134,167
MC0971,False,2.5x400.0x276.27x162.44,Catálogo inicial,971,Snacks y aperitivos,Snacks y aperitivos - Queso,Co-produccion,Forma,Bocados de brocoli con mozzarella,385.0,255.5,169.2,5.089,167
MC0972,False,3.0x400.0x300.0x178.34,Catálogo inicial,972,Bastones clasicos,Bastones clasicos - Legumes Frites,Estacional,Corte steak,Bastones rectos de brocoli,378.7,300.8,172.1,12.788,167
MC0973,False,2.7x400.0x300.0x209.65,Catálogo inicial,973,Bastones clasicos,Bastones clasicos - Legumes Frites,Estacional,Corte steak,Bastones rectos de brocoli,379.9,297.0,202.2,12.466,167
MC0974,False,2.5x405.3x255.5x229.9,Caja creada en MC,974,Guarniciones,Guarniciones - Legumes Croquetas,Forma estable,Forma,Croquetas de brocoli,381.1,249.7,234.1,9.905,167
MC0975,False,3.0x400.0x269.82x196.42,Catálogo inicial,975,Bastones clasicos,Bastones clasicos - Reserva Privada,Estacional,Medio,Bastones rectos de brocoli,378.5,248.6,208.1,12.78,167
MC0976,True,2.7x372.7x265.79999999999995x220.8,Caja nueva,976,Bastones clasicos,Bastones clasicos - Sigilo,Forma estable,Forma,Tiras para dip de brocoli,367.3,260.4,215.4,12.575,168
MC0977,False,3.0x400.0x300.0x271.95,Catálogo inicial,977,Bastones clasicos,Bastones clasicos - Reserva Privada,Forma estable,Forma,Rodajas de brocoli,381.6,296.6,262.3,8.713,168
MC0978,False,3.0x373.2x309.4x177.8,Caja creada en MC,978,Bastones clasicos,Bastones clasicos - Sigilo,Estacional,Medio,Bastones rectos de brocoli,367.0,287.6,178.7,11.958,168
MC0979,False,3.0x400.0x266.63x250.68,Catálogo inicial,979,Bastones clasicos,Bastones clasicos - Sigilo,Forma estable,Forma,Dippers de brocoli,374.4,257.7,259.4,12.725,168
MC0980,False,2.5x373.4x290.1x278.6,Caja creada en MC,980,Bastones clasicos,Bastones clasicos - Reserva Privada,Estacional,Fino,Bastones rectos de brocoli,375.5,269.1,280.3,12.516,168
MC0981,False,2.5x400.0x276.27x162.44,Catálogo inicial,981,Bastones clasicos,Bastones clasicos - Sigilo,Estacional,Medio,Bastones rectos de brocoli,377.9,287.5,148.5,6.419,168
MC0982,False,2.5x411.8x310.9x185.6,Caja creada en MC,982,Bastones clasicos,Bastones clasicos - Sigilo,Estacional,Fino,Bastones rectos de brocoli,406.8,295.6,184.2,7.009,168
MC0983,False,2.7x400.0x273.48x257.14,Catálogo inicial,983,Bastones clasicos,Bastones clasicos - Sigilo,Estacional,Fino,Bastones rectos de brocoli,386.7,279.8,245.1,12.443,168
MC0984,False,2.5x409.1x293.0x331.0,Caja creada en MC,984,Bastones clasicos,Bastones clasicos - Reserva Privada,Estacional,Fino,Bastones rectos de brocoli,397.9,282.9,336.9,13.117,168
MC0985,False,3.0x369.8x290.5x165.9,Caja creada en MC,985,Bastones clasicos,Bastones clasicos - Sigilo,Forma estable,Forma,Gajos de brocoli,365.4,285.4,155.1,12.492,168
MC0986,False,2.7x400.0x240.0x211.78,Catálogo inicial,986,Bastones clasicos,Bastones clasicos - Reserva Privada,Forma estable,Forma,Gajos de brocoli,385.3,251.9,196.5,12.619,168
MC0987,False,3.0x400.0x300.0x271.95,Catálogo inicial,987,Bastones clasicos,Bastones clasicos - Legumes Frites,Estacional,Fino,Bastones rectos de brocoli,390.5,288.2,271.3,12.352,168
MC0988,False,3.0x400.0x269.82x180.0,Catálogo inicial,988,Bastones clasicos,Bastones clasicos - Legumes Frites,Estacional,Medio,Bastones rectos de brocoli,374.1,268.8,179.7,11.875,168
MC0989,False,3.0x400.0x266.63x250.68,Catálogo inicial,989,Bastones clasicos,Bastones clasicos - Sigilo,Estacional,Fino,Bastones rectos de brocoli,403.7,249.2,248.0,12.448,168
MC0990,False,2.7x375.59999999999997x308.4x189.1,Caja creada en MC,990,Bastones clasicos,Bastones clasicos - Reserva Privada,Estacional,Medio,Bastones rectos de brocoli,374.0,296.5,183.2,12.626,168
MC0991,False,2.7x400.0x273.48x255.4,Catálogo inicial,991,Bastones clasicos,Bastones clasicos - Sigilo,Forma estable,Forma,Espirales de brocoli,382.7,280.6,244.9,12.754,168
MC0992,False,2.5x403.2x257.6x275.3,Caja creada en MC,992,Bastones clasicos,Bastones clasicos - Sigilo,Forma estable,Forma,Brocoli en rejilla,386.1,248.7,280.1,6.461,168
MC0993,False,2.7x400.0x273.48x225.0,Catálogo inicial,993,Bastones clasicos,Bastones clasicos - Sigilo,Estacional,Corte steak,Bastones rectos de brocoli,394.9,265.0,216.3,11.678,168
MC0994,False,2.5x411.8x252.9x150.9,Caja creada en MC,994,Bastones clasicos,Bastones clasicos - Sigilo,Forma estable,Forma,Dippers de brocoli,385.4,265.3,141.8,4.365,168
MC0995,False,2.7x400.0x240.0x206.46,Catálogo inicial,995,Bastones clasicos,Bastones clasicos - Reserva Privada,Forma estable,Forma,Gajos de brocoli,379.9,251.8,192.8,13.27,168
MC0996,False,2.5x393.1x259.0x207.4,Caja creada en MC,996,Bastones clasicos,Bastones clasicos - Sigilo,Forma estable,Forma,Brocoli en rejilla,390.2,251.5,198.6,4.365,168
MC0997,False,2.7x400.0x273.48x255.4,Catálogo inicial,997,Bastones clasicos,Bastones clasicos - Sigilo,Forma estable,Forma,Brocoli zigzag,377.5,283.9,245.3,13.035,168
MC0998,False,3.0x400.0x277.27x200.0,Catálogo inicial,998,Guarniciones,Guarniciones - Otros,Estacional,Medio,Bastones rectos de brocoli,391.6,279.1,185.6,12.15,168
MC0999,False,2.5x402.3x259.7x164.2,Caja creada en MC,999,Bastones clasicos,Bastones clasicos - Sigilo,Forma estable,Forma,Tiras para dip de brocoli,395.8,247.4,164.0,5.47,168
MC1000,False,2.7x400.0x240.0x254.33,Catálogo inicial,1000,Bastones clasicos,Bastones clasicos - Sigilo,Estacional,Medio,Bastones rectos de brocoli,392.0,247.0,234.4,12.734,168
MC1001,False,2.7x400.0x300.0x209.65,Catálogo inicial,1001,Snacks y aperitivos,Snacks y aperitivos - Aros y Vegetales,Co-produccion,Forma,Aros de brocoli,389.9,290.5,204.7,4.877,168
MC1002,False,2.5x403.2x257.6x275.3,Caja creada en MC,1002,Guarniciones,Guarniciones - Tortitas,Forma estable,Forma,Rosti de brocoli,402.4,247.1,271.9,13.097,168
MC1003,False,2.5x400.0x300.0x281.59,Catálogo inicial,1003,Bastones clasicos,Bastones clasicos - Sigilo,Forma estable,Forma,Brocoli en rejilla,392.2,282.1,289.8,8.018,168
MC1004,False,2.5x374.1x266.5x240.0,Caja creada en MC,1004,Bastones clasicos,Bastones clasicos - Legumes Frites,Estacional,Medio,Bastones rectos de brocoli,376.5,253.7,236.2,12.673,168
MC1005,False,2.7x400.0x240.0x237.31,Catálogo inicial,1005,Bastones clasicos,Bastones clasicos - Grado B,Estacional,Medio,Bastones rectos de brocoli,384.2,249.7,222.7,12.4,168
MC1006,False,2.5x411.8x308.5x261.5,Caja creada en MC,1006,Bastones clasicos,Bastones clasicos - Sigilo,Forma estable,Forma,Espirales de brocoli,406.8,305.9,244.6,9.943,168
MC1007,False,3.0x400.0x300.0x198.55,Catálogo inicial,1007,Bastones clasicos,Bastones clasicos - Sigilo,Forma estable,Forma,Espirales de brocoli,379.1,290.1,201.6,5.761,168
MC1008,False,2.5x411.8x308.5x261.5,Caja creada en MC,1008,Snacks y aperitivos,Snacks y aperitivos - Aros y Vegetales,Co-produccion,Forma,Aros de brocoli,402.1,299.6,257.0,4.98,168
MC1009,False,3.0x400.0x240.0x196.42,Catálogo inicial,1009,Bastones clasicos,Bastones clasicos - Reserva Privada,Forma estable,Forma,Espirales de brocoli,370.7,257.4,181.8,4.734,168
MC1010,False,2.5x400.0x300.0x257.14,Catálogo inicial,1010,Guarniciones,Guarniciones - Tortitas,Forma estable,Forma,Tortitas de brocoli,397.6,293.7,250.7,8.589,168
MC1011,True,3.0x407.1x259.5x211.5,Caja nueva,1011,Bastones clasicos,Bastones clasicos - Sigilo,Estacional,Medio,Bastones rectos de brocoli,401.1,253.5,205.5,12.787,169
MC1012,False,3.0x400.0x300.0x178.34,Catálogo inicial,1012,Bastones clasicos,Bastones clasicos - Legumes Frites,Estacional,Medio,Bastones rectos de brocoli,391.7,292.7,171.5,12.683,169
MC1013,False,2.5x400.0x300.0x257.14,Catálogo inicial,1013,Bastones clasicos,Bastones clasicos - Sigilo,Estacional,Medio,Bastones rectos de brocoli,388.0,288.8,262.0,13.309,169
MC1014,False,3.0x373.2x309.4x177.8,Caja creada en MC,1014,Bastones clasicos,Bastones clasicos - Sigilo,Forma estable,Forma,Tiras para dip de brocoli,388.4,293.7,165.1,6.793,169
MC1015,False,2.5x400.0x268.82x300.0,Catálogo inicial,1015,Bastones clasicos,Bastones clasicos - Sigilo,Estacional,Medio,Bastones rectos de brocoli,393.4,252.3,289.2,12.503,169
MC1016,False,2.5x399.4x277.8x229.1,Caja creada en MC,1016,Guarniciones,Guarniciones - Tortitas,Forma estable,Forma,Tortitas de brocoli,380.1,273.3,230.8,10.718,169
MC1017,False,3.0x375.8x300.7x170.7,Caja creada en MC,1017,Bastones clasicos,Bastones clasicos - Reserva Privada,Estacional,Grueso,Bastones rectos de brocoli,374.9,277.1,165.7,12.634,169
MC1018,False,3.0x400.0x300.0x279.4,Catálogo inicial,1018,Bastones clasicos,Bastones clasicos - Sigilo,Estacional,Grueso,Bastones rectos de brocoli,382.6,280.7,292.9,13.057,169
MC1019,False,2.7x400.0x240.0x225.0,Catálogo inicial,1019,Bastones clasicos,Bastones clasicos - Sigilo,Forma estable,Forma,Rodajas de brocoli,382.3,243.5,216.9,12.473,169
MC1020,False,2.5x411.8x247.4x241.4,Caja creada en MC,1020,Bastones clasicos,Bastones clasicos - Sigilo,Estacional,Medio,Bastones rectos de brocoli,384.0,258.4,231.6,12.474,169
MC1021,False,3.0x373.2x309.4x177.8,Caja creada en MC,1021,Bastones clasicos,Bastones clasicos - Mayordomo,Estacional,Medio,Bastones rectos de brocoli,376.7,296.3,169.9,12.466,169
MC1022,True,3.0x376.2x284.2x182.3,Caja nueva,1022,Bastones clasicos,Bastones clasicos - Reserva Privada,Estacional,Grueso,Bastones rectos de brocoli,370.2,278.2,176.3,12.362,170
MC1023,False,2.5x407.5x253.6x266.4,Caja creada en MC,1023,Bastones clasicos,Bastones clasicos - Sigilo,Forma estable,Forma,Brocoli en rejilla,397.6,257.2,252.8,6.527,170
MC1024,False,2.7x400.0x276.67x346.88,Catálogo inicial,1024,Bastones clasicos,Bastones clasicos - Sigilo,Estacional,Medio,Bastones rectos de brocoli,397.4,282.9,324.7,12.259,170
MC1025,False,2.5x410.7x272.0x230.1,Caja creada en MC,1025,Bastones clasicos,Bastones clasicos - Sigilo,Estacional,Medio,Bastones rectos de brocoli,395.7,252.7,236.7,13.496,170
MC1026,False,3.0x400.0x240.0x196.42,Catálogo inicial,1026,Bastones clasicos,Bastones clasicos - Reserva Privada,Forma estable,Forma,Gajos de brocoli,390.0,240.9,180.3,9.338,170
MC1027,False,2.7x412.2x302.9x182.20000000000002,Caja creada en MC,1027,Bastones clasicos,Bastones clasicos - Sigilo,Estacional,Medio,Bastones rectos de brocoli,396.0,301.3,178.7,12.281,170
MC1028,False,2.5x368.8x257.3x255.1,Caja creada en MC,1028,Bastones clasicos,Bastones clasicos - Sigilo,Forma estable,Forma,Dippers de brocoli,387.5,242.9,241.8,12.31,170
MC1029,False,2.5x411.8x310.3x228.1,Caja creada en MC,1029,Bastones clasicos,Bastones clasicos - Sigilo,Forma estable,Forma,Brocoli en rejilla,389.5,294.7,240.6,6.898,170
MC1030,False,2.7x400.0x273.48x225.0,Catálogo inicial,1030,Bastones extra crocantes,Bastones extra crocantes - Muy Crocantes,Estacional,Medio,Bastones rectos de brocoli,384.9,283.9,208.6,12.005,170
MC1031,False,2.5x368.8x301.4x267.1,Caja creada en MC,1031,Bastones clasicos,Bastones clasicos - Sigilo,Forma estable,Forma,Brocoli en rejilla,388.7,290.2,246.5,6.583,170
MC1032,True,2.5x411.8x250.4x283.9,Caja nueva,1032,Snacks y aperitivos,Snacks y aperitivos - Aros y Vegetales,Co-produccion,Forma,Aros de brocoli,406.8,245.4,278.9,5.037,171
MC1033,False,3.0x400.0x277.27x287.91,Catálogo inicial,1033,Bastones clasicos,Bastones clasicos - Sigilo,Estacional,Medio,Bastones rectos de brocoli,380.8,288.2,269.8,13.888,171
MC1034,False,3.0x373.2x309.4x177.8,Caja creada en MC,1034,Bastones clasicos,Bastones clasicos - Mayordomo,Estacional,Grueso,Bastones rectos de brocoli,378.3,293.7,170.7,12.964,171
MC1035,False,3.0x400.0x277.27x200.0,Catálogo inicial,1035,Bastones clasicos,Bastones clasicos - Sigilo,Estacional,Medio,Bastones rectos de brocoli,389.0,286.3,183.6,12.956,171
MC1036,False,2.5x369.7x291.0x269.1,Caja creada en MC,1036,Bastones clasicos,Bastones clasicos - Grado B,Estacional,Fino,Bastones rectos de brocoli,396.0,272.1,254.6,12.331,171
MC1037,False,3.0x400.0x300.0x271.95,Catálogo inicial,1037,Bastones clasicos,Bastones clasicos - Sigilo,Forma estable,Forma,Brocoli en rejilla,378.4,305.9,264.9,9.807,171
MC1038,False,2.5x400.0x268.82x300.0,Catálogo inicial,1038,Bastones clasicos,Bastones clasicos - Sigilo,Forma estable,Forma,Brocoli zigzag,406.2,252.6,290.7,11.801,171
MC1039,False,2.5x398.9x278.8x296.1,Caja creada en MC,1039,Bastones clasicos,Bastones clasicos - Sigilo,Estacional,Medio,Bastones rectos de brocoli,378.9,279.3,295.8,12.537,171
MC1040,False,2.7x400.0x273.48x225.0,Catálogo inicial,1040,Bastones clasicos,Bastones clasicos - Sigilo,Estacional,Grueso,Bastones rectos de brocoli,373.1,290.0,209.7,12.69,171
MC1041,False,2.7x400.0x300.0x195.82,Catálogo inicial,1041,Bastones clasicos,Bastones clasicos - Sigilo,Estacional,Medio,Bastones rectos de brocoli,399.8,278.8,197.9,12.43,171
MC1042,False,3.0x400.0x269.82x180.0,Catálogo inicial,1042,Snacks y aperitivos,Snacks y aperitivos - Queso,Co-produccion,Forma,Bocados de brocoli con queso cheddar,400.4,263.9,170.1,4.747,171
MC1043,False,2.7x400.0x276.67x250.08,Catálogo inicial,1043,Bastones clasicos,Bastones clasicos - Sigilo,Forma estable,Forma,Espirales de brocoli,371.4,289.1,243.4,12.652,171
MC1044,False,2.5x405.3x255.5x229.9,Caja creada en MC,1044,Bastones clasicos,Bastones clasicos - Sigilo,Estacional,Medio,Bastones rectos de brocoli,399.2,247.9,216.5,9.254,171
MC1045,False,3.0x373.2x309.4x177.8,Caja creada en MC,1045,Guarniciones,Guarniciones - Cubos,Forma estable,Forma,Cubos de brocoli,393.6,291.9,165.7,12.556,171
MC1046,False,2.7x400.0x300.0x194.76,Catálogo inicial,1046,Bastones clasicos,Bastones clasicos - Legumes Frites,Estacional,Medio,Bastones rectos de brocoli,394.9,305.9,178.3,12.04,171
MC1047,False,2.7x400.0x276.67x346.88,Catálogo inicial,1047,Bastones clasicos,Bastones clasicos - Reserva Privada,Estacional,Fino,Bastones rectos de brocoli,406.8,265.4,321.4,12.181,171
MC1048,False,3.0x400.0x300.0x223.02,Catálogo inicial,1048,Bastones clasicos,Bastones clasicos - Sigilo,Forma estable,Forma,Dippers de brocoli,389.9,287.0,220.3,11.381,171
MC1049,False,3.0x400.0x266.63x250.68,Catálogo inicial,1049,Bastones clasicos,Bastones clasicos - Legumes Frites,Forma estable,Forma,Brocoli zigzag,379.7,263.4,242.2,12.72,171
MC1050,False,3.0x400.0x300.0x179.4,Catálogo inicial,1050,Bastones clasicos,Bastones clasicos - Sigilo,Forma estable,Forma,Brocoli en rejilla,387.2,304.6,169.9,4.655,171
MC1051,False,3.0x400.0x300.0x223.02,Catálogo inicial,1051,Bastones clasicos,Bastones clasicos - Sigilo,Estacional,Fino,Bastones rectos de brocoli,394.8,285.2,220.8,13.085,171
MC1052,False,2.7x400.0x300.0x360.0,Catálogo inicial,1052,Bastones clasicos,Bastones clasicos - Sigilo,Forma estable,Forma,Brocoli zigzag,393.5,288.0,351.3,12.21,171
MC1053,False,2.5x405.3x255.5x229.9,Caja creada en MC,1053,Bastones clasicos,Bastones clasicos - Sigilo,Estacional,Medio,Bastones rectos de brocoli,383.2,249.5,233.3,11.495,171
MC1054,False,3.0x400.0x300.0x175.14,Catálogo inicial,1054,Bastones clasicos,Bastones clasicos - Mayordomo,Estacional,Medio,Bastones rectos de brocoli,378.8,291.1,174.6,10.516,171
MC1055,False,2.7x408.59999999999997x253.3x207.4,Caja creada en MC,1055,Bastones clasicos,Bastones clasicos - Reserva Privada,Estacional,Medio,Bastones rectos de brocoli,394.5,244.6,203.1,12.78,171
MC1056,False,2.7x400.0x240.0x266.03,Catálogo inicial,1056,Bastones clasicos,Bastones clasicos - Sigilo,Forma estable,Forma,Corte rustico de brocoli,392.2,243.2,249.5,12.315,171
MC1057,False,2.7x400.0x240.0x266.03,Catálogo inicial,1057,Bastones clasicos,Bastones clasicos - Sigilo,Forma estable,Forma,Espirales de brocoli,377.3,248.2,254.4,6.319,171
MC1058,False,2.5x402.3x259.7x164.2,Caja creada en MC,1058,Snacks y aperitivos,Snacks y aperitivos - Queso,Co-produccion,Forma,Bocados de brocoli con queso crema,375.6,247.6,170.5,5.092,171
MC1059,False,2.5x405.3x255.5x229.9,Caja creada en MC,1059,Guarniciones,Guarniciones - Legumes Croquetas,Forma estable,Forma,Croquetas de brocoli,401.7,240.3,230.6,11.312,171
MC1060,True,2.5x368.8x264.9x264.9,Caja nueva,1060,Bastones clasicos,Bastones clasicos - Sigilo,Forma estable,Forma,Espirales de brocoli,363.8,259.9,259.9,6.678,172
MC1061,False,2.7x400.0x300.0x209.65,Catálogo inicial,1061,Bastones clasicos,Bastones clasicos - Sigilo,Estacional,Grueso,Bastones rectos de brocoli,397.4,294.5,193.8,12.581,172
MC1062,False,2.7x400.0x240.0x225.0,Catálogo inicial,1062,Bastones clasicos,Bastones clasicos - Legumes Frites,Estacional,Corte steak,Bastones rectos de brocoli,374.5,253.5,212.9,9.789,172
MC1063,True,2.5x406.1x280.5x226.3,Caja nueva,1063,Bastones clasicos,Bastones clasicos - Sigilo,Estacional,Grueso,Bastones rectos de brocoli,401.1,275.5,221.3,13.205,173
MC1064,False,3.0x375.8x300.7x170.7,Caja creada en MC,1064,Bastones clasicos,Bastones clasicos - Legumes Frites,Estacional,Medio,Bastones rectos de brocoli,374.4,278.1,170.9,12.614,173
MC1065,False,3.0x400.0x300.0x163.44,Catálogo inicial,1065,Guarniciones,Guarniciones - Cubos,Forma estable,Forma,Cubos de brocoli,395.7,293.1,155.4,12.703,173
MC1066,False,3.0x400.0x266.63x256.0,Catálogo inicial,1066,Bastones clasicos,Bastones clasicos - Sigilo,Estacional,Fino,Bastones rectos de brocoli,388.3,259.6,252.9,12.576,173
MC1067,False,2.7x400.0x300.0x194.76,Catálogo inicial,1067,Bastones clasicos,Bastones clasicos - Sigilo,Estacional,Medio,Bastones rectos de brocoli,387.3,279.8,197.2,9.997,173
MC1068,False,3.0x400.0x300.0x238.97,Catálogo inicial,1068,Bastones clasicos,Bastones clasicos - Sigilo,Forma estable,Forma,Brocoli en rejilla,394.5,287.4,234.4,6.183,173
MC1069,False,2.7x400.0x300.0x257.14,Catálogo inicial,1069,Bastones clasicos,Bastones clasicos - Sigilo,Forma estable,Forma,Espirales de brocoli,380.6,304.9,250.7,9.712,173
MC1070,False,3.0x400.0x300.0x186.85,Catálogo inicial,1070,Bastones clasicos,Bastones clasicos - Legumes Frites,Estacional,Medio,Bastones rectos de brocoli,391.4,281.9,188.0,10.543,173
MC1071,False,2.7x400.0x240.0x211.78,Catálogo inicial,1071,Bastones clasicos,Bastones clasicos - Reserva Privada,Estacional,Medio,Bastones rectos de brocoli,371.6,242.8,208.8,12.604,173
MC1072,False,3.0x375.8x300.7x170.7,Caja creada en MC,1072,Bastones clasicos,Bastones clasicos - Legumes Frites,Estacional,Grueso,Bastones rectos de brocoli,383.4,280.5,161.6,13.116,173
MC1073,False,2.5x405.3x255.5x229.9,Caja creada en MC,1073,Bastones clasicos,Bastones clasicos - Sigilo,Forma estable,Forma,Brocoli en rejilla,403.9,255.7,211.7,4.436,173
MC1074,False,3.0x400.0x277.27x200.0,Catálogo inicial,1074,Bastones clasicos,Bastones clasicos - Legumes Frites,Estacional,Medio,Bastones rectos de brocoli,388.5,281.7,187.7,12.548,173
MC1075,False,3.0x407.1x259.5x211.5,Caja creada en MC,1075,Bastones clasicos,Bastones clasicos - Reserva Privada,Estacional,Medio,Bastones rectos de brocoli,406.8,254.8,195.8,12.784,173
MC1076,False,2.7x369.5x248.6x243.20000000000002,Caja creada en MC,1076,Bastones clasicos,Bastones clasicos - Reserva Privada,Estacional,Fino,Bastones rectos de brocoli,370.3,235.3,240.9,10.318,173
MC1077,False,2.7x369.5x248.6x243.20000000000002,Caja creada en MC,1077,Bastones clasicos,Bastones clasicos - Legumes Frites,Estacional,Medio,Bastones rectos de brocoli,376.7,247.6,224.1,10.828,173
MC1078,False,2.5x368.8x267.8x175.7,Caja creada en MC,1078,Snacks y aperitivos,Snacks y aperitivos - Queso,Co-produccion,Forma,Bocados de brocoli con mozzarella,381.3,253.9,167.7,5.055,173
MC1079,False,2.5x400.0x268.82x300.0,Catálogo inicial,1079,Bastones clasicos,Bastones clasicos - Sigilo,Estacional,Medio,Bastones rectos de brocoli,400.8,253.7,298.7,11.414,173
MC1080,False,2.7x400.0x300.0x194.76,Catálogo inicial,1080,Bastones clasicos,Bastones clasicos - Grado B,Estacional,Medio,Bastones rectos de brocoli,391.8,281.1,195.8,12.134,173
MC1081,False,2.5x368.8x257.3x255.1,Caja creada en MC,1081,Bastones clasicos,Bastones clasicos - Sigilo,Forma estable,Forma,Mix crujiente de brocoli,384.2,246.7,239.8,8.522,173
MC1082,False,2.5x374.1x266.5x240.0,Caja creada en MC,1082,Bastones clasicos,Bastones clasicos - Sigilo,Estacional,Medio,Bastones rectos de brocoli,370.1,248.5,232.9,11.331,173
MC1083,False,2.5x411.8x268.0x264.6,Caja creada en MC,1083,Guarniciones,Guarniciones - Tortitas,Forma estable,Forma,Tortitas de brocoli,402.0,261.8,259.2,12.64,173
MC1084,False,2.7x369.5x248.6x243.20000000000002,Caja creada en MC,1084,Bastones clasicos,Bastones clasicos - Sigilo,Estacional,Medio,Bastones rectos de brocoli,368.9,247.3,226.2,10.008,173
MC1085,False,2.5x401.0x249.6x249.7,Caja creada en MC,1085,Guarniciones,Guarniciones - Legumes Croquetas,Forma estable,Forma,Croquetas de brocoli,393.2,255.0,236.2,9.813,173
MC1086,False,2.7x412.2x302.9x182.20000000000002,Caja creada en MC,1086,Bastones clasicos,Bastones clasicos - Sigilo,Estacional,Grueso,Bastones rectos de brocoli,406.8,281.4,184.4,12.708,173
MC1087,False,2.5x411.8x247.4x241.4,Caja creada en MC,1087,Bastones clasicos,Bastones clasicos - Sigilo,Forma estable,Forma,Mix crujiente de brocoli,387.2,252.3,233.3,8.172,173
MC1088,False,3.0x400.0x300.0x175.14,Catálogo inicial,1088,Bastones clasicos,Bastones clasicos - Sigilo,Forma estable,Forma,Gajos de brocoli,394.8,291.2,167.2,9.784,173
MC1089,False,3.0x400.0x240.0x244.29,Catálogo inicial,1089,Bastones clasicos,Bastones clasicos - Reserva Privada,Forma estable,Forma,Gajos de brocoli,374.4,258.5,224.3,9.565,173
MC1090,True,2.5x371.9x299.2x346.9,Caja nueva,1090,Bastones clasicos,Bastones clasicos - Sigilo,Forma estable,Forma,Brocoli zigzag,366.9,294.2,341.9,12.974,174
MC1091,False,2.5x410.7x272.0x230.1,Caja creada en MC,1091,Bastones clasicos,Bastones clasicos - Sigilo,Forma estable,Forma,Corte rustico de brocoli,385.9,259.5,243.3,13.071,174
MC1092,False,2.5x403.2x257.6x275.3,Caja creada en MC,1092,Bastones clasicos,Bastones clasicos - Sigilo,Forma estable,Forma,Brocoli en rejilla,380.1,254.2,278.9,6.769,174
MC1093,False,3.0x400.0x300.0x150.0,Catálogo inicial,1093,Snacks y aperitivos,Snacks y aperitivos - Queso,Co-produccion,Forma,Bocados de brocoli con mozzarella,371.2,290.1,141.8,4.939,174
MC1094,False,2.5x411.8x308.7x273.4,Caja creada en MC,1094,Bastones clasicos,Bastones clasicos - Reserva Privada,Forma estable,Forma,Rodajas de brocoli,406.8,305.4,262.9,8.5,174
MC1095,False,2.7x411.9x311.29999999999995x206.1,Caja creada en MC,1095,Bastones clasicos,Bastones clasicos - Mayordomo,Estacional,Corte steak,Bastones rectos de brocoli,398.2,290.2,215.0,12.979,174
MC1096,False,2.7x400.0x273.48x225.0,Catálogo inicial,1096,Guarniciones,Guarniciones - Tortitas,Forma estable,Forma,Tortitas de brocoli,387.4,279.6,209.1,11.179,174
MC1097,False,2.7x400.0x300.0x200.0,Catálogo inicial,1097,Bastones clasicos,Bastones clasicos - Sigilo,Estacional,Medio,Bastones rectos de brocoli,382.4,287.6,203.6,12.623,174
MC1098,False,2.5x411.8x308.7x273.4,Caja creada en MC,1098,Bastones clasicos,Bastones clasicos - Sigilo,Estacional,Grueso,Bastones rectos de brocoli,384.0,289.6,291.1,12.753,174
MC1099,False,2.7x400.0x300.0x194.76,Catálogo inicial,1099,Bastones clasicos,Bastones clasicos - Cielo,Estacional,Medio,Bastones rectos de brocoli,397.2,278.9,197.7,12.66,174
MC1100,False,2.5x405.3x255.5x229.9,Caja creada en MC,1100,Bastones clasicos,Bastones clasicos - Legumes Frites Salados,Estacional,Medio,Bastones rectos de brocoli,392.6,254.4,213.5,12.093,174
MC1101,False,2.5x399.4x277.8x229.1,Caja creada en MC,1101,Bastones clasicos,Bastones clasicos - Legumes Frites,Estacional,Medio,Bastones rectos de brocoli,394.2,287.2,211.4,12.738,174
MC1102,False,3.0x400.0x269.82x196.42,Catálogo inicial,1102,Bastones clasicos,Bastones clasicos - Grado B,Estacional,Medio,Bastones rectos de brocoli,383.7,267.0,193.2,13.017,174
MC1103,False,3.0x400.0x300.0x163.44,Catálogo inicial,1103,Bastones clasicos,Bastones clasicos - Sigilo,Estacional,Grueso,Bastones rectos de brocoli,384.0,286.1,163.5,13.112,174
MC1104,False,2.5x400.0x276.27x255.0,Catálogo inicial,1104,Bastones clasicos,Bastones clasicos - Sigilo,Forma estable,Forma,Espirales de brocoli,378.3,294.6,240.0,9.957,174
MC1105,False,2.5x368.8x291.4x286.4,Caja creada en MC,1105,Bastones clasicos,Bastones clasicos - Sigilo,Forma estable,Forma,Espirales de brocoli,371.6,294.6,266.2,11.982,174
MC1106,False,2.7x400.0x300.0x209.65,Catálogo inicial,1106,Bastones clasicos,Bastones clasicos - Legumes Frites,Estacional,Fino,Bastones rectos de brocoli,383.0,298.1,202.7,12.574,174
MC1107,False,2.5x405.3x255.5x229.9,Caja creada en MC,1107,Bastones clasicos,Bastones clasicos - Grado B,Estacional,Medio,Bastones rectos de brocoli,393.7,245.7,230.5,13.302,174
MC1108,False,3.0x400.0x277.27x200.0,Catálogo inicial,1108,Bastones clasicos,Bastones clasicos - Sigilo,Forma estable,Forma,Gajos de brocoli,373.0,280.9,192.7,12.174,174
MC1109,False,2.7x408.59999999999997x253.3x207.4,Caja creada en MC,1109,Bastones clasicos,Bastones clasicos - Legumes Frites,Estacional,Medio,Bastones rectos de brocoli,392.6,235.0,216.6,12.478,174
MC1110,False,2.5x400.0x268.82x300.0,Catálogo inicial,1110,Bastones clasicos,Bastones clasicos - Sigilo,Estacional,Fino,Bastones rectos de brocoli,385.6,251.3,309.5,13.03,174
MC1111,False,3.0x373.7x257.7x226.6,Caja creada en MC,1111,Bastones clasicos,Bastones clasicos - Reserva Privada,Estacional,Corte steak,Bastones rectos de brocoli,363.8,245.1,211.2,12.731,174
MC1112,False,2.5x368.8x301.4x267.1,Caja creada en MC,1112,Bastones clasicos,Bastones clasicos - Sigilo,Forma estable,Forma,Espirales de brocoli,384.2,291.5,248.7,6.984,174
MC1113,False,2.5x411.8x302.0x363.5,Caja creada en MC,1113,Bastones clasicos,Bastones clasicos - Sigilo,Forma estable,Forma,Espirales de brocoli,399.8,305.8,343.4,11.736,174
MC1114,False,2.5x407.5x253.6x266.4,Caja creada en MC,1114,Bastones clasicos,Bastones clasicos - Sigilo,Forma estable,Forma,Espirales de brocoli,397.6,261.6,247.5,6.307,174
MC1115,False,2.7x400.0x240.0x254.33,Catálogo inicial,1115,Bastones extra crocantes,Bastones extra crocantes - Muy Crocantes,Estacional,Medio,Bastones rectos de brocoli,379.4,255.6,237.6,12.959,174
MC1116,False,3.0x400.0x269.82x196.42,Catálogo inicial,1116,Bastones clasicos,Bastones clasicos - Reserva Privada,Estacional,Medio,Bastones rectos de brocoli,394.9,252.2,197.3,12.052,174
MC1117,False,2.5x409.1x293.0x331.0,Caja creada en MC,1117,Bastones clasicos,Bastones clasicos - Reserva Privada,Estacional,Fino,Bastones rectos de brocoli,406.8,272.1,319.4,12.426,174
MC1118,False,2.5x368.8x301.4x267.1,Caja creada en MC,1118,Bastones clasicos,Bastones clasicos - Reserva Privada,Estacional,Medio,Bastones rectos de brocoli,395.0,285.8,247.4,12.475,174
MC1119,False,3.0x400.0x300.0x175.14,Catálogo inicial,1119,Bastones clasicos,Bastones clasicos - Reserva Privada,Estacional,Grueso,Bastones rectos de brocoli,382.9,277.0,183.2,12.888,174
MC1120,False,2.5x400.0x268.82x300.0,Catálogo inicial,1120,Bastones clasicos,Bastones clasicos - Sigilo,Forma estable,Forma,Brocoli en rejilla,380.6,271.3,292.1,12.73,174
MC1121,False,3.0x400.0x277.27x180.0,Catálogo inicial,1121,Bastones clasicos,Bastones clasicos - Legumes Frites,Estacional,Medio,Bastones rectos de brocoli,376.7,282.2,171.9,12.671,174
MC1122,False,2.5x411.8x308.5x261.5,Caja creada en MC,1122,Guarniciones,Guarniciones - Tortitas,Forma estable,Forma,Tortitas de brocoli,400.5,302.7,249.8,8.644,174
MC1123,False,2.7x411.9x311.29999999999995x206.1,Caja creada en MC,1123,Bastones clasicos,Bastones clasicos - Legumes Frites,Estacional,Fino,Bastones rectos de brocoli,388.3,305.5,202.3,12.956,174
MC1124,False,2.7x400.0x240.0x254.33,Catálogo inicial,1124,Guarniciones,Guarniciones - Legumes Croquetas,Forma estable,Forma,Croquetas de brocoli,387.2,252.5,235.5,10.928,174
MC1125,False,2.5x393.1x259.0x207.4,Caja creada en MC,1125,Bastones clasicos,Bastones clasicos - Sigilo,Forma estable,Forma,Dippers de brocoli,394.6,249.1,201.9,6.635,174
MC1126,False,2.7x400.0x240.0x237.31,Catálogo inicial,1126,Bastones clasicos,Bastones clasicos - Legumes Frites,Forma estable,Forma,Brocoli zigzag,389.3,243.0,224.5,9.779,174
MC1127,False,2.7x400.0x300.0x200.0,Catálogo inicial,1127,Bastones clasicos,Bastones clasicos - Sigilo,Estacional,Medio,Bastones rectos de brocoli,389.1,292.8,196.7,12.013,174
MC1128,False,2.5x403.2x257.6x275.3,Caja creada en MC,1128,Guarniciones,Guarniciones - Tortitas,Forma estable,Forma,Tortitas de brocoli,402.3,241.5,273.1,12.261,174
MC1129,False,3.0x400.0x300.0x178.34,Catálogo inicial,1129,Bastones clasicos,Bastones clasicos - Sigilo,Forma estable,Forma,Gajos de brocoli,398.1,292.8,168.9,9.687,174
MC1130,False,3.0x400.0x300.0x223.02,Catálogo inicial,1130,Bastones clasicos,Bastones clasicos - Sigilo,Forma estable,Forma,Dippers de brocoli,376.7,293.0,223.2,8.61,174
MC1131,False,2.5x373.7x298.5x213.6,Caja creada en MC,1131,Bastones clasicos,Bastones clasicos - Legumes Frites,Estacional,Fino,Bastones rectos de brocoli,363.8,285.7,216.3,10.995,174
MC1132,False,2.5x410.7x272.0x230.1,Caja creada en MC,1132,Bastones clasicos,Bastones clasicos - Sigilo,Estacional,Medio,Bastones rectos de brocoli,406.8,253.3,234.7,13.167,174
MC1133,False,2.5x401.0x249.6x249.7,Caja creada en MC,1133,Bastones clasicos,Bastones clasicos - Reserva Privada,Estacional,Fino,Bastones rectos de brocoli,385.9,252.2,241.6,12.968,174
MC1134,False,3.0x400.0x269.82x196.42,Catálogo inicial,1134,Bastones clasicos,Bastones clasicos - Legumes Frites Salados,Estacional,Medio,Bastones rectos de brocoli,372.8,256.3,204.6,12.44,174
MC1135,False,3.0x400.0x277.27x180.0,Catálogo inicial,1135,Bastones clasicos,Bastones clasicos - Mayordomo,Estacional,Medio,Bastones rectos de brocoli,377.7,279.3,176.0,12.047,174
MC1136,False,2.5x375.3x310.9x288.9,Caja creada en MC,1136,Bastones clasicos,Bastones clasicos - Legumes Frites,Estacional,Fino,Bastones rectos de brocoli,388.8,297.7,274.6,13.002,174
MC1137,False,3.0x400.0x266.63x225.0,Catálogo inicial,1137,Bastones clasicos,Bastones clasicos - Sigilo,Forma estable,Forma,Corte rustico de brocoli,382.8,283.0,205.9,12.482,174
MC1138,False,3.0x400.0x269.82x196.42,Catálogo inicial,1138,Bastones clasicos,Bastones clasicos - Sigilo,Estacional,Medio,Bastones rectos de brocoli,378.1,290.6,179.9,11.853,174
MC1139,False,3.0x400.9x251.9x192.9,Caja creada en MC,1139,Bastones clasicos,Bastones clasicos - Sigilo,Estacional,Fino,Bastones rectos de brocoli,406.8,236.5,182.6,6.894,174
MC1140,False,3.0x400.0x300.0x271.95,Catálogo inicial,1140,Bastones clasicos,Bastones clasicos - Sigilo,Estacional,Grueso,Bastones rectos de brocoli,382.6,305.9,257.6,13.4,174
MC1141,False,3.0x400.0x300.0x271.95,Catálogo inicial,1141,Bastones clasicos,Bastones clasicos - Reserva Privada,Estacional,Fino,Bastones rectos de brocoli,370.9,294.4,276.4,11.59,174
MC1142,False,2.7x409.9x275.79999999999995x184.20000000000002,Caja creada en MC,1142,Bastones clasicos,Bastones clasicos - Sigilo,Forma estable,Forma,Gajos de brocoli,393.5,292.3,168.3,12.191,174
MC1143,False,2.5x411.8x257.5x210.6,Caja creada en MC,1143,Bastones clasicos,Bastones clasicos - Sigilo,Forma estable,Forma,Dippers de brocoli,397.6,259.3,202.3,6.478,174
MC1144,False,2.5x410.0x304.1x231.5,Caja creada en MC,1144,Bastones clasicos,Bastones clasicos - Sigilo,Forma estable,Forma,Brocoli en rejilla,391.7,290.8,237.5,6.643,174
MC1145,False,2.7x400.0x276.67x250.08,Catálogo inicial,1145,Bastones extra crocantes,Bastones extra crocantes - Muy Crocantes,Estacional,Fino,Bastones rectos de brocoli,396.6,280.5,230.0,12.307,174
MC1146,False,2.5x411.8x271.2x149.8,Caja creada en MC,1146,Bastones clasicos,Bastones clasicos - Sigilo,Forma estable,Forma,Dippers de brocoli,395.3,259.2,144.9,4.388,174
MC1147,False,3.0x400.9x251.9x192.9,Caja creada en MC,1147,Guarniciones,Guarniciones - Cubos,Forma estable,Forma,Cubos de brocoli,388.6,242.0,191.5,12.773,174
MC1148,False,2.5x411.8x308.7x273.4,Caja creada en MC,1148,Bastones clasicos,Bastones clasicos - Sigilo,Forma estable,Forma,Espirales de brocoli,391.9,290.6,287.0,7.888,174
MC1149,False,3.0x400.0x300.0x256.0,Catálogo inicial,1149,Bastones clasicos,Bastones clasicos - Sigilo,Forma estable,Forma,Espirales de brocoli,395.7,305.9,235.3,9.909,174
MC1150,False,2.7x409.9x275.79999999999995x184.20000000000002,Caja creada en MC,1150,Bastones clasicos,Bastones clasicos - Sigilo,Estacional,Medio,Bastones rectos de brocoli,389.3,296.4,168.1,12.083,174
MC1151,False,2.7x400.0x300.0x195.82,Catálogo inicial,1151,Bastones clasicos,Bastones clasicos - Sigilo,Forma estable,Forma,Espirales de brocoli,397.5,289.7,191.2,5.277,174
MC1152,False,2.7x400.0x300.0x249.01,Catálogo inicial,1152,Brocoli especial,Brocoli especial - Bastones Especiales,Estacional,Corte steak,Bastones rectos de brocoli,404.2,285.6,241.8,12.783,174
MC1153,False,3.0x400.0x266.63x250.68,Catálogo inicial,1153,Bastones clasicos,Bastones clasicos - Grado B,Estacional,Medio,Bastones rectos de brocoli,399.5,250.1,243.8,12.595,174
MC1154,False,2.5x411.8x308.5x261.5,Caja creada en MC,1154,Bastones clasicos,Bastones clasicos - Sigilo,Forma estable,Forma,Espirales de brocoli,395.5,302.5,257.5,10.02,174
MC1155,False,2.5x411.8x267.8x319.2,Caja creada en MC,1155,Bastones clasicos,Bastones clasicos - Reserva Privada,Estacional,Fino,Bastones rectos de brocoli,385.4,256.1,339.3,12.3,174
MC1156,False,2.5x374.1x266.5x240.0,Caja creada en MC,1156,Bastones clasicos,Bastones clasicos - Legumes Frites,Forma estable,Forma,Brocoli zigzag,380.8,254.7,233.1,12.202,174
MC1157,False,2.7x400.0x300.0x257.14,Catálogo inicial,1157,Bastones clasicos,Bastones clasicos - Sigilo,Forma estable,Forma,Espirales de brocoli,394.7,302.6,242.9,10.148,174
MC1158,False,2.7x400.0x300.0x209.65,Catálogo inicial,1158,Bastones clasicos,Bastones clasicos - Sigilo,Forma estable,Forma,Dippers de brocoli,388.2,285.2,204.7,11.929,174
MC1159,False,3.0x400.0x300.0x238.97,Catálogo inicial,1159,Bastones clasicos,Bastones clasicos - Reserva Privada,Estacional,Fino,Bastones rectos de brocoli,405.2,290.5,220.0,12.969,174
MC1160,False,2.5x368.8x257.3x255.1,Caja creada en MC,1160,Snacks y aperitivos,Snacks y aperitivos - Base Brocoli,Forma estable,Forma,Bocaditos inflados de brocoli,372.1,242.8,248.6,11.436,174
MC1161,False,3.0x400.0x300.0x178.34,Catálogo inicial,1161,Bastones clasicos,Bastones clasicos - Reserva Privada,Estacional,Grueso,Bastones rectos de brocoli,392.9,286.2,175.5,12.823,174
MC1162,False,3.0x400.0x240.0x244.29,Catálogo inicial,1162,Bastones clasicos,Bastones clasicos - Sigilo,Estacional,Fino,Bastones rectos de brocoli,395.3,240.7,227.6,9.549,174
MC1163,False,2.7x381.7x267.79999999999995x162.0,Caja creada en MC,1163,Bastones clasicos,Bastones clasicos - Sigilo,Forma estable,Forma,Dippers de brocoli,394.2,262.8,147.4,4.39,174
MC1164,False,2.7x409.9x275.79999999999995x184.20000000000002,Caja creada en MC,1164,Bastones clasicos,Bastones clasicos - Legumes Frites,Estacional,Grueso,Bastones rectos de brocoli,406.8,279.4,169.9,9.689,174
MC1165,False,2.5x381.3x192.3x157.1,Caja creada en MC,1165,Guarniciones,Guarniciones - Legumes Croquetas,Forma estable,Forma,Rosti de brocoli,370.7,183.9,156.1,4.806,174
MC1166,False,3.0x375.8x300.7x170.7,Caja creada en MC,1166,Bastones clasicos,Bastones clasicos - Sigilo,Forma estable,Forma,Gajos de brocoli,389.8,285.4,156.8,9.469,174
MC1167,False,2.5x373.7x298.5x213.6,Caja creada en MC,1167,Guarniciones,Guarniciones - Tortitas,Forma estable,Forma,Rosti de brocoli,373.8,276.0,215.7,11.213,174
MC1168,False,2.5x405.3x255.5x229.9,Caja creada en MC,1168,Bastones clasicos,Bastones clasicos - Reserva Privada,Estacional,Medio,Bastones rectos de brocoli,388.9,250.3,223.9,12.744,174
MC1169,False,3.0x400.0x300.0x238.97,Catálogo inicial,1169,Bastones clasicos,Bastones clasicos - Grado B,Estacional,Fino,Bastones rectos de brocoli,388.9,297.9,221.7,12.106,174
MC1170,False,2.7x400.0x300.0x249.01,Catálogo inicial,1170,Bastones clasicos,Bastones clasicos - Sigilo,Forma estable,Forma,Espirales de brocoli,405.0,297.8,234.4,9.948,174
MC1171,False,2.5x411.8x267.8x319.2,Caja creada en MC,1171,Bastones clasicos,Bastones clasicos - Sigilo,Estacional,Fino,Bastones rectos de brocoli,388.7,247.3,316.7,12.67,174
MC1172,False,3.0x400.0x300.0x163.44,Catálogo inicial,1172,Snacks y aperitivos,Snacks y aperitivos - Queso,Co-produccion,Forma,Bocados de brocoli con mozzarella,402.7,290.6,150.3,5.226,174
MC1173,False,3.0x400.0x269.82x180.0,Catálogo inicial,1173,Snacks y aperitivos,Snacks y aperitivos - Queso,Co-produccion,Forma,Bocados de brocoli con queso crema,391.9,253.9,176.4,5.085,174
MC1174,False,2.5x410.0x304.1x231.5,Caja creada en MC,1174,Bastones clasicos,Bastones clasicos - Sigilo,Estacional,Grueso,Bastones rectos de brocoli,391.1,305.9,226.4,11.607,174
MC1175,False,2.5x400.0x300.0x292.23,Catálogo inicial,1175,Bastones clasicos,Bastones clasicos - Reserva Privada,Estacional,Fino,Bastones rectos de brocoli,406.8,284.4,281.7,12.679,174
MC1176,False,3.0x400.0x300.0x271.95,Catálogo inicial,1176,Bastones clasicos,Bastones clasicos - Legumes Frites,Estacional,Fino,Bastones rectos de brocoli,392.6,284.7,272.6,12.867,174
MC1177,False,3.0x400.0x300.0x300.0,Catálogo inicial,1177,Bastones clasicos,Bastones clasicos - Sigilo,Forma estable,Forma,Brocoli en rejilla,386.5,305.9,288.0,6.249,174
MC1178,False,3.0x407.1x259.5x211.5,Caja creada en MC,1178,Bastones clasicos,Bastones clasicos - Reserva Privada,Estacional,Medio,Bastones rectos de brocoli,384.8,240.9,221.0,12.454,174
MC1179,False,2.5x400.0x268.82x300.0,Catálogo inicial,1179,Bastones clasicos,Bastones clasicos - Sigilo,Forma estable,Forma,Brocoli en rejilla,377.0,288.8,278.6,9.739,174
MC1180,False,3.0x400.0x300.0x300.0,Catálogo inicial,1180,Bastones clasicos,Bastones clasicos - Reserva Privada,Estacional,Fino,Bastones rectos de brocoli,396.8,303.1,282.1,12.409,174
MC1181,False,3.0x400.0x269.82x180.0,Catálogo inicial,1181,Bastones clasicos,Bastones clasicos - Sigilo,Forma estable,Forma,Gajos de brocoli,388.7,254.1,182.0,12.666,174
MC1182,False,2.5x400.0x300.0x281.59,Catálogo inicial,1182,Bastones clasicos,Bastones clasicos - Sigilo,Forma estable,Forma,Espirales de brocoli,396.5,280.6,285.6,8.152,174
MC1183,False,2.5x410.7x272.0x230.1,Caja creada en MC,1183,Bastones clasicos,Bastones clasicos - Sigilo,Forma estable,Forma,Corte rustico de brocoli,392.3,252.0,240.3,12.647,174
MC1184,False,3.0x400.0x269.82x180.0,Catálogo inicial,1184,Snacks y aperitivos,Snacks y aperitivos - Queso,Co-produccion,Forma,Bocados de brocoli con queso cheddar,401.6,260.9,164.0,4.973,174
MC1185,False,3.0x400.0x300.0x256.0,Catálogo inicial,1185,Bastones clasicos,Bastones clasicos - Sigilo,Estacional,Grueso,Bastones rectos de brocoli,385.0,299.3,250.8,15.891,174
MC1186,False,2.7x372.7x265.79999999999995x220.8,Caja creada en MC,1186,Bastones clasicos,Bastones clasicos - Reserva Privada,Forma estable,Forma,Gajos de brocoli,367.7,245.7,226.6,10.071,174
MC1187,False,2.7x400.0x276.67x346.88,Catálogo inicial,1187,Bastones clasicos,Bastones clasicos - Reserva Privada,Estacional,Fino,Bastones rectos de brocoli,397.7,258.6,347.5,12.631,174
MC1188,False,2.5x407.5x253.6x266.4,Caja creada en MC,1188,Bastones clasicos,Bastones clasicos - Sigilo,Forma estable,Forma,Dippers de brocoli,389.9,243.8,268.9,12.118,174
MC1189,False,2.7x400.0x300.0x224.54,Catálogo inicial,1189,Bastones clasicos,Bastones clasicos - Sigilo,Estacional,Grueso,Bastones rectos de brocoli,398.9,299.2,212.8,11.185,174
MC1190,False,3.0x387.8x278.8x169.5,Caja creada en MC,1190,Snacks y aperitivos,Snacks y aperitivos - Queso,Co-produccion,Forma,Bocados de brocoli con queso cheddar,383.5,265.2,166.2,4.739,174
MC1191,False,2.5x411.8x310.3x228.1,Caja creada en MC,1191,Bastones clasicos,Bastones clasicos - Sigilo,Forma estable,Forma,Espirales de brocoli,403.0,305.3,212.2,6.507,174
MC1192,False,3.0x373.2x309.4x177.8,Caja creada en MC,1192,Bastones clasicos,Bastones clasicos - Sigilo,Estacional,Grueso,Bastones rectos de brocoli,379.3,291.9,168.9,9.692,174
MC1193,True,2.5x385.0x279.6x150.2,Caja nueva,1193,Bastones clasicos,Bastones clasicos - Sigilo,Estacional,Medio,Bastones rectos de brocoli,380.0,274.6,145.2,6.388,175
MC1194,False,2.7x400.0x240.0x206.46,Catálogo inicial,1194,Bastones clasicos,Bastones clasicos - Sigilo,Forma estable,Forma,Brocoli en rejilla,381.9,244.8,195.2,4.714,175
MC1195,False,3.0x400.0x300.0x186.85,Catálogo inicial,1195,Bastones clasicos,Bastones clasicos - Legumes Frites,Estacional,Medio,Bastones rectos de brocoli,401.1,290.6,179.4,12.066,175
MC1196,False,2.7x400.0x240.0x206.46,Catálogo inicial,1196,Bastones clasicos,Bastones clasicos - Legumes Frites,Estacional,Medio,Bastones rectos de brocoli,386.2,236.1,204.0,8.935,175
MC1197,False,2.7x412.2x302.9x182.20000000000002,Caja creada en MC,1197,Bastones clasicos,Bastones clasicos - Sigilo,Forma estable,Forma,Dippers de brocoli,393.0,284.1,187.7,5.861,175
MC1198,False,3.0x400.0x300.0x186.85,Catálogo inicial,1198,Bastones clasicos,Bastones clasicos - Sigilo,Estacional,Grueso,Bastones rectos de brocoli,400.4,288.6,176.9,12.904,175
MC1199,False,2.5x393.1x259.0x207.4,Caja creada en MC,1199,Guarniciones,Guarniciones - Cubos,Forma estable,Forma,Cubos de brocoli,406.8,246.3,197.9,10.99,175
MC1200,False,3.0x400.0x300.0x198.55,Catálogo inicial,1200,Bastones clasicos,Bastones clasicos - Sigilo,Estacional,Grueso,Bastones rectos de brocoli,374.7,286.9,206.1,13.282,175
MC1201,False,3.0x400.0x277.27x180.0,Catálogo inicial,1201,Bastones clasicos,Bastones clasicos - Legumes Frites,Estacional,Corte steak,Bastones rectos de brocoli,379.4,287.2,168.7,11.989,175
MC1202,False,3.0x400.0x266.63x256.0,Catálogo inicial,1202,Bastones clasicos,Bastones clasicos - Sigilo,Forma estable,Forma,Dippers de brocoli,375.9,251.7,268.8,12.346,175
MC1203,False,2.5x368.8x264.9x264.9,Caja creada en MC,1203,Bastones clasicos,Bastones clasicos - Reserva Privada,Estacional,Fino,Bastones rectos de brocoli,373.2,255.9,253.7,12.242,175
MC1204,False,3.0x375.8x300.7x170.7,Caja creada en MC,1204,Bastones clasicos,Bastones clasicos - Sigilo,Forma estable,Forma,Gajos de brocoli,375.5,293.2,154.9,9.54,175
MC1205,False,3.0x400.0x266.63x250.68,Catálogo inicial,1205,Bastones clasicos,Bastones clasicos - Grado B,Estacional,Fino,Bastones rectos de brocoli,389.5,255.6,247.6,12.378,175
MC1206,False,3.0x375.8x300.7x170.7,Caja creada en MC,1206,Bastones clasicos,Bastones clasicos - Sigilo,Forma estable,Forma,Brocoli zigzag,380.6,289.4,157.1,6.729,175
MC1207,False,3.0x400.0x277.27x287.91,Catálogo inicial,1207,Bastones clasicos,Bastones clasicos - Sigilo,Estacional,Medio,Bastones rectos de brocoli,382.8,272.0,284.9,12.682,175
MC1208,False,3.0x400.0x291.1x360.0,Catálogo inicial,1208,Bastones clasicos,Bastones clasicos - Sigilo,Forma estable,Forma,Brocoli en rejilla,388.6,283.6,350.6,11.554,175
MC1209,False,2.5x411.8x267.8x319.2,Caja creada en MC,1209,Bastones clasicos,Bastones clasicos - Sigilo,Forma estable,Forma,Brocoli en rejilla,391.6,289.5,296.0,12.244,175
MC1210,False,3.0x400.0x269.82x196.42,Catálogo inicial,1210,Bastones clasicos,Bastones clasicos - Legumes Frites,Estacional,Medio,Bastones rectos de brocoli,388.8,250.5,199.2,12.44,175
MC1211,False,2.7x400.0x240.0x211.78,Catálogo inicial,1211,Bastones clasicos,Bastones clasicos - Sigilo,Forma estable,Forma,Brocoli en rejilla,389.9,232.4,206.5,6.71,175
MC1212,False,2.5x375.3x310.9x288.9,Caja creada en MC,1212,Bastones clasicos,Bastones clasicos - Sigilo,Estacional,Medio,Bastones rectos de brocoli,390.6,289.0,281.5,13.189,175
MC1213,False,2.7x400.0x300.0x194.76,Catálogo inicial,1213,Bastones clasicos,Bastones clasicos - Reserva Privada,Estacional,Grueso,Bastones rectos de brocoli,406.8,296.3,179.2,12.587,175
MC1214,False,3.0x400.0x300.0x163.44,Catálogo inicial,1214,Bastones clasicos,Bastones clasicos - Mayordomo,Estacional,Grueso,Bastones rectos de brocoli,388.7,286.7,163.0,11.895,175
MC1215,False,3.0x373.7x257.7x226.6,Caja creada en MC,1215,Bastones clasicos,Bastones clasicos - Legumes Frites,Estacional,Medio,Bastones rectos de brocoli,363.8,241.3,230.7,13.163,175
MC1216,False,3.0x400.0x300.0x186.85,Catálogo inicial,1216,Bastones clasicos,Bastones clasicos - Sigilo,Estacional,Forma,Bastones rectos de brocoli,383.1,305.9,176.0,5.59,175
MC1217,False,2.5x397.7x244.9x307.2,Caja creada en MC,1217,Snacks y aperitivos,Snacks y aperitivos - Aros y Vegetales,Co-produccion,Forma,Aros de brocoli,372.5,254.8,299.8,4.981,175
MC1218,False,2.5x411.8x247.4x241.4,Caja creada en MC,1218,Bastones clasicos,Bastones clasicos - Sigilo,Estacional,Medio,Bastones rectos de brocoli,393.2,257.9,224.8,12.045,175
MC1219,False,2.7x400.0x300.0x209.65,Catálogo inicial,1219,Bastones clasicos,Bastones clasicos - Sigilo,Forma estable,Forma,Mix crujiente de brocoli,384.6,289.4,205.4,13.159,175
MC1220,False,3.0x375.8x300.7x170.7,Caja creada en MC,1220,Bastones clasicos,Bastones clasicos - Sigilo,Forma estable,Forma,Gajos de brocoli,382.5,284.8,164.3,9.437,175
MC1221,False,3.0x400.0x269.82x196.42,Catálogo inicial,1221,Guarniciones,Guarniciones - Cubos,Forma estable,Forma,Cubos de brocoli,406.8,249.4,193.5,12.748,175
MC1222,False,2.7x412.2x302.9x182.20000000000002,Caja creada en MC,1222,Guarniciones,Guarniciones - Otros,Estacional,Medio,Bastones rectos de brocoli,392.4,304.2,177.8,12.575,175
MC1223,False,2.5x411.8x308.7x273.4,Caja creada en MC,1223,Bastones clasicos,Bastones clasicos - Sigilo,Forma estable,Forma,Brocoli en rejilla,394.4,294.6,281.5,9.926,175
MC1224,False,3.0x400.0x269.82x180.0,Catálogo inicial,1224,Snacks y aperitivos,Snacks y aperitivos - Queso,Co-produccion,Forma,Bocados de brocoli con queso cheddar,382.0,261.3,172.3,5.256,175
MC1225,False,2.7x400.0x240.0x237.31,Catálogo inicial,1225,Bastones clasicos,Bastones clasicos - Sigilo,Estacional,Medio,Bastones rectos de brocoli,371.5,252.3,224.7,12.711,175
MC1226,True,2.5x385.4x249.4x148.0,Caja nueva,1226,Guarniciones,Guarniciones - Legumes Croquetas,Forma estable,Forma,Rosti de brocoli,380.4,244.4,143.0,4.916,176
MC1227,False,3.0x400.0x266.63x250.68,Catálogo inicial,1227,Bastones clasicos,Bastones clasicos - Sigilo,Forma estable,Forma,Dippers de brocoli,385.0,257.5,249.5,12.915,176
MC1228,False,3.0x369.8x290.5x165.9,Caja creada en MC,1228,Guarniciones,Guarniciones - Cubos,Forma estable,Forma,Cubos de brocoli,364.5,278.8,161.3,12.263,176
MC1229,False,3.0x400.0x300.0x279.4,Catálogo inicial,1229,Bastones clasicos,Bastones clasicos - Sigilo,Forma estable,Forma,Brocoli zigzag,383.9,288.4,285.1,13.064,176
MC1230,False,3.0x400.0x300.0x317.7,Catálogo inicial,1230,Bastones clasicos,Bastones clasicos - Sigilo,Estacional,Medio,Bastones rectos de brocoli,391.2,277.6,321.3,12.015,176
MC1231,False,2.5x369.7x291.0x269.1,Caja creada en MC,1231,Snacks y aperitivos,Snacks y aperitivos - Aros y Vegetales,Co-produccion,Forma,Aros de brocoli,390.5,278.8,251.2,4.845,176
MC1232,False,3.0x400.0x240.0x248.55,Catálogo inicial,1232,Bastones clasicos,Bastones clasicos - Sigilo,Estacional,Medio,Bastones rectos de brocoli,373.7,250.4,235.0,12.519,176
MC1233,False,3.0x400.0x269.82x180.0,Catálogo inicial,1233,Bastones clasicos,Bastones clasicos - Legumes Frites,Estacional,Medio,Bastones rectos de brocoli,373.8,275.2,170.3,12.638,176
MC1234,False,3.0x400.0x269.82x196.42,Catálogo inicial,1234,Bastones clasicos,Bastones clasicos - Sigilo,Estacional,Medio,Bastones rectos de brocoli,385.9,270.8,189.2,11.862,176
MC1235,False,2.7x375.59999999999997x308.4x189.1,Caja creada en MC,1235,Bastones clasicos,Bastones clasicos - Reserva Privada,Estacional,Corte steak,Bastones rectos de brocoli,392.1,300.8,173.8,12.686,176
MC1236,False,3.0x400.0x300.0x178.34,Catálogo inicial,1236,Bastones clasicos,Bastones clasicos - Sigilo,Forma estable,Forma,Gajos de brocoli,395.0,305.9,163.0,9.51,176
MC1237,False,2.5x405.3x255.5x229.9,Caja creada en MC,1237,Bastones clasicos,Bastones clasicos - Reserva Privada,Forma estable,Forma,Gajos de brocoli,392.3,262.5,217.6,12.98,176
MC1238,False,3.0x400.0x277.27x200.0,Catálogo inicial,1238,Bastones clasicos,Bastones clasicos - Reserva Privada,Forma estable,Forma,Gajos de brocoli,376.6,279.8,192.1,12.863,176
MC1239,False,2.5x370.5x299.0x316.4,Caja creada en MC,1239,Bastones clasicos,Bastones clasicos - Sigilo,Estacional,Grueso,Bastones rectos de brocoli,380.7,286.1,300.2,12.562,176
MC1240,False,2.5x411.8x310.4x177.7,Caja creada en MC,1240,Bastones clasicos,Bastones clasicos - Sigilo,Estacional,Forma,Bastones rectos de brocoli,400.2,303.9,173.9,5.513,176
MC1241,False,2.5x411.8x268.0x264.6,Caja creada en MC,1241,Bastones clasicos,Bastones clasicos - Sigilo,Forma estable,Forma,Brocoli en rejilla,390.0,256.3,276.2,6.321,176
MC1242,False,2.5x400.0x300.0x281.59,Catálogo inicial,1242,Bastones clasicos,Bastones clasicos - Sigilo,Forma estable,Forma,Brocoli en rejilla,381.0,283.1,297.4,12.976,176
MC1243,False,2.5x401.0x249.6x249.7,Caja creada en MC,1243,Bastones extra crocantes,Bastones extra crocantes - Muy Crocantes,Estacional,Medio,Bastones rectos de brocoli,402.3,255.3,230.6,12.5,176
MC1244,False,2.7x400.0x300.0x194.76,Catálogo inicial,1244,Bastones clasicos,Bastones clasicos - Sigilo,Estacional,Medio,Bastones rectos de brocoli,397.3,288.6,190.7,12.443,176
MC1245,False,2.5x407.5x253.6x266.4,Caja creada en MC,1245,Bastones clasicos,Bastones clasicos - Sigilo,Forma estable,Forma,Dippers de brocoli,397.8,252.1,260.5,12.722,176
MC1246,False,2.5x411.8x308.5x261.5,Caja creada en MC,1246,Bastones clasicos,Bastones clasicos - Sigilo,Forma estable,Forma,Espirales de brocoli,406.8,294.8,261.6,12.123,176
MC1247,False,2.7x375.0x286.2x216.3,Caja creada en MC,1247,Bastones clasicos,Bastones clasicos - Legumes Frites,Estacional,Fino,Bastones rectos de brocoli,377.9,287.0,198.4,12.017,176
MC1248,False,2.5x411.8x267.8x319.2,Caja creada en MC,1248,Bastones clasicos,Bastones clasicos - Reserva Privada,Estacional,Fino,Bastones rectos de brocoli,393.2,265.6,308.3,12.653,176
MC1249,False,3.0x400.0x300.0x238.97,Catálogo inicial,1249,Bastones clasicos,Bastones clasicos - Sigilo,Forma estable,Forma,Dippers de brocoli,386.1,296.4,228.9,12.088,176
MC1250,False,2.7x400.0x300.0x194.76,Catálogo inicial,1250,Bastones clasicos,Bastones clasicos - Legumes Frites,Estacional,Fino,Bastones rectos de brocoli,378.9,286.0,197.0,12.087,176
MC1251,False,3.0x400.0x300.0x175.14,Catálogo inicial,1251,Bastones clasicos,Bastones clasicos - Sigilo,Forma estable,Forma,Gajos de brocoli,378.5,300.7,168.4,8.97,176
MC1252,False,3.0x369.8x290.5x165.9,Caja creada en MC,1252,Bastones clasicos,Bastones clasicos - Mayordomo,Estacional,Grueso,Bastones rectos de brocoli,368.8,282.7,155.7,12.697,176
MC1253,False,2.7x400.0x276.67x250.08,Catálogo inicial,1253,Bastones clasicos,Bastones clasicos - Sigilo,Estacional,Medio,Bastones rectos de brocoli,394.1,267.4,245.5,12.03,176
MC1254,False,3.0x400.0x300.0x163.44,Catálogo inicial,1254,Bastones clasicos,Bastones clasicos - Sigilo,Forma estable,Forma,Gajos de brocoli,379.1,292.7,162.4,9.569,176
MC1255,False,2.5x411.8x268.0x264.6,Caja creada en MC,1255,Bastones clasicos,Bastones clasicos - Sigilo,Estacional,Medio,Bastones rectos de brocoli,394.0,280.0,245.2,12.161,176
MC1256,False,3.0x400.0x240.0x244.29,Catálogo inicial,1256,Bastones clasicos,Bastones clasicos - Reserva Privada,Estacional,Medio,Bastones rectos de brocoli,383.6,245.9,229.1,13.166,176
MC1257,False,2.5x369.3x252.8x285.7,Caja creada en MC,1257,Guarniciones,Guarniciones - Tortitas,Forma estable,Forma,Tortitas de brocoli,380.0,249.7,265.2,12.84,176
MC1258,False,2.7x409.9x275.79999999999995x184.20000000000002,Caja creada en MC,1258,Bastones clasicos,Bastones clasicos - Sigilo,Estacional,Fino,Bastones rectos de brocoli,395.8,258.2,182.4,6.665,176
MC1259,False,2.7x409.9x275.79999999999995x184.20000000000002,Caja creada en MC,1259,Bastones clasicos,Bastones clasicos - Sigilo,Estacional,Grueso,Bastones rectos de brocoli,387.7,289.4,173.8,12.716,176
MC1260,False,2.5x405.1x307.8x292.7,Caja creada en MC,1260,Bastones clasicos,Bastones clasicos - Legumes Frites,Estacional,Grueso,Bastones rectos de brocoli,394.7,304.8,285.5,11.991,176
MC1261,False,2.5x405.3x255.5x229.9,Caja creada en MC,1261,Bastones clasicos,Bastones clasicos - Grado B,Estacional,Medio,Bastones rectos de brocoli,406.8,249.9,214.6,12.248,176
MC1262,False,2.7x400.0x300.0x209.65,Catálogo inicial,1262,Brocoli especial,Brocoli especial - Bastones Especiales,Estacional,Corte steak,Bastones rectos de brocoli,398.3,299.9,193.3,12.539,176
MC1263,False,2.7x400.0x300.0x249.01,Catálogo inicial,1263,Bastones clasicos,Bastones clasicos - Sigilo,Estacional,Medio,Bastones rectos de brocoli,391.6,296.0,239.1,12.67,176
MC1264,False,3.0x373.2x309.4x177.8,Caja creada en MC,1264,Bastones clasicos,Bastones clasicos - Legumes Frites,Estacional,Medio,Bastones rectos de brocoli,367.7,288.0,179.5,12.463,176
MC1265,False,3.0x400.0x266.63x250.68,Catálogo inicial,1265,Bastones clasicos,Bastones clasicos - Sigilo,Forma estable,Forma,Brocoli zigzag,371.1,277.8,243.3,9.823,176
MC1266,False,2.5x400.0x276.27x255.0,Catálogo inicial,1266,Bastones clasicos,Bastones clasicos - Sigilo,Estacional,Medio,Bastones rectos de brocoli,406.8,265.8,247.7,12.529,176
MC1267,False,3.0x373.2x309.4x177.8,Caja creada en MC,1267,Guarniciones,Guarniciones - Cubos,Forma estable,Forma,Cubos de brocoli,377.3,298.6,163.2,12.439,176
MC1268,False,3.0x400.0x300.0x198.55,Catálogo inicial,1268,Bastones clasicos,Bastones clasicos - Sigilo,Estacional,Medio,Bastones rectos de brocoli,382.6,301.3,192.6,12.389,176
MC1269,False,2.7x400.0x240.0x211.78,Catálogo inicial,1269,Bastones clasicos,Bastones clasicos - Legumes Frites,Estacional,Corte steak,Bastones rectos de brocoli,382.6,249.5,198.0,12.34,176
MC1270,False,3.0x373.2x309.4x177.8,Caja creada en MC,1270,Bastones clasicos,Bastones clasicos - Sigilo,Estacional,Medio,Bastones rectos de brocoli,387.0,290.0,167.1,12.587,176
MC1271,False,2.5x385.4x249.4x148.0,Caja creada en MC,1271,Guarniciones,Guarniciones - Legumes Croquetas,Forma estable,Forma,Rosti de brocoli,369.7,251.4,139.5,5.062,176
MC1272,False,2.7x409.9x275.79999999999995x184.20000000000002,Caja creada en MC,1272,Bastones clasicos,Bastones clasicos - Sigilo,Forma estable,Forma,Gajos de brocoli,387.4,297.6,169.3,12.574,176
MC1273,False,2.7x412.2x302.9x182.20000000000002,Caja creada en MC,1273,Bastones clasicos,Bastones clasicos - Legumes Frites,Estacional,Medio,Bastones rectos de brocoli,394.0,282.3,191.3,10.611,176
MC1274,False,2.7x369.9x243.1x261.3,Caja creada en MC,1274,Bastones clasicos,Bastones clasicos - Reserva Privada,Estacional,Fino,Bastones rectos de brocoli,373.7,241.7,243.8,12.125,176
MC1275,False,3.0x369.8x259.5x209.3,Caja creada en MC,1275,Bastones clasicos,Bastones clasicos - Legumes Frites,Estacional,Medio,Bastones rectos de brocoli,363.8,238.3,204.0,8.855,176
MC1276,False,2.5x370.5x299.0x316.4,Caja creada en MC,1276,Bastones clasicos,Bastones clasicos - Sigilo,Forma estable,Forma,Brocoli en rejilla,396.9,279.5,293.4,13.052,176
MC1277,False,3.0x400.0x240.0x291.1,Catálogo inicial,1277,Bastones clasicos,Bastones clasicos - Sigilo,Forma estable,Forma,Espirales de brocoli,388.7,249.7,270.0,6.53,176
MC1278,False,3.0x400.0x300.0x238.97,Catálogo inicial,1278,Bastones clasicos,Bastones clasicos - Sigilo,Estacional,Grueso,Bastones rectos de brocoli,387.6,295.8,232.4,11.111,176
MC1279,False,2.5x375.1x293.3x229.2,Caja creada en MC,1279,Bastones clasicos,Bastones clasicos - Reserva Privada,Estacional,Fino,Bastones rectos de brocoli,376.3,297.9,213.4,12.584,176
MC1280,False,2.7x400.0x300.0x209.65,Catálogo inicial,1280,Snacks y aperitivos,Snacks y aperitivos - Aros y Vegetales,Co-produccion,Forma,Aros de brocoli,386.2,300.4,201.0,4.829,176
MC1281,False,2.7x411.9x311.29999999999995x206.1,Caja creada en MC,1281,Snacks y aperitivos,Snacks y aperitivos - Aros y Vegetales,Co-produccion,Forma,Aros de brocoli,394.4,290.4,215.1,5.196,176
MC1282,True,2.5x406.6x305.7x150.0,Caja nueva,1282,Snacks y aperitivos,Snacks y aperitivos - Queso,Co-produccion,Forma,Bocados de brocoli con mozzarella,401.6,300.7,145.0,5.028,177
MC1283,False,2.7x400.0x240.0x211.78,Catálogo inicial,1283,Bastones clasicos,Bastones clasicos - Sigilo,Estacional,Medio,Bastones rectos de brocoli,371.1,246.0,207.3,12.249,177
MC1284,False,3.0x400.0x266.63x250.68,Catálogo inicial,1284,Guarniciones,Guarniciones - Tortitas,Forma estable,Forma,Tortitas de brocoli,382.0,281.3,230.9,10.945,177
MC1285,False,2.7x408.59999999999997x253.3x207.4,Caja creada en MC,1285,Bastones clasicos,Bastones clasicos - Legumes Frites,Estacional,Corte steak,Bastones rectos de brocoli,390.8,251.6,205.0,12.302,177
MC1286,False,3.0x373.7x257.7x226.6,Caja creada en MC,1286,Bastones clasicos,Bastones clasicos - Grado B,Estacional,Medio,Bastones rectos de brocoli,364.9,241.0,226.1,12.992,177
MC1287,False,3.0x400.0x269.82x196.42,Catálogo inicial,1287,Bastones clasicos,Bastones clasicos - Legumes Frites,Estacional,Medio,Bastones rectos de brocoli,391.8,275.3,182.2,12.424,177
MC1288,False,2.5x385.4x265.1x151.0,Caja creada en MC,1288,Guarniciones,Guarniciones - Legumes Croquetas,Forma estable,Forma,Tortitas de brocoli,366.5,259.4,148.0,5.023,177
MC1289,False,3.0x400.0x240.0x196.42,Catálogo inicial,1289,Bastones clasicos,Bastones clasicos - Legumes Frites,Estacional,Corte steak,Bastones rectos de brocoli,386.8,235.1,187.2,12.715,177
MC1290,False,3.0x400.0x269.82x196.42,Catálogo inicial,1290,Bastones clasicos,Bastones clasicos - Reserva Privada,Estacional,Corte steak,Bastones rectos de brocoli,385.8,256.3,199.1,12.222,177
MC1291,True,3.0x404.6x305.0x164.5,Caja nueva,1291,Bastones clasicos,Bastones clasicos - Sigilo,Forma estable,Forma,Gajos de brocoli,398.6,299.0,158.5,12.573,178
MC1292,False,2.7x400.0x300.0x194.76,Catálogo inicial,1292,Brocoli especial,Brocoli especial - Bastones Especiales,Estacional,Corte steak,Bastones rectos de brocoli,401.5,288.8,188.3,12.603,178
MC1293,False,2.5x368.8x301.4x267.1,Caja creada en MC,1293,Bastones clasicos,Bastones clasicos - Sigilo,Forma estable,Forma,Espirales de brocoli,366.8,298.6,255.6,9.295,178
MC1294,False,2.7x400.0x300.0x209.65,Catálogo inicial,1294,Bastones clasicos,Bastones clasicos - Sigilo,Estacional,Medio,Bastones rectos de brocoli,385.7,305.9,196.8,12.595,178
MC1295,False,3.0x404.6x305.0x164.5,Caja creada en MC,1295,Bastones clasicos,Bastones clasicos - Sigilo,Forma estable,Forma,Brocoli zigzag,396.6,291.9,161.4,6.741,178
MC1296,False,3.0x400.0x277.27x217.7,Catálogo inicial,1296,Bastones clasicos,Bastones clasicos - Reserva Privada,Estacional,Corte steak,Bastones rectos de brocoli,390.7,261.6,204.9,12.549,178
MC1297,False,2.5x398.9x278.8x296.1,Caja creada en MC,1297,Bastones clasicos,Bastones clasicos - Sigilo,Forma estable,Forma,Brocoli en rejilla,391.5,280.2,283.4,12.513,178
MC1298,False,2.5x411.8x252.9x150.9,Caja creada en MC,1298,Bastones clasicos,Bastones clasicos - Sigilo,Forma estable,Forma,Dippers de brocoli,402.3,251.3,142.9,4.535,178
MC1299,False,3.0x400.0x300.0x238.97,Catálogo inicial,1299,Bastones clasicos,Bastones clasicos - Sigilo,Forma estable,Forma,Brocoli en rejilla,402.2,288.9,226.9,6.761,178
MC1300,False,2.7x411.9x311.29999999999995x206.1,Caja creada en MC,1300,Bastones clasicos,Bastones clasicos - Sigilo,Estacional,Fino,Bastones rectos de brocoli,384.5,290.0,221.3,12.058,178
MC1301,True,2.5x371.5x303.0x148.7,Caja nueva,1301,Snacks y aperitivos,Snacks y aperitivos - Queso,Co-produccion,Forma,Bocados de brocoli con queso cheddar,366.5,298.0,143.7,4.949,179
MC1302,False,3.0x400.0x300.0x238.97,Catálogo inicial,1302,Bastones clasicos,Bastones clasicos - Sigilo,Estacional,Grueso,Bastones rectos de brocoli,389.6,294.4,222.6,14.025,179
MC1303,False,3.0x400.0x300.0x256.0,Catálogo inicial,1303,Bastones clasicos,Bastones clasicos - Sigilo,Forma estable,Forma,Brocoli zigzag,399.9,282.8,252.8,9.891,179
MC1304,False,2.5x370.0x279.7x286.2,Caja creada en MC,1304,Bastones clasicos,Bastones clasicos - Reserva Privada,Estacional,Fino,Bastones rectos de brocoli,373.4,276.7,270.5,12.672,179
MC1305,False,2.7x400.0x300.0x209.65,Catálogo inicial,1305,Bastones clasicos,Bastones clasicos - Legumes Frites,Estacional,Fino,Bastones rectos de brocoli,387.2,285.3,213.4,11.909,179
MC1306,True,2.5x410.8x310.9x334.0,Caja nueva,1306,Bastones clasicos,Bastones clasicos - Reserva Privada,Forma estable,Forma,Brocoli en rejilla,405.8,305.9,329.0,11.203,180
MC1307,False,3.0x373.2x309.4x177.8,Caja creada en MC,1307,Bastones clasicos,Bastones clasicos - Legumes Frites,Estacional,Medio,Bastones rectos de brocoli,381.4,285.3,174.4,12.924,180
MC1308,False,2.7x381.7x267.79999999999995x162.0,Caja creada en MC,1308,Snacks y aperitivos,Snacks y aperitivos - Queso,Co-produccion,Forma,Bocados de brocoli con queso cheddar,363.8,252.0,167.4,4.954,180
MC1309,False,2.5x374.1x266.5x240.0,Caja creada en MC,1309,Bastones clasicos,Bastones clasicos - Legumes Frites,Forma estable,Forma,Brocoli zigzag,365.4,257.8,233.1,9.46,180
MC1310,False,3.0x400.0x269.82x196.42,Catálogo inicial,1310,Bastones clasicos,Bastones clasicos - Sigilo,Forma estable,Forma,Espirales de brocoli,406.8,253.2,181.5,4.458,180
MC1311,False,2.5x399.4x277.8x229.1,Caja creada en MC,1311,Bastones clasicos,Bastones clasicos - Sigilo,Estacional,Fino,Bastones rectos de brocoli,381.6,284.7,220.3,12.767,180
MC1312,False,3.0x369.8x259.5x209.3,Caja creada en MC,1312,Bastones clasicos,Bastones clasicos - Sigilo,Forma estable,Forma,Espirales de brocoli,363.8,240.9,200.2,6.832,180
MC1313,False,2.5x399.4x277.8x229.1,Caja creada en MC,1313,Bastones clasicos,Bastones clasicos - Legumes Frites,Forma estable,Forma,Brocoli zigzag,394.1,262.6,231.9,9.868,180
MC1314,False,2.5x369.3x252.8x285.7,Caja creada en MC,1314,Bastones clasicos,Bastones clasicos - Grado B,Estacional,Fino,Bastones rectos de brocoli,393.2,235.6,269.3,12.42,180
MC1315,False,2.7x400.0x300.0x209.65,Catálogo inicial,1315,Bastones clasicos,Bastones clasicos - Reserva Privada,Forma estable,Forma,Gajos de brocoli,392.6,288.7,205.8,12.854,180
MC1316,False,2.5x405.3x255.5x229.9,Caja creada en MC,1316,Bastones clasicos,Bastones clasicos - Reserva Privada,Estacional,Fino,Bastones rectos de brocoli,382.1,242.6,242.3,10.941,180
MC1317,False,2.5x400.0x300.0x281.59,Catálogo inicial,1317,Bastones clasicos,Bastones clasicos - Reserva Privada,Estacional,Fino,Bastones rectos de brocoli,391.3,282.5,290.4,12.772,180
MC1318,False,3.0x400.0x266.63x250.68,Catálogo inicial,1318,Bastones clasicos,Bastones clasicos - Sigilo,Forma estable,Forma,Corte rustico de brocoli,397.3,267.9,235.6,12.815,180
MC1319,False,3.0x400.0x277.27x225.0,Catálogo inicial,1319,Snacks y aperitivos,Snacks y aperitivos - Aros y Vegetales,Co-produccion,Forma,Aros de brocoli,396.1,281.8,206.4,4.849,180
MC1320,False,3.0x400.0x266.63x250.68,Catálogo inicial,1320,Bastones clasicos,Bastones clasicos - Legumes Frites,Estacional,Medio,Bastones rectos de brocoli,406.0,246.9,238.0,13.297,180
MC1321,False,2.7x400.0x300.0x257.14,Catálogo inicial,1321,Bastones clasicos,Bastones clasicos - Sigilo,Forma estable,Forma,Espirales de brocoli,397.2,284.9,256.6,12.256,180
MC1322,False,2.5x369.7x291.0x269.1,Caja creada en MC,1322,Bastones clasicos,Bastones clasicos - Sigilo,Forma estable,Forma,Espirales de brocoli,367.7,289.6,249.4,12.676,180
MC1323,False,2.5x411.8x308.7x273.4,Caja creada en MC,1323,Bastones clasicos,Bastones clasicos - Sigilo,Forma estable,Forma,Brocoli en rejilla,400.3,292.1,281.3,7.954,180
MC1324,False,3.0x400.0x300.0x238.97,Catálogo inicial,1324,Bastones clasicos,Bastones clasicos - Reserva Privada,Estacional,Fino,Bastones rectos de brocoli,406.8,282.0,228.8,13.087,180
MC1325,True,2.5x411.8x253.4x280.9,Caja nueva,1325,Bastones clasicos,Bastones clasicos - Sigilo,Forma estable,Forma,Tiras para dip de brocoli,406.8,248.4,275.9,9.381,181
MC1326,False,3.0x407.1x259.5x211.5,Caja creada en MC,1326,Guarniciones,Guarniciones - Pure,Co-produccion,Forma,Pure de brocoli,389.9,254.4,210.4,12.567,181
MC1327,False,3.0x400.0x266.63x250.68,Catálogo inicial,1327,Bastones clasicos,Bastones clasicos - Sigilo,Estacional,Medio,Bastones rectos de brocoli,406.7,255.6,236.6,12.727,181
MC1328,False,2.7x409.9x275.79999999999995x184.20000000000002,Caja creada en MC,1328,Bastones clasicos,Bastones clasicos - Legumes Frites,Estacional,Medio,Bastones rectos de brocoli,390.6,285.8,174.6,10.712,181
MC1329,False,3.0x400.0x300.0x179.4,Catálogo inicial,1329,Bastones clasicos,Bastones clasicos - Reserva Privada,Estacional,Medio,Bastones rectos de brocoli,406.8,285.7,172.3,12.473,181
MC1330,False,2.7x400.0x240.0x237.31,Catálogo inicial,1330,Bastones clasicos,Bastones clasicos - Sigilo,Estacional,Medio,Bastones rectos de brocoli,384.2,250.0,219.7,12.4,181
MC1331,False,3.0x400.0x269.82x180.0,Catálogo inicial,1331,Snacks y aperitivos,Snacks y aperitivos - Queso,Co-produccion,Forma,Bocados de brocoli con mozzarella,387.0,262.6,172.9,4.923,181
MC1332,False,2.5x368.8x267.8x175.7,Caja creada en MC,1332,Snacks y aperitivos,Snacks y aperitivos - Queso,Co-produccion,Forma,Bocados de brocoli con queso crema,389.4,253.6,165.2,4.934,181
MC1333,False,2.7x400.0x240.0x254.33,Catálogo inicial,1333,Bastones clasicos,Bastones clasicos - Sigilo,Estacional,Medio,Bastones rectos de brocoli,387.2,251.6,234.6,12.917,181
MC1334,False,2.5x385.4x265.1x151.0,Caja creada en MC,1334,Bastones clasicos,Bastones clasicos - Sigilo,Forma estable,Forma,Corte rustico de brocoli,372.8,256.2,150.7,6.629,181
MC1335,False,3.0x373.7x257.7x226.6,Caja creada en MC,1335,Bastones clasicos,Bastones clasicos - Reserva Privada,Estacional,Medio,Bastones rectos de brocoli,363.8,249.5,222.4,12.712,181
MC1336,False,3.0x400.0x277.27x200.0,Catálogo inicial,1336,Bastones clasicos,Bastones clasicos - Sigilo,Estacional,Medio,Bastones rectos de brocoli,382.9,282.9,187.7,12.618,181
MC1337,False,2.5x373.4x290.1x278.6,Caja creada en MC,1337,Bastones clasicos,Bastones clasicos - Legumes Frites,Estacional,Fino,Bastones rectos de brocoli,384.2,282.1,263.6,12.455,181
MC1338,False,2.5x403.2x257.6x275.3,Caja creada en MC,1338,Bastones clasicos,Bastones clasicos - Sigilo,Forma estable,Forma,Brocoli en rejilla,377.3,248.0,284.9,6.601,181
MC1339,False,2.7x400.0x300.0x209.65,Catálogo inicial,1339,Bastones clasicos,Bastones clasicos - Sigilo,Estacional,Medio,Bastones rectos de brocoli,406.8,288.2,198.0,8.379,181
MC1340,False,2.7x409.9x275.79999999999995x184.20000000000002,Caja creada en MC,1340,Bastones clasicos,Bastones clasicos - Sigilo,Estacional,Medio,Bastones rectos de brocoli,393.2,271.0,182.1,8.405,181
MC1341,False,3.0x400.0x266.63x256.0,Catálogo inicial,1341,Guarniciones,Guarniciones - Legumes Croquetas,Forma estable,Forma,Croquetas de brocoli,394.7,254.5,254.3,12.31,181
MC1342,False,2.7x408.59999999999997x253.3x207.4,Caja creada en MC,1342,Bastones clasicos,Bastones clasicos - Sigilo,Forma estable,Forma,Rodajas de brocoli,383.0,234.0,218.1,9.752,181
MC1343,False,2.5x411.8x308.7x273.4,Caja creada en MC,1343,Bastones clasicos,Bastones clasicos - Sigilo,Forma estable,Forma,Brocoli en rejilla,395.6,288.8,287.8,12.015,181
MC1344,False,3.0x400.0x277.27x287.91,Catálogo inicial,1344,Bastones clasicos,Bastones clasicos - Sigilo,Forma estable,Forma,Brocoli en rejilla,396.3,255.3,279.9,6.524,181
MC1345,False,3.0x400.0x277.27x217.7,Catálogo inicial,1345,Bastones clasicos,Bastones clasicos - Reserva Privada,Estacional,Medio,Bastones rectos de brocoli,406.8,255.3,204.5,12.848,181
MC1346,False,2.7x400.0x300.0x200.0,Catálogo inicial,1346,Bastones clasicos,Bastones clasicos - Sigilo,Estacional,Medio,Bastones rectos de brocoli,386.6,288.1,202.3,12.197,181
MC1347,False,2.5x408.3x310.9x146.1,Caja creada en MC,1347,Bastones clasicos,Bastones clasicos - Sigilo,Estacional,Medio,Bastones rectos de brocoli,393.8,287.8,151.6,6.382,181
MC1348,False,2.5x375.3x310.9x288.9,Caja creada en MC,1348,Snacks y aperitivos,Snacks y aperitivos - Aros y Vegetales,Co-produccion,Forma,Aros de brocoli,397.3,296.5,272.0,5.068,181
MC1349,False,2.5x393.6x259.4x350.2,Caja creada en MC,1349,Bastones clasicos,Bastones clasicos - Reserva Privada,Estacional,Fino,Bastones rectos de brocoli,381.7,259.7,327.4,12.68,181
MC1350,False,2.5x399.4x277.8x229.1,Caja creada en MC,1350,Bastones clasicos,Bastones clasicos - Mayordomo,Estacional,Medio,Bastones rectos de brocoli,392.7,283.3,215.5,11.587,181
MC1351,False,3.0x400.0x300.0x150.0,Catálogo inicial,1351,Snacks y aperitivos,Snacks y aperitivos - Queso,Co-produccion,Forma,Bocados de brocoli con mozzarella,406.8,279.8,140.0,5.302,181
MC1352,False,2.7x400.0x300.0x195.82,Catálogo inicial,1352,Bastones clasicos,Bastones clasicos - Reserva Privada,Estacional,Grueso,Bastones rectos de brocoli,380.9,305.9,189.4,12.698,181
MC1353,False,2.7x372.7x265.79999999999995x220.8,Caja creada en MC,1353,Bastones clasicos,Bastones clasicos - Grado B,Estacional,Medio,Bastones rectos de brocoli,397.9,249.5,205.2,12.761,181
MC1354,False,2.5x407.5x253.6x266.4,Caja creada en MC,1354,Bastones clasicos,Bastones clasicos - Reserva Privada,Estacional,Fino,Bastones rectos de brocoli,406.8,255.8,248.1,12.446,181
MC1355,False,2.7x409.9x275.79999999999995x184.20000000000002,Caja creada en MC,1355,Bastones clasicos,Bastones clasicos - Reserva Privada,Estacional,Grueso,Bastones rectos de brocoli,401.3,275.1,169.5,11.804,181
MC1356,False,3.0x400.0x300.0x178.34,Catálogo inicial,1356,Bastones clasicos,Bastones clasicos - Reserva Privada,Estacional,Medio,Bastones rectos de brocoli,388.1,289.0,176.3,12.753,181
MC1357,False,2.5x369.9x188.4x161.6,Caja creada en MC,1357,Guarniciones,Guarniciones - Legumes Croquetas,Forma estable,Forma,Croquetas de brocoli,363.8,176.9,153.3,4.915,181
MC1358,False,2.7x381.7x267.79999999999995x162.0,Caja creada en MC,1358,Guarniciones,Guarniciones - Legumes Croquetas,Forma estable,Forma,Tortitas de brocoli,385.9,248.7,155.1,5.082,181
MC1359,False,2.7x375.0x286.2x216.3,Caja creada en MC,1359,Bastones clasicos,Bastones clasicos - Sigilo,Forma estable,Forma,Corte rustico de brocoli,363.8,295.0,203.3,12.418,181
MC1360,False,3.0x404.6x305.0x164.5,Caja creada en MC,1360,Bastones clasicos,Bastones clasicos - Legumes Frites,Estacional,Medio,Bastones rectos de brocoli,400.9,290.0,160.9,12.589,181
MC1361,False,3.0x400.0x300.0x178.34,Catálogo inicial,1361,Bastones clasicos,Bastones clasicos - Mayordomo,Estacional,Grueso,Bastones rectos de brocoli,388.0,290.9,176.2,12.209,181
MC1362,True,3.0x405.6x278.7x196.4,Caja nueva,1362,Bastones clasicos,Bastones clasicos - Sigilo,Estacional,Medio,Bastones rectos de brocoli,399.6,272.7,190.4,12.824,182
MC1363,False,2.5x374.1x266.5x240.0,Caja creada en MC,1363,Bastones clasicos,Bastones clasicos - Sigilo,Forma estable,Forma,Tiras para dip de brocoli,372.6,261.7,223.2,6.268,182
MC1364,False,3.0x400.0x240.0x196.42,Catálogo inicial,1364,Guarniciones,Guarniciones - Cubos,Forma estable,Forma,Cubos de brocoli,374.7,245.9,184.9,13.342,182
MC1365,False,2.7x412.2x302.9x182.20000000000002,Caja creada en MC,1365,Bastones clasicos,Bastones clasicos - Legumes Frites,Estacional,Medio,Bastones rectos de brocoli,389.0,299.1,182.6,11.739,182
MC1366,False,3.0x400.0x277.27x200.0,Catálogo inicial,1366,Bastones clasicos,Bastones clasicos - Reserva Privada,Estacional,Corte steak,Bastones rectos de brocoli,392.6,262.8,197.8,13.112,182
MC1367,False,3.0x400.0x269.82x180.0,Catálogo inicial,1367,Bastones clasicos,Bastones clasicos - Sigilo,Estacional,Grueso,Bastones rectos de brocoli,377.4,252.3,189.3,12.978,182
MC1368,False,2.5x398.9x278.8x296.1,Caja creada en MC,1368,Bastones clasicos,Bastones clasicos - Sigilo,Forma estable,Forma,Brocoli en rejilla,387.0,278.7,286.3,12.468,182
MC1369,False,2.7x412.2x302.9x182.20000000000002,Caja creada en MC,1369,Bastones clasicos,Bastones clasicos - Legumes Frites,Estacional,Medio,Bastones rectos de brocoli,406.8,287.3,181.0,12.937,182
MC1370,False,2.5x410.0x304.1x231.5,Caja creada en MC,1370,Bastones clasicos,Bastones clasicos - Sigilo,Estacional,Grueso,Bastones rectos de brocoli,404.9,291.8,230.2,12.962,182
MC1371,False,2.7x400.0x300.0x194.76,Catálogo inicial,1371,Bastones clasicos,Bastones clasicos - Reserva Privada,Estacional,Medio,Bastones rectos de brocoli,400.2,288.3,185.7,11.917,182
MC1372,False,2.5x405.3x255.5x229.9,Caja creada en MC,1372,Bastones clasicos,Bastones clasicos - Sigilo,Estacional,Medio,Bastones rectos de brocoli,403.0,253.1,219.2,13.064,182
MC1373,False,3.0x399.3x249.3x176.7,Caja creada en MC,1373,Snacks y aperitivos,Snacks y aperitivos - Queso,Co-produccion,Forma,Bocados de brocoli con queso cheddar,406.8,234.7,166.8,5.169,182
MC1374,False,3.0x400.0x300.0x296.42,Catálogo inicial,1374,Bastones clasicos,Bastones clasicos - Sigilo,Forma estable,Forma,Brocoli en rejilla,392.7,305.9,278.8,7.992,182
MC1375,False,2.5x374.1x266.5x240.0,Caja creada en MC,1375,Bastones clasicos,Bastones clasicos - Sigilo,Estacional,Medio,Bastones rectos de brocoli,363.8,247.4,238.4,10.596,182
MC1376,False,2.7x409.9x275.79999999999995x184.20000000000002,Caja creada en MC,1376,Guarniciones,Guarniciones - Otros,Estacional,Medio,Bastones rectos de brocoli,383.8,281.8,174.7,12.28,182
MC1377,False,3.0x375.8x300.7x170.7,Caja creada en MC,1377,Bastones clasicos,Bastones clasicos - Legumes Frites,Estacional,Medio,Bastones rectos de brocoli,389.3,277.3,158.2,11.817,182
MC1378,False,2.7x400.0x300.0x360.0,Catálogo inicial,1378,Bastones clasicos,Bastones clasicos - Sigilo,Forma estable,Forma,Brocoli zigzag,376.7,291.1,365.6,12.854,182
MC1379,False,3.0x400.0x269.82x180.0,Catálogo inicial,1379,Bastones clasicos,Bastones clasicos - Sigilo,Estacional,Fino,Bastones rectos de brocoli,390.9,248.2,186.0,6.425,182
MC1380,False,2.5x399.4x277.8x229.1,Caja creada en MC,1380,Bastones clasicos,Bastones clasicos - Reserva Privada,Estacional,Fino,Bastones rectos de brocoli,378.0,266.7,237.3,12.608,182
MC1381,False,2.5x411.8x302.0x363.5,Caja creada en MC,1381,Bastones clasicos,Bastones clasicos - Sigilo,Forma estable,Forma,Brocoli en rejilla,405.5,291.5,354.7,11.696,182
MC1382,False,2.7x411.9x311.29999999999995x206.1,Caja creada en MC,1382,Bastones clasicos,Bastones clasicos - Sigilo,Estacional,Fino,Bastones rectos de brocoli,396.7,292.5,214.1,11.965,182
MC1383,False,2.5x407.5x253.6x266.4,Caja creada en MC,1383,Bastones clasicos,Bastones clasicos - Grado B,Estacional,Fino,Bastones rectos de brocoli,400.7,253.5,252.9,12.589,182
MC1384,False,2.7x400.0x273.48x225.0,Catálogo inicial,1384,Bastones clasicos,Bastones clasicos - Sigilo,Forma estable,Forma,Dippers de brocoli,393.2,276.2,208.8,12.375,182
MC1385,False,3.0x400.0x277.27x200.0,Catálogo inicial,1385,Bastones clasicos,Bastones clasicos - Legumes Frites,Estacional,Medio,Bastones rectos de brocoli,379.6,282.8,192.2,12.814,182
MC1386,False,2.5x411.2x274.7x227.2,Caja creada en MC,1386,Bastones clasicos,Bastones clasicos - Sigilo,Forma estable,Forma,Brocoli ondulado,390.3,275.3,225.0,12.025,182
MC1387,False,2.5x400.0x240.0x343.29,Catálogo inicial,1387,Bastones clasicos,Bastones clasicos - Reserva Privada,Estacional,Fino,Bastones rectos de brocoli,379.0,247.1,325.5,12.216,182
MC1388,False,2.5x369.7x291.0x269.1,Caja creada en MC,1388,Bastones clasicos,Bastones clasicos - Legumes Frites,Estacional,Corte steak,Bastones rectos de brocoli,363.8,279.6,261.5,12.765,182
MC1389,False,2.5x411.2x274.7x227.2,Caja creada en MC,1389,Bastones clasicos,Bastones clasicos - Grado B,Estacional,Medio,Bastones rectos de brocoli,394.8,261.5,235.6,11.681,182
MC1390,False,3.0x400.0x300.0x271.95,Catálogo inicial,1390,Bastones clasicos,Bastones clasicos - Sigilo,Forma estable,Forma,Espirales de brocoli,398.8,292.8,255.5,10.276,182
MC1391,False,2.5x411.8x271.2x149.8,Caja creada en MC,1391,Bastones clasicos,Bastones clasicos - Sigilo,Forma estable,Forma,Dippers de brocoli,406.8,251.6,153.1,4.781,182
MC1392,False,2.5x407.5x253.6x266.4,Caja creada en MC,1392,Bastones clasicos,Bastones clasicos - Sigilo,Forma estable,Forma,Dippers de brocoli,401.1,262.5,246.6,12.535,182
MC1393,False,2.5x400.0x300.0x225.0,Catálogo inicial,1393,Snacks y aperitivos,Snacks y aperitivos - Aros y Vegetales,Co-produccion,Forma,Aros de brocoli,406.8,299.1,210.6,4.876,182
MC1394,False,2.5x400.0x276.27x255.0,Catálogo inicial,1394,Bastones clasicos,Bastones clasicos - Reserva Privada,Estacional,Fino,Bastones rectos de brocoli,381.2,297.0,236.4,12.388,182
MC1395,False,2.5x398.9x278.8x296.1,Caja creada en MC,1395,Bastones clasicos,Bastones clasicos - Reserva Privada,Estacional,Fino,Bastones rectos de brocoli,381.9,282.8,285.8,12.828,182
MC1396,False,2.5x393.1x259.0x207.4,Caja creada en MC,1396,Guarniciones,Guarniciones - Cubos,Forma estable,Forma,Cubos de brocoli,398.7,250.4,194.2,10.83,182
MC1397,False,2.5x400.0x268.82x300.0,Catálogo inicial,1397,Bastones clasicos,Bastones clasicos - Sigilo,Forma estable,Forma,Brocoli en rejilla,406.8,267.2,278.6,9.82,182
MC1398,False,3.0x400.0x300.0x296.42,Catálogo inicial,1398,Bastones clasicos,Bastones clasicos - Sigilo,Forma estable,Forma,Brocoli en rejilla,405.2,296.4,280.1,9.746,182
MC1399,False,2.5x375.1x293.3x229.2,Caja creada en MC,1399,Bastones clasicos,Bastones clasicos - Reserva Privada,Forma estable,Forma,Gajos de brocoli,392.8,285.8,212.4,12.778,182
MC1400,False,2.7x400.0x240.0x237.31,Catálogo inicial,1400,Bastones clasicos,Bastones clasicos - Legumes Frites,Forma estable,Forma,Brocoli zigzag,375.6,250.6,221.1,9.596,182
MC1401,True,2.7x375.29999999999995x286.2x200.70000000000002,Caja nueva,1401,Bastones clasicos,Bastones clasicos - Legumes Frites,Estacional,Fino,Bastones rectos de brocoli,369.9,280.8,195.3,12.61,183
MC1402,False,2.5x375.1x293.3x229.2,Caja creada en MC,1402,Bastones clasicos,Bastones clasicos - Reserva Privada,Forma estable,Forma,Gajos de brocoli,389.0,288.2,211.8,12.619,183
MC1403,False,2.5x368.8x291.4x286.4,Caja creada en MC,1403,Bastones clasicos,Bastones clasicos - Reserva Privada,Estacional,Medio,Bastones rectos de brocoli,366.5,271.7,294.4,12.669,183
MC1404,False,3.0x400.0x269.82x180.0,Catálogo inicial,1404,Snacks y aperitivos,Snacks y aperitivos - Queso,Co-produccion,Forma,Bocados de brocoli con queso crema,390.2,250.5,178.7,4.929,183
MC1405,False,2.7x400.0x240.0x266.03,Catálogo inicial,1405,Bastones clasicos,Bastones clasicos - Sigilo,Forma estable,Forma,Tiras para dip de brocoli,391.6,246.3,246.6,6.525,183
MC1406,False,2.5x410.0x304.1x231.5,Caja creada en MC,1406,Bastones clasicos,Bastones clasicos - Sigilo,Estacional,Fino,Bastones rectos de brocoli,406.5,303.3,214.8,13.019,183
MC1407,False,2.7x375.59999999999997x308.4x189.1,Caja creada en MC,1407,Bastones clasicos,Bastones clasicos - Sigilo,Estacional,Medio,Bastones rectos de brocoli,381.9,293.5,180.4,12.437,183
MC1408,True,2.5x368.8x272.1x309.3,Caja nueva,1408,Bastones clasicos,Bastones clasicos - Reserva Privada,Estacional,Fino,Bastones rectos de brocoli,363.8,267.1,304.3,12.845,184
MC1409,False,3.0x400.0x266.63x225.0,Catálogo inicial,1409,Guarniciones,Guarniciones - Legumes Croquetas,Forma estable,Forma,Rosti de brocoli,385.8,274.0,207.3,10.409,184
MC1410,False,2.5x406.1x280.5x226.3,Caja creada en MC,1410,Bastones clasicos,Bastones clasicos - Mayordomo,Estacional,Medio,Bastones rectos de brocoli,379.9,286.9,223.5,12.324,184
MC1411,False,2.7x400.0x276.67x250.08,Catálogo inicial,1411,Bastones clasicos,Bastones clasicos - Sigilo,Forma estable,Forma,Brocoli ondulado,388.5,283.9,231.2,12.51,184
MC1412,False,2.5x368.8x257.3x255.1,Caja creada en MC,1412,Bastones clasicos,Bastones clasicos - Legumes Frites,Estacional,Medio,Bastones rectos de brocoli,390.0,244.9,239.6,11.106,184
MC1413,False,2.5x406.1x280.5x226.3,Caja creada en MC,1413,Bastones clasicos,Bastones clasicos - Sigilo,Estacional,Medio,Bastones rectos de brocoli,389.8,269.9,232.2,11.765,184
MC1414,False,2.5x411.8x267.8x319.2,Caja creada en MC,1414,Bastones clasicos,Bastones clasicos - Reserva Privada,Estacional,Fino,Bastones rectos de brocoli,394.1,257.4,309.5,12.464,184
MC1415,False,3.0x373.7x257.7x226.6,Caja creada en MC,1415,Bastones clasicos,Bastones clasicos - Sigilo,Forma estable,Forma,Espirales de brocoli,365.4,251.5,218.7,7.045,184
MC1416,False,3.0x400.0x300.0x175.14,Catálogo inicial,1416,Bastones clasicos,Bastones clasicos - Legumes Frites,Estacional,Medio,Bastones rectos de brocoli,380.0,280.1,177.5,10.741,184
MC1417,False,2.5x405.3x310.9x204.6,Caja creada en MC,1417,Bastones clasicos,Bastones clasicos - Sigilo,Forma estable,Forma,Mix crujiente de brocoli,393.9,292.2,207.1,12.42,184
MC1418,False,2.5x398.9x278.8x296.1,Caja creada en MC,1418,Bastones clasicos,Bastones clasicos - Sigilo,Forma estable,Forma,Espirales de brocoli,387.7,292.6,276.2,12.624,184
MC1419,False,3.0x373.2x309.4x177.8,Caja creada en MC,1419,Bastones clasicos,Bastones clasicos - Legumes Frites,Estacional,Corte steak,Bastones rectos de brocoli,369.3,285.6,176.5,12.569,184
MC1420,False,2.5x411.8x308.7x273.4,Caja creada en MC,1420,Bastones clasicos,Bastones clasicos - Legumes Frites,Estacional,Medio,Bastones rectos de brocoli,395.8,293.3,279.8,13.087,184
MC1421,False,2.7x409.9x275.79999999999995x184.20000000000002,Caja creada en MC,1421,Bastones clasicos,Bastones clasicos - Reserva Privada,Estacional,Corte steak,Bastones rectos de brocoli,406.8,281.5,170.2,12.668,184
MC1422,False,3.0x400.0x300.0x300.0,Catálogo inicial,1422,Bastones clasicos,Bastones clasicos - Reserva Privada,Estacional,Fino,Bastones rectos de brocoli,385.5,299.7,291.6,12.998,184
MC1423,False,3.0x373.3x289.8x197.7,Caja creada en MC,1423,Bastones clasicos,Bastones clasicos - Legumes Frites,Estacional,Medio,Bastones rectos de brocoli,363.8,283.5,184.6,10.881,184
MC1424,True,2.5x408.4x310.9x298.2,Caja nueva,1424,Bastones clasicos,Bastones clasicos - Sigilo,Forma estable,Forma,Espirales de brocoli,403.4,305.9,293.2,12.711,185
MC1425,False,3.0x400.0x240.0x244.29,Catálogo inicial,1425,Bastones clasicos,Bastones clasicos - Sigilo,Estacional,Medio,Bastones rectos de brocoli,373.4,246.8,237.7,12.415,185
MC1426,False,3.0x400.0x266.63x225.0,Catálogo inicial,1426,Bastones clasicos,Bastones clasicos - Legumes Frites,Estacional,Fino,Bastones rectos de brocoli,383.5,274.2,209.9,10.617,185
MC1427,False,2.5x369.3x252.8x285.7,Caja creada en MC,1427,Bastones clasicos,Bastones clasicos - Grado B,Estacional,Fino,Bastones rectos de brocoli,382.5,246.1,264.4,12.681,185
MC1428,False,3.0x400.0x300.0x256.0,Catálogo inicial,1428,Guarniciones,Guarniciones - Tortitas,Forma estable,Forma,Tortitas de brocoli,381.3,298.2,253.1,8.649,185
MC1429,False,2.5x407.5x253.6x266.4,Caja creada en MC,1429,Bastones clasicos,Bastones clasicos - Sigilo,Estacional,Fino,Bastones rectos de brocoli,387.8,255.5,263.9,12.248,185
MC1430,False,2.7x400.0x273.48x225.0,Catálogo inicial,1430,Bastones clasicos,Bastones clasicos - Legumes Frites,Estacional,Medio,Bastones rectos de brocoli,385.9,284.0,210.7,12.687,185
MC1431,False,3.0x400.0x266.63x250.68,Catálogo inicial,1431,Bastones clasicos,Bastones clasicos - Sigilo,Forma estable,Forma,Brocoli en rejilla,385.4,247.2,261.7,6.277,185
MC1432,False,3.0x400.0x300.0x256.0,Catálogo inicial,1432,Bastones clasicos,Bastones clasicos - Sigilo,Forma estable,Forma,Brocoli en rejilla,402.0,284.8,250.3,6.65,185
MC1433,False,3.0x400.0x277.27x287.91,Catálogo inicial,1433,Bastones clasicos,Bastones clasicos - Sigilo,Estacional,Fino,Bastones rectos de brocoli,374.9,281.6,279.8,8.624,185
MC1434,False,2.5x400.0x268.82x300.0,Catálogo inicial,1434,Bastones clasicos,Bastones clasicos - Reserva Privada,Estacional,Medio,Bastones rectos de brocoli,390.1,277.1,280.7,12.935,185
MC1435,False,2.5x411.5x253.8x142.1,Caja creada en MC,1435,Guarniciones,Guarniciones - Legumes Croquetas,Forma estable,Forma,Tortitas de brocoli,383.2,246.8,144.1,4.941,185
MC1436,False,2.5x400.0x276.27x162.44,Catálogo inicial,1436,Snacks y aperitivos,Snacks y aperitivos - Queso,Co-produccion,Forma,Bocados de brocoli con queso cheddar,384.8,266.8,161.0,5.095,185
MC1437,False,3.0x375.8x300.7x170.7,Caja creada en MC,1437,Bastones clasicos,Bastones clasicos - Sigilo,Forma estable,Forma,Gajos de brocoli,376.0,285.3,163.1,12.567,185
MC1438,False,2.5x375.3x310.9x288.9,Caja creada en MC,1438,Bastones clasicos,Bastones clasicos - Reserva Privada,Estacional,Medio,Bastones rectos de brocoli,363.8,291.7,296.3,12.779,185
MC1439,False,3.0x404.6x305.0x164.5,Caja creada en MC,1439,Bastones clasicos,Bastones clasicos - Sigilo,Forma estable,Forma,Gajos de brocoli,389.4,281.4,171.7,9.782,185
MC1440,False,3.0x399.2x258.0x209.2,Caja creada en MC,1440,Bastones clasicos,Bastones clasicos - Sigilo,Forma estable,Forma,Espirales de brocoli,378.9,249.8,212.4,6.413,185
MC1441,False,2.7x381.7x267.79999999999995x162.0,Caja creada en MC,1441,Bastones clasicos,Bastones clasicos - Sigilo,Forma estable,Forma,Tiras para dip de brocoli,365.0,254.6,162.3,5.666,185
MC1442,False,3.0x400.0x240.0x196.42,Catálogo inicial,1442,Bastones clasicos,Bastones clasicos - Reserva Privada,Forma estable,Forma,Gajos de brocoli,376.8,235.4,190.2,12.467,185
MC1443,False,2.5x401.0x249.6x249.7,Caja creada en MC,1443,Bastones clasicos,Bastones clasicos - Sigilo,Estacional,Corte steak,Bastones rectos de brocoli,382.4,265.9,230.6,12.796,185
MC1444,False,2.5x411.8x247.4x241.4,Caja creada en MC,1444,Bastones clasicos,Bastones clasicos - Legumes Frites,Forma estable,Forma,Brocoli zigzag,398.0,251.0,228.5,9.952,185
MC1445,True,2.5x371.3x297.4x241.7,Caja nueva,1445,Bastones clasicos,Bastones clasicos - Sigilo,Forma estable,Forma,Brocoli zigzag,366.3,292.4,236.7,9.524,186
MC1446,True,3.0x372.4x248.4x193.2,Caja nueva,1446,Bastones clasicos,Bastones clasicos - Sigilo,Forma estable,Forma,Gajos de brocoli,366.4,242.4,187.2,12.157,187
MC1447,False,2.5x405.3x255.5x229.9,Caja creada en MC,1447,Bastones clasicos,Bastones clasicos - Sigilo,Estacional,Medio,Bastones rectos de brocoli,395.8,246.8,222.8,11.216,187
MC1448,False,2.7x400.0x300.0x209.65,Catálogo inicial,1448,Snacks y aperitivos,Snacks y aperitivos - Aros y Vegetales,Co-produccion,Forma,Aros de brocoli,406.8,288.3,197.8,4.955,187
MC1449,False,2.5x389.4x279.3x144.5,Caja creada en MC,1449,Guarniciones,Guarniciones - Legumes Croquetas,Forma estable,Forma,Tortitas de brocoli,371.5,261.3,149.9,5.14,187
MC1450,False,2.7x375.0x286.2x216.3,Caja creada en MC,1450,Bastones clasicos,Bastones clasicos - Reserva Privada,Forma estable,Forma,Gajos de brocoli,372.8,284.6,201.1,12.931,187
MC1451,False,2.5x405.1x307.8x292.7,Caja creada en MC,1451,Bastones clasicos,Bastones clasicos - Sigilo,Estacional,Grueso,Bastones rectos de brocoli,393.1,289.1,304.3,13.399,187
MC1452,False,2.5x374.1x266.5x240.0,Caja creada en MC,1452,Bastones clasicos,Bastones clasicos - Legumes Frites,Estacional,Fino,Bastones rectos de brocoli,365.6,265.4,229.3,12.659,187
MC1453,False,2.7x375.59999999999997x308.4x189.1,Caja creada en MC,1453,Bastones clasicos,Bastones clasicos - Legumes Frites,Estacional,Medio,Bastones rectos de brocoli,364.4,295.9,178.8,12.608,187
MC1454,False,3.0x400.0x300.0x256.0,Catálogo inicial,1454,Bastones clasicos,Bastones clasicos - Reserva Privada,Forma estable,Forma,Rodajas de brocoli,382.7,292.6,257.9,8.652,187
MC1455,False,3.0x400.0x277.27x217.7,Catálogo inicial,1455,Bastones clasicos,Bastones clasicos - Mayordomo,Estacional,Medio,Bastones rectos de brocoli,403.9,273.8,199.6,12.587,187
MC1456,False,2.5x400.0x240.0x257.14,Catálogo inicial,1456,Bastones clasicos,Bastones clasicos - Sigilo,Forma estable,Forma,Dippers de brocoli,378.0,242.8,254.6,12.947,187
MC1457,False,2.5x411.8x250.4x283.9,Caja creada en MC,1457,Bastones clasicos,Bastones clasicos - Sigilo,Forma estable,Forma,Brocoli zigzag,394.2,247.3,285.6,12.48,187
MC1458,False,2.7x400.0x273.48x225.0,Catálogo inicial,1458,Bastones clasicos,Bastones clasicos - Reserva Privada,Estacional,Corte steak,Bastones rectos de brocoli,406.4,260.6,218.3,12.699,187
MC1459,False,2.7x375.59999999999997x308.4x189.1,Caja creada en MC,1459,Bastones clasicos,Bastones clasicos - Legumes Frites,Estacional,Grueso,Bastones rectos de brocoli,406.8,287.5,173.9,9.764,187
MC1460,False,3.0x400.0x277.27x200.0,Catálogo inicial,1460,Bastones clasicos,Bastones clasicos - Sigilo,Estacional,Fino,Bastones rectos de brocoli,373.4,270.2,204.8,12.547,187
MC1461,False,2.7x400.0x240.0x254.33,Catálogo inicial,1461,Guarniciones,Guarniciones - Legumes Croquetas,Forma estable,Forma,Croquetas de brocoli,394.8,243.6,238.6,13.146,187
MC1462,False,2.7x400.0x240.0x211.78,Catálogo inicial,1462,Bastones clasicos,Bastones clasicos - Legumes Frites,Estacional,Corte steak,Bastones rectos de brocoli,403.9,236.9,197.4,12.951,187
MC1463,False,2.7x400.0x240.0x237.31,Catálogo inicial,1463,Bastones clasicos,Bastones clasicos - Legumes Frites,Estacional,Fino,Bastones rectos de brocoli,375.1,254.6,223.8,12.53,187
MC1464,False,2.7x400.0x300.0x249.01,Catálogo inicial,1464,Bastones clasicos,Bastones clasicos - Sigilo,Forma estable,Forma,Espirales de brocoli,406.8,281.3,246.4,9.813,187
MC1465,False,2.5x374.1x266.5x240.0,Caja creada en MC,1465,Bastones clasicos,Bastones clasicos - Legumes Frites,Estacional,Medio,Bastones rectos de brocoli,368.4,256.0,233.6,10.768,187
MC1466,False,2.7x400.0x300.0x194.76,Catálogo inicial,1466,Bastones clasicos,Bastones clasicos - Legumes Frites,Estacional,Medio,Bastones rectos de brocoli,387.2,289.2,192.5,10.943,187
MC1467,False,3.0x400.0x300.0x223.02,Catálogo inicial,1467,Bastones clasicos,Bastones clasicos - Sigilo,Forma estable,Forma,Dippers de brocoli,383.2,302.4,216.2,12.616,187
MC1468,False,3.0x400.0x266.63x256.0,Catálogo inicial,1468,Bastones clasicos,Bastones clasicos - Sigilo,Forma estable,Forma,Brocoli en rejilla,372.0,254.3,269.7,6.666,187
MC1469,False,2.5x399.4x277.8x229.1,Caja creada en MC,1469,Bastones clasicos,Bastones clasicos - Mayordomo,Estacional,Medio,Bastones rectos de brocoli,376.6,284.3,224.9,12.781,187
MC1470,False,2.5x400.0x276.27x255.0,Catálogo inicial,1470,Bastones clasicos,Bastones clasicos - Grado B,Estacional,Fino,Bastones rectos de brocoli,396.3,261.3,258.2,12.084,187
MC1471,False,3.0x400.0x300.0x238.97,Catálogo inicial,1471,Bastones clasicos,Bastones clasicos - Sigilo,Estacional,Grueso,Bastones rectos de brocoli,406.8,283.6,229.3,14.153,187
MC1472,False,3.0x400.0x266.63x250.68,Catálogo inicial,1472,Bastones clasicos,Bastones clasicos - Sigilo,Forma estable,Forma,Corte rustico de brocoli,391.5,247.6,255.4,12.467,187
MC1473,False,2.5x400.0x240.0x257.14,Catálogo inicial,1473,Bastones clasicos,Bastones clasicos - Sigilo,Forma estable,Forma,Corte rustico de brocoli,383.8,250.5,243.4,12.13,187
MC1474,False,2.5x411.2x274.7x227.2,Caja creada en MC,1474,Bastones clasicos,Bastones clasicos - Sigilo,Forma estable,Forma,Dippers de brocoli,392.6,267.5,230.2,13.001,187
MC1475,False,2.5x405.3x255.5x229.9,Caja creada en MC,1475,Bastones clasicos,Bastones clasicos - Reserva Privada,Estacional,Corte steak,Bastones rectos de brocoli,381.5,254.7,216.8,13.049,187
MC1476,False,2.5x411.8x247.4x241.4,Caja creada en MC,1476,Bastones extra crocantes,Bastones extra crocantes - Muy Crocantes,Estacional,Medio,Bastones rectos de brocoli,401.7,247.2,234.4,12.599,187
MC1477,False,3.0x400.0x300.0x163.44,Catálogo inicial,1477,Snacks y aperitivos,Snacks y aperitivos - Queso,Co-produccion,Forma,Bocados de brocoli con queso cheddar,404.7,296.9,148.1,5.106,187
MC1478,False,2.5x405.3x255.5x229.9,Caja creada en MC,1478,Bastones clasicos,Bastones clasicos - Reserva Privada,Estacional,Corte steak,Bastones rectos de brocoli,406.8,246.8,219.8,12.788,187
MC1479,False,3.0x400.0x269.82x180.0,Catálogo inicial,1479,Snacks y aperitivos,Snacks y aperitivos - Queso,Co-produccion,Forma,Bocados de brocoli con queso cheddar,388.6,258.2,176.2,5.209,187
MC1480,False,3.0x404.6x305.0x164.5,Caja creada en MC,1480,Bastones clasicos,Bastones clasicos - Sigilo,Estacional,Grueso,Bastones rectos de brocoli,382.7,288.2,169.0,12.773,187
MC1481,False,2.5x408.4x310.9x298.2,Caja creada en MC,1481,Bastones clasicos,Bastones clasicos - Reserva Privada,Estacional,Fino,Bastones rectos de brocoli,394.9,298.0,298.9,12.002,187
MC1482,False,2.5x411.8x308.7x273.4,Caja creada en MC,1482,Bastones clasicos,Bastones clasicos - Sigilo,Forma estable,Forma,Brocoli zigzag,395.5,286.1,290.2,13.784,187
MC1483,False,2.7x369.9x243.1x261.3,Caja creada en MC,1483,Bastones clasicos,Bastones clasicos - Legumes Frites,Estacional,Medio,Bastones rectos de brocoli,373.9,246.2,240.6,11.352,187
MC1484,False,3.0x400.0x269.82x180.0,Catálogo inicial,1484,Snacks y aperitivos,Snacks y aperitivos - Queso,Co-produccion,Forma,Bocados de brocoli con queso cheddar,388.2,253.1,169.6,4.924,187
MC1485,False,2.5x368.8x291.4x286.4,Caja creada en MC,1485,Bastones clasicos,Bastones clasicos - Reserva Privada,Estacional,Medio,Bastones rectos de brocoli,392.3,274.5,270.4,12.114,187
MC1486,False,2.7x372.7x265.79999999999995x220.8,Caja creada en MC,1486,Bastones clasicos,Bastones clasicos - Reserva Privada,Estacional,Medio,Bastones rectos de brocoli,383.2,258.1,206.0,12.689,187
MC1487,False,3.0x400.0x300.0x296.42,Catálogo inicial,1487,Bastones clasicos,Bastones clasicos - Reserva Privada,Estacional,Fino,Bastones rectos de brocoli,381.2,291.1,302.8,12.396,187
MC1488,False,2.5x399.4x277.8x229.1,Caja creada en MC,1488,Bastones clasicos,Bastones clasicos - Legumes Frites,Estacional,Medio,Bastones rectos de brocoli,381.0,270.7,230.3,11.109,187
MC1489,False,2.5x411.8x310.4x177.7,Caja creada en MC,1489,Bastones clasicos,Bastones clasicos - Sigilo,Estacional,Forma,Bastones rectos de brocoli,406.8,290.5,178.7,5.623,187
MC1490,False,2.5x374.6x285.0x274.7,Caja creada en MC,1490,Bastones clasicos,Bastones clasicos - Sigilo,Forma estable,Forma,Espirales de brocoli,379.0,283.7,258.0,12.288,187
MC1491,False,3.0x400.0x240.0x244.29,Catálogo inicial,1491,Bastones extra crocantes,Bastones extra crocantes - Muy Crocantes,Estacional,Medio,Bastones rectos de brocoli,371.3,250.6,232.4,12.081,187
MC1492,False,2.5x400.0x300.0x225.0,Catálogo inicial,1492,Bastones clasicos,Bastones clasicos - Sigilo,Forma estable,Forma,Brocoli en rejilla,372.3,297.9,230.1,6.575,187
MC1493,False,2.5x400.0x276.27x255.0,Catálogo inicial,1493,Bastones clasicos,Bastones clasicos - Sigilo,Forma estable,Forma,Brocoli en rejilla,371.4,289.3,248.2,6.396,187
MC1494,False,3.0x375.8x300.7x170.7,Caja creada en MC,1494,Bastones clasicos,Bastones clasicos - Sigilo,Forma estable,Forma,Gajos de brocoli,370.8,285.5,168.8,8.788,187
MC1495,False,2.5x405.3x255.5x229.9,Caja creada en MC,1495,Bastones clasicos,Bastones clasicos - Sigilo,Estacional,Corte steak,Bastones rectos de brocoli,391.2,263.3,217.2,11.996,187
MC1496,False,2.5x370.5x299.0x316.4,Caja creada en MC,1496,Bastones clasicos,Bastones clasicos - Sigilo,Forma estable,Forma,Brocoli en rejilla,380.9,290.5,297.6,12.405,187
MC1497,False,3.0x400.0x240.0x244.29,Catálogo inicial,1497,Bastones clasicos,Bastones clasicos - Sigilo,Forma estable,Forma,Brocoli en rejilla,374.9,255.3,224.5,6.895,187
MC1498,False,3.0x400.0x300.0x175.14,Catálogo inicial,1498,Bastones clasicos,Bastones clasicos - Legumes Frites,Estacional,Medio,Bastones rectos de brocoli,372.2,287.6,181.0,12.727,187
MC1499,False,2.5x401.9x250.9x284.6,Caja creada en MC,1499,Bastones clasicos,Bastones clasicos - Sigilo,Forma estable,Forma,Brocoli en rejilla,387.8,254.9,275.4,6.346,187
MC1500,False,2.7x381.7x267.79999999999995x162.0,Caja creada en MC,1500,Bastones clasicos,Bastones clasicos - Sigilo,Forma estable,Forma,Dippers de brocoli,406.8,252.6,148.6,4.365,187
MC1501,False,2.5x411.2x274.7x227.2,Caja creada en MC,1501,Bastones clasicos,Bastones clasicos - Reserva Privada,Estacional,Medio,Bastones rectos de brocoli,400.8,273.6,219.9,12.506,187
MC1502,False,3.0x369.8x259.5x209.3,Caja creada en MC,1502,Bastones clasicos,Bastones clasicos - Reserva Privada,Estacional,Medio,Bastones rectos de brocoli,379.2,240.0,205.6,12.71,187
MC1503,False,2.5x400.0x300.0x281.59,Catálogo inicial,1503,Bastones clasicos,Bastones clasicos - Reserva Privada,Estacional,Medio,Bastones rectos de brocoli,373.8,287.5,295.2,12.652,187
MC1504,False,2.5x411.8x267.8x319.2,Caja creada en MC,1504,Bastones clasicos,Bastones clasicos - Reserva Privada,Estacional,Fino,Bastones rectos de brocoli,389.9,258.1,332.5,12.308,187
MC1505,False,2.7x400.0x300.0x209.65,Catálogo inicial,1505,Bastones clasicos,Bastones clasicos - Legumes Frites,Estacional,Fino,Bastones rectos de brocoli,383.7,297.1,202.0,12.612,187
MC1506,False,3.0x400.0x266.63x225.0,Catálogo inicial,1506,Bastones clasicos,Bastones clasicos - Grado B,Estacional,Medio,Bastones rectos de brocoli,399.9,261.8,207.6,13.063,187
MC1507,False,2.7x400.0x240.0x211.78,Catálogo inicial,1507,Bastones clasicos,Bastones clasicos - Legumes Frites Salados,Estacional,Medio,Bastones rectos de brocoli,382.3,249.8,198.1,12.577,187
MC1508,False,3.0x400.0x277.27x287.91,Catálogo inicial,1508,Bastones clasicos,Bastones clasicos - Reserva Privada,Estacional,Medio,Bastones rectos de brocoli,386.4,290.4,265.9,11.888,187
MC1509,False,3.0x369.8x259.5x209.3,Caja creada en MC,1509,Bastones clasicos,Bastones clasicos - Sigilo,Forma estable,Forma,Gajos de brocoli,363.8,249.9,203.7,12.576,187
MC1510,False,2.5x371.3x297.4x241.7,Caja creada en MC,1510,Bastones clasicos,Bastones clasicos - Sigilo,Forma estable,Forma,Brocoli en rejilla,388.5,281.6,223.9,6.899,187
MC1511,False,3.0x400.0x269.82x196.42,Catálogo inicial,1511,Bastones clasicos,Bastones clasicos - Reserva Privada,Estacional,Medio,Bastones rectos de brocoli,387.7,251.6,193.8,12.017,187
MC1512,False,2.7x409.9x275.79999999999995x184.20000000000002,Caja creada en MC,1512,Bastones clasicos,Bastones clasicos - Sigilo,Estacional,Medio,Bastones rectos de brocoli,380.8,287.3,177.7,12.511,187
MC1513,False,2.7x400.0x300.0x249.01,Catálogo inicial,1513,Bastones clasicos,Bastones clasicos - Sigilo,Forma estable,Forma,Brocoli en rejilla,406.8,287.9,237.5,6.456,187
MC1514,False,3.0x404.6x305.0x164.5,Caja creada en MC,1514,Bastones clasicos,Bastones clasicos - Legumes Frites,Estacional,Medio,Bastones rectos de brocoli,375.8,285.6,175.4,12.536,187
MC1515,False,3.0x400.0x300.0x178.34,Catálogo inicial,1515,Bastones clasicos,Bastones clasicos - Sigilo,Forma estable,Forma,Gajos de brocoli,393.6,295.8,170.2,12.573,187
MC1516,False,2.5x400.0x276.27x255.0,Catálogo inicial,1516,Bastones extra crocantes,Bastones extra crocantes - Muy Crocantes,Estacional,Fino,Bastones rectos de brocoli,385.6,288.0,240.8,12.927,187
MC1517,False,2.7x400.0x240.0x214.97,Catálogo inicial,1517,Bastones clasicos,Bastones clasicos - Legumes Frites,Estacional,Corte steak,Bastones rectos de brocoli,381.8,248.4,203.0,12.532,187
MC1518,False,3.0x400.0x300.0x175.14,Catálogo inicial,1518,Bastones clasicos,Bastones clasicos - Reserva Privada,Estacional,Grueso,Bastones rectos de brocoli,382.7,280.5,180.9,12.979,187
MC1519,False,2.5x408.4x310.9x298.2,Caja creada en MC,1519,Bastones clasicos,Bastones clasicos - Sigilo,Estacional,Medio,Bastones rectos de brocoli,396.3,305.9,290.4,12.456,187
MC1520,False,3.0x400.0x277.27x287.91,Catálogo inicial,1520,Bastones clasicos,Bastones clasicos - Reserva Privada,Estacional,Medio,Bastones rectos de brocoli,395.8,277.0,272.8,12.369,187
MC1521,False,2.7x400.0x240.0x266.03,Catálogo inicial,1521,Bastones clasicos,Bastones clasicos - Reserva Privada,Estacional,Fino,Bastones rectos de brocoli,394.7,249.2,245.2,10.779,187
MC1522,False,2.5x375.3x310.9x288.9,Caja creada en MC,1522,Bastones clasicos,Bastones clasicos - Sigilo,Forma estable,Forma,Brocoli en rejilla,395.0,293.2,273.5,6.146,187
MC1523,False,2.7x412.2x302.9x182.20000000000002,Caja creada en MC,1523,Bastones clasicos,Bastones clasicos - Sigilo,Estacional,Grueso,Bastones rectos de brocoli,397.5,303.2,174.1,12.603,187
MC1524,False,2.7x400.0x276.67x346.88,Catálogo inicial,1524,Bastones clasicos,Bastones clasicos - Reserva Privada,Estacional,Fino,Bastones rectos de brocoli,371.0,260.7,358.4,13.27,187
MC1525,False,2.7x400.0x240.0x206.46,Catálogo inicial,1525,Bastones clasicos,Bastones clasicos - Legumes Frites,Estacional,Corte steak,Bastones rectos de brocoli,391.8,242.5,192.5,12.672,187
MC1526,False,2.5x368.8x291.4x286.4,Caja creada en MC,1526,Bastones clasicos,Bastones clasicos - Reserva Privada,Estacional,Medio,Bastones rectos de brocoli,370.3,272.8,288.6,12.758,187
MC1527,False,2.5x411.8x247.4x241.4,Caja creada en MC,1527,Bastones clasicos,Bastones clasicos - Legumes Frites,Forma estable,Forma,Brocoli zigzag,392.4,254.4,228.8,9.629,187
MC1528,False,2.7x409.9x275.79999999999995x184.20000000000002,Caja creada en MC,1528,Bastones clasicos,Bastones clasicos - Legumes Frites,Estacional,Medio,Bastones rectos de brocoli,406.8,274.2,168.4,12.408,187
MC1529,False,2.7x375.0x286.2x216.3,Caja creada en MC,1529,Bastones clasicos,Bastones clasicos - Grado B,Estacional,Medio,Bastones rectos de brocoli,384.6,281.9,198.8,12.869,187
MC1530,False,2.7x369.9x243.1x261.3,Caja creada en MC,1530,Bastones clasicos,Bastones clasicos - Sigilo,Forma estable,Forma,Tiras para dip de brocoli,367.1,238.5,251.4,13.253,187
MC1531,False,3.0x400.0x300.0x238.97,Catálogo inicial,1531,Bastones clasicos,Bastones clasicos - Sigilo,Estacional,Grueso,Bastones rectos de brocoli,388.5,298.1,227.0,11.752,187
MC1532,False,3.0x400.0x266.63x225.0,Catálogo inicial,1532,Bastones clasicos,Bastones clasicos - Reserva Privada,Forma estable,Forma,Gajos de brocoli,406.8,251.2,207.0,11.266,187
MC1533,False,2.5x411.8x254.2x279.0,Caja creada en MC,1533,Bastones clasicos,Bastones clasicos - Sigilo,Forma estable,Forma,Tiras para dip de brocoli,399.5,243.6,285.3,9.51,187
MC1534,False,2.7x400.0x276.67x346.88,Catálogo inicial,1534,Bastones clasicos,Bastones clasicos - Sigilo,Estacional,Fino,Bastones rectos de brocoli,395.9,263.3,335.0,12.579,187
MC1535,True,2.5x402.7x279.8x269.5,Caja nueva,1535,Bastones clasicos,Bastones clasicos - Sigilo,Forma estable,Forma,Brocoli zigzag,397.7,274.8,264.5,9.53,188
MC1536,False,3.0x373.2x309.4x177.8,Caja creada en MC,1536,Guarniciones,Guarniciones - Cubos,Forma estable,Forma,Cubos de brocoli,391.6,292.8,165.7,11.957,188
MC1537,False,2.5x368.8x257.3x255.1,Caja creada en MC,1537,Bastones clasicos,Bastones clasicos - Legumes Frites,Estacional,Medio,Bastones rectos de brocoli,393.9,246.7,236.1,10.628,188
MC1538,False,3.0x400.0x300.0x238.97,Catálogo inicial,1538,Bastones clasicos,Bastones clasicos - Sigilo,Estacional,Grueso,Bastones rectos de brocoli,396.6,299.7,225.4,13.019,188
MC1539,False,3.0x400.0x277.27x200.0,Catálogo inicial,1539,Guarniciones,Guarniciones - Cubos,Forma estable,Forma,Cubos de brocoli,406.8,260.7,190.7,10.904,188
MC1540,False,3.0x400.0x277.27x180.0,Catálogo inicial,1540,Bastones clasicos,Bastones clasicos - Legumes Frites,Estacional,Corte steak,Bastones rectos de brocoli,392.2,279.3,169.5,11.949,188
MC1541,True,2.7x395.7x279.59999999999997x202.5,Caja nueva,1541,Bastones clasicos,Bastones clasicos - Legumes Frites,Estacional,Fino,Bastones rectos de brocoli,390.3,274.2,197.1,12.486,189
MC1542,False,2.5x399.4x277.8x229.1,Caja creada en MC,1542,Bastones clasicos,Bastones clasicos - Sigilo,Forma estable,Forma,Tiras para dip de brocoli,389.4,259.6,237.8,12.381,189
MC1543,False,2.7x400.0x276.67x250.08,Catálogo inicial,1543,Bastones clasicos,Bastones clasicos - Sigilo,Forma estable,Forma,Gajos de brocoli,373.1,279.8,246.1,12.06,189
MC1544,True,3.0x412.8x259.7x210.7,Caja nueva,1544,Bastones clasicos,Bastones clasicos - Reserva Privada,Estacional,Corte steak,Bastones rectos de brocoli,406.8,253.7,204.7,12.361,190
MC1545,False,3.0x400.0x300.0x296.42,Catálogo inicial,1545,Bastones clasicos,Bastones clasicos - Reserva Privada,Estacional,Fino,Bastones rectos de brocoli,388.5,296.9,291.6,12.38,190
MC1546,False,2.7x400.0x300.0x195.82,Catálogo inicial,1546,Bastones clasicos,Bastones clasicos - Sigilo,Estacional,Grueso,Bastones rectos de brocoli,404.5,289.4,188.2,12.269,190
MC1547,False,2.5x411.8x257.5x210.6,Caja creada en MC,1547,Bastones clasicos,Bastones clasicos - Sigilo,Estacional,Fino,Bastones rectos de brocoli,384.4,248.7,215.8,10.021,190
MC1548,False,3.0x404.6x305.0x164.5,Caja creada en MC,1548,Bastones clasicos,Bastones clasicos - Reserva Privada,Estacional,Grueso,Bastones rectos de brocoli,377.2,292.1,171.2,11.786,190
MC1549,False,3.0x400.0x300.0x163.44,Catálogo inicial,1549,Bastones clasicos,Bastones clasicos - Sigilo,Forma estable,Forma,Gajos de brocoli,388.1,295.0,158.4,9.169,190
MC1550,False,2.7x400.0x300.0x194.76,Catálogo inicial,1550,Bastones clasicos,Bastones clasicos - Sigilo,Estacional,Medio,Bastones rectos de brocoli,406.8,294.6,179.1,12.501,190
MC1551,False,2.5x405.3x255.5x229.9,Caja creada en MC,1551,Bastones clasicos,Bastones clasicos - Legumes Frites,Forma estable,Forma,Brocoli zigzag,386.3,249.8,230.8,9.778,190
MC1552,False,2.5x385.4x249.4x148.0,Caja creada en MC,1552,Bastones clasicos,Bastones clasicos - Sigilo,Forma estable,Forma,Corte rustico de brocoli,363.8,235.1,155.0,6.832,190
MC1553,False,2.7x400.0x240.0x214.97,Catálogo inicial,1553,Guarniciones,Guarniciones - Cubos,Forma estable,Forma,Cubos de brocoli,390.5,246.9,200.2,10.822,190
MC1554,False,2.5x408.4x310.9x298.2,Caja creada en MC,1554,Brocoli especial,Brocoli especial - Bastones Especiales,Estacional,Fino,Bastones rectos de brocoli,406.8,298.8,292.5,8.509,190
MC1555,False,3.0x407.1x259.5x211.5,Caja creada en MC,1555,Bastones clasicos,Bastones clasicos - Reserva Privada,Estacional,Medio,Bastones rectos de brocoli,390.5,253.9,210.6,12.497,190
MC1556,False,2.5x368.8x301.4x267.1,Caja creada en MC,1556,Bastones clasicos,Bastones clasicos - Sigilo,Forma estable,Forma,Brocoli zigzag,373.7,294.7,254.6,9.621,190
MC1557,False,2.7x400.0x276.67x257.14,Catálogo inicial,1557,Bastones clasicos,Bastones clasicos - Sigilo,Forma estable,Forma,Espirales de brocoli,404.8,255.7,259.6,6.802,190
MC1558,False,2.7x375.59999999999997x308.4x189.1,Caja creada en MC,1558,Bastones clasicos,Bastones clasicos - Reserva Privada,Estacional,Corte steak,Bastones rectos de brocoli,403.1,285.5,178.7,12.378,190
MC1559,False,2.7x400.0x300.0x200.0,Catálogo inicial,1559,Bastones clasicos,Bastones clasicos - Sigilo,Estacional,Medio,Bastones rectos de brocoli,385.2,284.0,204.5,12.48,190
MC1560,False,2.5x411.8x302.0x363.5,Caja creada en MC,1560,Bastones clasicos,Bastones clasicos - Sigilo,Forma estable,Forma,Espirales de brocoli,390.6,297.7,356.0,12.891,190
MC1561,False,2.5x396.9x303.6x326.6,Caja creada en MC,1561,Bastones clasicos,Bastones clasicos - Reserva Privada,Forma estable,Forma,Brocoli en rejilla,406.8,289.7,312.5,10.936,190
MC1562,False,2.7x375.0x286.2x216.3,Caja creada en MC,1562,Bastones extra crocantes,Bastones extra crocantes - Atelier Frites,Estacional,Grueso,Bastones rectos de brocoli,384.6,266.0,213.8,12.709,190
MC1563,False,2.7x400.0x300.0x209.65,Catálogo inicial,1563,Bastones clasicos,Bastones clasicos - Grado B,Estacional,Medio,Bastones rectos de brocoli,399.3,293.8,197.3,12.742,190
MC1564,False,2.5x403.2x257.6x275.3,Caja creada en MC,1564,Guarniciones,Guarniciones - Tortitas,Forma estable,Forma,Tortitas de brocoli,399.4,257.2,262.6,12.774,190
MC1565,False,2.5x411.8x267.8x319.2,Caja creada en MC,1565,Bastones clasicos,Bastones clasicos - Sigilo,Forma estable,Forma,Brocoli zigzag,395.9,268.7,295.9,12.609,190
MC1566,False,2.5x409.1x293.0x331.0,Caja creada en MC,1566,Bastones clasicos,Bastones clasicos - Sigilo,Forma estable,Forma,Brocoli en rejilla,387.7,273.1,317.3,11.064,190
MC1567,False,2.7x400.0x276.67x346.88,Catálogo inicial,1567,Bastones clasicos,Bastones clasicos - Reserva Privada,Estacional,Fino,Bastones rectos de brocoli,377.0,267.9,347.2,12.538,190
MC1568,False,3.0x400.0x266.63x250.68,Catálogo inicial,1568,Bastones clasicos,Bastones clasicos - Grado B,Estacional,Medio,Bastones rectos de brocoli,405.3,257.8,239.7,12.284,190
MC1569,False,3.0x400.0x240.0x244.29,Catálogo inicial,1569,Bastones clasicos,Bastones clasicos - Sigilo,Forma estable,Forma,Dippers de brocoli,373.1,241.2,244.1,12.622,190
MC1570,False,3.0x373.8x243.9x189.6,Caja creada en MC,1570,Bastones clasicos,Bastones clasicos - Reserva Privada,Forma estable,Forma,Gajos de brocoli,363.8,248.2,175.8,10.343,190
MC1571,False,2.5x371.3x297.4x241.7,Caja creada en MC,1571,Bastones clasicos,Bastones clasicos - Sigilo,Forma estable,Forma,Brocoli zigzag,393.1,276.5,230.4,12.954,190
MC1572,False,2.5x411.8x308.5x261.5,Caja creada en MC,1572,Snacks y aperitivos,Snacks y aperitivos - Aros y Vegetales,Co-produccion,Forma,Aros de brocoli,400.4,303.2,254.5,5.046,190
MC1573,False,2.5x399.4x277.8x229.1,Caja creada en MC,1573,Bastones clasicos,Bastones clasicos - Sigilo,Estacional,Medio,Bastones rectos de brocoli,398.7,263.1,224.0,12.821,190
MC1574,False,2.5x368.8x264.9x264.9,Caja creada en MC,1574,Guarniciones,Guarniciones - Legumes Croquetas,Forma estable,Forma,Croquetas de brocoli,384.6,254.1,249.8,9.496,190
MC1575,False,2.5x368.8x291.4x286.4,Caja creada en MC,1575,Bastones clasicos,Bastones clasicos - Legumes Frites,Estacional,Fino,Bastones rectos de brocoli,384.3,272.0,278.6,12.402,190
MC1576,False,2.7x400.0x300.0x257.14,Catálogo inicial,1576,Bastones clasicos,Bastones clasicos - Sigilo,Forma estable,Forma,Espirales de brocoli,395.1,277.7,264.1,12.855,190
MC1577,False,2.7x408.59999999999997x253.3x207.4,Caja creada en MC,1577,Bastones clasicos,Bastones clasicos - Sigilo,Estacional,Medio,Bastones rectos de brocoli,382.5,252.2,206.3,13.058,190
MC1578,False,2.5x400.0x240.0x255.0,Catálogo inicial,1578,Bastones clasicos,Bastones clasicos - Legumes Frites,Estacional,Medio,Bastones rectos de brocoli,374.4,252.2,244.7,12.699,190
MC1579,False,2.5x400.0x240.0x343.29,Catálogo inicial,1579,Bastones clasicos,Bastones clasicos - Reserva Privada,Estacional,Fino,Bastones rectos de brocoli,391.3,242.7,329.7,12.319,190
MC1580,False,2.5x375.3x310.9x288.9,Caja creada en MC,1580,Bastones clasicos,Bastones clasicos - Legumes Frites,Estacional,Fino,Bastones rectos de brocoli,403.0,292.5,269.0,13.851,190
MC1581,False,2.7x400.0x300.0x200.0,Catálogo inicial,1581,Bastones clasicos,Bastones clasicos - Reserva Privada,Estacional,Fino,Bastones rectos de brocoli,372.5,295.2,205.0,12.536,190
MC1582,False,3.0x375.8x300.7x170.7,Caja creada en MC,1582,Bastones clasicos,Bastones clasicos - Legumes Frites,Estacional,Grueso,Bastones rectos de brocoli,391.8,279.0,164.1,10.283,190
MC1583,False,2.5x375.3x310.9x288.9,Caja creada en MC,1583,Bastones clasicos,Bastones clasicos - Sigilo,Forma estable,Forma,Brocoli en rejilla,366.6,294.5,288.0,8.804,190
MC1584,False,2.7x409.9x275.79999999999995x184.20000000000002,Caja creada en MC,1584,Bastones clasicos,Bastones clasicos - Legumes Frites,Estacional,Medio,Bastones rectos de brocoli,384.7,280.2,178.0,11.081,190
MC1585,False,2.5x368.8x291.4x286.4,Caja creada en MC,1585,Bastones clasicos,Bastones clasicos - Legumes Frites,Estacional,Fino,Bastones rectos de brocoli,383.0,282.1,270.9,12.385,190
MC1586,False,2.5x371.3x297.4x241.7,Caja creada en MC,1586,Bastones clasicos,Bastones clasicos - Sigilo,Estacional,Medio,Bastones rectos de brocoli,363.8,289.1,238.1,12.853,190
MC1587,False,3.0x400.0x269.82x180.0,Catálogo inicial,1587,Bastones clasicos,Bastones clasicos - Reserva Privada,Forma estable,Forma,Gajos de brocoli,383.4,259.1,178.4,10.147,190
MC1588,False,3.0x400.0x300.0x279.4,Catálogo inicial,1588,Bastones clasicos,Bastones clasicos - Reserva Privada,Estacional,Medio,Bastones rectos de brocoli,381.6,299.9,273.5,12.112,190
MC1589,False,2.5x371.3x297.4x241.7,Caja creada en MC,1589,Bastones clasicos,Bastones clasicos - Sigilo,Forma estable,Forma,Brocoli en rejilla,370.1,299.2,228.2,6.431,190
MC1590,False,2.7x411.9x311.29999999999995x206.1,Caja creada en MC,1590,Snacks y aperitivos,Snacks y aperitivos - Aros y Vegetales,Co-produccion,Forma,Aros de brocoli,404.9,300.1,202.6,5.137,190
MC1591,False,2.7x412.2x302.9x182.20000000000002,Caja creada en MC,1591,Bastones clasicos,Bastones clasicos - Reserva Privada,Estacional,Corte steak,Bastones rectos de brocoli,406.8,303.0,170.6,12.451,190
MC1592,True,2.5x405.1x279.3x229.9,Caja nueva,1592,Guarniciones,Guarniciones - Tortitas,Forma estable,Forma,Tortitas de brocoli,400.1,274.3,224.9,10.837,191
MC1593,False,3.0x405.6x278.7x196.4,Caja creada en MC,1593,Bastones clasicos,Bastones clasicos - Legumes Frites,Estacional,Medio,Bastones rectos de brocoli,390.2,291.5,179.0,12.879,191
MC1594,False,2.5x385.0x279.6x150.2,Caja creada en MC,1594,Bastones clasicos,Bastones clasicos - Sigilo,Estacional,Medio,Bastones rectos de brocoli,388.5,281.7,136.5,6.715,191
MC1595,False,2.5x400.0x276.27x225.0,Catálogo inicial,1595,Bastones clasicos,Bastones clasicos - Legumes Frites,Estacional,Medio,Bastones rectos de brocoli,406.8,257.4,222.0,10.852,191
MC1596,False,3.0x400.0x300.0x271.95,Catálogo inicial,1596,Bastones clasicos,Bastones clasicos - Sigilo,Forma estable,Forma,Espirales de brocoli,405.5,284.0,259.4,9.812,191
MC1597,False,3.0x400.0x300.0x271.95,Catálogo inicial,1597,Bastones clasicos,Bastones clasicos - Legumes Frites,Estacional,Fino,Bastones rectos de brocoli,392.9,286.2,270.9,12.047,191
MC1598,False,2.7x400.0x240.0x225.0,Catálogo inicial,1598,Bastones clasicos,Bastones clasicos - Sigilo,Forma estable,Forma,Dippers de brocoli,381.9,255.9,207.6,6.325,191
MC1599,False,2.7x400.0x240.0x211.78,Catálogo inicial,1599,Bastones clasicos,Bastones clasicos - Sigilo,Estacional,Medio,Bastones rectos de brocoli,381.3,223.3,219.4,9.786,191
MC1600,False,3.0x400.0x277.27x200.0,Catálogo inicial,1600,Bastones clasicos,Bastones clasicos - Reserva Privada,Estacional,Corte steak,Bastones rectos de brocoli,398.2,256.4,202.7,12.512,191
MC1601,False,2.5x372.5x310.9x209.7,Caja creada en MC,1601,Snacks y aperitivos,Snacks y aperitivos - Aros y Vegetales,Co-produccion,Forma,Aros de brocoli,373.6,301.7,201.7,4.855,191
MC1602,False,2.7x400.0x276.67x250.08,Catálogo inicial,1602,Bastones clasicos,Bastones clasicos - Sigilo,Estacional,Medio,Bastones rectos de brocoli,391.4,289.8,230.1,12.232,191
MC1603,False,2.5x411.8x308.5x261.5,Caja creada en MC,1603,Bastones clasicos,Bastones clasicos - Legumes Frites,Estacional,Fino,Bastones rectos de brocoli,406.8,287.1,267.2,12.101,191
MC1604,False,2.5x407.5x253.6x266.4,Caja creada en MC,1604,Bastones clasicos,Bastones clasicos - Legumes Frites,Estacional,Fino,Bastones rectos de brocoli,387.3,264.4,254.2,12.671,191
MC1605,False,2.5x375.3x310.9x288.9,Caja creada en MC,1605,Bastones clasicos,Bastones clasicos - Legumes Frites,Estacional,Corte steak,Bastones rectos de brocoli,403.1,288.7,274.7,12.938,191
MC1606,False,2.5x400.0x240.0x255.0,Catálogo inicial,1606,Guarniciones,Guarniciones - Legumes Croquetas,Forma estable,Forma,Croquetas de brocoli,382.1,255.3,236.6,9.454,191
MC1607,False,2.5x411.8x267.8x319.2,Caja creada en MC,1607,Bastones clasicos,Bastones clasicos - Reserva Privada,Estacional,Fino,Bastones rectos de brocoli,384.2,263.0,323.5,11.801,191
MC1608,False,3.0x400.0x269.82x196.42,Catálogo inicial,1608,Bastones clasicos,Bastones clasicos - Legumes Frites,Estacional,Medio,Bastones rectos de brocoli,384.3,285.1,180.6,12.657,191
MC1609,False,2.5x368.8x257.3x255.1,Caja creada en MC,1609,Bastones clasicos,Bastones clasicos - Legumes Frites,Estacional,Fino,Bastones rectos de brocoli,370.7,245.2,249.3,11.824,191
MC1610,False,3.0x400.0x240.0x244.29,Catálogo inicial,1610,Bastones clasicos,Bastones clasicos - Sigilo,Forma estable,Forma,Brocoli en rejilla,371.9,229.9,253.9,6.506,191
MC1611,False,2.5x405.3x255.5x229.9,Caja creada en MC,1611,Bastones clasicos,Bastones clasicos - Legumes Frites,Estacional,Corte steak,Bastones rectos de brocoli,394.4,248.4,217.0,10.23,191
MC1612,False,2.5x411.2x274.7x227.2,Caja creada en MC,1612,Bastones clasicos,Bastones clasicos - Legumes Frites,Estacional,Fino,Bastones rectos de brocoli,395.6,288.4,213.1,11.552,191
MC1613,False,2.7x400.0x300.0x195.82,Catálogo inicial,1613,Bastones clasicos,Bastones clasicos - Sigilo,Forma estable,Forma,Gajos de brocoli,376.5,284.9,206.2,11.35,191
MC1614,False,2.7x400.0x300.0x224.54,Catálogo inicial,1614,Bastones clasicos,Bastones clasicos - Mayordomo,Estacional,Medio,Bastones rectos de brocoli,399.3,294.9,216.1,12.612,191
MC1615,False,3.0x400.0x300.0x256.0,Catálogo inicial,1615,Bastones clasicos,Bastones clasicos - Sigilo,Forma estable,Forma,Brocoli en rejilla,394.0,297.3,246.2,6.307,191
MC1616,False,3.0x400.0x266.63x250.68,Catálogo inicial,1616,Bastones clasicos,Bastones clasicos - Sigilo,Estacional,Medio,Bastones rectos de brocoli,397.0,264.9,237.9,12.053,191
MC1617,False,3.0x400.0x300.0x186.85,Catálogo inicial,1617,Bastones clasicos,Bastones clasicos - Sigilo,Estacional,Forma,Bastones rectos de brocoli,400.5,293.4,177.2,5.481,191
MC1618,False,2.5x411.8x247.4x241.4,Caja creada en MC,1618,Bastones clasicos,Bastones clasicos - Legumes Frites,Forma estable,Forma,Brocoli zigzag,391.3,255.5,232.4,12.961,191
MC1619,False,2.5x400.0x240.0x255.0,Catálogo inicial,1619,Bastones clasicos,Bastones clasicos - Sigilo,Forma estable,Forma,Mix crujiente de brocoli,384.0,251.8,239.9,8.398,191
MC1620,False,2.7x400.0x300.0x300.0,Catálogo inicial,1620,Bastones clasicos,Bastones clasicos - Legumes Frites,Estacional,Grueso,Bastones rectos de brocoli,404.4,301.0,280.4,12.232,191
MC1621,False,2.5x402.7x279.8x269.5,Caja creada en MC,1621,Bastones clasicos,Bastones clasicos - Sigilo,Forma estable,Forma,Espirales de brocoli,398.7,280.8,255.0,9.956,191
MC1622,False,2.5x405.3x255.5x229.9,Caja creada en MC,1622,Bastones clasicos,Bastones clasicos - Grado B,Estacional,Medio,Bastones rectos de brocoli,400.4,251.5,219.2,11.659,191
MC1623,False,2.7x375.59999999999997x308.4x189.1,Caja creada en MC,1623,Bastones clasicos,Bastones clasicos - Legumes Frites,Estacional,Medio,Bastones rectos de brocoli,376.4,293.3,186.1,10.752,191
MC1624,False,2.7x395.7x279.59999999999997x202.5,Caja creada en MC,1624,Guarniciones,Guarniciones - Cubos,Forma estable,Forma,Cubos de brocoli,406.8,266.8,193.5,12.191,191
MC1625,False,2.7x412.2x302.9x182.20000000000002,Caja creada en MC,1625,Bastones clasicos,Bastones clasicos - Reserva Privada,Estacional,Corte steak,Bastones rectos de brocoli,400.6,298.1,177.1,12.529,191
MC1626,False,2.5x400.0x300.0x257.14,Catálogo inicial,1626,Bastones clasicos,Bastones clasicos - Sigilo,Forma estable,Forma,Espirales de brocoli,394.3,283.5,262.2,12.424,191
MC1627,True,2.5x371.4x265.8x317.2,Caja nueva,1627,Bastones clasicos,Bastones clasicos - Reserva Privada,Estacional,Fino,Bastones rectos de brocoli,366.4,260.8,312.2,12.447,192
MC1628,False,3.0x400.0x300.0x150.0,Catálogo inicial,1628,Guarniciones,Guarniciones - Cubos,Forma estable,Forma,Cubos de brocoli,378.4,295.5,146.7,12.434,192
MC1629,False,2.5x411.8x247.4x241.4,Caja creada en MC,1629,Bastones clasicos,Bastones clasicos - Legumes Frites,Estacional,Medio,Bastones rectos de brocoli,394.1,249.3,233.3,12.508,192
MC1630,False,2.5x402.7x279.8x269.5,Caja creada en MC,1630,Bastones clasicos,Bastones clasicos - Reserva Privada,Forma estable,Forma,Rodajas de brocoli,389.3,288.8,251.9,8.892,192
MC1631,False,3.0x400.0x266.63x250.68,Catálogo inicial,1631,Bastones clasicos,Bastones clasicos - Grado B,Estacional,Fino,Bastones rectos de brocoli,370.4,264.0,242.4,12.556,192
MC1632,False,2.5x411.8x268.0x264.6,Caja creada en MC,1632,Bastones clasicos,Bastones clasicos - Sigilo,Forma estable,Forma,Tiras para dip de brocoli,405.2,269.5,254.3,12.393,192
MC1633,False,2.5x410.0x304.1x231.5,Caja creada en MC,1633,Bastones clasicos,Bastones clasicos - Sigilo,Estacional,Grueso,Bastones rectos de brocoli,388.6,302.6,229.9,13.916,192
MC1634,False,3.0x400.0x269.82x180.0,Catálogo inicial,1634,Snacks y aperitivos,Snacks y aperitivos - Queso,Co-produccion,Forma,Bocados de brocoli con queso cheddar,406.8,255.3,166.5,5.124,192
MC1635,False,2.7x409.9x275.79999999999995x184.20000000000002,Caja creada en MC,1635,Bastones clasicos,Bastones clasicos - Sigilo,Estacional,Medio,Bastones rectos de brocoli,392.0,254.6,187.5,8.112,192
MC1636,False,3.0x400.0x277.27x217.7,Catálogo inicial,1636,Bastones clasicos,Bastones clasicos - Legumes Frites,Estacional,Medio,Bastones rectos de brocoli,395.4,259.3,220.5,10.98,192
MC1637,False,2.7x408.59999999999997x253.3x207.4,Caja creada en MC,1637,Bastones clasicos,Bastones clasicos - Legumes Frites,Estacional,Corte steak,Bastones rectos de brocoli,396.5,247.1,198.2,12.936,192
MC1638,False,2.5x402.7x279.8x269.5,Caja creada en MC,1638,Bastones clasicos,Bastones clasicos - Sigilo,Forma estable,Forma,Espirales de brocoli,384.4,297.7,249.5,12.086,192
MC1639,False,3.0x387.8x278.8x169.5,Caja creada en MC,1639,Bastones clasicos,Bastones clasicos - Sigilo,Forma estable,Forma,Gajos de brocoli,374.5,276.9,163.3,13.177,192
MC1640,False,2.5x400.0x300.0x257.14,Catálogo inicial,1640,Bastones clasicos,Bastones clasicos - Reserva Privada,Estacional,Medio,Bastones rectos de brocoli,383.7,297.1,257.6,11.998,192
MC1641,False,2.5x411.8x247.4x241.4,Caja creada en MC,1641,Bastones clasicos,Bastones clasicos - Legumes Frites,Estacional,Fino,Bastones rectos de brocoli,402.8,246.3,234.3,12.37,192
MC1642,False,2.5x368.8x257.3x255.1,Caja creada en MC,1642,Bastones clasicos,Bastones clasicos - Sigilo,Forma estable,Forma,Corte rustico de brocoli,377.3,251.7,240.4,12.144,192
MC1643,False,2.5x368.8x272.1x309.3,Caja creada en MC,1643,Bastones clasicos,Bastones clasicos - Reserva Privada,Estacional,Fino,Bastones rectos de brocoli,365.7,255.7,303.4,13.32,192
MC1644,False,2.5x368.8x289.1x230.3,Caja creada en MC,1644,Bastones clasicos,Bastones clasicos - Legumes Frites,Estacional,Medio,Bastones rectos de brocoli,389.4,267.1,218.7,12.311,192
MC1645,False,2.7x395.7x279.59999999999997x202.5,Caja creada en MC,1645,Bastones clasicos,Bastones clasicos - Reserva Privada,Forma estable,Forma,Gajos de brocoli,373.1,278.4,201.6,12.805,192
MC1646,False,2.7x409.9x275.79999999999995x184.20000000000002,Caja creada en MC,1646,Bastones clasicos,Bastones clasicos - Reserva Privada,Estacional,Medio,Bastones rectos de brocoli,383.4,282.2,179.3,12.361,192
MC1647,False,2.5x371.3x297.4x241.7,Caja creada en MC,1647,Guarniciones,Guarniciones - Tortitas,Forma estable,Forma,Tortitas de brocoli,363.8,278.3,240.6,11.032,192
MC1648,False,3.0x400.0x300.0x238.97,Catálogo inicial,1648,Bastones clasicos,Bastones clasicos - Sigilo,Forma estable,Forma,Dippers de brocoli,378.1,300.2,233.0,12.377,192
MC1649,False,2.5x401.9x250.9x284.6,Caja creada en MC,1649,Bastones clasicos,Bastones clasicos - Sigilo,Estacional,Medio,Bastones rectos de brocoli,392.9,233.5,291.7,12.45,192
MC1650,False,2.5x411.8x308.7x273.4,Caja creada en MC,1650,Bastones clasicos,Bastones clasicos - Sigilo,Forma estable,Forma,Brocoli en rejilla,406.0,287.1,279.7,5.812,192
MC1651,False,2.7x400.0x300.0x194.76,Catálogo inicial,1651,Bastones clasicos,Bastones clasicos - Legumes Frites,Estacional,Medio,Bastones rectos de brocoli,377.1,305.9,190.1,11.019,192
MC1652,False,3.0x400.0x269.82x180.0,Catálogo inicial,1652,Guarniciones,Guarniciones - Cubos,Forma estable,Forma,Cubos de brocoli,402.0,252.4,175.8,12.507,192
MC1653,False,2.5x400.0x240.0x343.29,Catálogo inicial,1653,Bastones clasicos,Bastones clasicos - Reserva Privada,Estacional,Fino,Bastones rectos de brocoli,377.1,246.5,326.6,12.889,192
MC1654,False,2.5x411.2x274.7x227.2,Caja creada en MC,1654,Bastones clasicos,Bastones clasicos - Sigilo,Forma estable,Forma,Tiras para dip de brocoli,384.9,254.7,241.8,6.755,192
MC1655,False,2.7x400.0x273.48x225.0,Catálogo inicial,1655,Bastones clasicos,Bastones clasicos - Reserva Privada,Estacional,Corte steak,Bastones rectos de brocoli,406.8,255.5,217.9,12.43,192
MC1656,False,2.5x411.8x268.0x264.6,Caja creada en MC,1656,Bastones clasicos,Bastones clasicos - Sigilo,Forma estable,Forma,Espirales de brocoli,395.5,261.5,268.1,6.659,192
MC1657,False,3.0x405.6x278.7x196.4,Caja creada en MC,1657,Bastones clasicos,Bastones clasicos - Sigilo,Estacional,Medio,Bastones rectos de brocoli,379.6,301.8,180.1,12.087,192
MC1658,False,2.5x401.0x249.6x249.7,Caja creada en MC,1658,Guarniciones,Guarniciones - Legumes Croquetas,Forma estable,Forma,Croquetas de brocoli,378.2,254.9,244.2,9.974,192
MC1659,False,2.5x396.9x303.6x326.6,Caja creada en MC,1659,Bastones clasicos,Bastones clasicos - Reserva Privada,Forma estable,Forma,Brocoli en rejilla,406.8,291.2,305.6,10.811,192
MC1660,False,3.0x400.0x277.27x200.0,Catálogo inicial,1660,Guarniciones,Guarniciones - Cubos,Forma estable,Forma,Cubos de brocoli,406.8,261.0,192.5,10.609,192
MC1661,False,3.0x400.0x277.27x287.91,Catálogo inicial,1661,Bastones clasicos,Bastones clasicos - Reserva Privada,Estacional,Fino,Bastones rectos de brocoli,376.5,280.0,283.4,12.43,192
MC1662,False,2.5x407.5x253.6x266.4,Caja creada en MC,1662,Bastones clasicos,Bastones clasicos - Sigilo,Forma estable,Forma,Brocoli en rejilla,392.5,247.1,264.7,6.773,192
MC1663,False,3.0x400.9x251.9x192.9,Caja creada en MC,1663,Guarniciones,Guarniciones - Cubos,Forma estable,Forma,Cubos de brocoli,394.1,241.5,185.9,12.568,192
MC1664,False,2.7x400.0x240.0x206.46,Catálogo inicial,1664,Bastones clasicos,Bastones clasicos - Sigilo,Forma estable,Forma,Brocoli en rejilla,381.4,243.0,196.9,4.702,192
MC1665,False,2.7x412.2x302.9x182.20000000000002,Caja creada en MC,1665,Snacks y aperitivos,Snacks y aperitivos - Aros y Vegetales,Co-produccion,Forma,Aros de brocoli,387.4,280.3,196.3,4.888,192
MC1666,False,3.0x369.8x290.5x165.9,Caja creada en MC,1666,Bastones clasicos,Bastones clasicos - Legumes Frites,Estacional,Medio,Bastones rectos de brocoli,380.1,272.0,156.5,12.893,192
MC1667,False,2.5x411.8x308.7x273.4,Caja creada en MC,1667,Bastones clasicos,Bastones clasicos - Sigilo,Forma estable,Forma,Brocoli en rejilla,399.2,288.7,283.7,12.255,192
MC1668,False,2.7x400.0x240.0x163.63,Catálogo inicial,1668,Bastones clasicos,Bastones clasicos - Sigilo,Forma estable,Forma,Corte rustico de brocoli,396.9,239.1,153.2,6.796,192
MC1669,False,3.0x400.0x266.63x250.68,Catálogo inicial,1669,Bastones clasicos,Bastones clasicos - Legumes Frites,Estacional,Fino,Bastones rectos de brocoli,376.2,255.4,258.5,12.581,192
MC1670,False,2.5x405.3x255.5x229.9,Caja creada en MC,1670,Bastones clasicos,Bastones clasicos - Reserva Privada,Estacional,Fino,Bastones rectos de brocoli,380.5,240.2,245.5,12.748,192
MC1671,False,2.7x400.0x240.0x272.42,Catálogo inicial,1671,Bastones clasicos,Bastones clasicos - Sigilo,Forma estable,Forma,Dippers de brocoli,390.6,244.5,258.7,12.594,192
MC1672,False,2.5x400.0x300.0x257.14,Catálogo inicial,1672,Guarniciones,Guarniciones - Tortitas,Forma estable,Forma,Tortitas de brocoli,388.1,290.6,260.4,8.556,192
MC1673,False,3.0x407.3x297.5x162.7,Caja creada en MC,1673,Bastones clasicos,Bastones clasicos - Legumes Frites,Estacional,Grueso,Bastones rectos de brocoli,386.7,294.9,160.6,12.83,192
MC1674,False,2.5x402.3x259.7x164.2,Caja creada en MC,1674,Snacks y aperitivos,Snacks y aperitivos - Queso,Co-produccion,Forma,Bocados de brocoli con mozzarella,392.0,245.4,166.8,5.26,192
MC1675,False,3.0x400.0x300.0x175.14,Catálogo inicial,1675,Bastones clasicos,Bastones clasicos - Sigilo,Forma estable,Forma,Dippers de brocoli,374.8,293.6,176.0,5.404,192
MC1676,False,2.5x374.1x266.5x240.0,Caja creada en MC,1676,Guarniciones,Guarniciones - Legumes Croquetas,Forma estable,Forma,Croquetas de brocoli,369.1,251.9,237.3,9.213,192
MC1677,False,3.0x400.0x269.82x180.0,Catálogo inicial,1677,Snacks y aperitivos,Snacks y aperitivos - Queso,Co-produccion,Forma,Bocados de brocoli con queso cheddar,406.8,249.7,165.0,5.075,192
MC1678,False,2.7x400.0x240.0x237.31,Catálogo inicial,1678,Bastones clasicos,Bastones clasicos - Grado B,Estacional,Medio,Bastones rectos de brocoli,391.2,248.6,219.1,12.376,192
MC1679,False,3.0x400.0x300.0x175.14,Catálogo inicial,1679,Bastones clasicos,Bastones clasicos - Sigilo,Forma estable,Forma,Brocoli zigzag,406.8,295.5,159.2,6.723,192
MC1680,False,2.5x411.2x274.7x227.2,Caja creada en MC,1680,Bastones clasicos,Bastones clasicos - Sigilo,Forma estable,Forma,Gajos de brocoli,388.9,289.2,214.6,12.709,192
MC1681,False,2.5x398.9x278.8x296.1,Caja creada en MC,1681,Bastones clasicos,Bastones clasicos - Sigilo,Forma estable,Forma,Brocoli en rejilla,389.4,287.5,277.7,12.329,192
MC1682,False,3.0x400.0x300.0x238.97,Catálogo inicial,1682,Bastones clasicos,Bastones clasicos - Sigilo,Forma estable,Forma,Brocoli zigzag,406.8,284.0,231.8,9.671,192
MC1683,False,2.5x368.8x257.3x255.1,Caja creada en MC,1683,Bastones clasicos,Bastones clasicos - Sigilo,Estacional,Medio,Bastones rectos de brocoli,380.5,247.8,240.8,12.462,192
MC1684,False,2.7x375.0x286.2x216.3,Caja creada en MC,1684,Bastones clasicos,Bastones clasicos - Sigilo,Estacional,Medio,Bastones rectos de brocoli,364.0,294.5,201.1,13.051,192
MC1685,False,2.7x409.9x275.79999999999995x184.20000000000002,Caja creada en MC,1685,Bastones clasicos,Bastones clasicos - Reserva Privada,Forma estable,Forma,Espirales de brocoli,406.8,258.3,179.4,4.504,192
MC1686,False,2.5x402.3x259.7x164.2,Caja creada en MC,1686,Snacks y aperitivos,Snacks y aperitivos - Queso,Co-produccion,Forma,Bocados de brocoli con queso cheddar,383.3,251.6,162.5,4.815,192
MC1687,False,2.5x400.0x276.27x225.0,Catálogo inicial,1687,Bastones clasicos,Bastones clasicos - Sigilo,Estacional,Medio,Bastones rectos de brocoli,385.8,287.2,211.7,8.436,192
MC1688,False,2.5x375.1x293.3x229.2,Caja creada en MC,1688,Bastones clasicos,Bastones clasicos - Sigilo,Forma estable,Forma,Gajos de brocoli,381.2,287.3,217.6,12.552,192
MC1689,False,2.5x411.8x247.4x241.4,Caja creada en MC,1689,Bastones clasicos,Bastones clasicos - Sigilo,Forma estable,Forma,Tiras para dip de brocoli,396.2,248.4,232.2,12.076,192
MC1690,False,2.5x407.5x253.6x266.4,Caja creada en MC,1690,Bastones clasicos,Bastones clasicos - Sigilo,Forma estable,Forma,Espirales de brocoli,381.8,255.5,263.3,6.195,192
MC1691,False,2.5x402.7x279.8x269.5,Caja creada en MC,1691,Bastones clasicos,Bastones clasicos - Sigilo,Estacional,Grueso,Bastones rectos de brocoli,392.9,290.5,252.9,13.248,192
MC1692,False,2.5x368.8x291.4x286.4,Caja creada en MC,1692,Bastones clasicos,Bastones clasicos - Sigilo,Forma estable,Forma,Brocoli en rejilla,391.2,277.9,267.6,12.757,192
MC1693,False,3.0x387.8x278.8x169.5,Caja creada en MC,1693,Snacks y aperitivos,Snacks y aperitivos - Queso,Co-produccion,Forma,Bocados de brocoli con queso cheddar,383.1,281.6,156.7,4.945,192
MC1694,False,2.5x405.3x255.5x229.9,Caja creada en MC,1694,Bastones clasicos,Bastones clasicos - Reserva Privada,Estacional,Medio,Bastones rectos de brocoli,384.7,252.3,229.7,12.61,192
MC1695,False,3.0x400.0x269.82x180.0,Catálogo inicial,1695,Bastones clasicos,Bastones clasicos - Sigilo,Forma estable,Forma,Gajos de brocoli,379.0,252.2,187.4,12.571,192
MC1696,False,2.5x368.8x289.1x230.3,Caja creada en MC,1696,Bastones clasicos,Bastones clasicos - Legumes Frites,Estacional,Medio,Bastones rectos de brocoli,371.4,282.0,218.4,12.726,192
MC1697,False,3.0x400.0x266.63x250.68,Catálogo inicial,1697,Guarniciones,Guarniciones - Legumes Croquetas,Forma estable,Forma,Croquetas de brocoli,375.2,271.1,239.7,9.927,192
MC1698,False,2.7x400.0x300.0x209.65,Catálogo inicial,1698,Bastones clasicos,Bastones clasicos - Sigilo,Estacional,Medio,Bastones rectos de brocoli,387.4,293.6,202.4,11.523,192
MC1699,False,3.0x400.0x300.0x179.4,Catálogo inicial,1699,Guarniciones,Guarniciones - Otros,Estacional,Medio,Bastones rectos de brocoli,381.4,297.2,176.8,12.41,192
MC1700,False,2.5x411.8x308.7x273.4,Caja creada en MC,1700,Bastones clasicos,Bastones clasicos - Legumes Frites,Estacional,Grueso,Bastones rectos de brocoli,384.8,294.9,284.8,12.694,192
MC1701,False,2.5x400.0x300.0x257.14,Catálogo inicial,1701,Bastones clasicos,Bastones clasicos - Sigilo,Forma estable,Forma,Espirales de brocoli,385.8,301.9,252.1,12.346,192
MC1702,False,3.0x400.9x251.9x192.9,Caja creada en MC,1702,Bastones clasicos,Bastones clasicos - Sigilo,Forma estable,Forma,Gajos de brocoli,375.5,242.1,198.4,12.514,192
MC1703,False,2.7x369.5x248.6x243.20000000000002,Caja creada en MC,1703,Bastones clasicos,Bastones clasicos - Sigilo,Estacional,Medio,Bastones rectos de brocoli,390.9,228.9,227.8,9.97,192
MC1704,False,2.7x400.0x300.0x209.65,Catálogo inicial,1704,Bastones clasicos,Bastones clasicos - Grado B,Estacional,Medio,Bastones rectos de brocoli,402.6,282.2,202.1,12.53,192
MC1705,False,3.0x375.8x300.7x170.7,Caja creada en MC,1705,Bastones clasicos,Bastones clasicos - Sigilo,Forma estable,Forma,Gajos de brocoli,380.6,290.8,158.2,13.065,192
MC1706,False,2.7x409.9x275.79999999999995x184.20000000000002,Caja creada en MC,1706,Bastones clasicos,Bastones clasicos - Sigilo,Forma estable,Forma,Dippers de brocoli,391.6,287.3,170.2,5.686,192
MC1707,False,2.5x411.8x247.4x241.4,Caja creada en MC,1707,Bastones clasicos,Bastones clasicos - Grado B,Estacional,Medio,Bastones rectos de brocoli,390.2,257.1,226.8,12.456,192
MC1708,False,2.7x400.0x300.0x209.65,Catálogo inicial,1708,Bastones clasicos,Bastones clasicos - Legumes Frites,Estacional,Fino,Bastones rectos de brocoli,390.2,297.3,197.1,12.426,192
MC1709,False,2.5x411.8x257.5x210.6,Caja creada en MC,1709,Bastones clasicos,Bastones clasicos - Reserva Privada,Estacional,Medio,Bastones rectos de brocoli,401.0,250.8,208.1,11.431,192
MC1710,False,2.7x375.59999999999997x308.4x189.1,Caja creada en MC,1710,Bastones clasicos,Bastones clasicos - Reserva Privada,Estacional,Medio,Bastones rectos de brocoli,393.9,294.9,176.9,12.378,192
MC1711,False,2.5x368.8x289.1x230.3,Caja creada en MC,1711,Bastones clasicos,Bastones clasicos - Legumes Frites,Estacional,Medio,Bastones rectos de brocoli,367.4,279.9,222.6,11.993,192
MC1712,False,2.5x410.0x304.1x231.5,Caja creada en MC,1712,Bastones clasicos,Bastones clasicos - Sigilo,Estacional,Grueso,Bastones rectos de brocoli,400.4,286.3,235.9,13.841,192
MC1713,False,2.5x411.8x308.7x273.4,Caja creada en MC,1713,Snacks y aperitivos,Snacks y aperitivos - Aros y Vegetales,Co-produccion,Forma,Aros de brocoli,406.8,305.9,261.5,5.023,192
MC1714,False,2.7x400.0x300.0x200.0,Catálogo inicial,1714,Bastones clasicos,Bastones clasicos - Sigilo,Estacional,Fino,Bastones rectos de brocoli,383.4,286.9,204.3,12.761,192
MC1715,False,2.7x400.0x300.0x224.54,Catálogo inicial,1715,Bastones clasicos,Bastones clasicos - Sigilo,Estacional,Grueso,Bastones rectos de brocoli,406.8,290.5,214.7,14.326,192
MC1716,False,3.0x400.0x266.63x225.0,Catálogo inicial,1716,Bastones clasicos,Bastones clasicos - Sigilo,Estacional,Fino,Bastones rectos de brocoli,378.0,280.7,211.4,12.49,192
MC1717,False,3.0x387.8x278.8x169.5,Caja creada en MC,1717,Bastones clasicos,Bastones clasicos - Sigilo,Forma estable,Forma,Gajos de brocoli,368.8,280.4,162.7,13.355,192
MC1718,False,3.0x400.0x277.27x287.91,Catálogo inicial,1718,Bastones clasicos,Bastones clasicos - Sigilo,Forma estable,Forma,Brocoli en rejilla,387.6,279.9,273.1,8.811,192
MC1719,False,3.0x376.2x284.2x182.3,Caja creada en MC,1719,Bastones clasicos,Bastones clasicos - Legumes Frites,Estacional,Grueso,Bastones rectos de brocoli,365.7,275.0,173.2,9.367,192
MC1720,False,3.0x400.0x240.0x244.29,Catálogo inicial,1720,Bastones clasicos,Bastones clasicos - Sigilo,Forma estable,Forma,Tiras para dip de brocoli,390.2,243.5,227.3,12.289,192
MC1721,False,2.5x400.0x300.0x225.0,Catálogo inicial,1721,Snacks y aperitivos,Snacks y aperitivos - Aros y Vegetales,Co-produccion,Forma,Aros de brocoli,406.8,294.3,213.1,4.944,192
MC1722,False,3.0x375.8x300.7x170.7,Caja creada en MC,1722,Bastones clasicos,Bastones clasicos - Sigilo,Forma estable,Forma,Gajos de brocoli,363.9,280.9,173.0,12.722,192
MC1723,False,2.5x402.7x279.8x269.5,Caja creada en MC,1723,Snacks y aperitivos,Snacks y aperitivos - Aros y Vegetales,Co-produccion,Forma,Aros de brocoli,377.9,263.5,288.8,4.858,192
MC1724,False,2.7x400.0x240.0x163.63,Catálogo inicial,1724,Bastones clasicos,Bastones clasicos - Sigilo,Forma estable,Forma,Corte rustico de brocoli,371.1,250.2,156.0,6.69,192
MC1725,False,2.5x393.1x259.0x207.4,Caja creada en MC,1725,Bastones clasicos,Bastones clasicos - Sigilo,Forma estable,Forma,Espirales de brocoli,382.3,250.0,206.1,6.717,192
MC1726,False,2.5x370.5x299.0x316.4,Caja creada en MC,1726,Bastones clasicos,Bastones clasicos - Legumes Frites,Estacional,Medio,Bastones rectos de brocoli,383.7,281.6,298.5,12.332,192
MC1727,False,2.5x411.8x268.0x264.6,Caja creada en MC,1727,Bastones clasicos,Bastones clasicos - Sigilo,Forma estable,Forma,Gajos de brocoli,396.0,281.0,247.2,12.804,192
MC1728,False,2.7x400.0x300.0x200.0,Catálogo inicial,1728,Brocoli especial,Brocoli especial - Bastones Especiales,Estacional,Corte steak,Bastones rectos de brocoli,406.3,295.2,187.7,12.74,192
MC1729,False,2.5x381.3x192.3x157.1,Caja creada en MC,1729,Guarniciones,Guarniciones - Legumes Croquetas,Forma estable,Forma,Rosti de brocoli,380.6,185.9,150.7,5.175,192
MC1730,False,2.7x408.59999999999997x253.3x207.4,Caja creada en MC,1730,Bastones clasicos,Bastones clasicos - Sigilo,Forma estable,Forma,Espirales de brocoli,384.7,247.3,211.0,6.683,192
MC1731,False,2.5x407.5x253.6x266.4,Caja creada en MC,1731,Bastones clasicos,Bastones clasicos - Grado B,Estacional,Fino,Bastones rectos de brocoli,397.6,263.3,247.6,12.951,192
MC1732,False,3.0x400.0x300.0x238.97,Catálogo inicial,1732,Bastones clasicos,Bastones clasicos - Sigilo,Estacional,Grueso,Bastones rectos de brocoli,384.8,296.1,230.4,13.187,192
MC1733,False,2.5x410.0x304.1x231.5,Caja creada en MC,1733,Bastones clasicos,Bastones clasicos - Reserva Privada,Estacional,Fino,Bastones rectos de brocoli,405.2,303.0,213.8,11.979,192
MC1734,False,3.0x400.0x300.0x271.95,Catálogo inicial,1734,Bastones clasicos,Bastones clasicos - Sigilo,Forma estable,Forma,Espirales de brocoli,381.8,291.7,273.5,12.045,192
MC1735,False,2.7x409.9x275.79999999999995x184.20000000000002,Caja creada en MC,1735,Bastones clasicos,Bastones clasicos - Sigilo,Estacional,Medio,Bastones rectos de brocoli,389.5,266.7,184.4,12.503,192
MC1736,False,2.5x411.8x302.0x363.5,Caja creada en MC,1736,Bastones clasicos,Bastones clasicos - Sigilo,Forma estable,Forma,Brocoli zigzag,401.8,290.3,370.1,12.951,192
MC1737,False,2.5x411.5x253.8x142.1,Caja creada en MC,1737,Guarniciones,Guarniciones - Legumes Croquetas,Forma estable,Forma,Tortitas de brocoli,382.4,257.5,139.6,4.91,192
MC1738,False,3.0x400.0x300.0x271.95,Catálogo inicial,1738,Bastones clasicos,Bastones clasicos - Sigilo,Forma estable,Forma,Espirales de brocoli,392.9,301.1,260.0,9.611,192
MC1739,False,2.5x399.4x277.8x229.1,Caja creada en MC,1739,Bastones clasicos,Bastones clasicos - Sigilo,Estacional,Medio,Bastones rectos de brocoli,397.7,258.2,231.5,9.687,192
MC1740,False,3.0x373.7x257.7x226.6,Caja creada en MC,1740,Bastones clasicos,Bastones clasicos - Sigilo,Estacional,Corte steak,Bastones rectos de brocoli,363.8,252.3,216.7,12.715,192
MC1741,False,3.0x400.0x269.82x196.42,Catálogo inicial,1741,Bastones clasicos,Bastones clasicos - Sigilo,Estacional,Medio,Bastones rectos de brocoli,387.5,277.1,183.3,12.321,192
MC1742,False,2.5x400.0x268.82x300.0,Catálogo inicial,1742,Bastones clasicos,Bastones clasicos - Sigilo,Forma estable,Forma,Brocoli zigzag,391.7,259.2,298.9,12.3,192
MC1743,False,3.0x373.2x309.4x177.8,Caja creada en MC,1743,Bastones clasicos,Bastones clasicos - Sigilo,Forma estable,Forma,Gajos de brocoli,385.4,289.7,169.9,9.356,192
MC1744,False,2.7x408.59999999999997x253.3x207.4,Caja creada en MC,1744,Bastones clasicos,Bastones clasicos - Reserva Privada,Estacional,Medio,Bastones rectos de brocoli,391.1,243.8,211.4,12.286,192
MC1745,False,2.5x410.0x304.1x231.5,Caja creada en MC,1745,Bastones clasicos,Bastones clasicos - Reserva Privada,Estacional,Fino,Bastones rectos de brocoli,385.1,295.5,240.3,12.942,192
MC1746,False,3.0x376.2x284.2x182.3,Caja creada en MC,1746,Guarniciones,Guarniciones - Cubos,Forma estable,Forma,Cubos de brocoli,372.8,278.4,174.8,12.534,192
MC1747,False,3.0x375.8x300.7x170.7,Caja creada en MC,1747,Bastones clasicos,Bastones clasicos - Sigilo,Forma estable,Forma,Gajos de brocoli,384.4,281.0,159.1,12.223,192
MC1748,False,2.5x399.4x277.8x229.1,Caja creada en MC,1748,Bastones clasicos,Bastones clasicos - Sigilo,Estacional,Fino,Bastones rectos de brocoli,383.8,260.2,239.5,12.964,192
MC1749,False,2.5x368.8x291.4x286.4,Caja creada en MC,1749,Bastones clasicos,Bastones clasicos - Sigilo,Estacional,Medio,Bastones rectos de brocoli,380.3,288.3,267.4,12.281,192
MC1750,False,3.0x400.0x300.0x178.34,Catálogo inicial,1750,Bastones clasicos,Bastones clasicos - Sigilo,Forma estable,Forma,Gajos de brocoli,392.9,288.9,173.3,13.032,192
MC1751,False,2.5x411.8x308.7x273.4,Caja creada en MC,1751,Bastones clasicos,Bastones clasicos - Sigilo,Forma estable,Forma,Brocoli en rejilla,406.8,298.6,269.6,8.337,192
MC1752,False,2.5x402.7x279.8x269.5,Caja creada en MC,1752,Bastones clasicos,Bastones clasicos - Sigilo,Forma estable,Forma,Espirales de brocoli,382.1,297.4,249.7,9.766,192
MC1753,False,2.5x400.0x276.27x162.44,Catálogo inicial,1753,Snacks y aperitivos,Snacks y aperitivos - Queso,Co-produccion,Forma,Bocados de brocoli con queso cheddar,397.1,271.6,154.7,4.775,192
MC1754,False,2.7x400.0x240.0x206.46,Catálogo inicial,1754,Bastones clasicos,Bastones clasicos - Reserva Privada,Forma estable,Forma,Gajos de brocoli,397.8,241.3,190.2,13.359,192
MC1755,False,2.5x368.8x291.4x286.4,Caja creada en MC,1755,Bastones clasicos,Bastones clasicos - Reserva Privada,Estacional,Medio,Bastones rectos de brocoli,363.8,280.6,283.9,12.645,192
MC1756,False,2.7x400.0x300.0x209.65,Catálogo inicial,1756,Bastones clasicos,Bastones clasicos - Sigilo,Estacional,Fino,Bastones rectos de brocoli,390.1,284.9,205.0,12.379,192
MC1757,False,2.5x375.3x310.9x288.9,Caja creada en MC,1757,Bastones clasicos,Bastones clasicos - Reserva Privada,Estacional,Fino,Bastones rectos de brocoli,379.2,288.1,292.0,12.859,192
MC1758,False,2.7x400.0x276.67x250.08,Catálogo inicial,1758,Bastones clasicos,Bastones clasicos - Sigilo,Forma estable,Forma,Gajos de brocoli,375.8,291.6,233.5,12.763,192
MC1759,False,2.5x368.8x257.3x255.1,Caja creada en MC,1759,Snacks y aperitivos,Snacks y aperitivos - Base Brocoli,Forma estable,Forma,Bocaditos inflados de brocoli,367.7,242.6,253.2,11.433,192
MC1760,False,3.0x400.0x277.27x217.7,Catálogo inicial,1760,Bastones clasicos,Bastones clasicos - Sigilo,Forma estable,Forma,Dippers de brocoli,384.0,276.9,212.6,12.252,192
MC1761,False,3.0x400.0x300.0x238.97,Catálogo inicial,1761,Bastones clasicos,Bastones clasicos - Sigilo,Estacional,Medio,Bastones rectos de brocoli,406.8,288.8,220.5,8.834,192
MC1762,False,2.5x371.3x297.4x241.7,Caja creada en MC,1762,Bastones clasicos,Bastones clasicos - Sigilo,Forma estable,Forma,Espirales de brocoli,371.4,283.2,239.9,9.403,192
MC1763,False,2.5x393.6x259.4x350.2,Caja creada en MC,1763,Bastones clasicos,Bastones clasicos - Reserva Privada,Estacional,Fino,Bastones rectos de brocoli,381.1,262.8,339.1,12.75,192
MC1764,False,3.0x400.0x277.27x287.91,Catálogo inicial,1764,Bastones clasicos,Bastones clasicos - Sigilo,Forma estable,Forma,Brocoli en rejilla,370.9,283.5,282.1,12.491,192
MC1765,False,3.0x400.0x277.27x200.0,Catálogo inicial,1765,Bastones clasicos,Bastones clasicos - Reserva Privada,Forma estable,Forma,Gajos de brocoli,402.8,264.7,192.1,12.605,192
MC1766,False,2.7x375.29999999999995x286.2x200.70000000000002,Caja creada en MC,1766,Bastones clasicos,Bastones clasicos - Sigilo,Forma estable,Forma,Espirales de brocoli,389.5,276.1,186.0,5.476,192
MC1767,False,3.0x400.0x277.27x200.0,Catálogo inicial,1767,Bastones clasicos,Bastones clasicos - Legumes Frites,Estacional,Medio,Bastones rectos de brocoli,380.7,279.7,191.4,12.406,192
MC1768,False,3.0x373.2x309.4x177.8,Caja creada en MC,1768,Bastones clasicos,Bastones clasicos - Mayordomo,Estacional,Grueso,Bastones rectos de brocoli,381.3,286.0,174.5,12.174,192
MC1769,False,2.5x403.2x257.6x275.3,Caja creada en MC,1769,Bastones clasicos,Bastones clasicos - Sigilo,Forma estable,Forma,Brocoli en rejilla,381.9,249.0,284.5,6.654,192
MC1770,False,3.0x400.0x277.27x287.91,Catálogo inicial,1770,Bastones clasicos,Bastones clasicos - Reserva Privada,Estacional,Fino,Bastones rectos de brocoli,377.3,289.6,274.0,13.059,192
MC1771,False,3.0x400.0x300.0x175.14,Catálogo inicial,1771,Bastones clasicos,Bastones clasicos - Sigilo,Forma estable,Forma,Gajos de brocoli,406.8,293.0,161.1,12.291,192
MC1772,False,3.0x400.0x300.0x238.97,Catálogo inicial,1772,Bastones clasicos,Bastones clasicos - Sigilo,Forma estable,Forma,Brocoli zigzag,402.1,285.6,225.0,12.708,192
MC1773,False,3.0x400.0x300.0x150.0,Catálogo inicial,1773,Snacks y aperitivos,Snacks y aperitivos - Queso,Co-produccion,Forma,Bocados de brocoli con queso cheddar,384.9,293.6,141.9,5.065,192
MC1774,False,2.7x400.0x240.0x211.78,Catálogo inicial,1774,Guarniciones,Guarniciones - Cubos,Forma estable,Forma,Cubos de brocoli,390.4,247.2,197.4,12.503,192
MC1775,False,3.0x400.0x240.0x244.29,Catálogo inicial,1775,Bastones clasicos,Bastones clasicos - Legumes Frites,Estacional,Corte steak,Bastones rectos de brocoli,370.5,251.2,229.5,11.928,192
MC1776,False,2.5x369.7x291.0x269.1,Caja creada en MC,1776,Bastones clasicos,Bastones clasicos - Sigilo,Forma estable,Forma,Brocoli en rejilla,365.4,285.3,249.6,6.246,192
MC1777,False,3.0x400.0x266.63x225.0,Catálogo inicial,1777,Bastones clasicos,Bastones clasicos - Reserva Privada,Estacional,Medio,Bastones rectos de brocoli,405.0,253.6,207.2,12.207,192
MC1778,False,2.5x400.0x300.0x281.59,Catálogo inicial,1778,Bastones clasicos,Bastones clasicos - Sigilo,Estacional,Grueso,Bastones rectos de brocoli,406.8,298.2,262.6,15.207,192
MC1779,False,2.5x408.4x310.9x298.2,Caja creada en MC,1779,Bastones clasicos,Bastones clasicos - Reserva Privada,Forma estable,Forma,Brocoli en rejilla,406.8,302.7,288.3,13.028,192
MC1780,False,2.7x408.59999999999997x253.3x207.4,Caja creada en MC,1780,Bastones clasicos,Bastones clasicos - Legumes Frites,Estacional,Medio,Bastones rectos de brocoli,387.5,245.6,208.0,12.638,192
MC1781,False,2.5x369.7x291.0x269.1,Caja creada en MC,1781,Bastones clasicos,Bastones clasicos - Reserva Privada,Estacional,Fino,Bastones rectos de brocoli,378.1,273.1,265.9,12.489,192
MC1782,False,2.5x400.0x268.82x300.0,Catálogo inicial,1782,Bastones clasicos,Bastones clasicos - Sigilo,Forma estable,Forma,Brocoli en rejilla,396.7,272.9,279.9,9.109,192
MC1783,False,2.7x375.59999999999997x308.4x189.1,Caja creada en MC,1783,Bastones clasicos,Bastones clasicos - Sigilo,Forma estable,Forma,Gajos de brocoli,390.5,293.4,177.6,9.217,192
MC1784,False,2.5x373.7x298.5x213.6,Caja creada en MC,1784,Bastones clasicos,Bastones clasicos - Legumes Frites,Estacional,Fino,Bastones rectos de brocoli,375.5,284.1,211.1,10.999,192
MC1785,False,2.7x395.7x279.59999999999997x202.5,Caja creada en MC,1785,Bastones clasicos,Bastones clasicos - Legumes Frites,Estacional,Fino,Bastones rectos de brocoli,367.3,290.3,196.2,13.239,192
MC1786,False,2.5x403.2x257.6x275.3,Caja creada en MC,1786,Bastones clasicos,Bastones clasicos - Sigilo,Forma estable,Forma,Brocoli en rejilla,394.3,244.1,274.9,6.364,192
MC1787,False,2.5x385.0x279.6x150.2,Caja creada en MC,1787,Guarniciones,Guarniciones - Legumes Croquetas,Forma estable,Forma,Tortitas de brocoli,392.3,265.5,143.7,5.13,192
MC1788,False,3.0x376.2x284.2x182.3,Caja creada en MC,1788,Bastones clasicos,Bastones clasicos - Legumes Frites,Estacional,Medio,Bastones rectos de brocoli,372.1,280.8,173.5,12.32,192
MC1789,False,3.0x375.8x300.7x170.7,Caja creada en MC,1789,Bastones clasicos,Bastones clasicos - Legumes Frites,Estacional,Medio,Bastones rectos de brocoli,387.3,283.4,160.8,12.521,192
MC1790,False,2.5x398.9x278.8x296.1,Caja creada en MC,1790,Bastones clasicos,Bastones clasicos - Reserva Privada,Estacional,Fino,Bastones rectos de brocoli,388.8,261.5,306.5,12.956,192
MC1791,False,2.5x400.0x300.0x257.14,Catálogo inicial,1791,Bastones clasicos,Bastones clasicos - Sigilo,Estacional,Grueso,Bastones rectos de brocoli,403.9,287.2,252.5,12.865,192
MC1792,False,2.7x412.2x302.9x182.20000000000002,Caja creada en MC,1792,Bastones clasicos,Bastones clasicos - Reserva Privada,Estacional,Medio,Bastones rectos de brocoli,398.1,283.3,187.3,12.241,192
MC1793,False,3.0x400.0x300.0x238.97,Catálogo inicial,1793,Bastones clasicos,Bastones clasicos - Sigilo,Forma estable,Forma,Espirales de brocoli,386.8,297.6,224.8,6.777,192
MC1794,False,2.7x375.0x286.2x216.3,Caja creada en MC,1794,Bastones clasicos,Bastones clasicos - Legumes Frites Salados,Estacional,Medio,Bastones rectos de brocoli,373.9,276.9,206.6,12.517,192
MC1795,False,3.0x399.2x258.0x209.2,Caja creada en MC,1795,Bastones clasicos,Bastones clasicos - Sigilo,Forma estable,Forma,Tiras para dip de brocoli,376.9,250.2,212.1,6.713,192
MC1796,False,2.7x400.0x300.0x224.54,Catálogo inicial,1796,Bastones clasicos,Bastones clasicos - Sigilo,Forma estable,Forma,Mix crujiente de brocoli,396.3,299.8,212.5,12.243,192
MC1797,False,2.5x401.9x250.9x284.6,Caja creada en MC,1797,Bastones clasicos,Bastones clasicos - Sigilo,Forma estable,Forma,Brocoli en rejilla,386.6,264.2,267.1,6.774,192
MC1798,False,2.7x372.7x265.79999999999995x220.8,Caja creada en MC,1798,Bastones clasicos,Bastones clasicos - Legumes Frites Salados,Estacional,Medio,Bastones rectos de brocoli,384.8,257.8,205.0,12.603,192
MC1799,False,3.0x400.9x251.9x192.9,Caja creada en MC,1799,Bastones clasicos,Bastones clasicos - Reserva Privada,Forma estable,Forma,Espirales de brocoli,371.5,247.4,194.3,4.559,192
MC1800,False,2.7x400.0x300.0x194.76,Catálogo inicial,1800,Bastones clasicos,Bastones clasicos - Mayordomo,Estacional,Medio,Bastones rectos de brocoli,406.3,295.1,178.7,12.549,192
MC1801,False,2.5x371.3x297.4x241.7,Caja creada en MC,1801,Bastones clasicos,Bastones clasicos - Legumes Frites,Estacional,Medio,Bastones rectos de brocoli,397.6,275.1,230.6,12.31,192
MC1802,False,3.0x400.0x277.27x287.91,Catálogo inicial,1802,Bastones clasicos,Bastones clasicos - Sigilo,Forma estable,Forma,Brocoli zigzag,402.1,267.2,274.0,12.499,192
MC1803,False,2.5x399.4x277.8x229.1,Caja creada en MC,1803,Bastones clasicos,Bastones clasicos - Reserva Privada,Estacional,Medio,Bastones rectos de brocoli,404.4,256.5,227.5,12.334,192
MC1804,False,2.7x400.0x240.0x254.33,Catálogo inicial,1804,Bastones clasicos,Bastones clasicos - Legumes Frites,Estacional,Medio,Bastones rectos de brocoli,386.6,232.0,249.6,12.86,192
MC1805,False,2.7x408.59999999999997x253.3x207.4,Caja creada en MC,1805,Bastones clasicos,Bastones clasicos - Legumes Frites,Estacional,Medio,Bastones rectos de brocoli,390.1,252.4,204.2,12.424,192
MC1806,False,3.0x400.0x300.0x238.97,Catálogo inicial,1806,Bastones clasicos,Bastones clasicos - Sigilo,Estacional,Grueso,Bastones rectos de brocoli,393.1,301.8,222.2,10.745,192
MC1807,False,2.5x405.3x255.5x229.9,Caja creada en MC,1807,Bastones clasicos,Bastones clasicos - Legumes Frites Salados,Estacional,Fino,Bastones rectos de brocoli,388.0,253.2,216.2,11.87,192
MC1808,False,2.7x400.0x276.67x257.14,Catálogo inicial,1808,Bastones clasicos,Bastones clasicos - Sigilo,Forma estable,Forma,Tiras para dip de brocoli,406.8,260.5,253.0,11.852,192
MC1809,False,3.0x400.0x240.0x244.29,Catálogo inicial,1809,Bastones clasicos,Bastones clasicos - Sigilo,Estacional,Medio,Bastones rectos de brocoli,389.4,241.7,228.6,11.204,192
MC1810,False,2.7x395.7x279.59999999999997x202.5,Caja creada en MC,1810,Bastones clasicos,Bastones clasicos - Legumes Frites,Estacional,Fino,Bastones rectos de brocoli,380.6,274.8,200.4,12.068,192
MC1811,False,3.0x375.8x300.7x170.7,Caja creada en MC,1811,Bastones clasicos,Bastones clasicos - Sigilo,Forma estable,Forma,Gajos de brocoli,391.4,285.4,157.9,12.613,192
MC1812,False,3.0x373.2x309.4x177.8,Caja creada en MC,1812,Bastones clasicos,Bastones clasicos - Reserva Privada,Forma estable,Forma,Gajos de brocoli,372.4,286.3,174.8,11.045,192
MC1813,False,2.7x400.0x300.0x194.76,Catálogo inicial,1813,Bastones clasicos,Bastones clasicos - Reserva Privada,Estacional,Grueso,Bastones rectos de brocoli,401.3,283.0,190.4,12.476,192
MC1814,False,2.5x411.8x308.5x261.5,Caja creada en MC,1814,Bastones clasicos,Bastones clasicos - Sigilo,Forma estable,Forma,Espirales de brocoli,387.2,305.9,249.8,9.878,192
MC1815,False,3.0x400.0x240.0x244.29,Catálogo inicial,1815,Bastones clasicos,Bastones clasicos - Legumes Frites,Estacional,Medio,Bastones rectos de brocoli,385.7,245.6,226.9,11.052,192
MC1816,False,2.7x372.7x265.79999999999995x220.8,Caja creada en MC,1816,Bastones clasicos,Bastones clasicos - Reserva Privada,Estacional,Corte steak,Bastones rectos de brocoli,395.2,250.3,208.2,11.484,192
MC1817,False,2.5x411.2x274.7x227.2,Caja creada en MC,1817,Bastones clasicos,Bastones clasicos - Legumes Frites,Estacional,Medio,Bastones rectos de brocoli,395.5,255.5,237.4,10.398,192
MC1818,False,2.5x381.3x192.3x157.1,Caja creada en MC,1818,Guarniciones,Guarniciones - Legumes Croquetas,Forma estable,Forma,Croquetas de brocoli,376.1,176.5,147.0,5.064,192
MC1819,False,3.0x400.0x269.82x196.42,Catálogo inicial,1819,Bastones clasicos,Bastones clasicos - Reserva Privada,Forma estable,Forma,Gajos de brocoli,380.1,270.8,191.3,13.64,192
MC1820,False,3.0x400.0x240.0x244.29,Catálogo inicial,1820,Guarniciones,Guarniciones - Legumes Croquetas,Forma estable,Forma,Croquetas de brocoli,394.3,245.1,225.5,13.132,192
MC1821,False,2.7x400.0x300.0x224.54,Catálogo inicial,1821,Bastones clasicos,Bastones clasicos - Sigilo,Estacional,Fino,Bastones rectos de brocoli,379.3,303.0,219.0,11.989,192
MC1822,False,3.0x400.0x277.27x200.0,Catálogo inicial,1822,Bastones clasicos,Bastones clasicos - Reserva Privada,Estacional,Corte steak,Bastones rectos de brocoli,387.7,259.4,205.1,12.369,192
MC1823,False,3.0x400.0x300.0x271.95,Catálogo inicial,1823,Bastones clasicos,Bastones clasicos - Reserva Privada,Forma estable,Forma,Espirales de brocoli,406.8,280.7,265.8,11.913,192
MC1824,False,2.7x400.0x240.0x266.03,Catálogo inicial,1824,Bastones clasicos,Bastones clasicos - Sigilo,Forma estable,Forma,Espirales de brocoli,391.7,231.2,262.0,6.796,192
MC1825,False,2.5x400.0x273.08x245.42,Catálogo inicial,1825,Bastones clasicos,Bastones clasicos - Grado B,Estacional,Fino,Bastones rectos de brocoli,383.7,260.6,252.7,12.88,192
MC1826,False,2.5x369.9x188.4x161.6,Caja creada en MC,1826,Guarniciones,Guarniciones - Legumes Croquetas,Forma estable,Forma,Rosti de brocoli,369.2,181.5,148.7,5.053,192
MC1827,False,2.5x407.5x253.6x266.4,Caja creada en MC,1827,Bastones clasicos,Bastones clasicos - Sigilo,Forma estable,Forma,Dippers de brocoli,395.6,256.5,253.5,12.562,192
MC1828,False,2.5x405.3x255.5x229.9,Caja creada en MC,1828,Bastones clasicos,Bastones clasicos - Legumes Frites Salados,Estacional,Medio,Bastones rectos de brocoli,401.0,248.3,221.0,13.018,192
MC1829,False,2.7x400.0x300.0x179.86,Catálogo inicial,1829,Bastones clasicos,Bastones clasicos - Sigilo,Forma estable,Forma,Dippers de brocoli,392.5,289.0,177.1,5.7,192
MC1830,False,2.7x400.0x300.0x194.76,Catálogo inicial,1830,Bastones clasicos,Bastones clasicos - Sigilo,Estacional,Medio,Bastones rectos de brocoli,383.0,293.3,194.2,12.934,192
MC1831,False,2.7x400.0x300.0x194.76,Catálogo inicial,1831,Bastones clasicos,Bastones clasicos - Sigilo,Estacional,Medio,Bastones rectos de brocoli,401.8,292.0,184.9,12.671,192
MC1832,False,2.5x400.0x300.0x281.59,Catálogo inicial,1832,Bastones clasicos,Bastones clasicos - Reserva Privada,Estacional,Fino,Bastones rectos de brocoli,378.5,282.3,301.1,12.369,192
MC1833,False,3.0x375.5x304.2x171.8,Caja creada en MC,1833,Bastones clasicos,Bastones clasicos - Mayordomo,Estacional,Medio,Bastones rectos de brocoli,383.0,286.2,166.6,12.788,192
MC1834,False,2.7x409.9x275.79999999999995x184.20000000000002,Caja creada en MC,1834,Bastones clasicos,Bastones clasicos - Sigilo,Forma estable,Forma,Gajos de brocoli,397.2,290.7,169.2,8.964,192
MC1835,False,2.5x410.7x272.0x230.1,Caja creada en MC,1835,Guarniciones,Guarniciones - Legumes Croquetas,Forma estable,Forma,Croquetas de brocoli,390.0,251.9,244.1,12.429,192
MC1836,False,2.5x375.1x293.3x229.2,Caja creada en MC,1836,Bastones clasicos,Bastones clasicos - Sigilo,Forma estable,Forma,Gajos de brocoli,376.6,296.4,212.8,12.368,192
MC1837,False,2.5x402.7x279.8x269.5,Caja creada en MC,1837,Bastones clasicos,Bastones clasicos - Sigilo,Forma estable,Forma,Espirales de brocoli,384.9,291.9,255.0,10.081,192
MC1838,False,2.7x400.0x240.0x237.31,Catálogo inicial,1838,Bastones clasicos,Bastones clasicos - Reserva Privada,Estacional,Medio,Bastones rectos de brocoli,394.3,244.8,221.0,13.124,192
MC1839,False,2.7x395.7x279.59999999999997x202.5,Caja creada en MC,1839,Guarniciones,Guarniciones - Cubos,Forma estable,Forma,Cubos de brocoli,406.8,270.1,190.0,12.219,192
MC1840,False,2.7x381.7x267.79999999999995x162.0,Caja creada en MC,1840,Snacks y aperitivos,Snacks y aperitivos - Queso,Co-produccion,Forma,Bocados de brocoli con queso crema,370.4,250.4,164.2,4.96,192
MC1841,False,3.0x400.0x269.82x196.42,Catálogo inicial,1841,Bastones clasicos,Bastones clasicos - Reserva Privada,Forma estable,Forma,Gajos de brocoli,396.3,250.7,198.5,12.632,192
MC1842,False,2.5x400.0x268.82x300.0,Catálogo inicial,1842,Bastones clasicos,Bastones clasicos - Sigilo,Estacional,Fino,Bastones rectos de brocoli,376.8,254.5,317.2,12.682,192
MC1843,False,2.7x400.0x273.48x255.4,Catálogo inicial,1843,Bastones clasicos,Bastones clasicos - Sigilo,Forma estable,Forma,Espirales de brocoli,385.5,255.5,267.8,6.398,192
MC1844,False,3.0x400.0x300.0x175.14,Catálogo inicial,1844,Bastones clasicos,Bastones clasicos - Sigilo,Estacional,Medio,Bastones rectos de brocoli,379.8,280.7,176.5,13.206,192
MC1845,False,2.7x409.9x275.79999999999995x184.20000000000002,Caja creada en MC,1845,Bastones clasicos,Bastones clasicos - Reserva Privada,Forma estable,Forma,Gajos de brocoli,388.0,254.9,194.3,12.658,192
MC1846,False,2.5x371.5x303.0x148.7,Caja creada en MC,1846,Snacks y aperitivos,Snacks y aperitivos - Queso,Co-produccion,Forma,Bocados de brocoli con queso cheddar,381.8,287.7,139.4,5.08,192
MC1847,False,3.0x400.0x277.27x200.0,Catálogo inicial,1847,Bastones clasicos,Bastones clasicos - Sigilo,Forma estable,Forma,Brocoli en rejilla,393.1,256.3,200.5,4.737,192
MC1848,False,3.0x400.0x240.0x196.42,Catálogo inicial,1848,Bastones clasicos,Bastones clasicos - Reserva Privada,Forma estable,Forma,Espirales de brocoli,386.7,237.0,184.2,4.439,192
MC1849,False,2.7x375.0x286.2x216.3,Caja creada en MC,1849,Bastones clasicos,Bastones clasicos - Legumes Frites,Estacional,Medio,Bastones rectos de brocoli,375.8,269.4,215.5,10.971,192
MC1850,False,2.7x400.0x300.0x224.54,Catálogo inicial,1850,Bastones clasicos,Bastones clasicos - Mayordomo,Estacional,Corte steak,Bastones rectos de brocoli,404.2,294.7,213.6,12.03,192
MC1851,True,2.5x408.9x306.2x307.2,Caja nueva,1851,Bastones clasicos,Bastones clasicos - Reserva Privada,Forma estable,Forma,Brocoli en rejilla,403.9,301.2,302.2,10.943,193
MC1852,False,2.5x411.8x254.2x279.0,Caja creada en MC,1852,Bastones clasicos,Bastones clasicos - Sigilo,Forma estable,Forma,Brocoli zigzag,402.9,244.5,280.7,11.942,193
MC1853,False,3.0x399.2x258.0x209.2,Caja creada en MC,1853,Bastones clasicos,Bastones clasicos - Reserva Privada,Estacional,Medio,Bastones rectos de brocoli,374.8,251.4,213.2,12.78,193
MC1854,False,2.5x385.4x249.4x148.0,Caja creada en MC,1854,Guarniciones,Guarniciones - Legumes Croquetas,Forma estable,Forma,Rosti de brocoli,383.4,246.9,139.7,5.063,193
MC1855,False,2.5x411.8x308.7x273.4,Caja creada en MC,1855,Bastones clasicos,Bastones clasicos - Sigilo,Forma estable,Forma,Espirales de brocoli,403.0,305.9,262.2,9.669,193
MC1856,False,3.0x375.8x300.7x170.7,Caja creada en MC,1856,Bastones clasicos,Bastones clasicos - Sigilo,Forma estable,Forma,Gajos de brocoli,374.1,281.0,169.2,12.462,193
MC1857,False,2.5x411.8x267.8x319.2,Caja creada en MC,1857,Bastones clasicos,Bastones clasicos - Reserva Privada,Estacional,Fino,Bastones rectos de brocoli,385.1,260.8,320.6,12.786,193
MC1858,False,3.0x400.0x240.0x196.42,Catálogo inicial,1858,Bastones clasicos,Bastones clasicos - Sigilo,Forma estable,Forma,Espirales de brocoli,391.6,250.0,179.1,4.365,193
MC1859,False,3.0x400.0x300.0x256.0,Catálogo inicial,1859,Snacks y aperitivos,Snacks y aperitivos - Aros y Vegetales,Co-produccion,Forma,Aros de brocoli,406.8,293.0,241.7,5.031,193
MC1860,False,2.7x400.0x300.0x200.0,Catálogo inicial,1860,Snacks y aperitivos,Snacks y aperitivos - Aros y Vegetales,Co-produccion,Forma,Aros de brocoli,406.8,293.8,188.3,5.105,193
MC1861,False,2.5x369.7x291.0x269.1,Caja creada en MC,1861,Bastones clasicos,Bastones clasicos - Legumes Frites,Estacional,Fino,Bastones rectos de brocoli,363.8,292.9,252.9,12.305,193
MC1862,False,2.7x400.0x240.0x237.31,Catálogo inicial,1862,Bastones clasicos,Bastones clasicos - Sigilo,Estacional,Fino,Bastones rectos de brocoli,406.8,233.9,219.5,9.95,193
MC1863,False,2.7x400.0x273.48x255.4,Catálogo inicial,1863,Bastones clasicos,Bastones clasicos - Sigilo,Forma estable,Forma,Espirales de brocoli,375.4,274.7,254.2,11.872,193
MC1864,False,3.0x400.0x266.63x225.0,Catálogo inicial,1864,Guarniciones,Guarniciones - Tortitas,Forma estable,Forma,Tortitas de brocoli,394.3,268.4,207.3,10.961,193
MC1865,False,3.0x400.0x277.27x180.0,Catálogo inicial,1865,Bastones clasicos,Bastones clasicos - Sigilo,Forma estable,Forma,Gajos de brocoli,391.1,272.8,171.6,10.616,193
MC1866,False,2.7x372.7x265.79999999999995x220.8,Caja creada en MC,1866,Bastones clasicos,Bastones clasicos - Legumes Frites,Estacional,Medio,Bastones rectos de brocoli,368.6,245.9,227.0,11.472,193
MC1867,False,2.5x368.8x289.1x230.3,Caja creada en MC,1867,Bastones clasicos,Bastones clasicos - Sigilo,Estacional,Fino,Bastones rectos de brocoli,392.7,273.1,216.6,12.066,193
MC1868,False,2.5x400.0x300.0x225.0,Catálogo inicial,1868,Bastones clasicos,Bastones clasicos - Sigilo,Forma estable,Forma,Brocoli en rejilla,393.7,289.5,224.1,6.178,193
MC1869,False,2.5x407.5x253.6x266.4,Caja creada en MC,1869,Bastones clasicos,Bastones clasicos - Sigilo,Forma estable,Forma,Espirales de brocoli,399.5,239.6,267.8,6.526,193
MC1870,False,3.0x400.0x266.63x250.68,Catálogo inicial,1870,Bastones clasicos,Bastones clasicos - Sigilo,Forma estable,Forma,Espirales de brocoli,395.7,247.2,255.9,6.419,193
MC1871,False,2.5x400.0x273.08x245.42,Catálogo inicial,1871,Bastones clasicos,Bastones clasicos - Sigilo,Forma estable,Forma,Corte rustico de brocoli,396.7,256.9,248.9,11.936,193
MC1872,False,2.7x400.0x276.67x354.33,Catálogo inicial,1872,Bastones clasicos,Bastones clasicos - Reserva Privada,Estacional,Fino,Bastones rectos de brocoli,379.9,271.2,361.9,12.697,193
MC1873,False,3.0x400.0x300.0x238.97,Catálogo inicial,1873,Bastones clasicos,Bastones clasicos - Sigilo,Forma estable,Forma,Gajos de brocoli,393.0,297.7,225.4,11.753,193
MC1874,False,2.5x373.7x298.5x213.6,Caja creada en MC,1874,Bastones clasicos,Bastones clasicos - Sigilo,Estacional,Medio,Bastones rectos de brocoli,398.7,277.4,204.0,8.478,193
MC1875,False,2.5x405.3x255.5x229.9,Caja creada en MC,1875,Bastones clasicos,Bastones clasicos - Legumes Frites,Forma estable,Forma,Brocoli zigzag,386.6,240.4,240.2,12.284,193
MC1876,False,3.0x369.8x259.5x209.3,Caja creada en MC,1876,Bastones clasicos,Bastones clasicos - Reserva Privada,Estacional,Corte steak,Bastones rectos de brocoli,391.4,239.5,198.6,12.801,193
MC1877,False,2.5x368.8x301.4x267.1,Caja creada en MC,1877,Bastones clasicos,Bastones clasicos - Sigilo,Forma estable,Forma,Brocoli zigzag,387.1,293.6,247.5,10.129,193
MC1878,False,2.5x372.5x310.9x209.7,Caja creada en MC,1878,Bastones clasicos,Bastones clasicos - Legumes Frites,Estacional,Fino,Bastones rectos de brocoli,368.1,289.3,216.0,11.364,193
MC1879,False,2.5x385.4x265.1x151.0,Caja creada en MC,1879,Guarniciones,Guarniciones - Legumes Croquetas,Forma estable,Forma,Tortitas de brocoli,373.5,258.8,142.7,4.977,193
MC1880,False,2.7x400.0x300.0x194.76,Catálogo inicial,1880,Bastones clasicos,Bastones clasicos - Sigilo,Forma estable,Forma,Dippers de brocoli,378.8,291.4,196.9,11.59,193
MC1881,False,3.0x400.0x269.82x196.42,Catálogo inicial,1881,Bastones clasicos,Bastones clasicos - Reserva Privada,Estacional,Corte steak,Bastones rectos de brocoli,402.3,249.4,189.8,12.647,193
MC1882,False,3.0x400.0x269.82x180.0,Catálogo inicial,1882,Snacks y aperitivos,Snacks y aperitivos - Queso,Co-produccion,Forma,Bocados de brocoli con queso crema,404.5,255.2,174.4,5.221,193
MC1883,False,2.5x403.2x257.6x275.3,Caja creada en MC,1883,Bastones clasicos,Bastones clasicos - Sigilo,Forma estable,Forma,Espirales de brocoli,391.2,252.5,274.8,6.741,193
MC1884,True,3.0x412.8x259.5x211.0,Caja nueva,1884,Bastones clasicos,Bastones clasicos - Reserva Privada,Forma estable,Forma,Gajos de brocoli,406.8,253.5,205.0,12.674,194
MC1885,False,2.5x411.8x308.5x261.5,Caja creada en MC,1885,Bastones clasicos,Bastones clasicos - Sigilo,Forma estable,Forma,Espirales de brocoli,401.8,303.5,252.9,12.054,194
MC1886,False,3.0x387.8x278.8x169.5,Caja creada en MC,1886,Bastones clasicos,Bastones clasicos - Sigilo,Forma estable,Forma,Gajos de brocoli,390.8,272.8,157.6,9.596,194
MC1887,False,2.5x400.0x268.82x300.0,Catálogo inicial,1887,Bastones clasicos,Bastones clasicos - Sigilo,Forma estable,Forma,Brocoli en rejilla,376.5,284.0,284.4,9.258,194
MC1888,False,3.0x400.0x300.0x186.85,Catálogo inicial,1888,Bastones clasicos,Bastones clasicos - Mayordomo,Estacional,Medio,Bastones rectos de brocoli,404.2,296.4,171.1,11.969,194
MC1889,False,2.7x400.0x240.0x225.0,Catálogo inicial,1889,Bastones clasicos,Bastones clasicos - Sigilo,Estacional,Medio,Bastones rectos de brocoli,392.3,243.8,212.4,12.07,194
MC1890,False,2.5x400.0x268.82x300.0,Catálogo inicial,1890,Bastones clasicos,Bastones clasicos - Sigilo,Forma estable,Forma,Brocoli en rejilla,394.5,250.1,283.4,6.684,194
MC1891,False,2.5x368.8x289.1x230.3,Caja creada en MC,1891,Bastones clasicos,Bastones clasicos - Legumes Frites,Estacional,Fino,Bastones rectos de brocoli,382.1,281.5,214.5,12.338,194
MC1892,False,3.0x400.0x300.0x238.97,Catálogo inicial,1892,Bastones clasicos,Bastones clasicos - Sigilo,Estacional,Grueso,Bastones rectos de brocoli,384.5,294.0,227.2,13.263,194
MC1893,False,2.7x369.9x243.1x261.3,Caja creada en MC,1893,Bastones clasicos,Bastones clasicos - Reserva Privada,Estacional,Fino,Bastones rectos de brocoli,363.8,234.2,250.9,11.504,194
MC1894,False,2.5x381.3x192.3x157.1,Caja creada en MC,1894,Guarniciones,Guarniciones - Legumes Croquetas,Forma estable,Forma,Croquetas de brocoli,382.1,185.3,146.1,5.069,194
MC1895,False,3.0x400.0x300.0x271.95,Catálogo inicial,1895,Bastones clasicos,Bastones clasicos - Sigilo,Forma estable,Forma,Espirales de brocoli,385.7,301.9,256.4,9.638,194
MC1896,False,3.0x400.0x300.0x296.42,Catálogo inicial,1896,Bastones clasicos,Bastones clasicos - Sigilo,Forma estable,Forma,Brocoli en rejilla,406.8,290.4,283.6,12.07,194
MC1897,False,3.0x400.0x300.0x175.14,Catálogo inicial,1897,Bastones clasicos,Bastones clasicos - Sigilo,Estacional,Medio,Bastones rectos de brocoli,373.4,278.5,182.4,13.268,194
MC1898,False,3.0x375.5x304.2x171.8,Caja creada en MC,1898,Bastones clasicos,Bastones clasicos - Sigilo,Estacional,Medio,Bastones rectos de brocoli,370.5,285.7,172.5,12.491,194
MC1899,False,2.5x411.8x268.0x264.6,Caja creada en MC,1899,Bastones clasicos,Bastones clasicos - Reserva Privada,Estacional,Fino,Bastones rectos de brocoli,385.8,274.4,261.3,13.024,194
MC1900,False,3.0x400.0x269.82x196.42,Catálogo inicial,1900,Bastones clasicos,Bastones clasicos - Sigilo,Estacional,Medio,Bastones rectos de brocoli,406.8,252.5,184.8,8.471,194
MC1901,False,2.5x385.0x279.6x150.2,Caja creada en MC,1901,Bastones clasicos,Bastones clasicos - Sigilo,Forma estable,Forma,Dippers de brocoli,393.8,271.5,141.6,4.43,194
MC1902,False,2.5x400.0x268.82x300.0,Catálogo inicial,1902,Bastones clasicos,Bastones clasicos - Sigilo,Estacional,Medio,Bastones rectos de brocoli,385.5,281.8,279.8,12.308,194
MC1903,False,2.7x369.5x248.6x243.20000000000002,Caja creada en MC,1903,Bastones extra crocantes,Bastones extra crocantes - Atelier Frites,Estacional,Grueso,Bastones rectos de brocoli,369.4,245.9,229.3,13.042,194
MC1904,False,2.7x400.0x276.67x257.14,Catálogo inicial,1904,Bastones clasicos,Bastones clasicos - Sigilo,Forma estable,Forma,Brocoli en rejilla,378.2,287.5,247.3,6.785,194
MC1905,False,3.0x400.0x277.27x200.0,Catálogo inicial,1905,Bastones clasicos,Bastones clasicos - Legumes Frites,Estacional,Fino,Bastones rectos de brocoli,373.6,274.4,199.8,11.796,194
MC1906,False,2.5x369.7x291.0x269.1,Caja creada en MC,1906,Bastones clasicos,Bastones clasicos - Legumes Frites,Estacional,Fino,Bastones rectos de brocoli,363.8,271.9,255.0,13.214,194
MC1907,False,2.7x408.59999999999997x253.3x207.4,Caja creada en MC,1907,Bastones clasicos,Bastones clasicos - Reserva Privada,Estacional,Medio,Bastones rectos de brocoli,394.4,247.0,206.2,12.455,194
MC1908,False,2.5x369.7x291.0x269.1,Caja creada en MC,1908,Bastones clasicos,Bastones clasicos - Sigilo,Forma estable,Forma,Brocoli zigzag,363.8,282.2,249.6,9.448,194
MC1909,False,2.7x400.0x300.0x200.0,Catálogo inicial,1909,Bastones clasicos,Bastones clasicos - Sigilo,Forma estable,Forma,Gajos de brocoli,372.6,296.1,203.5,12.598,194
MC1910,False,3.0x375.8x300.7x170.7,Caja creada en MC,1910,Bastones clasicos,Bastones clasicos - Mayordomo,Estacional,Grueso,Bastones rectos de brocoli,379.8,291.0,156.7,11.994,194
MC1911,False,3.0x400.0x300.0x256.0,Catálogo inicial,1911,Bastones clasicos,Bastones clasicos - Sigilo,Estacional,Grueso,Bastones rectos de brocoli,385.1,300.6,245.0,12.818,194
MC1912,False,3.0x400.0x300.0x271.95,Catálogo inicial,1912,Bastones clasicos,Bastones clasicos - Sigilo,Forma estable,Forma,Espirales de brocoli,399.7,286.2,260.9,9.516,194
MC1913,False,2.7x400.0x240.0x266.03,Catálogo inicial,1913,Bastones clasicos,Bastones clasicos - Sigilo,Forma estable,Forma,Brocoli en rejilla,386.5,244.0,254.3,6.403,194
MC1914,False,2.5x411.8x308.7x273.4,Caja creada en MC,1914,Bastones clasicos,Bastones clasicos - Reserva Privada,Forma estable,Forma,Rodajas de brocoli,405.6,298.4,268.1,8.731,194
MC1915,False,3.0x373.2x309.4x177.8,Caja creada en MC,1915,Bastones clasicos,Bastones clasicos - Sigilo,Forma estable,Forma,Tiras para dip de brocoli,403.9,290.4,161.8,6.544,194
MC1916,False,2.5x411.2x274.7x227.2,Caja creada en MC,1916,Guarniciones,Guarniciones - Legumes Croquetas,Forma estable,Forma,Rosti de brocoli,393.0,284.6,216.5,11.519,194
MC1917,False,2.5x399.4x277.8x229.1,Caja creada en MC,1917,Bastones extra crocantes,Bastones extra crocantes - Muy Crocantes,Estacional,Medio,Bastones rectos de brocoli,393.0,258.4,233.4,12.685,194
MC1918,False,2.5x405.3x255.5x229.9,Caja creada en MC,1918,Bastones clasicos,Bastones clasicos - Sigilo,Estacional,Medio,Bastones rectos de brocoli,396.6,252.3,220.1,13.173,194
MC1919,False,2.7x381.7x267.79999999999995x162.0,Caja creada en MC,1919,Bastones clasicos,Bastones clasicos - Sigilo,Forma estable,Forma,Dippers de brocoli,399.0,256.7,147.4,4.478,194
MC1920,False,3.0x400.0x300.0x150.0,Catálogo inicial,1920,Snacks y aperitivos,Snacks y aperitivos - Queso,Co-produccion,Forma,Bocados de brocoli con mozzarella,389.6,301.8,139.5,4.918,194
MC1921,False,3.0x400.9x251.9x192.9,Caja creada en MC,1921,Bastones clasicos,Bastones clasicos - Sigilo,Forma estable,Forma,Brocoli zigzag,378.4,246.7,178.8,7.106,194
MC1922,False,2.7x400.0x300.0x249.01,Catálogo inicial,1922,Bastones clasicos,Bastones clasicos - Sigilo,Estacional,Medio,Bastones rectos de brocoli,382.2,296.1,246.1,12.283,194
MC1923,False,2.7x375.59999999999997x308.4x189.1,Caja creada en MC,1923,Bastones clasicos,Bastones clasicos - Cielo,Estacional,Medio,Bastones rectos de brocoli,376.5,290.8,187.9,12.433,194
MC1924,False,2.5x405.1x279.3x229.9,Caja creada en MC,1924,Bastones clasicos,Bastones clasicos - Sigilo,Forma estable,Forma,Brocoli zigzag,390.9,273.4,229.4,12.77,194
MC1925,False,3.0x399.2x258.0x209.2,Caja creada en MC,1925,Bastones clasicos,Bastones clasicos - Legumes Frites,Estacional,Medio,Bastones rectos de brocoli,378.9,243.7,216.6,12.036,194
MC1926,False,2.7x400.0x300.0x195.82,Catálogo inicial,1926,Bastones clasicos,Bastones clasicos - Sigilo,Estacional,Medio,Bastones rectos de brocoli,378.3,278.8,209.8,12.767,194
MC1927,False,3.0x400.0x240.0x248.55,Catálogo inicial,1927,Bastones clasicos,Bastones clasicos - Legumes Frites,Estacional,Fino,Bastones rectos de brocoli,372.5,245.5,244.3,12.719,194
MC1928,False,2.5x402.7x279.8x269.5,Caja creada en MC,1928,Bastones clasicos,Bastones clasicos - Sigilo,Forma estable,Forma,Espirales de brocoli,380.7,295.2,253.4,12.976,194
MC1929,False,2.7x411.9x311.29999999999995x206.1,Caja creada en MC,1929,Bastones clasicos,Bastones clasicos - Sigilo,Estacional,Medio,Bastones rectos de brocoli,406.6,301.5,194.5,12.834,194
MC1930,False,2.5x405.1x279.3x229.9,Caja creada en MC,1930,Bastones clasicos,Bastones clasicos - Sigilo,Forma estable,Forma,Tiras para dip de brocoli,393.9,264.6,236.2,12.987,194
MC1931,False,2.5x405.3x255.5x229.9,Caja creada en MC,1931,Bastones clasicos,Bastones clasicos - Legumes Frites Salados,Estacional,Fino,Bastones rectos de brocoli,382.8,257.4,217.1,12.459,194
MC1932,False,2.7x400.0x300.0x194.76,Catálogo inicial,1932,Guarniciones,Guarniciones - Tortitas,Forma estable,Forma,Tortitas de brocoli,392.3,281.2,197.0,10.715,194
MC1933,False,3.0x400.0x269.82x180.0,Catálogo inicial,1933,Bastones clasicos,Bastones clasicos - Sigilo,Forma estable,Forma,Gajos de brocoli,379.5,268.1,168.4,10.367,194
MC1934,False,2.5x374.1x266.5x240.0,Caja creada en MC,1934,Bastones clasicos,Bastones clasicos - Legumes Frites,Estacional,Fino,Bastones rectos de brocoli,364.0,252.5,237.3,9.303,194
MC1935,False,3.0x400.0x277.27x200.0,Catálogo inicial,1935,Bastones clasicos,Bastones clasicos - Reserva Privada,Estacional,Medio,Bastones rectos de brocoli,405.0,255.2,199.5,11.965,194
MC1936,False,3.0x400.0x277.27x180.0,Catálogo inicial,1936,Guarniciones,Guarniciones - Cubos,Forma estable,Forma,Cubos de brocoli,381.7,289.6,166.3,12.712,194
MC1937,False,3.0x400.0x269.82x196.42,Catálogo inicial,1937,Guarniciones,Guarniciones - Cubos,Forma estable,Forma,Cubos de brocoli,388.2,271.1,179.4,13.109,194
MC1938,False,2.5x401.0x249.6x249.7,Caja creada en MC,1938,Bastones clasicos,Bastones clasicos - Sigilo,Estacional,Medio,Bastones rectos de brocoli,383.5,257.2,239.3,11.063,194
MC1939,False,2.5x411.8x247.4x241.4,Caja creada en MC,1939,Bastones clasicos,Bastones clasicos - Sigilo,Forma estable,Forma,Corte rustico de brocoli,396.1,253.8,231.6,12.875,194
MC1940,False,2.7x400.0x240.0x237.31,Catálogo inicial,1940,Bastones clasicos,Bastones clasicos - Legumes Frites,Estacional,Medio,Bastones rectos de brocoli,393.2,247.6,219.3,10.341,194
MC1941,False,2.5x370.5x299.0x316.4,Caja creada en MC,1941,Bastones clasicos,Bastones clasicos - Reserva Privada,Forma estable,Forma,Brocoli en rejilla,380.8,291.4,301.5,10.835,194
MC1942,False,2.7x400.0x300.0x195.82,Catálogo inicial,1942,Bastones clasicos,Bastones clasicos - Sigilo,Estacional,Medio,Bastones rectos de brocoli,392.3,285.2,196.8,11.797,194
MC1943,False,3.0x400.0x300.0x238.97,Catálogo inicial,1943,Bastones clasicos,Bastones clasicos - Sigilo,Forma estable,Forma,Brocoli en rejilla,389.3,289.1,228.2,6.652,194
MC1944,False,2.7x400.0x300.0x195.82,Catálogo inicial,1944,Brocoli especial,Brocoli especial - Bastones Especiales,Estacional,Corte steak,Bastones rectos de brocoli,406.8,292.3,185.6,11.92,194
MC1945,False,2.5x405.3x255.5x229.9,Caja creada en MC,1945,Bastones clasicos,Bastones clasicos - Sigilo,Forma estable,Forma,Rodajas de brocoli,380.0,254.7,232.7,9.376,194
MC1946,False,2.5x368.8x289.1x230.3,Caja creada en MC,1946,Bastones clasicos,Bastones clasicos - Sigilo,Forma estable,Forma,Espirales de brocoli,363.8,276.7,227.7,6.6,194
MC1947,False,2.7x400.0x300.0x224.54,Catálogo inicial,1947,Bastones clasicos,Bastones clasicos - Grado B,Estacional,Fino,Bastones rectos de brocoli,390.1,296.3,217.8,12.898,194
MC1948,False,2.5x405.1x307.8x292.7,Caja creada en MC,1948,Bastones clasicos,Bastones clasicos - Reserva Privada,Estacional,Fino,Bastones rectos de brocoli,406.8,286.9,295.3,12.44,194
MC1949,False,2.5x398.9x278.8x296.1,Caja creada en MC,1949,Bastones clasicos,Bastones clasicos - Reserva Privada,Estacional,Medio,Bastones rectos de brocoli,396.9,270.2,286.9,12.714,194
MC1950,False,3.0x400.0x266.63x225.0,Catálogo inicial,1950,Bastones clasicos,Bastones clasicos - Grado B,Estacional,Medio,Bastones rectos de brocoli,406.8,254.6,211.3,12.702,194
MC1951,False,3.0x400.0x300.0x271.95,Catálogo inicial,1951,Bastones clasicos,Bastones clasicos - Reserva Privada,Estacional,Fino,Bastones rectos de brocoli,374.2,288.4,285.1,12.419,194
MC1952,False,3.0x373.2x309.4x177.8,Caja creada en MC,1952,Bastones clasicos,Bastones clasicos - Mayordomo,Estacional,Medio,Bastones rectos de brocoli,396.6,294.3,162.4,12.089,194
MC1953,False,2.7x375.0x286.2x216.3,Caja creada en MC,1953,Bastones clasicos,Bastones clasicos - Legumes Frites,Estacional,Fino,Bastones rectos de brocoli,379.6,285.1,202.2,12.712,194
MC1954,False,3.0x400.0x240.0x244.29,Catálogo inicial,1954,Bastones clasicos,Bastones clasicos - Sigilo,Estacional,Medio,Bastones rectos de brocoli,385.6,254.2,224.0,12.73,194
MC1955,False,2.5x373.7x298.5x213.6,Caja creada en MC,1955,Guarniciones,Guarniciones - Tortitas,Forma estable,Forma,Rosti de brocoli,368.4,286.6,209.7,11.295,194
MC1956,False,3.0x400.9x251.9x192.9,Caja creada en MC,1956,Bastones clasicos,Bastones clasicos - Sigilo,Forma estable,Forma,Brocoli zigzag,385.4,244.9,189.8,6.813,194
MC1957,False,3.0x400.0x240.0x159.19,Catálogo inicial,1957,Bastones clasicos,Bastones clasicos - Sigilo,Forma estable,Forma,Corte rustico de brocoli,375.2,237.5,153.9,6.513,194
MC1958,False,2.7x400.0x300.0x257.14,Catálogo inicial,1958,Bastones clasicos,Bastones clasicos - Sigilo,Forma estable,Forma,Espirales de brocoli,396.4,295.6,248.5,12.759,194
MC1959,False,2.5x411.8x268.0x264.6,Caja creada en MC,1959,Bastones clasicos,Bastones clasicos - Sigilo,Forma estable,Forma,Brocoli en rejilla,402.4,264.1,259.1,6.5,194
MC1960,False,2.5x411.2x274.7x227.2,Caja creada en MC,1960,Guarniciones,Guarniciones - Legumes Croquetas,Forma estable,Forma,Croquetas de brocoli,383.2,254.4,243.3,9.609,194
MC1961,False,2.5x374.1x266.5x240.0,Caja creada en MC,1961,Bastones clasicos,Bastones clasicos - Sigilo,Forma estable,Forma,Mix crujiente de brocoli,367.5,259.1,228.7,8.177,194
MC1962,False,2.5x405.3x255.5x229.9,Caja creada en MC,1962,Bastones clasicos,Bastones clasicos - Reserva Privada,Forma estable,Forma,Gajos de brocoli,376.4,260.0,229.4,9.548,194
MC1963,False,2.5x411.8x253.4x280.9,Caja creada en MC,1963,Bastones clasicos,Bastones clasicos - Sigilo,Estacional,Medio,Bastones rectos de brocoli,384.2,260.2,278.8,12.833,194
MC1964,False,2.5x411.8x267.8x319.2,Caja creada en MC,1964,Bastones clasicos,Bastones clasicos - Sigilo,Estacional,Fino,Bastones rectos de brocoli,403.3,248.0,328.8,11.968,194
MC1965,True,2.5x411.8x310.9x209.7,Caja nueva,1965,Snacks y aperitivos,Snacks y aperitivos - Aros y Vegetales,Co-produccion,Forma,Aros de brocoli,406.8,305.9,204.7,4.851,195
MC1966,False,3.0x400.0x300.0x271.95,Catálogo inicial,1966,Bastones clasicos,Bastones clasicos - Sigilo,Forma estable,Forma,Espirales de brocoli,398.2,290.6,257.5,12.377,195
MC1967,False,2.5x405.1x279.3x229.9,Caja creada en MC,1967,Bastones clasicos,Bastones clasicos - Legumes Frites,Estacional,Medio,Bastones rectos de brocoli,379.2,284.7,228.5,13.105,195
MC1968,False,2.7x369.9x243.1x261.3,Caja creada en MC,1968,Guarniciones,Guarniciones - Legumes Croquetas,Forma estable,Forma,Croquetas de brocoli,363.8,246.9,241.8,10.058,195
MC1969,False,3.0x387.8x278.8x169.5,Caja creada en MC,1969,Guarniciones,Guarniciones - Cubos,Forma estable,Forma,Cubos de brocoli,365.5,288.2,158.5,11.885,195
MC1970,False,2.5x411.8x267.8x319.2,Caja creada en MC,1970,Bastones clasicos,Bastones clasicos - Sigilo,Estacional,Medio,Bastones rectos de brocoli,396.2,267.9,300.0,13.007,195
MC1971,False,2.7x400.0x240.0x237.31,Catálogo inicial,1971,Bastones clasicos,Bastones clasicos - Grado B,Estacional,Medio,Bastones rectos de brocoli,378.4,253.2,222.7,13.006,195
MC1972,False,2.7x400.0x240.0x206.46,Catálogo inicial,1972,Bastones clasicos,Bastones clasicos - Sigilo,Forma estable,Forma,Gajos de brocoli,374.4,240.9,203.4,12.06,195
MC1973,False,2.5x411.2x274.7x227.2,Caja creada en MC,1973,Bastones clasicos,Bastones clasicos - Reserva Privada,Estacional,Fino,Bastones rectos de brocoli,398.7,285.1,209.6,11.554,195
MC1974,False,3.0x400.0x266.63x250.68,Catálogo inicial,1974,Guarniciones,Guarniciones - Tortitas,Forma estable,Forma,Rosti de brocoli,406.8,251.0,244.2,12.473,195
MC1975,False,2.5x405.3x255.5x229.9,Caja creada en MC,1975,Bastones clasicos,Bastones clasicos - Legumes Frites,Estacional,Fino,Bastones rectos de brocoli,393.3,253.0,226.1,12.921,195
MC1976,False,3.0x400.0x300.0x175.14,Catálogo inicial,1976,Bastones clasicos,Bastones clasicos - Sigilo,Forma estable,Forma,Gajos de brocoli,387.6,285.4,173.9,13.097,195
MC1977,False,3.0x400.0x300.0x178.34,Catálogo inicial,1977,Bastones clasicos,Bastones clasicos - Reserva Privada,Estacional,Medio,Bastones rectos de brocoli,386.5,286.6,179.7,12.173,195
MC1978,False,3.0x400.0x300.0x198.55,Catálogo inicial,1978,Bastones clasicos,Bastones clasicos - Mayordomo,Estacional,Medio,Bastones rectos de brocoli,388.6,302.2,185.4,13.157,195
MC1979,False,2.7x400.0x276.67x257.14,Catálogo inicial,1979,Bastones clasicos,Bastones clasicos - Sigilo,Estacional,Medio,Bastones rectos de brocoli,406.8,265.6,248.8,11.665,195
MC1980,False,2.5x411.8x308.7x273.4,Caja creada en MC,1980,Bastones clasicos,Bastones clasicos - Sigilo,Forma estable,Forma,Brocoli en rejilla,390.9,289.0,289.4,12.362,195
MC1981,False,2.7x408.59999999999997x253.3x207.4,Caja creada en MC,1981,Bastones clasicos,Bastones clasicos - Legumes Frites,Estacional,Corte steak,Bastones rectos de brocoli,391.3,247.8,202.0,12.344,195
MC1982,False,3.0x400.0x266.63x256.0,Catálogo inicial,1982,Bastones clasicos,Bastones clasicos - Sigilo,Estacional,Medio,Bastones rectos de brocoli,406.8,261.5,240.4,12.932,195
MC1983,False,3.0x373.2x309.4x177.8,Caja creada en MC,1983,Bastones clasicos,Bastones clasicos - Legumes Frites,Estacional,Medio,Bastones rectos de brocoli,366.7,291.6,171.4,12.987,195
MC1984,False,2.7x400.0x300.0x209.65,Catálogo inicial,1984,Bastones clasicos,Bastones clasicos - Sigilo,Estacional,Medio,Bastones rectos de brocoli,396.8,280.8,204.8,12.858,195
MC1985,False,2.5x411.2x274.7x227.2,Caja creada en MC,1985,Bastones clasicos,Bastones clasicos - Sigilo,Estacional,Medio,Bastones rectos de brocoli,389.5,254.4,241.7,11.994,195
MC1986,True,2.5x368.8x271.6x316.5,Caja nueva,1986,Bastones clasicos,Bastones clasicos - Sigilo,Estacional,Medio,Bastones rectos de brocoli,363.8,266.6,311.5,12.823,196
MC1987,False,3.0x373.7x257.7x226.6,Caja creada en MC,1987,Bastones clasicos,Bastones clasicos - Reserva Privada,Estacional,Medio,Bastones rectos de brocoli,363.8,256.4,207.7,12.691,196
MC1988,False,2.7x395.7x279.59999999999997x202.5,Caja creada en MC,1988,Bastones clasicos,Bastones clasicos - Reserva Privada,Estacional,Medio,Bastones rectos de brocoli,371.3,263.4,213.7,11.873,196
MC1989,False,2.5x405.3x255.5x229.9,Caja creada en MC,1989,Bastones clasicos,Bastones clasicos - Grado B,Estacional,Medio,Bastones rectos de brocoli,399.3,255.6,216.8,11.725,196
MC1990,False,2.7x400.0x240.0x163.63,Catálogo inicial,1990,Bastones clasicos,Bastones clasicos - Sigilo,Forma estable,Forma,Dippers de brocoli,394.3,238.7,150.8,4.64,196
MC1991,False,2.7x400.0x300.0x200.0,Catálogo inicial,1991,Bastones clasicos,Bastones clasicos - Sigilo,Forma estable,Forma,Mix crujiente de brocoli,388.1,291.2,199.6,12.432,196
MC1992,False,2.7x400.0x300.0x360.0,Catálogo inicial,1992,Bastones clasicos,Bastones clasicos - Sigilo,Forma estable,Forma,Espirales de brocoli,406.8,288.0,350.0,11.537,196
MC1993,False,3.0x400.0x300.0x175.14,Catálogo inicial,1993,Bastones clasicos,Bastones clasicos - Sigilo,Estacional,Medio,Bastones rectos de brocoli,373.2,282.3,180.3,12.422,196
MC1994,False,3.0x404.6x305.0x164.5,Caja creada en MC,1994,Bastones clasicos,Bastones clasicos - Legumes Frites,Estacional,Medio,Bastones rectos de brocoli,379.7,287.3,171.4,12.637,196
MC1995,False,3.0x400.0x300.0x300.0,Catálogo inicial,1995,Bastones clasicos,Bastones clasicos - Reserva Privada,Estacional,Fino,Bastones rectos de brocoli,389.5,288.2,301.0,12.469,196
MC1996,False,2.5x370.5x299.0x316.4,Caja creada en MC,1996,Bastones clasicos,Bastones clasicos - Sigilo,Forma estable,Forma,Brocoli en rejilla,386.3,291.7,295.0,11.918,196
MC1997,False,3.0x405.6x278.7x196.4,Caja creada en MC,1997,Bastones clasicos,Bastones clasicos - Reserva Privada,Estacional,Corte steak,Bastones rectos de brocoli,395.3,290.2,180.6,13.207,196
MC1998,False,3.0x405.6x278.7x196.4,Caja creada en MC,1998,Bastones clasicos,Bastones clasicos - Sigilo,Estacional,Medio,Bastones rectos de brocoli,376.0,297.1,185.7,12.877,196
MC1999,False,2.7x400.0x300.0x209.65,Catálogo inicial,1999,Bastones clasicos,Bastones clasicos - Sigilo,Estacional,Medio,Bastones rectos de brocoli,406.8,292.4,192.0,12.374,196
