codigo_producto,es_caja_nueva,box_id_asignado,destino,orden,categoria,subcategoria,tipo_proyecto,tamaño_corte,ingrediente_forma,largo,ancho,alto,peso_neto_caja,n_tipos_acumulado
MC0000,False,3.0x400.0x240.0x252.8,Catálogo inicial,0,Bastones clasicos,Bastones clasicos - Sigilo,Forma estable,Forma,Tiras para dip de brocoli,384.2,249.8,236.8,12.034,55
MC0001,False,3.0x400.0x277.27x254.93,Catálogo inicial,1,Bastones clasicos,Bastones clasicos - Sigilo,Forma estable,Forma,Espirales de brocoli,393.6,263.1,255.4,6.967,55
MC0002,False,3.0x400.0x300.0x283.65,Catálogo inicial,2,Bastones clasicos,Bastones clasicos - Sigilo,Forma estable,Forma,Brocoli en rejilla,386.4,285.7,285.9,10.068,55
MC0003,False,3.0x400.0x300.0x210.25,Catálogo inicial,3,Bastones clasicos,Bastones clasicos - Sigilo,Forma estable,Forma,Mix crujiente de brocoli,382.7,294.8,202.9,12.578,55
MC0004,False,3.0x400.0x266.63x225.0,Catálogo inicial,4,Bastones clasicos,Bastones clasicos - Sigilo,Estacional,Corte steak,Bastones rectos de brocoli,391.7,254.6,209.7,13.034,55
MC0005,False,3.0x400.0x291.1x174.08,Catálogo inicial,5,Bastones clasicos,Bastones clasicos - Sigilo,Forma estable,Forma,Gajos de brocoli,388.6,285.7,168.9,12.062,55
MC0006,True,3.0x406.3x256.5x230.9,Caja nueva,6,Bastones clasicos,Bastones clasicos - Sigilo,Estacional,Medio,Bastones rectos de brocoli,400.3,250.5,224.9,12.392,56
MC0007,False,3.0x400.0x300.0x225.0,Catálogo inicial,7,Bastones clasicos,Bastones clasicos - Sigilo,Forma estable,Forma,Brocoli en rejilla,383.2,297.1,221.0,6.782,56
MC0008,False,3.0x400.0x240.0x217.7,Catálogo inicial,8,Bastones clasicos,Bastones clasicos - Sigilo,Forma estable,Forma,Tiras para dip de brocoli,371.0,250.4,210.0,6.136,56
MC0009,False,3.0x400.0x269.82x252.8,Catálogo inicial,9,Bastones clasicos,Bastones clasicos - Sigilo,Forma estable,Forma,Tiras para dip de brocoli,406.0,249.0,236.0,12.71,56
MC0010,False,3.0x400.0x274.08x199.61,Catálogo inicial,10,Bastones clasicos,Bastones clasicos - Sigilo,Forma estable,Forma,Brocoli en rejilla,388.1,254.0,202.4,4.572,56
MC0011,True,3.0x375.6x286.8x216.9,Caja nueva,11,Bastones clasicos,Bastones clasicos - Sigilo,Forma estable,Forma,Mix crujiente de brocoli,369.6,280.8,210.9,13.238,57
MC0012,True,3.0x406.3x311.9x205.6,Caja nueva,12,Snacks y aperitivos,Snacks y aperitivos - Aros y Vegetales,Co-produccion,Forma,Aros de brocoli,400.3,305.9,199.6,4.763,58
MC0013,False,3.0x400.0x240.0x269.82,Catálogo inicial,13,Bastones clasicos,Bastones clasicos - Reserva Privada,Estacional,Fino,Bastones rectos de brocoli,388.3,247.3,248.3,13.104,58
MC0014,False,3.0x400.0x277.27x163.63,Catálogo inicial,14,Snacks y aperitivos,Snacks y aperitivos - Queso,Co-produccion,Forma,Bocados de brocoli con mozzarella,375.0,261.6,169.0,4.916,58
MC0015,False,3.0x400.0x266.63x225.0,Catálogo inicial,15,Bastones clasicos,Bastones clasicos - Sigilo,Forma estable,Forma,Brocoli en rejilla,385.6,246.5,212.5,6.659,58
MC0016,True,3.0x409.7x304.3x178.3,Caja nueva,16,Bastones clasicos,Bastones clasicos - Sigilo,Forma estable,Forma,Brocoli zigzag,403.7,298.3,172.3,6.503,59
MC0017,False,3.0x400.0x240.0x233.65,Catálogo inicial,17,Bastones clasicos,Bastones clasicos - Legumes Frites,Estacional,Medio,Bastones rectos de brocoli,384.3,242.0,224.9,12.092,59
MC0018,False,3.0x400.0x240.0x269.82,Catálogo inicial,18,Guarniciones,Guarniciones - Legumes Croquetas,Forma estable,Forma,Croquetas de brocoli,387.2,248.6,248.1,9.868,59
MC0019,False,3.0x400.0x266.63x225.0,Catálogo inicial,19,Bastones clasicos,Bastones clasicos - Sigilo,Estacional,Medio,Bastones rectos de brocoli,376.4,256.6,221.6,12.083,59
MC0020,False,3.0x409.7x304.3x178.3,Caja creada en MC,20,Bastones clasicos,Bastones clasicos - Reserva Privada,Estacional,Grueso,Bastones rectos de brocoli,391.9,301.7,170.4,12.778,59
MC0021,False,3.0x400.0x300.0x247.48,Catálogo inicial,21,Bastones clasicos,Bastones clasicos - Sigilo,Forma estable,Forma,Espirales de brocoli,382.5,287.9,252.2,12.251,59
MC0022,False,3.0x400.0x300.0x283.65,Catálogo inicial,22,Bastones clasicos,Bastones clasicos - Sigilo,Forma estable,Forma,Espirales de brocoli,389.3,305.9,266.5,12.045,59
MC0023,False,3.0x400.0x269.82x252.8,Catálogo inicial,23,Bastones clasicos,Bastones clasicos - Sigilo,Estacional,Fino,Bastones rectos de brocoli,403.3,259.9,238.3,12.302,59
MC0024,True,3.0x406.0x266.1x229.6,Caja nueva,24,Bastones clasicos,Bastones clasicos - Sigilo,Forma estable,Forma,Brocoli en rejilla,400.0,260.1,223.6,6.818,60
MC0025,False,3.0x400.0x300.0x247.48,Catálogo inicial,25,Bastones clasicos,Bastones clasicos - Sigilo,Forma estable,Forma,Brocoli zigzag,406.8,287.5,235.0,9.669,60
MC0026,True,3.0x409.3x311.9x147.1,Caja nueva,26,Snacks y aperitivos,Snacks y aperitivos - Queso,Co-produccion,Forma,Bocados de brocoli con queso cheddar,403.3,305.9,141.1,5.005,61
MC0027,False,3.0x400.0x300.0x233.65,Catálogo inicial,27,Bastones clasicos,Bastones clasicos - Sigilo,Estacional,Medio,Bastones rectos de brocoli,384.7,281.8,242.1,12.761,61
MC0028,False,3.0x400.0x300.0x150.0,Catálogo inicial,28,Bastones clasicos,Bastones clasicos - Sigilo,Estacional,Medio,Bastones rectos de brocoli,399.2,289.2,142.5,6.969,61
MC0029,False,3.0x400.0x300.0x199.61,Catálogo inicial,29,Brocoli especial,Brocoli especial - Bastones Especiales,Estacional,Corte steak,Bastones rectos de brocoli,404.1,281.4,192.0,12.384,61
MC0030,True,3.0x400.4x278.8x230.1,Caja nueva,30,Bastones clasicos,Bastones clasicos - Sigilo,Estacional,Medio,Bastones rectos de brocoli,394.4,272.8,224.1,12.108,62
MC0031,False,3.0x400.0x240.0x212.38,Catálogo inicial,31,Bastones clasicos,Bastones clasicos - Reserva Privada,Estacional,Medio,Bastones rectos de brocoli,380.5,252.0,197.3,12.529,62
MC0032,False,3.0x406.0x266.1x229.6,Caja creada en MC,32,Bastones clasicos,Bastones clasicos - Sigilo,Forma estable,Forma,Tiras para dip de brocoli,402.7,252.4,228.7,12.676,62
MC0033,False,3.0x400.0x286.85x188.97,Catálogo inicial,33,Guarniciones,Guarniciones - Cubos,Forma estable,Forma,Cubos de brocoli,392.3,264.6,182.6,11.952,62
MC0034,False,3.0x400.0x300.0x257.14,Catálogo inicial,34,Bastones clasicos,Bastones clasicos - Sigilo,Estacional,Grueso,Bastones rectos de brocoli,386.4,302.1,242.8,12.653,62
MC0035,False,3.0x400.0x300.0x219.82,Catálogo inicial,35,Bastones clasicos,Bastones clasicos - Mayordomo,Estacional,Medio,Bastones rectos de brocoli,381.2,302.9,212.5,12.23,62
MC0036,False,3.0x400.0x269.82x179.4,Catálogo inicial,36,Bastones clasicos,Bastones clasicos - Sigilo,Forma estable,Forma,Gajos de brocoli,393.3,272.7,166.1,12.422,62
MC0037,False,3.0x400.0x300.0x300.0,Catálogo inicial,37,Bastones clasicos,Bastones clasicos - Sigilo,Estacional,Medio,Bastones rectos de brocoli,380.0,279.8,307.1,12.215,62
MC0038,False,3.0x406.3x311.9x205.6,Caja creada en MC,38,Bastones clasicos,Bastones clasicos - Sigilo,Forma estable,Forma,Espirales de brocoli,399.0,291.9,208.5,6.638,62
MC0039,True,3.0x398.7x245.9x308.2,Caja nueva,39,Bastones clasicos,Bastones clasicos - Sigilo,Estacional,Fino,Bastones rectos de brocoli,392.7,239.9,302.2,11.898,63
MC0040,False,3.0x400.0x274.08x225.0,Catálogo inicial,40,Bastones clasicos,Bastones clasicos - Legumes Frites,Estacional,Medio,Bastones rectos de brocoli,388.6,263.1,221.8,10.479,63
MC0041,False,3.0x400.0x277.27x163.63,Catálogo inicial,41,Bastones clasicos,Bastones clasicos - Legumes Frites,Estacional,Grueso,Bastones rectos de brocoli,388.6,279.7,154.1,12.375,63
MC0042,False,3.0x409.3x311.9x147.1,Caja creada en MC,42,Bastones clasicos,Bastones clasicos - Sigilo,Estacional,Medio,Bastones rectos de brocoli,392.4,294.4,145.3,6.466,63
MC0043,False,3.0x400.0x300.0x199.61,Catálogo inicial,43,Bastones clasicos,Bastones clasicos - Sigilo,Estacional,Medio,Bastones rectos de brocoli,371.7,305.9,196.5,11.955,63
MC0044,False,3.0x400.0x277.27x179.4,Catálogo inicial,44,Bastones clasicos,Bastones clasicos - Mayordomo,Forma estable,Forma,Gajos de brocoli,396.4,279.0,165.4,12.272,63
MC0045,False,3.0x400.0x240.0x233.65,Catálogo inicial,45,Bastones clasicos,Bastones clasicos - Sigilo,Estacional,Medio,Bastones rectos de brocoli,377.2,244.9,224.1,12.35,63
MC0046,False,3.0x400.0x269.82x252.8,Catálogo inicial,46,Bastones clasicos,Bastones clasicos - Sigilo,Forma estable,Forma,Corte rustico de brocoli,373.5,255.9,257.3,12.353,63
MC0047,False,3.0x400.0x300.0x269.82,Catálogo inicial,47,Bastones clasicos,Bastones clasicos - Sigilo,Forma estable,Forma,Brocoli zigzag,382.6,302.7,252.6,9.794,63
MC0048,False,3.0x400.0x274.08x291.1,Catálogo inicial,48,Bastones clasicos,Bastones clasicos - Sigilo,Forma estable,Forma,Brocoli en rejilla,374.2,281.1,279.4,12.252,63
MC0049,False,3.0x400.0x240.0x217.7,Catálogo inicial,49,Bastones clasicos,Bastones clasicos - Sigilo,Forma estable,Forma,Espirales de brocoli,383.6,243.3,208.0,7.049,63
MC0050,False,3.0x400.4x278.8x230.1,Caja creada en MC,50,Bastones clasicos,Bastones clasicos - Sigilo,Estacional,Fino,Bastones rectos de brocoli,383.8,296.1,210.7,12.683,63
MC0051,False,3.0x400.0x269.82x252.8,Catálogo inicial,51,Bastones clasicos,Bastones clasicos - Sigilo,Forma estable,Forma,Espirales de brocoli,389.0,257.9,255.5,6.343,63
MC0052,False,3.0x400.4x278.8x230.1,Caja creada en MC,52,Bastones clasicos,Bastones clasicos - Sigilo,Estacional,Fino,Bastones rectos de brocoli,395.2,270.3,219.7,12.535,63
MC0053,False,3.0x400.0x286.85x188.97,Catálogo inicial,53,Bastones clasicos,Bastones clasicos - Legumes Frites,Estacional,Medio,Bastones rectos de brocoli,384.9,272.6,183.6,12.547,63
MC0054,False,3.0x409.7x304.3x178.3,Caja creada en MC,54,Bastones clasicos,Bastones clasicos - Reserva Privada,Estacional,Grueso,Bastones rectos de brocoli,391.7,301.0,174.5,12.956,63
MC0055,False,3.0x400.0x277.27x254.93,Catálogo inicial,55,Bastones clasicos,Bastones clasicos - Sigilo,Forma estable,Forma,Espirales de brocoli,397.8,258.1,256.9,6.383,63
MC0056,False,3.0x400.0x300.0x178.34,Catálogo inicial,56,Bastones clasicos,Bastones clasicos - Sigilo,Estacional,Fino,Bastones rectos de brocoli,402.3,289.2,162.7,6.905,63
MC0057,True,3.0x369.8x290.5x165.9,Caja nueva,57,Guarniciones,Guarniciones - Cubos,Forma estable,Forma,Cubos de brocoli,363.8,284.5,159.9,12.516,64
MC0058,False,3.0x400.0x269.82x179.4,Catálogo inicial,58,Bastones clasicos,Bastones clasicos - Sigilo,Estacional,Medio,Bastones rectos de brocoli,379.8,284.1,164.9,13.059,64
MC0059,True,3.0x369.8x259.5x209.3,Caja nueva,59,Bastones clasicos,Bastones clasicos - Sigilo,Forma estable,Forma,Gajos de brocoli,363.8,253.5,203.3,12.984,65
MC0060,False,3.0x400.0x240.0x233.65,Catálogo inicial,60,Bastones clasicos,Bastones clasicos - Grado B,Estacional,Medio,Bastones rectos de brocoli,383.4,237.9,222.9,12.574,65
MC0061,False,3.0x400.0x300.0x178.34,Catálogo inicial,61,Bastones clasicos,Bastones clasicos - Sigilo,Estacional,Medio,Bastones rectos de brocoli,383.9,278.8,183.4,12.402,65
MC0062,False,3.0x400.0x300.0x199.61,Catálogo inicial,62,Bastones clasicos,Bastones clasicos - Sigilo,Forma estable,Forma,Corte rustico de brocoli,398.1,288.3,192.5,12.69,65
MC0063,False,3.0x400.0x300.0x317.7,Catálogo inicial,63,Bastones clasicos,Bastones clasicos - Sigilo,Forma estable,Forma,Brocoli en rejilla,399.8,285.1,313.6,10.94,65
MC0064,False,3.0x400.0x300.0x178.34,Catálogo inicial,64,Bastones clasicos,Bastones clasicos - Sigilo,Forma estable,Forma,Gajos de brocoli,388.3,290.9,168.0,9.191,65
MC0065,False,3.0x400.0x240.0x159.19,Catálogo inicial,65,Guarniciones,Guarniciones - Legumes Croquetas,Forma estable,Forma,Rosti de brocoli,374.3,242.7,149.4,5.012,65
MC0066,False,3.0x400.4x278.8x230.1,Caja creada en MC,66,Bastones clasicos,Bastones clasicos - Grado B,Estacional,Medio,Bastones rectos de brocoli,398.7,257.7,229.6,12.348,65
MC0067,False,3.0x400.0x300.0x269.82,Catálogo inicial,67,Bastones clasicos,Bastones clasicos - Sigilo,Forma estable,Forma,Espirales de brocoli,379.9,295.4,263.8,12.328,65
MC0068,False,3.0x400.0x300.0x178.34,Catálogo inicial,68,Bastones clasicos,Bastones clasicos - Mayordomo,Estacional,Medio,Bastones rectos de brocoli,388.0,292.2,175.9,10.6,65
MC0069,False,3.0x400.0x300.0x233.65,Catálogo inicial,69,Bastones clasicos,Bastones clasicos - Legumes Frites,Estacional,Medio,Bastones rectos de brocoli,399.5,289.2,223.7,12.709,65
MC0070,False,3.0x400.0x274.08x225.0,Catálogo inicial,70,Bastones clasicos,Bastones clasicos - Sigilo,Estacional,Medio,Bastones rectos de brocoli,386.4,254.3,229.6,12.192,65
MC0071,True,3.0x408.5x254.6x267.4,Caja nueva,71,Bastones clasicos,Bastones clasicos - Sigilo,Forma estable,Forma,Tiras para dip de brocoli,402.5,248.6,261.4,9.813,66
MC0072,False,3.0x400.0x300.0x269.82,Catálogo inicial,72,Bastones clasicos,Bastones clasicos - Sigilo,Estacional,Grueso,Bastones rectos de brocoli,395.9,287.4,259.0,12.015,66
MC0073,True,3.0x375.1x267.5x241.0,Caja nueva,73,Bastones clasicos,Bastones clasicos - Legumes Frites,Estacional,Corte steak,Bastones rectos de brocoli,369.1,261.5,235.0,12.548,67
MC0074,False,3.0x400.0x300.0x199.61,Catálogo inicial,74,Bastones clasicos,Bastones clasicos - Sigilo,Estacional,Grueso,Bastones rectos de brocoli,406.5,294.9,184.3,12.931,67
MC0075,False,3.0x400.0x300.0x178.34,Catálogo inicial,75,Bastones clasicos,Bastones clasicos - Legumes Frites,Estacional,Corte steak,Bastones rectos de brocoli,396.1,280.3,170.9,11.693,67
MC0076,False,3.0x400.0x300.0x269.82,Catálogo inicial,76,Bastones clasicos,Bastones clasicos - Reserva Privada,Forma estable,Forma,Rodajas de brocoli,396.2,291.6,255.4,9.28,67
MC0077,False,3.0x400.0x274.08x199.61,Catálogo inicial,77,Bastones clasicos,Bastones clasicos - Reserva Privada,Estacional,Medio,Bastones rectos de brocoli,384.0,256.5,191.0,12.341,67
MC0078,False,3.0x400.0x240.0x269.82,Catálogo inicial,78,Bastones clasicos,Bastones clasicos - Sigilo,Forma estable,Forma,Dippers de brocoli,373.1,245.2,263.4,12.553,67
MC0079,False,3.0x400.0x274.08x225.0,Catálogo inicial,79,Bastones clasicos,Bastones clasicos - Legumes Frites,Estacional,Fino,Bastones rectos de brocoli,373.9,286.1,215.7,11.189,67
MC0080,False,3.0x400.0x300.0x210.25,Catálogo inicial,80,Bastones clasicos,Bastones clasicos - Sigilo,Forma estable,Forma,Gajos de brocoli,394.3,292.5,202.4,12.772,67
MC0081,False,3.0x400.0x274.08x291.1,Catálogo inicial,81,Bastones clasicos,Bastones clasicos - Sigilo,Forma estable,Forma,Brocoli zigzag,381.7,261.8,286.0,12.603,67
MC0082,False,3.0x400.4x278.8x230.1,Caja creada en MC,82,Bastones clasicos,Bastones clasicos - Reserva Privada,Estacional,Medio,Bastones rectos de brocoli,398.2,265.9,220.5,12.874,67
MC0083,True,3.0x374.7x299.5x214.6,Caja nueva,83,Guarniciones,Guarniciones - Tortitas,Forma estable,Forma,Tortitas de brocoli,368.7,293.5,208.6,11.171,68
MC0084,False,3.0x400.0x300.0x257.14,Catálogo inicial,84,Bastones clasicos,Bastones clasicos - Sigilo,Forma estable,Forma,Espirales de brocoli,392.6,287.7,251.1,10.265,68
MC0085,False,3.0x400.0x271.95x163.63,Catálogo inicial,85,Bastones clasicos,Bastones clasicos - Sigilo,Estacional,Medio,Bastones rectos de brocoli,389.3,280.2,148.7,6.602,68
MC0086,False,3.0x400.0x274.08x199.61,Catálogo inicial,86,Bastones clasicos,Bastones clasicos - Reserva Privada,Forma estable,Forma,Gajos de brocoli,406.8,254.4,189.7,13.237,68
MC0087,False,3.0x400.0x240.0x244.29,Catálogo inicial,87,Guarniciones,Guarniciones - Legumes Croquetas,Forma estable,Forma,Croquetas de brocoli,378.7,241.7,230.2,12.838,68
MC0088,False,3.0x400.0x300.0x247.48,Catálogo inicial,88,Bastones clasicos,Bastones clasicos - Sigilo,Estacional,Fino,Bastones rectos de brocoli,406.8,285.9,234.9,11.823,68
MC0089,False,3.0x400.0x300.0x199.61,Catálogo inicial,89,Guarniciones,Guarniciones - Tortitas,Forma estable,Forma,Tortitas de brocoli,384.7,281.2,204.3,11.862,68
MC0090,False,3.0x400.0x300.0x199.61,Catálogo inicial,90,Bastones clasicos,Bastones clasicos - Cielo,Estacional,Medio,Bastones rectos de brocoli,390.8,281.9,191.7,12.285,68
MC0091,False,3.0x400.0x240.0x261.31,Catálogo inicial,91,Bastones clasicos,Bastones clasicos - Sigilo,Estacional,Fino,Bastones rectos de brocoli,384.4,243.0,248.5,13.061,68
MC0092,False,3.0x400.0x274.08x291.1,Catálogo inicial,92,Bastones clasicos,Bastones clasicos - Sigilo,Forma estable,Forma,Brocoli en rejilla,398.2,252.6,270.3,6.505,68
MC0093,False,3.0x400.0x300.0x150.0,Catálogo inicial,93,Guarniciones,Guarniciones - Cubos,Forma estable,Forma,Cubos de brocoli,386.2,298.2,144.3,12.898,68
MC0094,True,3.0x412.8x262.5x262.0,Caja nueva,94,Bastones clasicos,Bastones clasicos - Grado B,Estacional,Fino,Bastones rectos de brocoli,406.8,256.5,256.0,12.242,69
MC0095,False,3.0x400.0x300.0x283.65,Catálogo inicial,95,Bastones clasicos,Bastones clasicos - Sigilo,Forma estable,Forma,Brocoli zigzag,380.7,305.9,269.9,13.244,69
MC0096,True,3.0x412.8x303.5x182.8,Caja nueva,96,Bastones clasicos,Bastones clasicos - Legumes Frites,Estacional,Medio,Bastones rectos de brocoli,406.8,297.5,176.8,12.405,70
MC0097,False,3.0x369.8x259.5x209.3,Caja creada en MC,97,Bastones clasicos,Bastones clasicos - Sigilo,Forma estable,Forma,Gajos de brocoli,375.6,245.8,202.2,13.092,70
MC0098,False,3.0x409.7x304.3x178.3,Caja creada en MC,98,Bastones clasicos,Bastones clasicos - Legumes Frites,Estacional,Medio,Bastones rectos de brocoli,385.3,286.0,186.0,11.145,70
MC0099,True,3.0x373.8x259.9x219.5,Caja nueva,99,Bastones clasicos,Bastones clasicos - Legumes Frites,Forma estable,Forma,Brocoli zigzag,367.8,253.9,213.5,10.024,71
MC0100,False,3.0x400.4x278.8x230.1,Caja creada en MC,100,Guarniciones,Guarniciones - Tortitas,Forma estable,Forma,Tortitas de brocoli,388.2,288.7,211.5,10.286,71
MC0101,False,3.0x400.4x278.8x230.1,Caja creada en MC,101,Bastones clasicos,Bastones clasicos - Sigilo,Estacional,Medio,Bastones rectos de brocoli,399.6,263.5,224.3,9.725,71
MC0102,False,3.0x400.0x240.0x269.82,Catálogo inicial,102,Bastones clasicos,Bastones clasicos - Sigilo,Estacional,Fino,Bastones rectos de brocoli,382.1,241.7,257.1,12.654,71
MC0103,False,3.0x400.0x300.0x233.65,Catálogo inicial,103,Bastones clasicos,Bastones clasicos - Sigilo,Estacional,Grueso,Bastones rectos de brocoli,392.7,303.6,220.8,11.325,71
MC0104,True,3.0x373.3x289.8x197.7,Caja nueva,104,Bastones clasicos,Bastones clasicos - Sigilo,Estacional,Medio,Bastones rectos de brocoli,367.3,283.8,191.7,12.86,72
MC0105,False,3.0x408.5x254.6x267.4,Caja creada en MC,105,Bastones clasicos,Bastones clasicos - Sigilo,Estacional,Fino,Bastones rectos de brocoli,390.3,243.0,269.6,12.363,72
MC0106,False,3.0x375.1x267.5x241.0,Caja creada en MC,106,Bastones clasicos,Bastones clasicos - Sigilo,Forma estable,Forma,Brocoli en rejilla,364.7,253.7,222.1,6.76,72
MC0107,False,3.0x400.0x300.0x233.65,Catálogo inicial,107,Guarniciones,Guarniciones - Tortitas,Forma estable,Forma,Tortitas de brocoli,370.6,293.8,237.5,11.39,72
MC0108,False,3.0x400.0x291.1x174.08,Catálogo inicial,108,Bastones clasicos,Bastones clasicos - Legumes Frites,Estacional,Medio,Bastones rectos de brocoli,388.6,278.6,171.2,11.645,72
MC0109,False,3.0x400.0x300.0x233.65,Catálogo inicial,109,Bastones clasicos,Bastones clasicos - Sigilo,Estacional,Grueso,Bastones rectos de brocoli,401.3,285.9,221.7,13.23,72
MC0110,False,3.0x400.0x300.0x225.0,Catálogo inicial,110,Bastones clasicos,Bastones clasicos - Sigilo,Forma estable,Forma,Espirales de brocoli,406.8,280.7,219.5,6.435,72
MC0111,False,3.0x400.0x240.0x233.65,Catálogo inicial,111,Bastones clasicos,Bastones clasicos - Sigilo,Forma estable,Forma,Brocoli en rejilla,376.3,238.6,229.7,6.565,72
MC0112,True,3.0x412.8x269.0x265.6,Caja nueva,112,Guarniciones,Guarniciones - Tortitas,Forma estable,Forma,Tortitas de brocoli,406.8,263.0,259.6,12.626,73
MC0113,False,3.0x400.0x300.0x300.0,Catálogo inicial,113,Brocoli especial,Brocoli especial - Bastones Especiales,Estacional,Fino,Bastones rectos de brocoli,397.9,291.9,277.6,9.072,73
MC0114,False,3.0x400.0x300.0x199.61,Catálogo inicial,114,Bastones clasicos,Bastones clasicos - Sigilo,Forma estable,Forma,Espirales de brocoli,393.2,286.2,190.3,5.671,73
MC0115,False,3.0x400.0x269.82x252.8,Catálogo inicial,115,Bastones clasicos,Bastones clasicos - Sigilo,Forma estable,Forma,Dippers de brocoli,388.0,249.7,253.8,12.449,73
MC0116,False,3.0x400.0x277.27x254.93,Catálogo inicial,116,Bastones clasicos,Bastones clasicos - Sigilo,Forma estable,Forma,Brocoli zigzag,386.7,281.5,242.4,10.006,73
MC0117,False,3.0x400.0x266.63x225.0,Catálogo inicial,117,Bastones clasicos,Bastones clasicos - Legumes Frites,Forma estable,Forma,Brocoli zigzag,381.3,248.4,232.9,10.004,73
MC0118,False,3.0x400.0x300.0x210.25,Catálogo inicial,118,Bastones clasicos,Bastones clasicos - Legumes Frites,Estacional,Fino,Bastones rectos de brocoli,381.3,292.3,208.9,12.467,73
MC0119,True,3.0x370.1x249.2x243.8,Caja nueva,119,Bastones clasicos,Bastones clasicos - Legumes Frites,Estacional,Medio,Bastones rectos de brocoli,364.1,243.2,237.8,12.73,74
MC0120,False,3.0x375.6x286.8x216.9,Caja creada en MC,120,Bastones clasicos,Bastones clasicos - Sigilo,Forma estable,Forma,Mix crujiente de brocoli,368.1,278.2,199.5,12.262,74
MC0121,False,3.0x400.0x300.0x225.0,Catálogo inicial,121,Bastones clasicos,Bastones clasicos - Sigilo,Forma estable,Forma,Dippers de brocoli,395.6,289.3,217.2,11.276,74
MC0122,False,3.0x400.0x300.0x300.0,Catálogo inicial,122,Bastones clasicos,Bastones clasicos - Sigilo,Forma estable,Forma,Brocoli en rejilla,382.8,294.3,300.2,9.738,74
MC0123,False,3.0x400.0x300.0x178.34,Catálogo inicial,123,Bastones clasicos,Bastones clasicos - Legumes Frites,Estacional,Medio,Bastones rectos de brocoli,379.1,296.6,172.6,12.108,74
MC0124,False,3.0x375.6x286.8x216.9,Caja creada en MC,124,Bastones clasicos,Bastones clasicos - Sigilo,Estacional,Medio,Bastones rectos de brocoli,386.1,280.3,201.9,11.868,74
MC0125,False,3.0x400.0x269.82x252.8,Catálogo inicial,125,Bastones clasicos,Bastones clasicos - Sigilo,Forma estable,Forma,Dippers de brocoli,392.1,255.0,242.8,12.812,74
MC0126,False,3.0x400.0x240.0x196.42,Catálogo inicial,126,Bastones clasicos,Bastones clasicos - Reserva Privada,Forma estable,Forma,Gajos de brocoli,381.1,240.2,182.0,9.59,74
MC0127,False,3.0x400.0x300.0x238.97,Catálogo inicial,127,Bastones clasicos,Bastones clasicos - Sigilo,Estacional,Fino,Bastones rectos de brocoli,378.4,301.7,232.5,12.624,74
MC0128,False,3.0x400.0x277.27x298.55,Catálogo inicial,128,Bastones clasicos,Bastones clasicos - Sigilo,Forma estable,Forma,Brocoli en rejilla,400.2,276.3,280.9,12.965,74
MC0129,False,3.0x406.3x311.9x205.6,Caja creada en MC,129,Bastones clasicos,Bastones clasicos - Legumes Frites,Estacional,Medio,Bastones rectos de brocoli,404.3,297.4,189.9,10.568,74
MC0130,False,3.0x408.5x254.6x267.4,Caja creada en MC,130,Bastones clasicos,Bastones clasicos - Sigilo,Forma estable,Forma,Dippers de brocoli,388.7,243.1,270.5,12.483,74
MC0131,False,3.0x400.0x286.85x188.97,Catálogo inicial,131,Guarniciones,Guarniciones - Cubos,Forma estable,Forma,Cubos de brocoli,404.5,270.4,178.8,12.436,74
MC0132,False,3.0x400.0x269.82x252.8,Catálogo inicial,132,Bastones clasicos,Bastones clasicos - Sigilo,Forma estable,Forma,Tiras para dip de brocoli,406.8,259.5,237.5,12.642,74
MC0133,False,3.0x408.5x254.6x267.4,Caja creada en MC,133,Guarniciones,Guarniciones - Tortitas,Forma estable,Forma,Rosti de brocoli,406.3,247.2,253.2,12.965,74
MC0134,False,3.0x400.0x269.82x252.8,Catálogo inicial,134,Bastones clasicos,Bastones clasicos - Sigilo,Estacional,Medio,Bastones rectos de brocoli,400.2,251.0,246.3,12.001,74
MC0135,False,3.0x406.3x256.5x230.9,Caja creada en MC,135,Bastones clasicos,Bastones clasicos - Legumes Frites,Estacional,Medio,Bastones rectos de brocoli,400.1,261.0,215.5,12.714,74
MC0136,False,3.0x400.0x291.1x360.0,Catálogo inicial,136,Bastones clasicos,Bastones clasicos - Reserva Privada,Estacional,Fino,Bastones rectos de brocoli,384.9,276.5,361.5,12.887,74
MC0137,False,3.0x400.0x300.0x233.65,Catálogo inicial,137,Bastones clasicos,Bastones clasicos - Sigilo,Forma estable,Forma,Brocoli zigzag,373.3,285.4,244.3,9.695,74
MC0138,False,3.0x406.3x311.9x205.6,Caja creada en MC,138,Bastones clasicos,Bastones clasicos - Sigilo,Estacional,Fino,Bastones rectos de brocoli,396.2,288.4,208.8,12.448,74
MC0139,False,3.0x400.0x274.08x291.1,Catálogo inicial,139,Bastones clasicos,Bastones clasicos - Sigilo,Forma estable,Forma,Brocoli zigzag,377.0,260.8,293.6,12.657,74
MC0140,False,3.0x400.0x300.0x178.34,Catálogo inicial,140,Bastones clasicos,Bastones clasicos - Sigilo,Forma estable,Forma,Dippers de brocoli,376.8,287.1,177.0,5.557,74
MC0141,False,3.0x408.5x254.6x267.4,Caja creada en MC,141,Bastones clasicos,Bastones clasicos - Reserva Privada,Estacional,Fino,Bastones rectos de brocoli,406.8,245.1,248.0,12.718,74
MC0142,False,3.0x400.0x300.0x233.65,Catálogo inicial,142,Bastones clasicos,Bastones clasicos - Sigilo,Forma estable,Forma,Espirales de brocoli,405.0,288.8,223.0,6.609,74
MC0143,False,3.0x406.3x311.9x205.6,Caja creada en MC,143,Bastones clasicos,Bastones clasicos - Sigilo,Estacional,Medio,Bastones rectos de brocoli,403.2,288.0,207.8,8.492,74
MC0144,False,3.0x400.0x240.0x252.8,Catálogo inicial,144,Bastones clasicos,Bastones clasicos - Sigilo,Forma estable,Forma,Mix crujiente de brocoli,379.9,257.0,232.4,8.495,74
MC0145,False,3.0x375.1x267.5x241.0,Caja creada en MC,145,Bastones clasicos,Bastones clasicos - Legumes Frites,Forma estable,Forma,Brocoli zigzag,366.9,264.2,228.1,10.091,74
MC0146,False,3.0x400.0x300.0x257.14,Catálogo inicial,146,Bastones clasicos,Bastones clasicos - Sigilo,Forma estable,Forma,Brocoli zigzag,383.2,292.7,249.8,9.804,74
MC0147,False,3.0x400.0x266.63x225.0,Catálogo inicial,147,Bastones clasicos,Bastones clasicos - Reserva Privada,Estacional,Corte steak,Bastones rectos de brocoli,384.2,250.1,208.8,11.94,74
MC0148,True,3.0x397.9x304.6x327.6,Caja nueva,148,Bastones clasicos,Bastones clasicos - Sigilo,Estacional,Medio,Bastones rectos de brocoli,391.9,298.6,321.6,12.457,75
MC0149,False,3.0x400.0x286.85x195.36,Catálogo inicial,149,Bastones clasicos,Bastones clasicos - Mayordomo,Estacional,Medio,Bastones rectos de brocoli,399.1,280.3,183.3,12.573,75
MC0150,False,3.0x400.0x300.0x199.61,Catálogo inicial,150,Bastones clasicos,Bastones clasicos - Sigilo,Estacional,Medio,Bastones rectos de brocoli,381.8,284.7,197.8,12.071,75
MC0151,False,3.0x400.0x274.08x225.0,Catálogo inicial,151,Guarniciones,Guarniciones - Legumes Croquetas,Forma estable,Forma,Rosti de brocoli,384.0,279.9,214.3,10.881,75
MC0152,False,3.0x400.4x278.8x230.1,Caja creada en MC,152,Bastones clasicos,Bastones clasicos - Grado B,Estacional,Fino,Bastones rectos de brocoli,374.6,275.3,233.5,11.971,75
MC0153,False,3.0x400.0x300.0x199.61,Catálogo inicial,153,Bastones clasicos,Bastones clasicos - Reserva Privada,Forma estable,Forma,Gajos de brocoli,385.1,284.8,203.0,13.237,75
MC0154,False,3.0x409.7x304.3x178.3,Caja creada en MC,154,Bastones clasicos,Bastones clasicos - Cielo,Estacional,Medio,Bastones rectos de brocoli,386.0,287.6,185.7,12.562,75
MC0155,False,3.0x400.0x300.0x247.48,Catálogo inicial,155,Bastones clasicos,Bastones clasicos - Sigilo,Forma estable,Forma,Espirales de brocoli,377.3,291.9,253.5,11.883,75
MC0156,False,3.0x400.0x269.82x252.8,Catálogo inicial,156,Bastones clasicos,Bastones clasicos - Legumes Frites,Estacional,Fino,Bastones rectos de brocoli,377.3,256.1,244.4,12.632,75
MC0157,False,3.0x400.0x277.27x254.93,Catálogo inicial,157,Guarniciones,Guarniciones - Tortitas,Forma estable,Forma,Tortitas de brocoli,390.8,256.9,260.9,12.479,75
MC0158,False,3.0x406.3x311.9x205.6,Caja creada en MC,158,Bastones clasicos,Bastones clasicos - Sigilo,Forma estable,Forma,Espirales de brocoli,391.8,300.9,202.6,5.585,75
MC0159,False,3.0x400.0x266.63x225.0,Catálogo inicial,159,Bastones clasicos,Bastones clasicos - Sigilo,Forma estable,Forma,Espirales de brocoli,403.4,247.7,217.1,6.671,75
MC0160,False,3.0x400.0x266.63x225.0,Catálogo inicial,160,Bastones clasicos,Bastones clasicos - Reserva Privada,Estacional,Medio,Bastones rectos de brocoli,391.8,258.2,212.4,12.199,75
MC0161,False,3.0x400.0x300.0x219.82,Catálogo inicial,161,Guarniciones,Guarniciones - Tortitas,Forma estable,Forma,Tortitas de brocoli,378.2,276.8,230.8,10.746,75
MC0162,False,3.0x374.7x299.5x214.6,Caja creada en MC,162,Bastones clasicos,Bastones clasicos - Sigilo,Estacional,Medio,Bastones rectos de brocoli,363.8,289.2,209.5,8.609,75
MC0163,False,3.0x400.0x300.0x219.82,Catálogo inicial,163,Bastones clasicos,Bastones clasicos - Sigilo,Forma estable,Forma,Dippers de brocoli,375.6,291.7,222.6,8.755,75
MC0164,False,3.0x400.0x269.82x179.4,Catálogo inicial,164,Snacks y aperitivos,Snacks y aperitivos - Queso,Co-produccion,Forma,Bocados de brocoli con mozzarella,389.9,249.9,168.1,5.022,75
MC0165,False,3.0x400.0x274.08x225.0,Catálogo inicial,165,Bastones clasicos,Bastones clasicos - Sigilo,Estacional,Medio,Bastones rectos de brocoli,384.9,255.4,235.1,12.428,75
MC0166,False,3.0x400.0x277.27x298.55,Catálogo inicial,166,Bastones clasicos,Bastones clasicos - Reserva Privada,Estacional,Medio,Bastones rectos de brocoli,394.7,279.7,277.1,12.341,75
MC0167,False,3.0x400.0x266.63x225.0,Catálogo inicial,167,Bastones clasicos,Bastones clasicos - Legumes Frites,Estacional,Medio,Bastones rectos de brocoli,391.1,251.0,215.5,10.884,75
MC0168,False,3.0x400.0x277.27x254.93,Catálogo inicial,168,Bastones clasicos,Bastones clasicos - Sigilo,Forma estable,Forma,Brocoli en rejilla,400.9,276.3,236.7,6.989,75
MC0169,False,3.0x400.0x300.0x178.34,Catálogo inicial,169,Bastones clasicos,Bastones clasicos - Sigilo,Forma estable,Forma,Gajos de brocoli,386.7,296.9,166.0,9.525,75
MC0170,False,3.0x400.0x267.7x150.0,Catálogo inicial,170,Guarniciones,Guarniciones - Legumes Croquetas,Forma estable,Forma,Rosti de brocoli,380.4,260.1,146.0,4.916,75
MC0171,False,3.0x400.0x269.82x252.8,Catálogo inicial,171,Bastones clasicos,Bastones clasicos - Sigilo,Forma estable,Forma,Tiras para dip de brocoli,392.0,259.1,240.7,13.735,75
MC0172,False,3.0x400.0x274.08x291.1,Catálogo inicial,172,Bastones clasicos,Bastones clasicos - Sigilo,Forma estable,Forma,Espirales de brocoli,393.0,270.1,268.7,6.582,75
MC0173,False,3.0x400.0x300.0x269.82,Catálogo inicial,173,Bastones clasicos,Bastones clasicos - Reserva Privada,Estacional,Medio,Bastones rectos de brocoli,405.9,284.4,256.6,11.983,75
MC0174,True,3.0x373.5x311.9x210.7,Caja nueva,174,Bastones clasicos,Bastones clasicos - Sigilo,Forma estable,Forma,Brocoli en rejilla,367.5,305.9,204.7,6.664,76
MC0175,True,3.0x370.7x292.0x270.1,Caja nueva,175,Bastones clasicos,Bastones clasicos - Sigilo,Estacional,Grueso,Bastones rectos de brocoli,364.7,286.0,264.1,12.159,77
MC0176,False,3.0x400.0x269.82x179.4,Catálogo inicial,176,Snacks y aperitivos,Snacks y aperitivos - Queso,Co-produccion,Forma,Bocados de brocoli con mozzarella,386.6,251.9,173.4,5.136,77
MC0177,False,3.0x400.0x274.08x199.61,Catálogo inicial,177,Bastones clasicos,Bastones clasicos - Reserva Privada,Estacional,Medio,Bastones rectos de brocoli,393.2,252.0,203.2,12.421,77
MC0178,False,3.0x408.5x254.6x267.4,Caja creada en MC,178,Bastones clasicos,Bastones clasicos - Grado B,Estacional,Fino,Bastones rectos de brocoli,401.1,257.8,250.8,12.335,77
MC0179,False,3.0x409.7x304.3x178.3,Caja creada en MC,179,Bastones clasicos,Bastones clasicos - Reserva Privada,Estacional,Grueso,Bastones rectos de brocoli,393.5,295.2,177.0,13.103,77
MC0180,False,3.0x400.0x240.0x196.42,Catálogo inicial,180,Bastones clasicos,Bastones clasicos - Sigilo,Forma estable,Forma,Gajos de brocoli,378.6,247.2,184.7,12.712,77
MC0181,False,3.0x400.0x300.0x178.34,Catálogo inicial,181,Guarniciones,Guarniciones - Cubos,Forma estable,Forma,Cubos de brocoli,397.8,301.2,162.0,12.865,77
MC0182,False,3.0x400.0x291.1x174.08,Catálogo inicial,182,Bastones clasicos,Bastones clasicos - Reserva Privada,Estacional,Grueso,Bastones rectos de brocoli,400.0,290.1,162.4,12.663,77
MC0183,False,3.0x400.0x300.0x247.48,Catálogo inicial,183,Bastones clasicos,Bastones clasicos - Sigilo,Forma estable,Forma,Brocoli en rejilla,397.2,298.4,234.9,6.413,77
MC0184,False,3.0x400.0x286.85x188.97,Catálogo inicial,184,Bastones clasicos,Bastones clasicos - Reserva Privada,Estacional,Grueso,Bastones rectos de brocoli,395.1,278.2,183.5,12.729,77
MC0185,False,3.0x400.0x269.82x252.8,Catálogo inicial,185,Bastones clasicos,Bastones clasicos - Sigilo,Forma estable,Forma,Corte rustico de brocoli,396.2,258.2,245.3,12.953,77
MC0186,False,3.0x400.0x266.63x225.0,Catálogo inicial,186,Bastones clasicos,Bastones clasicos - Legumes Frites,Estacional,Medio,Bastones rectos de brocoli,386.4,254.0,227.9,11.044,77
MC0187,False,3.0x400.0x300.0x199.61,Catálogo inicial,187,Brocoli especial,Brocoli especial - Bastones Especiales,Estacional,Corte steak,Bastones rectos de brocoli,396.1,282.7,192.8,13.176,77
MC0188,False,3.0x400.0x269.82x179.4,Catálogo inicial,188,Bastones clasicos,Bastones clasicos - Legumes Frites,Estacional,Medio,Bastones rectos de brocoli,381.3,275.4,170.4,12.819,77
MC0189,True,3.0x399.0x281.4x210.9,Caja nueva,189,Bastones clasicos,Bastones clasicos - Reserva Privada,Estacional,Corte steak,Bastones rectos de brocoli,393.0,275.4,204.9,12.579,78
MC0190,False,3.0x400.0x266.63x225.0,Catálogo inicial,190,Bastones clasicos,Bastones clasicos - Sigilo,Forma estable,Forma,Gajos de brocoli,399.9,246.0,207.0,12.594,78
MC0191,True,3.0x369.8x249.9x318.0,Caja nueva,191,Bastones clasicos,Bastones clasicos - Sigilo,Estacional,Fino,Bastones rectos de brocoli,363.8,243.9,312.0,12.551,79
MC0192,True,3.0x375.6x286.0x275.7,Caja nueva,192,Bastones clasicos,Bastones clasicos - Reserva Privada,Estacional,Fino,Bastones rectos de brocoli,369.6,280.0,269.7,12.031,80
MC0193,False,3.0x400.0x300.0x219.82,Catálogo inicial,193,Bastones clasicos,Bastones clasicos - Sigilo,Forma estable,Forma,Brocoli zigzag,372.3,285.6,231.6,12.466,80
MC0194,False,3.0x400.0x266.63x225.0,Catálogo inicial,194,Bastones clasicos,Bastones clasicos - Sigilo,Estacional,Medio,Bastones rectos de brocoli,378.8,252.1,223.6,11.073,80
MC0195,False,3.0x400.0x269.82x252.8,Catálogo inicial,195,Bastones clasicos,Bastones clasicos - Sigilo,Forma estable,Forma,Tiras para dip de brocoli,390.0,259.2,246.4,12.344,80
MC0196,False,3.0x400.0x300.0x178.34,Catálogo inicial,196,Bastones clasicos,Bastones clasicos - Reserva Privada,Estacional,Medio,Bastones rectos de brocoli,370.5,293.8,179.9,12.627,80
MC0197,False,3.0x375.1x267.5x241.0,Caja creada en MC,197,Bastones clasicos,Bastones clasicos - Sigilo,Forma estable,Forma,Rodajas de brocoli,368.8,247.1,221.8,9.756,80
MC0198,False,3.0x370.7x292.0x270.1,Caja creada en MC,198,Bastones clasicos,Bastones clasicos - Reserva Privada,Estacional,Fino,Bastones rectos de brocoli,370.2,284.9,260.4,12.79,80
MC0199,False,3.0x400.0x300.0x178.34,Catálogo inicial,199,Guarniciones,Guarniciones - Otros,Estacional,Medio,Bastones rectos de brocoli,406.8,278.5,168.9,12.749,80
MC0200,False,3.0x374.7x299.5x214.6,Caja creada en MC,200,Bastones clasicos,Bastones clasicos - Sigilo,Forma estable,Forma,Corte rustico de brocoli,406.8,280.7,197.3,12.563,80
MC0201,False,3.0x406.0x266.1x229.6,Caja creada en MC,201,Bastones clasicos,Bastones clasicos - Grado B,Estacional,Medio,Bastones rectos de brocoli,388.1,248.0,237.0,11.987,80
MC0202,False,3.0x400.0x286.85x195.36,Catálogo inicial,202,Bastones clasicos,Bastones clasicos - Reserva Privada,Estacional,Grueso,Bastones rectos de brocoli,379.8,275.8,196.3,13.172,80
MC0203,False,3.0x400.0x300.0x238.97,Catálogo inicial,203,Bastones clasicos,Bastones clasicos - Sigilo,Estacional,Grueso,Bastones rectos de brocoli,381.4,305.5,228.9,13.691,80
MC0204,False,3.0x400.0x300.0x283.65,Catálogo inicial,204,Brocoli especial,Brocoli especial - Bastones Especiales,Estacional,Fino,Bastones rectos de brocoli,372.4,302.1,285.2,8.729,80
MC0205,False,3.0x400.0x300.0x283.65,Catálogo inicial,205,Bastones clasicos,Bastones clasicos - Legumes Frites,Estacional,Grueso,Bastones rectos de brocoli,386.6,296.4,274.4,12.372,80
MC0206,False,3.0x400.4x278.8x230.1,Caja creada en MC,206,Bastones clasicos,Bastones clasicos - Sigilo,Estacional,Fino,Bastones rectos de brocoli,374.4,286.3,222.4,12.317,80
MC0207,False,3.0x397.9x304.6x327.6,Caja creada en MC,207,Bastones clasicos,Bastones clasicos - Sigilo,Forma estable,Forma,Brocoli en rejilla,385.0,292.7,321.7,11.51,80
MC0208,False,3.0x400.0x240.0x212.38,Catálogo inicial,208,Bastones clasicos,Bastones clasicos - Reserva Privada,Estacional,Corte steak,Bastones rectos de brocoli,374.1,241.5,207.8,13.02,80
MC0209,False,3.0x400.0x240.0x244.29,Catálogo inicial,209,Bastones clasicos,Bastones clasicos - Sigilo,Forma estable,Forma,Espirales de brocoli,374.2,254.4,227.6,6.84,80
MC0210,False,3.0x400.0x266.63x225.0,Catálogo inicial,210,Bastones clasicos,Bastones clasicos - Reserva Privada,Estacional,Medio,Bastones rectos de brocoli,394.8,256.4,212.5,12.46,80
MC0211,False,3.0x400.0x271.95x163.63,Catálogo inicial,211,Snacks y aperitivos,Snacks y aperitivos - Queso,Co-produccion,Forma,Bocados de brocoli con mozzarella,397.3,254.7,159.2,5.093,80
MC0212,False,3.0x400.0x269.82x252.8,Catálogo inicial,212,Bastones clasicos,Bastones clasicos - Sigilo,Estacional,Fino,Bastones rectos de brocoli,397.9,257.9,249.9,12.528,80
MC0213,False,3.0x400.0x266.63x225.0,Catálogo inicial,213,Bastones clasicos,Bastones clasicos - Sigilo,Forma estable,Forma,Corte rustico de brocoli,377.4,247.4,240.1,12.429,80
MC0214,False,3.0x400.0x300.0x210.25,Catálogo inicial,214,Snacks y aperitivos,Snacks y aperitivos - Aros y Vegetales,Co-produccion,Forma,Aros de brocoli,405.1,282.7,203.5,5.051,80
MC0215,False,3.0x400.0x269.82x179.4,Catálogo inicial,215,Bastones clasicos,Bastones clasicos - Sigilo,Forma estable,Forma,Gajos de brocoli,376.7,279.9,163.7,12.335,80
MC0216,False,3.0x400.0x240.0x215.57,Catálogo inicial,216,Bastones clasicos,Bastones clasicos - Reserva Privada,Forma estable,Forma,Gajos de brocoli,386.2,250.2,198.4,9.824,80
MC0217,False,3.0x400.0x274.08x199.61,Catálogo inicial,217,Bastones clasicos,Bastones clasicos - Reserva Privada,Forma estable,Forma,Gajos de brocoli,392.9,260.3,187.7,12.577,80
MC0218,False,3.0x400.0x240.0x252.8,Catálogo inicial,218,Bastones clasicos,Bastones clasicos - Sigilo,Forma estable,Forma,Corte rustico de brocoli,376.8,244.5,246.7,12.726,80
MC0219,False,3.0x408.5x254.6x267.4,Caja creada en MC,219,Bastones clasicos,Bastones clasicos - Grado B,Estacional,Fino,Bastones rectos de brocoli,389.3,247.5,254.6,12.268,80
MC0220,False,3.0x400.0x266.63x225.0,Catálogo inicial,220,Bastones clasicos,Bastones clasicos - Legumes Frites,Estacional,Medio,Bastones rectos de brocoli,384.2,246.5,235.0,12.766,80
MC0221,False,3.0x400.0x274.08x291.1,Catálogo inicial,221,Bastones clasicos,Bastones clasicos - Sigilo,Forma estable,Forma,Brocoli zigzag,400.2,252.3,286.9,12.16,80
MC0222,False,3.0x400.0x267.7x150.0,Catálogo inicial,222,Bastones clasicos,Bastones clasicos - Sigilo,Estacional,Medio,Bastones rectos de brocoli,384.4,274.3,139.5,6.388,80
MC0223,False,3.0x400.0x240.0x233.65,Catálogo inicial,223,Bastones clasicos,Bastones clasicos - Sigilo,Forma estable,Forma,Tiras para dip de brocoli,400.6,237.4,214.7,6.397,80
MC0224,False,3.0x400.0x300.0x257.14,Catálogo inicial,224,Bastones clasicos,Bastones clasicos - Reserva Privada,Estacional,Medio,Bastones rectos de brocoli,397.7,278.9,262.0,12.098,80
MC0225,False,3.0x400.0x300.0x269.82,Catálogo inicial,225,Bastones clasicos,Bastones clasicos - Sigilo,Forma estable,Forma,Espirales de brocoli,392.0,296.8,252.5,10.047,80
MC0226,True,3.0x407.8x252.0x245.0,Caja nueva,226,Bastones clasicos,Bastones clasicos - Sigilo,Estacional,Medio,Bastones rectos de brocoli,401.8,246.0,239.0,12.137,81
MC0227,False,3.0x412.8x262.5x262.0,Caja creada en MC,227,Guarniciones,Guarniciones - Tortitas,Forma estable,Forma,Rosti de brocoli,399.9,244.1,245.0,10.769,81
MC0228,True,3.0x412.8x311.4x178.7,Caja nueva,228,Bastones clasicos,Bastones clasicos - Sigilo,Estacional,Fino,Bastones rectos de brocoli,406.8,305.4,172.7,7.004,82
MC0229,True,3.0x384.5x251.0x174.4,Caja nueva,229,Snacks y aperitivos,Snacks y aperitivos - Queso,Co-produccion,Forma,Bocados de brocoli con queso crema,378.5,245.0,168.4,4.914,83
MC0230,False,3.0x400.0x300.0x247.48,Catálogo inicial,230,Bastones clasicos,Bastones clasicos - Sigilo,Estacional,Grueso,Bastones rectos de brocoli,377.2,286.2,258.6,12.429,83
MC0231,False,3.0x400.0x300.0x210.25,Catálogo inicial,231,Bastones clasicos,Bastones clasicos - Sigilo,Estacional,Medio,Bastones rectos de brocoli,403.2,294.8,195.4,12.12,83
MC0232,False,3.0x400.0x291.1x174.08,Catálogo inicial,232,Bastones clasicos,Bastones clasicos - Legumes Frites,Estacional,Medio,Bastones rectos de brocoli,373.7,282.4,177.8,12.812,83
MC0233,False,3.0x369.8x290.5x165.9,Caja creada en MC,233,Bastones clasicos,Bastones clasicos - Legumes Frites,Estacional,Grueso,Bastones rectos de brocoli,364.9,277.1,159.2,12.818,83
MC0234,False,3.0x400.0x300.0x178.34,Catálogo inicial,234,Bastones clasicos,Bastones clasicos - Reserva Privada,Estacional,Grueso,Bastones rectos de brocoli,378.4,293.9,176.4,12.777,83
MC0235,False,3.0x400.0x300.0x257.14,Catálogo inicial,235,Bastones clasicos,Bastones clasicos - Sigilo,Estacional,Medio,Bastones rectos de brocoli,383.8,278.4,263.4,12.702,83
MC0236,False,3.0x400.0x300.0x219.82,Catálogo inicial,236,Guarniciones,Guarniciones - Tortitas,Forma estable,Forma,Tortitas de brocoli,379.8,292.4,220.8,11.024,83
MC0237,False,3.0x400.0x266.63x225.0,Catálogo inicial,237,Bastones clasicos,Bastones clasicos - Sigilo,Estacional,Corte steak,Bastones rectos de brocoli,385.3,258.3,208.2,12.303,83
MC0238,False,3.0x400.0x300.0x269.82,Catálogo inicial,238,Bastones clasicos,Bastones clasicos - Sigilo,Estacional,Grueso,Bastones rectos de brocoli,387.0,293.0,258.2,15.853,83
MC0239,False,3.0x400.0x269.82x179.4,Catálogo inicial,239,Bastones clasicos,Bastones clasicos - Reserva Privada,Forma estable,Forma,Gajos de brocoli,374.8,251.6,175.9,12.984,83
MC0240,False,3.0x375.1x267.5x241.0,Caja creada en MC,240,Bastones clasicos,Bastones clasicos - Legumes Frites,Forma estable,Forma,Brocoli zigzag,370.0,254.4,221.2,9.974,83
MC0241,True,3.0x412.8x268.8x320.2,Caja nueva,241,Bastones clasicos,Bastones clasicos - Reserva Privada,Estacional,Fino,Bastones rectos de brocoli,406.8,262.8,314.2,12.24,84
MC0242,False,3.0x400.0x266.63x225.0,Catálogo inicial,242,Bastones clasicos,Bastones clasicos - Sigilo,Forma estable,Forma,Tiras para dip de brocoli,396.5,250.8,225.6,12.515,84
MC0243,False,3.0x400.0x300.0x178.34,Catálogo inicial,243,Bastones clasicos,Bastones clasicos - Sigilo,Forma estable,Forma,Gajos de brocoli,398.3,288.4,165.9,9.662,84
MC0244,False,3.0x400.0x300.0x269.82,Catálogo inicial,244,Bastones clasicos,Bastones clasicos - Sigilo,Forma estable,Forma,Espirales de brocoli,389.2,295.5,255.6,9.42,84
MC0245,False,3.0x400.0x269.82x252.8,Catálogo inicial,245,Bastones clasicos,Bastones clasicos - Sigilo,Estacional,Medio,Bastones rectos de brocoli,390.8,260.4,241.0,12.567,84
MC0246,False,3.0x400.0x271.95x163.63,Catálogo inicial,246,Bastones clasicos,Bastones clasicos - Legumes Frites,Estacional,Grueso,Bastones rectos de brocoli,371.9,273.3,155.9,12.344,84
MC0247,True,3.0x369.8x268.8x176.7,Caja nueva,247,Snacks y aperitivos,Snacks y aperitivos - Queso,Co-produccion,Forma,Bocados de brocoli con queso cheddar,363.8,262.8,170.7,4.857,85
MC0248,False,3.0x400.0x240.0x269.82,Catálogo inicial,248,Bastones clasicos,Bastones clasicos - Sigilo,Estacional,Fino,Bastones rectos de brocoli,376.8,258.6,249.5,11.945,85
MC0249,True,3.0x371.0x280.7x287.2,Caja nueva,249,Bastones clasicos,Bastones clasicos - Sigilo,Estacional,Grueso,Bastones rectos de brocoli,365.0,274.7,281.2,12.39,86
MC0250,True,3.0x369.8x302.4x268.1,Caja nueva,250,Bastones clasicos,Bastones clasicos - Sigilo,Forma estable,Forma,Espirales de brocoli,363.8,296.4,262.1,12.361,87
MC0251,True,3.0x376.2x309.0x189.7,Caja nueva,251,Bastones clasicos,Bastones clasicos - Reserva Privada,Estacional,Grueso,Bastones rectos de brocoli,370.2,303.0,183.7,12.468,88
MC0252,False,3.0x400.0x274.08x291.1,Catálogo inicial,252,Bastones clasicos,Bastones clasicos - Sigilo,Forma estable,Forma,Tiras para dip de brocoli,406.8,262.7,280.0,9.251,88
MC0253,False,3.0x400.0x300.0x300.0,Catálogo inicial,253,Bastones clasicos,Bastones clasicos - Reserva Privada,Forma estable,Forma,Rodajas de brocoli,394.5,305.9,277.5,8.921,88
MC0254,False,3.0x400.0x300.0x247.48,Catálogo inicial,254,Bastones clasicos,Bastones clasicos - Sigilo,Forma estable,Forma,Espirales de brocoli,400.9,286.7,240.8,12.475,88
MC0255,False,3.0x400.0x240.0x244.29,Catálogo inicial,255,Bastones clasicos,Bastones clasicos - Legumes Frites,Estacional,Corte steak,Bastones rectos de brocoli,384.7,239.4,237.3,9.919,88
MC0256,False,3.0x400.0x277.27x298.55,Catálogo inicial,256,Bastones clasicos,Bastones clasicos - Sigilo,Forma estable,Forma,Brocoli en rejilla,395.1,270.2,286.3,12.431,88
MC0257,True,3.0x370.9x189.4x162.6,Caja nueva,257,Guarniciones,Guarniciones - Legumes Croquetas,Forma estable,Forma,Rosti de brocoli,364.9,183.4,156.6,4.882,89
MC0258,False,3.0x400.0x300.0x283.65,Catálogo inicial,258,Bastones clasicos,Bastones clasicos - Sigilo,Forma estable,Forma,Espirales de brocoli,401.2,290.7,263.0,9.783,89
MC0259,False,3.0x400.0x266.63x342.17,Catálogo inicial,259,Bastones clasicos,Bastones clasicos - Reserva Privada,Estacional,Fino,Bastones rectos de brocoli,403.6,256.8,330.5,12.026,89
MC0260,False,3.0x400.0x274.08x225.0,Catálogo inicial,260,Bastones clasicos,Bastones clasicos - Sigilo,Estacional,Medio,Bastones rectos de brocoli,386.2,254.5,233.1,12.702,89
MC0261,False,3.0x400.0x300.0x178.34,Catálogo inicial,261,Bastones clasicos,Bastones clasicos - Sigilo,Estacional,Grueso,Bastones rectos de brocoli,394.5,293.3,165.8,9.476,89
MC0262,True,3.0x405.7x249.9x213.0,Caja nueva,262,Bastones clasicos,Bastones clasicos - Reserva Privada,Estacional,Corte steak,Bastones rectos de brocoli,399.7,243.9,207.0,12.844,90
MC0263,False,3.0x400.0x269.82x252.8,Catálogo inicial,263,Bastones clasicos,Bastones clasicos - Sigilo,Estacional,Fino,Bastones rectos de brocoli,386.5,251.6,256.5,12.373,90
MC0264,False,3.0x399.0x281.4x210.9,Caja creada en MC,264,Bastones clasicos,Bastones clasicos - Sigilo,Forma estable,Forma,Mix crujiente de brocoli,370.1,259.2,222.9,8.513,90
MC0265,False,3.0x370.1x249.2x243.8,Caja creada en MC,265,Snacks y aperitivos,Snacks y aperitivos - Base Brocoli,Forma estable,Forma,Bocaditos inflados de brocoli,364.6,237.1,241.0,10.63,90
MC0266,False,3.0x412.8x269.0x265.6,Caja creada en MC,266,Bastones clasicos,Bastones clasicos - Sigilo,Forma estable,Forma,Corte rustico de brocoli,394.0,261.7,260.0,12.246,90
MC0267,False,3.0x400.0x300.0x210.25,Catálogo inicial,267,Bastones clasicos,Bastones clasicos - Sigilo,Estacional,Fino,Bastones rectos de brocoli,391.8,283.8,210.0,12.643,90
MC0268,False,3.0x400.0x274.08x225.0,Catálogo inicial,268,Bastones clasicos,Bastones clasicos - Sigilo,Forma estable,Forma,Corte rustico de brocoli,373.9,252.1,242.3,12.939,90
MC0269,False,3.0x400.0x300.0x283.65,Catálogo inicial,269,Bastones clasicos,Bastones clasicos - Reserva Privada,Estacional,Fino,Bastones rectos de brocoli,386.3,295.4,280.4,13.125,90
MC0270,False,3.0x373.5x311.9x210.7,Caja creada en MC,270,Bastones clasicos,Bastones clasicos - Reserva Privada,Forma estable,Forma,Gajos de brocoli,386.5,288.3,204.0,13.016,90
MC0271,False,3.0x400.0x291.1x174.08,Catálogo inicial,271,Bastones clasicos,Bastones clasicos - Sigilo,Forma estable,Forma,Gajos de brocoli,393.2,293.8,160.4,10.288,90
MC0272,False,3.0x400.0x300.0x178.34,Catálogo inicial,272,Bastones clasicos,Bastones clasicos - Sigilo,Estacional,Grueso,Bastones rectos de brocoli,406.1,278.1,168.1,12.391,90
MC0273,False,3.0x400.0x269.82x252.8,Catálogo inicial,273,Bastones clasicos,Bastones clasicos - Sigilo,Estacional,Medio,Bastones rectos de brocoli,397.7,256.3,240.0,11.363,90
MC0274,False,3.0x384.5x251.0x174.4,Caja creada en MC,274,Snacks y aperitivos,Snacks y aperitivos - Queso,Co-produccion,Forma,Bocados de brocoli con mozzarella,381.2,248.5,164.5,4.859,90
MC0275,False,3.0x400.4x278.8x230.1,Caja creada en MC,275,Bastones clasicos,Bastones clasicos - Legumes Frites Salados,Estacional,Fino,Bastones rectos de brocoli,406.8,257.0,229.3,12.658,90
MC0276,False,3.0x376.2x309.0x189.7,Caja creada en MC,276,Bastones clasicos,Bastones clasicos - Legumes Frites,Estacional,Medio,Bastones rectos de brocoli,374.9,285.2,192.6,11.622,90
MC0277,False,3.0x400.0x266.63x225.0,Catálogo inicial,277,Bastones clasicos,Bastones clasicos - Sigilo,Forma estable,Forma,Espirales de brocoli,395.0,251.6,220.8,6.523,90
MC0278,False,3.0x406.3x311.9x205.6,Caja creada en MC,278,Bastones clasicos,Bastones clasicos - Mayordomo,Estacional,Medio,Bastones rectos de brocoli,386.8,288.9,217.9,12.675,90
MC0279,False,3.0x400.0x300.0x178.34,Catálogo inicial,279,Bastones clasicos,Bastones clasicos - Legumes Frites,Estacional,Medio,Bastones rectos de brocoli,379.3,278.8,178.8,12.008,90
MC0280,False,3.0x370.7x292.0x270.1,Caja creada en MC,280,Bastones clasicos,Bastones clasicos - Sigilo,Forma estable,Forma,Espirales de brocoli,365.1,274.4,264.1,12.66,90
MC0281,False,3.0x373.5x311.9x210.7,Caja creada en MC,281,Bastones extra crocantes,Bastones extra crocantes - Muy Crocantes,Estacional,Medio,Bastones rectos de brocoli,384.0,293.5,200.9,12.84,90
MC0282,False,3.0x375.6x286.8x216.9,Caja creada en MC,282,Bastones clasicos,Bastones clasicos - Legumes Frites,Estacional,Fino,Bastones rectos de brocoli,363.8,283.6,204.5,10.835,90
MC0283,False,3.0x400.0x269.82x252.8,Catálogo inicial,283,Bastones extra crocantes,Bastones extra crocantes - Muy Crocantes,Estacional,Medio,Bastones rectos de brocoli,404.4,263.8,234.3,12.137,90
MC0284,False,3.0x412.8x268.8x320.2,Caja creada en MC,284,Bastones clasicos,Bastones clasicos - Cielo,Estacional,Medio,Bastones rectos de brocoli,406.8,254.7,303.5,12.322,90
MC0285,False,3.0x400.0x240.0x206.0,Catálogo inicial,285,Bastones clasicos,Bastones clasicos - Sigilo,Forma estable,Forma,Gajos de brocoli,373.8,237.5,198.7,12.138,90
MC0286,False,3.0x406.0x266.1x229.6,Caja creada en MC,286,Bastones clasicos,Bastones clasicos - Reserva Privada,Estacional,Medio,Bastones rectos de brocoli,396.6,262.4,223.5,12.462,90
MC0287,False,3.0x375.6x286.0x275.7,Caja creada en MC,287,Bastones clasicos,Bastones clasicos - Reserva Privada,Forma estable,Forma,Rodajas de brocoli,377.6,282.8,259.0,8.777,90
MC0288,False,3.0x400.0x274.08x199.61,Catálogo inicial,288,Bastones clasicos,Bastones clasicos - Sigilo,Forma estable,Forma,Brocoli en rejilla,385.6,257.6,191.5,4.459,90
MC0289,False,3.0x400.0x300.0x233.65,Catálogo inicial,289,Bastones clasicos,Bastones clasicos - Legumes Frites,Estacional,Corte steak,Bastones rectos de brocoli,404.2,290.3,217.1,13.128,90
MC0290,False,3.0x400.0x274.08x225.0,Catálogo inicial,290,Bastones clasicos,Bastones clasicos - Sigilo,Estacional,Medio,Bastones rectos de brocoli,392.5,267.6,215.7,12.23,90
MC0291,False,3.0x400.0x300.0x269.82,Catálogo inicial,291,Bastones clasicos,Bastones clasicos - Legumes Frites,Estacional,Grueso,Bastones rectos de brocoli,406.8,280.4,265.6,13.022,90
MC0292,False,3.0x400.0x291.1x174.08,Catálogo inicial,292,Bastones clasicos,Bastones clasicos - Sigilo,Forma estable,Forma,Gajos de brocoli,380.4,283.1,175.2,9.445,90
MC0293,False,3.0x400.0x300.0x247.48,Catálogo inicial,293,Bastones clasicos,Bastones clasicos - Sigilo,Forma estable,Forma,Brocoli en rejilla,397.6,286.9,242.8,6.514,90
MC0294,False,3.0x400.0x300.0x150.0,Catálogo inicial,294,Bastones clasicos,Bastones clasicos - Sigilo,Estacional,Medio,Bastones rectos de brocoli,396.2,286.3,141.7,6.99,90
MC0295,False,3.0x400.0x274.08x199.61,Catálogo inicial,295,Bastones clasicos,Bastones clasicos - Reserva Privada,Forma estable,Forma,Espirales de brocoli,402.4,257.5,186.7,4.653,90
MC0296,False,3.0x400.0x274.08x225.0,Catálogo inicial,296,Bastones clasicos,Bastones clasicos - Sigilo,Estacional,Fino,Bastones rectos de brocoli,377.9,260.0,232.7,9.627,90
MC0297,False,3.0x399.0x281.4x210.9,Caja creada en MC,297,Bastones clasicos,Bastones clasicos - Sigilo,Forma estable,Forma,Mix crujiente de brocoli,385.4,281.8,198.0,12.708,90
MC0298,False,3.0x400.0x291.1x360.0,Catálogo inicial,298,Bastones clasicos,Bastones clasicos - Sigilo,Forma estable,Forma,Brocoli en rejilla,386.7,291.4,346.9,12.152,90
MC0299,False,3.0x400.0x271.95x163.63,Catálogo inicial,299,Bastones clasicos,Bastones clasicos - Sigilo,Forma estable,Forma,Gajos de brocoli,376.3,262.4,156.6,9.592,90
MC0300,False,3.0x373.5x311.9x210.7,Caja creada en MC,300,Bastones clasicos,Bastones clasicos - Sigilo,Estacional,Fino,Bastones rectos de brocoli,395.7,287.7,201.1,12.731,90
MC0301,False,3.0x412.8x269.0x265.6,Caja creada en MC,301,Bastones clasicos,Bastones clasicos - Sigilo,Estacional,Medio,Bastones rectos de brocoli,393.5,283.3,244.3,13.198,90
MC0302,False,3.0x412.8x269.0x265.6,Caja creada en MC,302,Bastones clasicos,Bastones clasicos - Sigilo,Forma estable,Forma,Espirales de brocoli,392.9,279.0,247.3,9.888,90
MC0303,True,3.0x412.8x309.5x262.5,Caja nueva,303,Bastones clasicos,Bastones clasicos - Sigilo,Forma estable,Forma,Brocoli zigzag,406.8,303.5,256.5,9.916,91
MC0304,True,3.0x412.8x258.5x211.6,Caja nueva,304,Bastones clasicos,Bastones clasicos - Sigilo,Forma estable,Forma,Brocoli en rejilla,406.8,252.5,205.6,4.591,92
MC0305,False,3.0x400.0x266.63x225.0,Catálogo inicial,305,Bastones clasicos,Bastones clasicos - Legumes Frites,Forma estable,Forma,Brocoli zigzag,375.7,250.7,223.8,9.323,92
MC0306,False,3.0x400.0x266.63x225.0,Catálogo inicial,306,Bastones clasicos,Bastones clasicos - Legumes Frites,Estacional,Medio,Bastones rectos de brocoli,397.4,252.1,212.7,12.673,92
MC0307,False,3.0x400.0x240.0x196.42,Catálogo inicial,307,Guarniciones,Guarniciones - Cubos,Forma estable,Forma,Cubos de brocoli,385.6,240.3,180.4,12.119,92
MC0308,False,3.0x370.7x292.0x270.1,Caja creada en MC,308,Bastones clasicos,Bastones clasicos - Sigilo,Estacional,Medio,Bastones rectos de brocoli,386.3,276.3,253.2,13.507,92
MC0309,False,3.0x400.0x240.0x159.19,Catálogo inicial,309,Guarniciones,Guarniciones - Legumes Croquetas,Forma estable,Forma,Rosti de brocoli,373.2,259.3,144.5,5.324,92
MC0310,False,3.0x400.0x300.0x257.14,Catálogo inicial,310,Snacks y aperitivos,Snacks y aperitivos - Aros y Vegetales,Co-produccion,Forma,Aros de brocoli,406.8,277.3,251.4,6.451,92
MC0311,False,3.0x400.0x269.82x179.4,Catálogo inicial,311,Bastones clasicos,Bastones clasicos - Reserva Privada,Forma estable,Forma,Gajos de brocoli,388.2,279.4,164.8,10.756,92
MC0312,False,3.0x400.0x240.0x252.8,Catálogo inicial,312,Bastones clasicos,Bastones clasicos - Sigilo,Forma estable,Forma,Rodajas de brocoli,377.5,249.0,241.5,10.087,92
MC0313,False,3.0x400.0x300.0x225.0,Catálogo inicial,313,Guarniciones,Guarniciones - Legumes Croquetas,Forma estable,Forma,Rosti de brocoli,393.6,302.0,209.0,10.687,92
MC0314,False,3.0x375.6x286.8x216.9,Caja creada en MC,314,Bastones clasicos,Bastones clasicos - Legumes Frites,Estacional,Fino,Bastones rectos de brocoli,363.8,292.6,203.3,12.332,92
MC0315,False,3.0x370.7x292.0x270.1,Caja creada en MC,315,Bastones clasicos,Bastones clasicos - Sigilo,Forma estable,Forma,Espirales de brocoli,363.8,281.2,255.2,10.115,92
MC0316,False,3.0x400.0x300.0x179.4,Catálogo inicial,316,Bastones clasicos,Bastones clasicos - Reserva Privada,Forma estable,Forma,Gajos de brocoli,393.2,297.2,171.6,11.014,92
MC0317,False,3.0x400.0x266.63x225.0,Catálogo inicial,317,Bastones clasicos,Bastones clasicos - Legumes Frites,Estacional,Fino,Bastones rectos de brocoli,380.7,275.7,213.9,10.485,92
MC0318,False,3.0x400.0x274.08x199.61,Catálogo inicial,318,Bastones clasicos,Bastones clasicos - Sigilo,Forma estable,Forma,Gajos de brocoli,385.9,255.5,191.2,12.704,92
MC0319,True,3.0x373.8x243.9x189.6,Caja nueva,319,Guarniciones,Guarniciones - Cubos,Forma estable,Forma,Cubos de brocoli,367.8,237.9,183.6,12.351,93
MC0320,False,3.0x400.0x277.27x298.55,Catálogo inicial,320,Bastones clasicos,Bastones clasicos - Reserva Privada,Estacional,Medio,Bastones rectos de brocoli,378.7,290.0,282.4,13.077,93
MC0321,False,3.0x400.0x267.7x150.0,Catálogo inicial,321,Guarniciones,Guarniciones - Legumes Croquetas,Forma estable,Forma,Rosti de brocoli,402.8,248.9,148.0,4.909,93
MC0322,False,3.0x400.0x266.63x225.0,Catálogo inicial,322,Bastones clasicos,Bastones clasicos - Legumes Frites Salados,Estacional,Medio,Bastones rectos de brocoli,402.7,247.1,220.1,12.894,93
MC0323,False,3.0x400.0x269.82x252.8,Catálogo inicial,323,Bastones clasicos,Bastones clasicos - Grado B,Estacional,Fino,Bastones rectos de brocoli,388.0,284.1,232.3,13.166,93
MC0324,False,3.0x375.6x286.8x216.9,Caja creada en MC,324,Bastones clasicos,Bastones clasicos - Sigilo,Forma estable,Forma,Mix crujiente de brocoli,380.9,288.4,198.5,12.181,93
MC0325,False,3.0x412.8x258.5x211.6,Caja creada en MC,325,Bastones clasicos,Bastones clasicos - Reserva Privada,Estacional,Corte steak,Bastones rectos de brocoli,388.3,251.2,211.1,12.428,93
MC0326,False,3.0x376.2x309.0x189.7,Caja creada en MC,326,Bastones clasicos,Bastones clasicos - Legumes Frites,Estacional,Medio,Bastones rectos de brocoli,363.8,286.7,194.2,12.646,93
MC0327,False,3.0x400.0x300.0x238.97,Catálogo inicial,327,Bastones clasicos,Bastones clasicos - Sigilo,Forma estable,Forma,Brocoli zigzag,389.0,281.0,244.7,9.499,93
MC0328,False,3.0x400.4x278.8x230.1,Caja creada en MC,328,Bastones clasicos,Bastones clasicos - Reserva Privada,Forma estable,Forma,Gajos de brocoli,389.6,256.7,238.0,9.829,93
MC0329,False,3.0x400.0x240.0x196.42,Catálogo inicial,329,Guarniciones,Guarniciones - Cubos,Forma estable,Forma,Cubos de brocoli,374.4,258.4,179.9,12.416,93
MC0330,False,3.0x400.0x300.0x178.34,Catálogo inicial,330,Bastones clasicos,Bastones clasicos - Sigilo,Estacional,Fino,Bastones rectos de brocoli,387.2,295.5,167.8,6.7,93
MC0331,False,3.0x370.7x292.0x270.1,Caja creada en MC,331,Bastones clasicos,Bastones clasicos - Sigilo,Forma estable,Forma,Espirales de brocoli,372.6,282.2,260.8,12.518,93
MC0332,False,3.0x400.0x240.0x244.29,Catálogo inicial,332,Guarniciones,Guarniciones - Legumes Croquetas,Forma estable,Forma,Croquetas de brocoli,383.6,246.1,232.7,11.024,93
MC0333,False,3.0x400.0x300.0x257.14,Catálogo inicial,333,Bastones clasicos,Bastones clasicos - Sigilo,Estacional,Medio,Bastones rectos de brocoli,395.6,300.9,239.4,12.561,93
MC0334,True,3.0x376.3x311.9x289.9,Caja nueva,334,Bastones clasicos,Bastones clasicos - Sigilo,Estacional,Medio,Bastones rectos de brocoli,370.3,305.9,283.9,12.275,94
MC0335,False,3.0x400.0x269.82x252.8,Catálogo inicial,335,Bastones clasicos,Bastones clasicos - Sigilo,Estacional,Medio,Bastones rectos de brocoli,400.2,262.2,242.0,12.292,94
MC0336,False,3.0x397.9x304.6x327.6,Caja creada en MC,336,Bastones clasicos,Bastones clasicos - Sigilo,Forma estable,Forma,Brocoli en rejilla,394.7,294.4,313.8,12.456,94
MC0337,False,3.0x400.0x300.0x300.0,Catálogo inicial,337,Bastones clasicos,Bastones clasicos - Legumes Frites,Estacional,Fino,Bastones rectos de brocoli,385.1,305.9,285.4,12.483,94
MC0338,False,3.0x370.1x249.2x243.8,Caja creada en MC,338,Bastones clasicos,Bastones clasicos - Sigilo,Forma estable,Forma,Tiras para dip de brocoli,363.8,251.8,225.6,6.414,94
MC0339,False,3.0x400.0x300.0x199.61,Catálogo inicial,339,Bastones clasicos,Bastones clasicos - Sigilo,Estacional,Medio,Bastones rectos de brocoli,383.2,300.3,194.8,12.621,94
MC0340,False,3.0x412.8x303.5x182.8,Caja creada en MC,340,Bastones clasicos,Bastones clasicos - Legumes Frites,Estacional,Medio,Bastones rectos de brocoli,400.3,292.0,182.3,10.401,94
MC0341,True,3.0x369.8x293.0x372.3,Caja nueva,341,Bastones clasicos,Bastones clasicos - Sigilo,Forma estable,Forma,Espirales de brocoli,363.8,287.0,366.3,11.737,95
MC0342,False,3.0x400.0x240.0x206.0,Catálogo inicial,342,Bastones clasicos,Bastones clasicos - Legumes Frites,Estacional,Corte steak,Bastones rectos de brocoli,379.0,244.7,198.2,12.395,95
MC0343,False,3.0x400.0x300.0x163.44,Catálogo inicial,343,Bastones clasicos,Bastones clasicos - Sigilo,Forma estable,Forma,Brocoli zigzag,381.0,291.5,158.2,6.577,95
MC0344,False,3.0x400.4x278.8x230.1,Caja creada en MC,344,Bastones clasicos,Bastones clasicos - Grado B,Estacional,Medio,Bastones rectos de brocoli,402.5,260.0,222.9,13.111,95
MC0345,False,3.0x400.0x286.85x326.21,Catálogo inicial,345,Bastones clasicos,Bastones clasicos - Sigilo,Forma estable,Forma,Espirales de brocoli,387.0,294.5,310.5,13.007,95
MC0346,False,3.0x400.0x266.63x225.0,Catálogo inicial,346,Bastones clasicos,Bastones clasicos - Sigilo,Forma estable,Forma,Mix crujiente de brocoli,387.6,249.0,232.8,8.294,95
MC0347,False,3.0x400.0x274.08x199.61,Catálogo inicial,347,Bastones clasicos,Bastones clasicos - Reserva Privada,Forma estable,Forma,Gajos de brocoli,389.5,256.1,193.8,12.319,95
MC0348,True,3.0x412.8x309.7x274.4,Caja nueva,348,Bastones clasicos,Bastones clasicos - Sigilo,Forma estable,Forma,Espirales de brocoli,406.8,303.7,268.4,12.494,96
MC0349,False,3.0x400.0x266.63x225.0,Catálogo inicial,349,Bastones clasicos,Bastones clasicos - Legumes Frites,Estacional,Medio,Bastones rectos de brocoli,390.6,253.8,224.0,10.599,96
MC0350,False,3.0x384.5x251.0x174.4,Caja creada en MC,350,Bastones clasicos,Bastones clasicos - Sigilo,Forma estable,Forma,Corte rustico de brocoli,387.3,243.0,160.1,6.716,96
MC0351,False,3.0x400.0x274.08x199.61,Catálogo inicial,351,Bastones clasicos,Bastones clasicos - Legumes Frites,Estacional,Medio,Bastones rectos de brocoli,375.5,263.7,192.2,12.149,96
MC0352,False,3.0x400.0x300.0x210.25,Catálogo inicial,352,Bastones clasicos,Bastones clasicos - Reserva Privada,Forma estable,Forma,Gajos de brocoli,393.6,288.5,203.5,12.892,96
MC0353,False,3.0x400.0x286.85x190.04,Catálogo inicial,353,Bastones clasicos,Bastones clasicos - Cielo,Estacional,Medio,Bastones rectos de brocoli,377.2,272.2,198.0,11.54,96
MC0354,False,3.0x400.0x277.27x298.55,Catálogo inicial,354,Bastones clasicos,Bastones clasicos - Sigilo,Forma estable,Forma,Brocoli en rejilla,379.5,283.3,289.1,10.628,96
MC0355,False,3.0x400.0x240.0x244.29,Catálogo inicial,355,Bastones clasicos,Bastones clasicos - Sigilo,Forma estable,Forma,Mix crujiente de brocoli,382.7,249.2,229.4,8.612,96
MC0356,True,3.0x375.8x300.7x170.7,Caja nueva,356,Bastones clasicos,Bastones clasicos - Sigilo,Estacional,Grueso,Bastones rectos de brocoli,369.8,294.7,164.7,12.811,97
MC0357,False,3.0x400.0x300.0x269.82,Catálogo inicial,357,Bastones clasicos,Bastones clasicos - Legumes Frites,Estacional,Corte steak,Bastones rectos de brocoli,388.6,293.8,263.2,14.294,97
MC0358,False,3.0x412.8x269.0x265.6,Caja creada en MC,358,Bastones clasicos,Bastones clasicos - Sigilo,Forma estable,Forma,Tiras para dip de brocoli,404.4,257.2,257.0,13.02,97
MC0359,False,3.0x400.0x286.85x190.04,Catálogo inicial,359,Bastones clasicos,Bastones clasicos - Sigilo,Estacional,Medio,Bastones rectos de brocoli,388.4,290.0,180.3,12.752,97
MC0360,False,3.0x400.0x269.82x252.8,Catálogo inicial,360,Bastones clasicos,Bastones clasicos - Sigilo,Forma estable,Forma,Espirales de brocoli,374.3,255.5,258.5,6.412,97
MC0361,False,3.0x400.0x300.0x257.14,Catálogo inicial,361,Bastones clasicos,Bastones clasicos - Legumes Frites,Estacional,Corte steak,Bastones rectos de brocoli,384.6,280.2,267.2,13.322,97
MC0362,False,3.0x406.0x266.1x229.6,Caja creada en MC,362,Bastones clasicos,Bastones clasicos - Reserva Privada,Estacional,Medio,Bastones rectos de brocoli,401.7,253.0,227.8,12.93,97
MC0363,False,3.0x400.0x300.0x247.48,Catálogo inicial,363,Bastones clasicos,Bastones clasicos - Sigilo,Forma estable,Forma,Brocoli zigzag,372.7,294.2,252.9,9.769,97
MC0364,True,3.0x373.7x257.7x226.6,Caja nueva,364,Bastones clasicos,Bastones clasicos - Sigilo,Forma estable,Forma,Rodajas de brocoli,367.7,251.7,220.6,13.435,98
MC0365,False,3.0x400.0x300.0x163.44,Catálogo inicial,365,Bastones clasicos,Bastones clasicos - Sigilo,Forma estable,Forma,Tiras para dip de brocoli,405.4,279.3,159.4,6.676,98
MC0366,False,3.0x400.0x300.0x233.65,Catálogo inicial,366,Bastones clasicos,Bastones clasicos - Legumes Frites,Estacional,Medio,Bastones rectos de brocoli,391.1,284.6,230.1,13.24,98
MC0367,False,3.0x400.0x277.27x298.55,Catálogo inicial,367,Bastones clasicos,Bastones clasicos - Sigilo,Estacional,Medio,Bastones rectos de brocoli,390.8,286.5,276.9,13.685,98
MC0368,False,3.0x400.0x291.1x174.08,Catálogo inicial,368,Bastones clasicos,Bastones clasicos - Sigilo,Forma estable,Forma,Gajos de brocoli,406.8,283.6,158.8,10.141,98
MC0369,False,3.0x412.8x269.0x265.6,Caja creada en MC,369,Bastones clasicos,Bastones clasicos - Sigilo,Forma estable,Forma,Espirales de brocoli,398.5,253.1,271.3,6.831,98
MC0370,False,3.0x397.9x304.6x327.6,Caja creada en MC,370,Bastones clasicos,Bastones clasicos - Sigilo,Forma estable,Forma,Brocoli en rejilla,393.6,290.2,326.5,10.662,98
MC0371,False,3.0x400.0x300.0x257.14,Catálogo inicial,371,Bastones clasicos,Bastones clasicos - Sigilo,Forma estable,Forma,Espirales de brocoli,406.8,276.7,258.4,12.318,98
MC0372,False,3.0x400.0x269.82x179.4,Catálogo inicial,372,Bastones clasicos,Bastones clasicos - Sigilo,Forma estable,Forma,Gajos de brocoli,383.5,272.0,169.6,8.479,98
MC0373,False,3.0x375.8x300.7x170.7,Caja creada en MC,373,Guarniciones,Guarniciones - Cubos,Forma estable,Forma,Cubos de brocoli,378.7,285.0,164.9,12.039,98
MC0374,True,3.0x406.1x308.8x293.7,Caja nueva,374,Bastones clasicos,Bastones clasicos - Sigilo,Forma estable,Forma,Brocoli en rejilla,400.1,302.8,287.7,8.16,99
MC0375,False,3.0x400.0x269.82x252.8,Catálogo inicial,375,Bastones clasicos,Bastones clasicos - Sigilo,Forma estable,Forma,Tiras para dip de brocoli,398.2,267.9,235.9,12.426,99
MC0376,False,3.0x406.3x311.9x205.6,Caja creada en MC,376,Snacks y aperitivos,Snacks y aperitivos - Aros y Vegetales,Co-produccion,Forma,Aros de brocoli,388.8,302.9,191.6,5.008,99
MC0377,False,3.0x400.0x277.27x179.4,Catálogo inicial,377,Bastones clasicos,Bastones clasicos - Sigilo,Estacional,Medio,Bastones rectos de brocoli,372.1,273.4,178.6,12.709,99
MC0378,False,3.0x400.0x300.0x199.61,Catálogo inicial,378,Brocoli especial,Brocoli especial - Bastones Especiales,Estacional,Corte steak,Bastones rectos de brocoli,406.8,286.0,185.2,11.803,99
MC0379,False,3.0x412.8x258.5x211.6,Caja creada en MC,379,Bastones clasicos,Bastones clasicos - Reserva Privada,Estacional,Corte steak,Bastones rectos de brocoli,396.9,257.0,201.6,12.983,99
MC0380,False,3.0x400.0x291.1x174.08,Catálogo inicial,380,Bastones clasicos,Bastones clasicos - Sigilo,Forma estable,Forma,Gajos de brocoli,379.5,289.5,171.1,9.648,99
MC0381,False,3.0x400.0x274.08x199.61,Catálogo inicial,381,Bastones clasicos,Bastones clasicos - Sigilo,Forma estable,Forma,Gajos de brocoli,393.5,252.0,191.9,12.7,99
MC0382,False,3.0x400.0x300.0x283.65,Catálogo inicial,382,Bastones clasicos,Bastones clasicos - Sigilo,Estacional,Fino,Bastones rectos de brocoli,384.7,278.1,297.7,12.733,99
MC0383,False,3.0x400.0x286.85x190.04,Catálogo inicial,383,Bastones clasicos,Bastones clasicos - Legumes Frites,Estacional,Medio,Bastones rectos de brocoli,392.0,296.6,175.0,13.014,99
MC0384,False,3.0x400.0x300.0x257.14,Catálogo inicial,384,Bastones clasicos,Bastones clasicos - Sigilo,Forma estable,Forma,Brocoli zigzag,392.5,289.6,246.2,9.719,99
MC0385,False,3.0x375.1x267.5x241.0,Caja creada en MC,385,Bastones clasicos,Bastones clasicos - Reserva Privada,Forma estable,Forma,Gajos de brocoli,365.3,258.2,224.5,11.704,99
MC0386,False,3.0x400.0x300.0x163.44,Catálogo inicial,386,Bastones clasicos,Bastones clasicos - Mayordomo,Estacional,Grueso,Bastones rectos de brocoli,390.1,279.1,166.8,12.521,99
MC0387,False,3.0x412.8x309.5x262.5,Caja creada en MC,387,Bastones clasicos,Bastones clasicos - Sigilo,Estacional,Medio,Bastones rectos de brocoli,406.8,292.9,245.0,12.575,99
MC0388,False,3.0x412.8x269.0x265.6,Caja creada en MC,388,Bastones clasicos,Bastones clasicos - Legumes Frites,Estacional,Corte steak,Bastones rectos de brocoli,391.4,262.8,269.8,13.323,99
MC0389,False,3.0x400.0x271.95x163.63,Catálogo inicial,389,Guarniciones,Guarniciones - Cubos,Forma estable,Forma,Cubos de brocoli,381.6,280.7,152.6,12.555,99
MC0390,False,3.0x400.0x300.0x178.34,Catálogo inicial,390,Bastones clasicos,Bastones clasicos - Sigilo,Estacional,Medio,Bastones rectos de brocoli,378.2,281.5,178.7,12.365,99
MC0391,False,3.0x400.0x277.27x254.93,Catálogo inicial,391,Bastones clasicos,Bastones clasicos - Sigilo,Forma estable,Forma,Espirales de brocoli,381.2,277.3,249.7,11.996,99
MC0392,False,3.0x400.0x300.0x199.61,Catálogo inicial,392,Bastones clasicos,Bastones clasicos - Sigilo,Forma estable,Forma,Corte rustico de brocoli,383.1,287.4,203.2,12.752,99
MC0393,False,3.0x412.8x268.8x320.2,Caja creada en MC,393,Bastones clasicos,Bastones clasicos - Reserva Privada,Estacional,Fino,Bastones rectos de brocoli,390.5,263.6,325.0,12.289,99
MC0394,False,3.0x412.8x269.0x265.6,Caja creada en MC,394,Bastones clasicos,Bastones clasicos - Sigilo,Estacional,Medio,Bastones rectos de brocoli,389.4,262.0,272.1,12.348,99
MC0395,False,3.0x376.2x309.0x189.7,Caja creada en MC,395,Bastones clasicos,Bastones clasicos - Sigilo,Estacional,Medio,Bastones rectos de brocoli,365.9,287.8,194.6,12.327,99
MC0396,False,3.0x412.8x258.5x211.6,Caja creada en MC,396,Bastones clasicos,Bastones clasicos - Legumes Frites,Estacional,Medio,Bastones rectos de brocoli,403.2,247.9,202.0,12.963,99
MC0397,False,3.0x412.8x269.0x265.6,Caja creada en MC,397,Bastones clasicos,Bastones clasicos - Sigilo,Forma estable,Forma,Espirales de brocoli,388.5,258.7,267.3,6.492,99
MC0398,False,3.0x399.0x281.4x210.9,Caja creada en MC,398,Bastones clasicos,Bastones clasicos - Sigilo,Estacional,Medio,Bastones rectos de brocoli,399.5,284.6,195.0,12.53,99
MC0399,False,3.0x400.0x240.0x244.29,Catálogo inicial,399,Guarniciones,Guarniciones - Legumes Croquetas,Forma estable,Forma,Croquetas de brocoli,381.6,245.2,226.2,10.855,99
MC0400,False,3.0x400.0x269.82x252.8,Catálogo inicial,400,Bastones clasicos,Bastones clasicos - Reserva Privada,Estacional,Medio,Bastones rectos de brocoli,406.8,252.8,236.2,12.674,99
MC0401,False,3.0x412.8x262.5x262.0,Caja creada en MC,401,Bastones clasicos,Bastones clasicos - Sigilo,Forma estable,Forma,Brocoli en rejilla,397.3,250.3,268.0,6.763,99
MC0402,False,3.0x412.8x268.8x320.2,Caja creada en MC,402,Bastones clasicos,Bastones clasicos - Reserva Privada,Estacional,Medio,Bastones rectos de brocoli,389.9,282.1,304.4,12.743,99
MC0403,False,3.0x375.1x267.5x241.0,Caja creada en MC,403,Bastones clasicos,Bastones clasicos - Sigilo,Estacional,Medio,Bastones rectos de brocoli,365.6,246.1,239.3,12.758,99
MC0404,False,3.0x400.0x291.1x174.08,Catálogo inicial,404,Bastones clasicos,Bastones clasicos - Reserva Privada,Estacional,Grueso,Bastones rectos de brocoli,397.7,274.7,170.6,12.727,99
MC0405,False,3.0x400.0x277.27x179.4,Catálogo inicial,405,Bastones clasicos,Bastones clasicos - Reserva Privada,Estacional,Grueso,Bastones rectos de brocoli,392.7,275.2,168.7,11.982,99
MC0406,False,3.0x373.3x289.8x197.7,Caja creada en MC,406,Bastones clasicos,Bastones clasicos - Cielo,Estacional,Medio,Bastones rectos de brocoli,367.4,281.0,190.4,12.171,99
MC0407,False,3.0x400.0x240.0x244.29,Catálogo inicial,407,Bastones clasicos,Bastones clasicos - Legumes Frites,Estacional,Corte steak,Bastones rectos de brocoli,379.7,251.9,228.5,9.69,99
MC0408,False,3.0x405.7x249.9x213.0,Caja creada en MC,408,Bastones clasicos,Bastones clasicos - Reserva Privada,Forma estable,Forma,Gajos de brocoli,397.3,250.3,199.2,10.76,99
MC0409,False,3.0x412.8x309.7x274.4,Caja creada en MC,409,Bastones clasicos,Bastones clasicos - Sigilo,Forma estable,Forma,Brocoli en rejilla,392.4,291.4,285.9,12.101,99
MC0410,False,3.0x400.0x300.0x269.82,Catálogo inicial,410,Bastones clasicos,Bastones clasicos - Sigilo,Forma estable,Forma,Espirales de brocoli,397.1,293.5,257.5,9.202,99
MC0411,False,3.0x373.7x257.7x226.6,Caja creada en MC,411,Bastones clasicos,Bastones clasicos - Reserva Privada,Estacional,Corte steak,Bastones rectos de brocoli,396.4,247.6,207.4,11.995,99
MC0412,False,3.0x406.3x311.9x205.6,Caja creada en MC,412,Bastones clasicos,Bastones clasicos - Sigilo,Estacional,Medio,Bastones rectos de brocoli,406.8,293.5,189.5,12.404,99
MC0413,False,3.0x407.8x252.0x245.0,Caja creada en MC,413,Bastones clasicos,Bastones clasicos - Legumes Frites,Estacional,Medio,Bastones rectos de brocoli,394.0,253.7,234.3,12.474,99
MC0414,False,3.0x373.3x289.8x197.7,Caja creada en MC,414,Bastones clasicos,Bastones clasicos - Legumes Frites,Estacional,Medio,Bastones rectos de brocoli,363.8,288.8,180.3,10.738,99
MC0415,False,3.0x376.3x311.9x289.9,Caja creada en MC,415,Bastones clasicos,Bastones clasicos - Sigilo,Forma estable,Forma,Brocoli en rejilla,382.3,302.1,277.3,12.53,99
MC0416,False,3.0x412.8x268.8x320.2,Caja creada en MC,416,Bastones clasicos,Bastones clasicos - Sigilo,Forma estable,Forma,Brocoli en rejilla,384.1,280.3,306.4,10.857,99
MC0417,False,3.0x370.1x249.2x243.8,Caja creada en MC,417,Bastones clasicos,Bastones clasicos - Reserva Privada,Forma estable,Forma,Gajos de brocoli,363.8,251.4,228.0,12.909,99
MC0418,False,3.0x400.0x300.0x257.14,Catálogo inicial,418,Bastones clasicos,Bastones clasicos - Legumes Frites,Estacional,Fino,Bastones rectos de brocoli,381.1,285.6,264.8,12.937,99
MC0419,False,3.0x409.7x304.3x178.3,Caja creada en MC,419,Bastones clasicos,Bastones clasicos - Sigilo,Estacional,Forma,Bastones rectos de brocoli,406.8,295.8,171.3,5.615,99
MC0420,False,3.0x400.0x240.0x206.0,Catálogo inicial,420,Bastones clasicos,Bastones clasicos - Sigilo,Forma estable,Forma,Gajos de brocoli,380.2,251.2,192.5,12.576,99
MC0421,False,3.0x400.0x300.0x178.34,Catálogo inicial,421,Bastones clasicos,Bastones clasicos - Sigilo,Estacional,Grueso,Bastones rectos de brocoli,399.0,282.2,168.2,9.34,99
MC0422,False,3.0x400.0x300.0x233.65,Catálogo inicial,422,Bastones clasicos,Bastones clasicos - Sigilo,Estacional,Fino,Bastones rectos de brocoli,384.1,291.5,233.1,12.466,99
MC0423,False,3.0x400.0x240.0x250.68,Catálogo inicial,423,Snacks y aperitivos,Snacks y aperitivos - Base Brocoli,Forma estable,Forma,Bocaditos inflados de brocoli,370.4,237.1,256.8,10.592,99
MC0424,True,3.0x412.8x247.8x166.8,Caja nueva,424,Snacks y aperitivos,Snacks y aperitivos - Queso,Co-produccion,Forma,Bocados de brocoli con mozzarella,406.8,241.8,160.8,4.984,100
MC0425,False,3.0x373.8x259.9x219.5,Caja creada en MC,425,Bastones clasicos,Bastones clasicos - Sigilo,Estacional,Medio,Bastones rectos de brocoli,376.8,242.1,217.9,9.532,100
MC0426,False,3.0x400.0x300.0x219.82,Catálogo inicial,426,Bastones clasicos,Bastones clasicos - Reserva Privada,Estacional,Fino,Bastones rectos de brocoli,400.5,286.7,213.6,12.643,100
MC0427,True,3.0x369.8x258.3x256.1,Caja nueva,427,Bastones clasicos,Bastones clasicos - Sigilo,Estacional,Fino,Bastones rectos de brocoli,363.8,252.3,250.1,11.997,101
MC0428,False,3.0x406.1x308.8x293.7,Caja creada en MC,428,Bastones clasicos,Bastones clasicos - Sigilo,Forma estable,Forma,Brocoli en rejilla,406.8,293.2,288.3,9.754,101
MC0429,False,3.0x400.0x240.0x159.19,Catálogo inicial,429,Guarniciones,Guarniciones - Legumes Croquetas,Forma estable,Forma,Rosti de brocoli,386.9,245.2,145.9,6.103,101
MC0430,False,3.0x400.0x269.82x252.8,Catálogo inicial,430,Bastones clasicos,Bastones clasicos - Sigilo,Estacional,Medio,Bastones rectos de brocoli,390.8,253.0,253.6,12.84,101
MC0431,False,3.0x399.0x281.4x210.9,Caja creada en MC,431,Snacks y aperitivos,Snacks y aperitivos - Aros y Vegetales,Co-produccion,Forma,Aros de brocoli,401.8,279.5,193.2,4.885,101
MC0432,False,3.0x369.8x302.4x268.1,Caja creada en MC,432,Bastones clasicos,Bastones clasicos - Sigilo,Estacional,Medio,Bastones rectos de brocoli,369.7,281.8,247.5,12.507,101
MC0433,False,3.0x407.8x252.0x245.0,Caja creada en MC,433,Bastones clasicos,Bastones clasicos - Legumes Frites,Estacional,Corte steak,Bastones rectos de brocoli,393.5,255.0,232.8,12.569,101
MC0434,False,3.0x400.0x300.0x199.61,Catálogo inicial,434,Bastones clasicos,Bastones clasicos - Cielo,Estacional,Medio,Bastones rectos de brocoli,382.2,293.1,198.3,13.08,101
MC0435,False,3.0x400.0x240.0x217.7,Catálogo inicial,435,Bastones clasicos,Bastones clasicos - Reserva Privada,Forma estable,Forma,Gajos de brocoli,377.7,246.6,209.3,11.945,101
MC0436,False,3.0x400.0x240.0x271.95,Catálogo inicial,436,Bastones clasicos,Bastones clasicos - Sigilo,Forma estable,Forma,Dippers de brocoli,377.4,255.8,253.0,12.158,101
MC0437,False,3.0x400.0x240.0x206.0,Catálogo inicial,437,Bastones clasicos,Bastones clasicos - Sigilo,Forma estable,Forma,Gajos de brocoli,386.2,243.4,195.4,13.552,101
MC0438,False,3.0x400.0x300.0x233.65,Catálogo inicial,438,Bastones clasicos,Bastones clasicos - Mayordomo,Estacional,Corte steak,Bastones rectos de brocoli,403.2,284.9,221.4,12.398,101
MC0439,False,3.0x400.0x300.0x199.61,Catálogo inicial,439,Snacks y aperitivos,Snacks y aperitivos - Aros y Vegetales,Co-produccion,Forma,Aros de brocoli,391.0,294.1,189.5,4.716,101
MC0440,False,3.0x412.8x309.7x274.4,Caja creada en MC,440,Bastones clasicos,Bastones clasicos - Sigilo,Forma estable,Forma,Brocoli en rejilla,387.4,296.1,286.3,8.597,101
MC0441,False,3.0x412.8x258.5x211.6,Caja creada en MC,441,Bastones clasicos,Bastones clasicos - Reserva Privada,Estacional,Corte steak,Bastones rectos de brocoli,392.9,258.8,202.2,11.462,101
MC0442,False,3.0x400.0x266.63x225.0,Catálogo inicial,442,Bastones clasicos,Bastones clasicos - Legumes Frites,Estacional,Medio,Bastones rectos de brocoli,385.9,251.7,229.4,12.59,101
MC0443,False,3.0x400.0x286.85x195.36,Catálogo inicial,443,Bastones extra crocantes,Bastones extra crocantes - Muy Crocantes,Estacional,Medio,Bastones rectos de brocoli,381.1,267.2,203.6,12.804,101
MC0444,False,3.0x400.0x286.85x195.36,Catálogo inicial,444,Bastones clasicos,Bastones clasicos - Sigilo,Forma estable,Forma,Brocoli en rejilla,406.8,278.0,184.9,4.377,101
MC0445,True,3.0x369.8x290.1x231.3,Caja nueva,445,Guarniciones,Guarniciones - Tortitas,Forma estable,Forma,Tortitas de brocoli,363.8,284.1,225.3,10.845,102
MC0446,False,3.0x407.8x252.0x245.0,Caja creada en MC,446,Guarniciones,Guarniciones - Legumes Croquetas,Forma estable,Forma,Croquetas de brocoli,406.8,242.4,236.4,12.846,102
MC0447,True,3.0x404.7x245.8x337.0,Caja nueva,447,Bastones clasicos,Bastones clasicos - Sigilo,Estacional,Fino,Bastones rectos de brocoli,398.7,239.8,331.0,11.844,103
MC0448,False,3.0x400.0x269.82x179.4,Catálogo inicial,448,Bastones clasicos,Bastones clasicos - Reserva Privada,Forma estable,Forma,Espirales de brocoli,383.0,255.5,174.9,4.365,103
MC0449,True,3.0x412.8x303.0x364.5,Caja nueva,449,Bastones clasicos,Bastones clasicos - Sigilo,Forma estable,Forma,Espirales de brocoli,406.8,297.0,358.5,11.918,104
MC0450,False,3.0x400.0x300.0x199.61,Catálogo inicial,450,Guarniciones,Guarniciones - Otros,Estacional,Medio,Bastones rectos de brocoli,397.5,294.1,184.1,12.218,104
MC0451,False,3.0x406.3x256.5x230.9,Caja creada en MC,451,Bastones clasicos,Bastones clasicos - Grado B,Estacional,Medio,Bastones rectos de brocoli,404.4,256.0,217.3,12.39,104
MC0452,False,3.0x400.0x300.0x178.34,Catálogo inicial,452,Bastones clasicos,Bastones clasicos - Reserva Privada,Estacional,Grueso,Bastones rectos de brocoli,388.3,298.6,162.9,12.026,104
MC0453,False,3.0x412.8x309.7x274.4,Caja creada en MC,453,Bastones clasicos,Bastones clasicos - Sigilo,Forma estable,Forma,Brocoli en rejilla,385.5,288.1,291.0,9.813,104
MC0454,False,3.0x404.7x245.8x337.0,Caja creada en MC,454,Bastones clasicos,Bastones clasicos - Reserva Privada,Estacional,Fino,Bastones rectos de brocoli,382.6,254.1,316.2,12.444,104
MC0455,False,3.0x412.8x269.0x265.6,Caja creada en MC,455,Guarniciones,Guarniciones - Tortitas,Forma estable,Forma,Tortitas de brocoli,397.6,263.1,263.6,12.706,104
MC0456,False,3.0x412.8x262.5x262.0,Caja creada en MC,456,Guarniciones,Guarniciones - Legumes Croquetas,Forma estable,Forma,Croquetas de brocoli,396.0,244.6,244.7,9.809,104
MC0457,False,3.0x400.0x300.0x199.61,Catálogo inicial,457,Bastones clasicos,Bastones clasicos - Legumes Frites,Estacional,Medio,Bastones rectos de brocoli,388.1,305.9,182.8,12.578,104
MC0458,False,3.0x408.5x254.6x267.4,Caja creada en MC,458,Bastones clasicos,Bastones clasicos - Sigilo,Forma estable,Forma,Brocoli en rejilla,382.3,257.9,264.9,6.218,104
MC0459,False,3.0x400.0x267.7x150.0,Catálogo inicial,459,Guarniciones,Guarniciones - Legumes Croquetas,Forma estable,Forma,Rosti de brocoli,389.4,254.9,141.0,5.074,104
MC0460,False,3.0x400.0x300.0x269.82,Catálogo inicial,460,Bastones clasicos,Bastones clasicos - Reserva Privada,Estacional,Medio,Bastones rectos de brocoli,396.7,290.5,258.8,12.376,104
MC0461,False,3.0x400.0x269.82x252.8,Catálogo inicial,461,Bastones clasicos,Bastones clasicos - Legumes Frites,Forma estable,Forma,Brocoli zigzag,387.5,266.2,234.9,9.701,104
MC0462,False,3.0x400.0x286.85x195.36,Catálogo inicial,462,Bastones clasicos,Bastones clasicos - Sigilo,Estacional,Medio,Bastones rectos de brocoli,393.6,291.8,181.7,12.893,104
MC0463,False,3.0x384.5x251.0x174.4,Caja creada en MC,463,Snacks y aperitivos,Snacks y aperitivos - Queso,Co-produccion,Forma,Bocados de brocoli con mozzarella,389.8,242.7,160.4,4.892,104
MC0464,False,3.0x400.0x291.1x174.08,Catálogo inicial,464,Bastones clasicos,Bastones clasicos - Sigilo,Forma estable,Forma,Gajos de brocoli,377.2,300.1,165.6,10.145,104
MC0465,False,3.0x370.7x292.0x270.1,Caja creada en MC,465,Bastones clasicos,Bastones clasicos - Sigilo,Forma estable,Forma,Espirales de brocoli,375.9,283.1,254.4,13.042,104
MC0466,False,3.0x400.0x240.0x244.29,Catálogo inicial,466,Bastones clasicos,Bastones clasicos - Legumes Frites,Estacional,Medio,Bastones rectos de brocoli,373.7,255.8,225.7,11.248,104
MC0467,False,3.0x400.0x240.0x336.85,Catálogo inicial,467,Bastones clasicos,Bastones clasicos - Reserva Privada,Estacional,Fino,Bastones rectos de brocoli,387.7,245.2,318.8,12.132,104
MC0468,False,3.0x400.0x300.0x269.82,Catálogo inicial,468,Bastones clasicos,Bastones clasicos - Sigilo,Forma estable,Forma,Espirales de brocoli,394.0,300.7,254.7,11.68,104
MC0469,True,3.0x393.8x256.0x196.6,Caja nueva,469,Bastones clasicos,Bastones clasicos - Reserva Privada,Forma estable,Forma,Gajos de brocoli,387.8,250.0,190.6,11.356,105
MC0470,False,3.0x374.7x299.5x214.6,Caja creada en MC,470,Snacks y aperitivos,Snacks y aperitivos - Aros y Vegetales,Co-produccion,Forma,Aros de brocoli,363.8,296.9,203.5,5.017,105
MC0471,False,3.0x369.8x258.3x256.1,Caja creada en MC,471,Bastones clasicos,Bastones clasicos - Sigilo,Estacional,Fino,Bastones rectos de brocoli,368.7,245.9,250.4,12.221,105
MC0472,True,3.0x412.2x275.7x228.2,Caja nueva,472,Bastones clasicos,Bastones clasicos - Sigilo,Estacional,Corte steak,Bastones rectos de brocoli,406.2,269.7,222.2,12.94,106
MC0473,False,3.0x400.0x300.0x199.61,Catálogo inicial,473,Bastones clasicos,Bastones clasicos - Legumes Frites,Estacional,Medio,Bastones rectos de brocoli,373.4,299.8,188.0,12.177,106
MC0474,False,3.0x400.0x300.0x178.34,Catálogo inicial,474,Bastones clasicos,Bastones clasicos - Legumes Frites,Estacional,Medio,Bastones rectos de brocoli,390.2,286.4,171.9,12.341,106
MC0475,False,3.0x370.1x249.2x243.8,Caja creada en MC,475,Bastones clasicos,Bastones clasicos - Sigilo,Forma estable,Forma,Brocoli en rejilla,367.0,248.5,228.9,6.856,106
MC0476,False,3.0x412.8x269.0x265.6,Caja creada en MC,476,Bastones clasicos,Bastones clasicos - Sigilo,Forma estable,Forma,Espirales de brocoli,406.8,252.1,264.6,6.283,106
MC0477,False,3.0x400.0x300.0x199.61,Catálogo inicial,477,Bastones clasicos,Bastones clasicos - Legumes Frites,Estacional,Medio,Bastones rectos de brocoli,384.3,295.5,190.4,10.964,106
MC0478,False,3.0x412.2x275.7x228.2,Caja creada en MC,478,Guarniciones,Guarniciones - Tortitas,Forma estable,Forma,Tortitas de brocoli,384.3,280.2,224.1,11.359,106
MC0479,False,3.0x400.0x267.7x150.0,Catálogo inicial,479,Guarniciones,Guarniciones - Legumes Croquetas,Forma estable,Forma,Rosti de brocoli,406.5,248.8,137.1,5.032,106
MC0480,True,3.0x412.8x310.7x357.6,Caja nueva,480,Bastones clasicos,Bastones clasicos - Sigilo,Forma estable,Forma,Espirales de brocoli,406.8,304.7,351.6,12.449,107
MC0481,False,3.0x400.0x300.0x257.14,Catálogo inicial,481,Bastones clasicos,Bastones clasicos - Sigilo,Estacional,Medio,Bastones rectos de brocoli,391.4,291.2,254.5,12.925,107
MC0482,False,3.0x375.1x267.5x241.0,Caja creada en MC,482,Bastones extra crocantes,Bastones extra crocantes - Atelier Frites,Estacional,Grueso,Bastones rectos de brocoli,384.0,254.7,231.1,12.503,107
MC0483,False,3.0x373.3x289.8x197.7,Caja creada en MC,483,Bastones clasicos,Bastones clasicos - Sigilo,Estacional,Medio,Bastones rectos de brocoli,376.3,268.6,190.8,11.624,107
MC0484,False,3.0x400.0x300.0x269.82,Catálogo inicial,484,Bastones clasicos,Bastones clasicos - Sigilo,Estacional,Grueso,Bastones rectos de brocoli,393.9,294.1,261.0,12.085,107
MC0485,False,3.0x399.0x281.4x210.9,Caja creada en MC,485,Bastones clasicos,Bastones clasicos - Reserva Privada,Estacional,Corte steak,Bastones rectos de brocoli,381.8,262.4,209.5,12.786,107
MC0486,False,3.0x400.0x300.0x233.65,Catálogo inicial,486,Bastones clasicos,Bastones clasicos - Sigilo,Forma estable,Forma,Brocoli en rejilla,381.4,292.2,231.6,6.198,107
MC0487,True,3.0x412.8x272.2x150.8,Caja nueva,487,Bastones clasicos,Bastones clasicos - Sigilo,Forma estable,Forma,Dippers de brocoli,406.8,266.2,144.8,4.456,108
MC0488,False,3.0x400.0x300.0x225.0,Catálogo inicial,488,Bastones clasicos,Bastones clasicos - Sigilo,Estacional,Fino,Bastones rectos de brocoli,384.7,278.7,232.9,12.627,108
MC0489,False,3.0x400.0x291.1x360.0,Catálogo inicial,489,Bastones clasicos,Bastones clasicos - Reserva Privada,Estacional,Fino,Bastones rectos de brocoli,405.1,269.9,338.1,13.051,108
MC0490,False,3.0x373.8x259.9x219.5,Caja creada en MC,490,Bastones clasicos,Bastones clasicos - Reserva Privada,Forma estable,Forma,Gajos de brocoli,394.1,247.8,201.4,10.81,108
MC0491,False,3.0x412.8x303.5x182.8,Caja creada en MC,491,Bastones clasicos,Bastones clasicos - Reserva Privada,Estacional,Grueso,Bastones rectos de brocoli,406.7,284.0,182.4,12.259,108
MC0492,False,3.0x400.0x291.1x174.08,Catálogo inicial,492,Bastones clasicos,Bastones clasicos - Legumes Frites,Estacional,Medio,Bastones rectos de brocoli,384.1,288.5,167.4,12.48,108
MC0493,False,3.0x400.0x291.1x360.0,Catálogo inicial,493,Bastones clasicos,Bastones clasicos - Reserva Privada,Estacional,Fino,Bastones rectos de brocoli,389.9,268.8,369.1,12.632,108
MC0494,False,3.0x400.0x274.08x291.1,Catálogo inicial,494,Bastones clasicos,Bastones clasicos - Sigilo,Forma estable,Forma,Brocoli zigzag,377.6,273.9,276.7,12.94,108
MC0495,False,3.0x400.0x274.08x291.1,Catálogo inicial,495,Bastones clasicos,Bastones clasicos - Sigilo,Forma estable,Forma,Brocoli en rejilla,376.1,274.7,278.8,9.025,108
MC0496,False,3.0x400.0x240.0x244.29,Catálogo inicial,496,Bastones clasicos,Bastones clasicos - Sigilo,Forma estable,Forma,Rodajas de brocoli,385.2,241.6,227.0,9.516,108
MC0497,False,3.0x400.0x291.1x174.08,Catálogo inicial,497,Guarniciones,Guarniciones - Cubos,Forma estable,Forma,Cubos de brocoli,399.5,292.2,159.2,12.545,108
MC0498,False,3.0x370.7x292.0x270.1,Caja creada en MC,498,Bastones clasicos,Bastones clasicos - Sigilo,Estacional,Fino,Bastones rectos de brocoli,393.5,270.8,253.6,12.667,108
MC0499,False,3.0x400.0x269.82x179.4,Catálogo inicial,499,Snacks y aperitivos,Snacks y aperitivos - Queso,Co-produccion,Forma,Bocados de brocoli con queso crema,377.8,265.4,172.1,4.94,108
MC0500,False,3.0x369.8x258.3x256.1,Caja creada en MC,500,Bastones clasicos,Bastones clasicos - Legumes Frites,Estacional,Medio,Bastones rectos de brocoli,364.5,237.7,255.9,13.327,108
MC0501,True,3.0x375.5x304.2x171.8,Caja nueva,501,Bastones clasicos,Bastones clasicos - Sigilo,Forma estable,Forma,Gajos de brocoli,369.5,298.2,165.8,12.556,109
MC0502,True,3.0x371.5x300.0x317.4,Caja nueva,502,Bastones clasicos,Bastones clasicos - Sigilo,Forma estable,Forma,Brocoli en rejilla,365.5,294.0,311.4,12.796,110
MC0503,False,3.0x400.0x291.1x174.08,Catálogo inicial,503,Bastones clasicos,Bastones clasicos - Reserva Privada,Estacional,Grueso,Bastones rectos de brocoli,387.3,272.7,177.4,12.573,110
MC0504,False,3.0x400.0x300.0x257.14,Catálogo inicial,504,Bastones clasicos,Bastones clasicos - Sigilo,Forma estable,Forma,Espirales de brocoli,399.0,283.4,252.3,12.641,110
MC0505,False,3.0x373.8x259.9x219.5,Caja creada en MC,505,Bastones clasicos,Bastones clasicos - Sigilo,Estacional,Grueso,Bastones rectos de brocoli,382.8,256.2,201.8,12.263,110
MC0506,True,3.0x372.3x265.2x152.3,Caja nueva,506,Bastones clasicos,Bastones clasicos - Sigilo,Forma estable,Forma,Dippers de brocoli,366.3,259.2,146.3,4.415,111
MC0507,False,3.0x373.3x289.8x197.7,Caja creada en MC,507,Bastones clasicos,Bastones clasicos - Legumes Frites,Estacional,Medio,Bastones rectos de brocoli,383.8,274.8,180.4,12.959,111
MC0508,False,3.0x412.8x309.5x262.5,Caja creada en MC,508,Guarniciones,Guarniciones - Tortitas,Forma estable,Forma,Tortitas de brocoli,393.1,301.4,246.9,8.917,111
MC0509,False,3.0x400.0x277.27x179.4,Catálogo inicial,509,Bastones clasicos,Bastones clasicos - Legumes Frites,Estacional,Medio,Bastones rectos de brocoli,403.9,263.9,170.4,12.116,111
MC0510,False,3.0x400.0x300.0x178.34,Catálogo inicial,510,Bastones clasicos,Bastones clasicos - Reserva Privada,Estacional,Corte steak,Bastones rectos de brocoli,377.7,294.0,176.3,12.568,111
MC0511,False,3.0x409.7x304.3x178.3,Caja creada en MC,511,Bastones clasicos,Bastones clasicos - Sigilo,Estacional,Medio,Bastones rectos de brocoli,379.5,295.8,183.8,11.61,111
MC0512,False,3.0x412.8x269.0x265.6,Caja creada en MC,512,Bastones clasicos,Bastones clasicos - Sigilo,Forma estable,Forma,Brocoli en rejilla,406.8,255.1,262.0,6.388,111
MC0513,False,3.0x412.8x268.8x320.2,Caja creada en MC,513,Bastones clasicos,Bastones clasicos - Sigilo,Estacional,Fino,Bastones rectos de brocoli,398.3,251.2,327.5,12.86,111
MC0514,False,3.0x400.0x274.08x225.0,Catálogo inicial,514,Bastones clasicos,Bastones clasicos - Sigilo,Estacional,Medio,Bastones rectos de brocoli,389.5,254.6,230.3,10.959,111
MC0515,False,3.0x400.0x199.61x150.0,Catálogo inicial,515,Guarniciones,Guarniciones - Legumes Croquetas,Forma estable,Forma,Rosti de brocoli,376.3,187.3,152.1,5.018,111
MC0516,False,3.0x400.0x300.0x269.82,Catálogo inicial,516,Bastones clasicos,Bastones clasicos - Sigilo,Estacional,Grueso,Bastones rectos de brocoli,398.9,305.9,250.2,11.824,111
MC0517,False,3.0x400.0x286.85x190.04,Catálogo inicial,517,Bastones clasicos,Bastones clasicos - Mayordomo,Estacional,Grueso,Bastones rectos de brocoli,395.0,293.5,175.1,12.353,111
MC0518,False,3.0x400.0x300.0x178.34,Catálogo inicial,518,Bastones clasicos,Bastones clasicos - Legumes Frites,Estacional,Corte steak,Bastones rectos de brocoli,378.6,297.3,173.0,12.627,111
MC0519,True,3.0x401.1x266.6x352.8,Caja nueva,519,Bastones clasicos,Bastones clasicos - Reserva Privada,Estacional,Fino,Bastones rectos de brocoli,395.1,260.6,346.8,12.674,112
MC0520,True,3.0x376.1x294.3x230.2,Caja nueva,520,Bastones clasicos,Bastones clasicos - Sigilo,Forma estable,Forma,Brocoli zigzag,370.1,288.3,224.2,12.861,113
MC0521,False,3.0x400.0x266.63x225.0,Catálogo inicial,521,Bastones clasicos,Bastones clasicos - Legumes Frites,Estacional,Fino,Bastones rectos de brocoli,383.7,252.7,221.3,9.688,113
MC0522,False,3.0x400.0x300.0x269.82,Catálogo inicial,522,Bastones clasicos,Bastones clasicos - Sigilo,Forma estable,Forma,Espirales de brocoli,397.1,293.9,254.4,6.468,113
MC0523,False,3.0x400.0x269.82x252.8,Catálogo inicial,523,Bastones clasicos,Bastones clasicos - Sigilo,Estacional,Medio,Bastones rectos de brocoli,378.9,275.6,237.2,12.0,113
MC0524,False,3.0x375.6x286.0x275.7,Caja creada en MC,524,Bastones clasicos,Bastones clasicos - Reserva Privada,Estacional,Medio,Bastones rectos de brocoli,378.7,272.9,268.6,12.423,113
MC0525,False,3.0x400.0x240.0x244.29,Catálogo inicial,525,Guarniciones,Guarniciones - Legumes Croquetas,Forma estable,Forma,Croquetas de brocoli,387.6,242.9,228.6,10.584,113
MC0526,False,3.0x400.0x266.63x225.0,Catálogo inicial,526,Bastones clasicos,Bastones clasicos - Grado B,Estacional,Medio,Bastones rectos de brocoli,380.4,256.8,215.4,11.807,113
MC0527,False,3.0x400.0x274.08x225.0,Catálogo inicial,527,Bastones clasicos,Bastones clasicos - Legumes Frites,Estacional,Corte steak,Bastones rectos de brocoli,376.0,262.9,233.4,9.433,113
MC0528,False,3.0x400.0x240.0x233.65,Catálogo inicial,528,Bastones clasicos,Bastones clasicos - Grado B,Estacional,Medio,Bastones rectos de brocoli,380.0,254.7,216.3,13.066,113
MC0529,False,3.0x400.0x266.63x225.0,Catálogo inicial,529,Bastones clasicos,Bastones clasicos - Grado B,Estacional,Medio,Bastones rectos de brocoli,386.7,255.5,220.0,12.399,113
MC0530,False,3.0x400.0x269.82x344.29,Catálogo inicial,530,Bastones clasicos,Bastones clasicos - Reserva Privada,Estacional,Fino,Bastones rectos de brocoli,381.4,272.5,335.8,12.582,113
MC0531,False,3.0x400.0x274.08x225.0,Catálogo inicial,531,Bastones clasicos,Bastones clasicos - Legumes Frites,Estacional,Medio,Bastones rectos de brocoli,401.4,253.2,223.8,10.831,113
MC0532,False,3.0x400.4x278.8x230.1,Caja creada en MC,532,Bastones clasicos,Bastones clasicos - Sigilo,Forma estable,Forma,Tiras para dip de brocoli,379.1,259.5,244.2,6.151,113
MC0533,False,3.0x397.9x304.6x327.6,Caja creada en MC,533,Bastones clasicos,Bastones clasicos - Sigilo,Forma estable,Forma,Brocoli en rejilla,381.4,285.9,342.9,12.337,113
MC0534,False,3.0x400.0x277.27x254.93,Catálogo inicial,534,Bastones clasicos,Bastones clasicos - Sigilo,Forma estable,Forma,Espirales de brocoli,378.8,297.3,236.1,11.685,113
MC0535,True,3.0x407.3x297.5x162.7,Caja nueva,535,Guarniciones,Guarniciones - Cubos,Forma estable,Forma,Cubos de brocoli,401.3,291.5,156.7,12.292,114
MC0536,True,3.0x402.9x251.9x285.6,Caja nueva,536,Bastones clasicos,Bastones clasicos - Sigilo,Forma estable,Forma,Brocoli zigzag,396.9,245.9,279.6,12.48,115
MC0537,False,3.0x400.0x240.0x233.65,Catálogo inicial,537,Bastones clasicos,Bastones clasicos - Sigilo,Forma estable,Forma,Rodajas de brocoli,377.6,253.2,218.5,12.586,115
MC0538,False,3.0x400.0x286.85x188.97,Catálogo inicial,538,Bastones clasicos,Bastones clasicos - Sigilo,Estacional,Fino,Bastones rectos de brocoli,398.9,267.6,178.8,6.603,115
MC0539,False,3.0x375.8x300.7x170.7,Caja creada en MC,539,Bastones clasicos,Bastones clasicos - Sigilo,Forma estable,Forma,Gajos de brocoli,363.8,284.4,161.5,9.212,115
MC0540,False,3.0x400.0x240.0x215.57,Catálogo inicial,540,Bastones clasicos,Bastones clasicos - Sigilo,Estacional,Medio,Bastones rectos de brocoli,378.5,249.3,204.2,9.516,115
MC0541,False,3.0x400.0x269.82x252.8,Catálogo inicial,541,Bastones clasicos,Bastones clasicos - Sigilo,Estacional,Medio,Bastones rectos de brocoli,406.8,259.2,236.2,12.219,115
MC0542,False,3.0x412.8x262.5x262.0,Caja creada en MC,542,Bastones clasicos,Bastones clasicos - Sigilo,Forma estable,Forma,Espirales de brocoli,394.6,247.1,268.4,6.349,115
MC0543,False,3.0x412.8x309.5x262.5,Caja creada en MC,543,Bastones clasicos,Bastones clasicos - Sigilo,Forma estable,Forma,Espirales de brocoli,395.8,300.5,263.1,10.034,115
MC0544,False,3.0x400.0x300.0x247.48,Catálogo inicial,544,Bastones clasicos,Bastones clasicos - Sigilo,Estacional,Medio,Bastones rectos de brocoli,401.5,283.6,245.1,12.045,115
MC0545,True,3.0x399.3x249.3x176.7,Caja nueva,545,Guarniciones,Guarniciones - Cubos,Forma estable,Forma,Cubos de brocoli,393.3,243.3,170.7,12.613,116
MC0546,False,3.0x400.0x300.0x238.97,Catálogo inicial,546,Brocoli especial,Brocoli especial - Bastones Especiales,Estacional,Corte steak,Bastones rectos de brocoli,371.3,301.4,240.4,12.559,116
MC0547,False,3.0x376.3x311.9x289.9,Caja creada en MC,547,Bastones clasicos,Bastones clasicos - Reserva Privada,Estacional,Fino,Bastones rectos de brocoli,366.5,289.1,284.5,12.86,116
MC0548,False,3.0x400.0x277.27x179.4,Catálogo inicial,548,Bastones clasicos,Bastones clasicos - Legumes Frites,Estacional,Grueso,Bastones rectos de brocoli,388.4,283.4,167.0,9.711,116
MC0549,False,3.0x400.0x240.0x233.65,Catálogo inicial,549,Guarniciones,Guarniciones - Pure,Co-produccion,Forma,Pure de brocoli,386.5,248.3,214.5,12.797,116
MC0550,False,3.0x400.0x286.85x195.36,Catálogo inicial,550,Bastones clasicos,Bastones clasicos - Sigilo,Estacional,Grueso,Bastones rectos de brocoli,401.2,285.5,181.4,12.435,116
MC0551,False,3.0x400.0x300.0x163.44,Catálogo inicial,551,Snacks y aperitivos,Snacks y aperitivos - Queso,Co-produccion,Forma,Bocados de brocoli con queso cheddar,391.3,296.1,151.6,5.065,116
MC0552,False,3.0x376.3x311.9x289.9,Caja creada en MC,552,Bastones clasicos,Bastones clasicos - Sigilo,Estacional,Medio,Bastones rectos de brocoli,363.8,287.6,296.0,11.936,116
MC0553,False,3.0x400.0x274.08x291.1,Catálogo inicial,553,Bastones clasicos,Bastones clasicos - Legumes Frites,Estacional,Fino,Bastones rectos de brocoli,373.2,281.7,278.6,11.511,116
MC0554,True,3.0x369.8x254.3x263.9,Caja nueva,554,Bastones clasicos,Bastones clasicos - Sigilo,Forma estable,Forma,Dippers de brocoli,363.8,248.3,257.9,12.642,117
MC0555,False,3.0x400.0x300.0x199.61,Catálogo inicial,555,Bastones clasicos,Bastones clasicos - Sigilo,Forma estable,Forma,Espirales de brocoli,392.2,293.2,189.3,5.571,117
MC0556,False,3.0x400.0x300.0x210.25,Catálogo inicial,556,Snacks y aperitivos,Snacks y aperitivos - Aros y Vegetales,Co-produccion,Forma,Aros de brocoli,392.8,281.9,209.2,5.071,117
MC0557,False,3.0x373.3x289.8x197.7,Caja creada en MC,557,Bastones clasicos,Bastones clasicos - Sigilo,Estacional,Medio,Bastones rectos de brocoli,381.1,278.1,183.1,12.303,117
MC0558,True,3.0x411.7x273.0x231.1,Caja nueva,558,Bastones clasicos,Bastones clasicos - Sigilo,Estacional,Medio,Bastones rectos de brocoli,405.7,267.0,225.1,13.059,118
MC0559,False,3.0x400.0x300.0x269.82,Catálogo inicial,559,Bastones clasicos,Bastones clasicos - Sigilo,Forma estable,Forma,Espirales de brocoli,406.8,299.4,248.3,9.615,118
MC0560,False,3.0x400.0x240.0x196.42,Catálogo inicial,560,Bastones clasicos,Bastones clasicos - Sigilo,Forma estable,Forma,Brocoli zigzag,381.0,238.2,180.2,6.835,118
MC0561,False,3.0x369.8x254.3x263.9,Caja creada en MC,561,Bastones clasicos,Bastones clasicos - Sigilo,Forma estable,Forma,Espirales de brocoli,367.8,243.2,258.2,6.616,118
MC0562,False,3.0x400.0x300.0x178.34,Catálogo inicial,562,Bastones clasicos,Bastones clasicos - Reserva Privada,Estacional,Grueso,Bastones rectos de brocoli,391.1,283.0,178.8,13.145,118
MC0563,False,3.0x412.8x309.5x262.5,Caja creada en MC,563,Bastones clasicos,Bastones clasicos - Sigilo,Forma estable,Forma,Espirales de brocoli,401.6,305.9,254.4,12.381,118
MC0564,False,3.0x400.0x300.0x269.82,Catálogo inicial,564,Bastones clasicos,Bastones clasicos - Sigilo,Estacional,Grueso,Bastones rectos de brocoli,398.7,294.3,249.5,12.745,118
MC0565,False,3.0x400.0x300.0x179.4,Catálogo inicial,565,Bastones clasicos,Bastones clasicos - Legumes Frites,Estacional,Medio,Bastones rectos de brocoli,391.2,293.1,174.8,11.938,118
MC0566,False,3.0x393.8x256.0x196.6,Caja creada en MC,566,Bastones clasicos,Bastones clasicos - Reserva Privada,Estacional,Medio,Bastones rectos de brocoli,365.8,248.6,198.0,13.082,118
MC0567,False,3.0x400.0x269.82x252.8,Catálogo inicial,567,Bastones extra crocantes,Bastones extra crocantes - Atelier Frites,Estacional,Grueso,Bastones rectos de brocoli,406.8,258.6,232.5,12.658,118
MC0568,False,3.0x400.4x278.8x230.1,Caja creada en MC,568,Bastones clasicos,Bastones clasicos - Sigilo,Forma estable,Forma,Brocoli zigzag,376.8,276.5,230.7,9.883,118
MC0569,False,3.0x412.8x269.0x265.6,Caja creada en MC,569,Bastones clasicos,Bastones clasicos - Sigilo,Forma estable,Forma,Gajos de brocoli,388.5,289.9,244.3,13.669,118
MC0570,True,3.0x374.4x291.1x279.6,Caja nueva,570,Bastones clasicos,Bastones clasicos - Legumes Frites,Estacional,Medio,Bastones rectos de brocoli,368.4,285.1,273.6,12.622,119
MC0571,False,3.0x400.0x269.82x179.4,Catálogo inicial,571,Snacks y aperitivos,Snacks y aperitivos - Queso,Co-produccion,Forma,Bocados de brocoli con queso cheddar,382.0,261.6,170.8,4.805,119
MC0572,False,3.0x400.0x300.0x210.25,Catálogo inicial,572,Guarniciones,Guarniciones - Legumes Croquetas,Forma estable,Forma,Rosti de brocoli,397.3,280.0,211.0,10.935,119
MC0573,False,3.0x400.0x274.08x225.0,Catálogo inicial,573,Bastones clasicos,Bastones clasicos - Legumes Frites,Estacional,Fino,Bastones rectos de brocoli,389.9,256.4,230.9,12.134,119
MC0574,True,3.0x411.0x305.1x232.5,Caja nueva,574,Bastones clasicos,Bastones clasicos - Sigilo,Estacional,Grueso,Bastones rectos de brocoli,405.0,299.1,226.5,11.116,120
MC0575,False,3.0x400.0x291.1x174.08,Catálogo inicial,575,Guarniciones,Guarniciones - Cubos,Forma estable,Forma,Cubos de brocoli,390.8,286.7,167.0,12.349,120
MC0576,False,3.0x411.7x273.0x231.1,Caja creada en MC,576,Bastones clasicos,Bastones clasicos - Sigilo,Estacional,Fino,Bastones rectos de brocoli,391.8,258.1,241.0,12.28,120
MC0577,False,3.0x400.0x269.82x179.4,Catálogo inicial,577,Bastones clasicos,Bastones clasicos - Sigilo,Forma estable,Forma,Espirales de brocoli,406.8,253.0,172.7,4.365,120
MC0578,False,3.0x400.0x300.0x269.82,Catálogo inicial,578,Bastones clasicos,Bastones clasicos - Sigilo,Forma estable,Forma,Brocoli zigzag,392.2,288.3,262.5,10.216,120
MC0579,True,3.0x369.8x270.1x157.4,Caja nueva,579,Guarniciones,Guarniciones - Legumes Croquetas,Forma estable,Forma,Tortitas de brocoli,363.8,264.1,151.4,5.045,121
MC0580,False,3.0x400.0x269.82x252.8,Catálogo inicial,580,Bastones clasicos,Bastones clasicos - Sigilo,Forma estable,Forma,Tiras para dip de brocoli,383.5,263.0,242.0,12.415,121
MC0581,False,3.0x374.7x299.5x214.6,Caja creada en MC,581,Guarniciones,Guarniciones - Tortitas,Forma estable,Forma,Tortitas de brocoli,389.3,278.5,208.1,11.25,121
MC0582,False,3.0x372.3x265.2x152.3,Caja creada en MC,582,Guarniciones,Guarniciones - Legumes Croquetas,Forma estable,Forma,Rosti de brocoli,384.5,256.3,139.7,5.071,121
MC0583,False,3.0x393.8x256.0x196.6,Caja creada en MC,583,Guarniciones,Guarniciones - Cubos,Forma estable,Forma,Cubos de brocoli,365.0,242.5,182.9,12.603,121
MC0584,False,3.0x400.0x277.27x163.63,Catálogo inicial,584,Bastones clasicos,Bastones clasicos - Sigilo,Forma estable,Forma,Gajos de brocoli,371.7,272.0,166.2,11.226,121
MC0585,False,3.0x375.1x267.5x241.0,Caja creada en MC,585,Bastones clasicos,Bastones clasicos - Grado B,Estacional,Medio,Bastones rectos de brocoli,386.1,262.9,222.7,12.55,121
MC0586,False,3.0x400.0x274.08x291.1,Catálogo inicial,586,Bastones clasicos,Bastones clasicos - Sigilo,Forma estable,Forma,Espirales de brocoli,390.7,280.9,269.8,8.161,121
MC0587,False,3.0x372.3x265.2x152.3,Caja creada en MC,587,Guarniciones,Guarniciones - Legumes Croquetas,Forma estable,Forma,Tortitas de brocoli,364.3,259.0,143.3,5.113,121
MC0588,False,3.0x400.0x274.08x291.1,Catálogo inicial,588,Bastones clasicos,Bastones clasicos - Sigilo,Estacional,Medio,Bastones rectos de brocoli,385.6,253.1,292.4,12.561,121
MC0589,False,3.0x405.7x249.9x213.0,Caja creada en MC,589,Bastones clasicos,Bastones clasicos - Sigilo,Forma estable,Forma,Dippers de brocoli,384.4,253.4,205.5,6.457,121
MC0590,False,3.0x412.8x258.5x211.6,Caja creada en MC,590,Bastones clasicos,Bastones clasicos - Sigilo,Estacional,Medio,Bastones rectos de brocoli,391.9,251.0,212.1,13.074,121
MC0591,False,3.0x400.0x269.82x252.8,Catálogo inicial,591,Bastones clasicos,Bastones clasicos - Grado B,Estacional,Fino,Bastones rectos de brocoli,402.5,259.4,245.7,12.321,121
MC0592,False,3.0x400.0x300.0x178.34,Catálogo inicial,592,Bastones clasicos,Bastones clasicos - Legumes Frites,Estacional,Medio,Bastones rectos de brocoli,393.3,288.7,170.8,12.647,121
MC0593,False,3.0x400.0x300.0x247.48,Catálogo inicial,593,Bastones clasicos,Bastones clasicos - Reserva Privada,Estacional,Fino,Bastones rectos de brocoli,381.5,292.2,250.6,12.655,121
MC0594,False,3.0x371.5x300.0x317.4,Caja creada en MC,594,Bastones clasicos,Bastones clasicos - Reserva Privada,Estacional,Medio,Bastones rectos de brocoli,380.6,282.0,310.6,12.271,121
MC0595,False,3.0x400.0x277.27x179.4,Catálogo inicial,595,Bastones clasicos,Bastones clasicos - Sigilo,Estacional,Grueso,Bastones rectos de brocoli,376.5,275.2,176.3,12.197,121
MC0596,False,3.0x373.7x257.7x226.6,Caja creada en MC,596,Guarniciones,Guarniciones - Tortitas,Forma estable,Forma,Rosti de brocoli,365.0,243.8,225.7,10.883,121
MC0597,False,3.0x373.7x257.7x226.6,Caja creada en MC,597,Bastones clasicos,Bastones clasicos - Sigilo,Forma estable,Forma,Espirales de brocoli,372.2,258.3,209.0,6.65,121
MC0598,False,3.0x400.0x300.0x269.82,Catálogo inicial,598,Bastones clasicos,Bastones clasicos - Sigilo,Forma estable,Forma,Espirales de brocoli,387.5,305.9,253.8,9.323,121
MC0599,False,3.0x370.7x292.0x270.1,Caja creada en MC,599,Bastones clasicos,Bastones clasicos - Sigilo,Forma estable,Forma,Brocoli zigzag,374.5,294.2,248.6,9.559,121
MC0600,False,3.0x393.8x256.0x196.6,Caja creada en MC,600,Bastones clasicos,Bastones clasicos - Reserva Privada,Forma estable,Forma,Gajos de brocoli,394.9,245.9,186.9,12.6,121
MC0601,False,3.0x412.8x258.5x211.6,Caja creada en MC,601,Bastones clasicos,Bastones clasicos - Sigilo,Forma estable,Forma,Espirales de brocoli,391.4,251.7,213.2,7.006,121
MC0602,False,3.0x400.0x300.0x210.25,Catálogo inicial,602,Snacks y aperitivos,Snacks y aperitivos - Aros y Vegetales,Co-produccion,Forma,Aros de brocoli,376.2,303.6,205.2,5.083,121
MC0603,False,3.0x400.0x199.61x150.0,Catálogo inicial,603,Guarniciones,Guarniciones - Legumes Croquetas,Forma estable,Forma,Croquetas de brocoli,375.3,186.0,155.9,4.61,121
MC0604,False,3.0x400.0x277.27x254.93,Catálogo inicial,604,Bastones clasicos,Bastones clasicos - Sigilo,Estacional,Medio,Bastones rectos de brocoli,383.5,292.7,236.5,12.74,121
MC0605,False,3.0x400.0x269.82x179.4,Catálogo inicial,605,Bastones clasicos,Bastones clasicos - Sigilo,Estacional,Medio,Bastones rectos de brocoli,397.0,257.8,175.4,8.112,121
MC0606,False,3.0x400.0x300.0x283.65,Catálogo inicial,606,Bastones clasicos,Bastones clasicos - Reserva Privada,Estacional,Medio,Bastones rectos de brocoli,378.9,284.4,294.4,12.67,121
MC0607,False,3.0x400.0x277.27x179.4,Catálogo inicial,607,Bastones clasicos,Bastones clasicos - Sigilo,Forma estable,Forma,Brocoli zigzag,377.8,290.6,168.5,6.747,121
MC0608,False,3.0x400.0x277.27x254.93,Catálogo inicial,608,Bastones clasicos,Bastones clasicos - Sigilo,Forma estable,Forma,Espirales de brocoli,371.4,269.7,262.3,12.428,121
MC0609,False,3.0x400.0x277.27x179.4,Catálogo inicial,609,Bastones clasicos,Bastones clasicos - Sigilo,Forma estable,Forma,Gajos de brocoli,386.3,288.9,166.0,12.462,121
MC0610,False,3.0x400.0x300.0x210.25,Catálogo inicial,610,Guarniciones,Guarniciones - Tortitas,Forma estable,Forma,Tortitas de brocoli,394.8,286.6,203.1,10.993,121
MC0611,False,3.0x375.6x286.0x275.7,Caja creada en MC,611,Bastones clasicos,Bastones clasicos - Sigilo,Estacional,Grueso,Bastones rectos de brocoli,363.8,292.8,261.2,13.004,121
MC0612,False,3.0x373.7x257.7x226.6,Caja creada en MC,612,Bastones clasicos,Bastones clasicos - Sigilo,Forma estable,Forma,Espirales de brocoli,387.0,238.0,220.6,6.746,121
MC0613,False,3.0x400.0x300.0x225.0,Catálogo inicial,613,Bastones clasicos,Bastones clasicos - Sigilo,Forma estable,Forma,Dippers de brocoli,399.8,291.5,216.5,12.907,121
MC0614,False,3.0x400.0x300.0x317.7,Catálogo inicial,614,Bastones clasicos,Bastones clasicos - Reserva Privada,Forma estable,Forma,Brocoli en rejilla,393.2,305.9,295.3,12.852,121
MC0615,False,3.0x400.0x300.0x210.25,Catálogo inicial,615,Bastones clasicos,Bastones clasicos - Sigilo,Estacional,Medio,Bastones rectos de brocoli,392.4,286.7,208.0,9.945,121
MC0616,False,3.0x400.0x266.63x225.0,Catálogo inicial,616,Bastones extra crocantes,Bastones extra crocantes - Atelier Frites,Estacional,Grueso,Bastones rectos de brocoli,382.8,254.5,222.7,11.83,121
MC0617,False,3.0x412.8x309.5x262.5,Caja creada en MC,617,Bastones clasicos,Bastones clasicos - Legumes Frites,Estacional,Grueso,Bastones rectos de brocoli,386.6,290.7,273.4,12.919,121
MC0618,True,3.0x373.2x309.4x177.8,Caja nueva,618,Bastones clasicos,Bastones clasicos - Mayordomo,Estacional,Medio,Bastones rectos de brocoli,367.2,303.4,171.8,12.328,122
MC0619,False,3.0x373.8x259.9x219.5,Caja creada en MC,619,Bastones clasicos,Bastones clasicos - Legumes Frites,Forma estable,Forma,Brocoli zigzag,363.8,244.3,224.1,9.959,122
MC0620,False,3.0x373.5x311.9x210.7,Caja creada en MC,620,Bastones clasicos,Bastones clasicos - Cielo,Estacional,Medio,Bastones rectos de brocoli,396.9,287.7,198.6,12.135,122
MC0621,False,3.0x373.8x259.9x219.5,Caja creada en MC,621,Bastones clasicos,Bastones clasicos - Legumes Frites Salados,Estacional,Medio,Bastones rectos de brocoli,381.4,248.9,207.8,12.056,122
MC0622,False,3.0x412.8x258.5x211.6,Caja creada en MC,622,Bastones clasicos,Bastones clasicos - Legumes Frites,Estacional,Medio,Bastones rectos de brocoli,387.6,250.8,212.5,11.652,122
MC0623,False,3.0x369.8x268.8x176.7,Caja creada en MC,623,Snacks y aperitivos,Snacks y aperitivos - Queso,Co-produccion,Forma,Bocados de brocoli con mozzarella,376.7,254.6,168.3,4.856,122
MC0624,False,3.0x369.8x293.0x372.3,Caja creada en MC,624,Bastones clasicos,Bastones clasicos - Reserva Privada,Estacional,Fino,Bastones rectos de brocoli,363.8,278.8,364.9,12.93,122
MC0625,False,3.0x400.0x274.08x199.61,Catálogo inicial,625,Bastones clasicos,Bastones clasicos - Reserva Privada,Estacional,Corte steak,Bastones rectos de brocoli,381.0,261.4,204.6,12.544,122
MC0626,False,3.0x374.4x291.1x279.6,Caja creada en MC,626,Bastones clasicos,Bastones clasicos - Reserva Privada,Estacional,Fino,Bastones rectos de brocoli,371.7,285.8,269.1,12.342,122
MC0627,False,3.0x400.0x274.08x225.0,Catálogo inicial,627,Bastones clasicos,Bastones clasicos - Sigilo,Forma estable,Forma,Corte rustico de brocoli,390.4,282.8,206.8,12.483,122
MC0628,False,3.0x406.3x311.9x205.6,Caja creada en MC,628,Bastones clasicos,Bastones clasicos - Sigilo,Forma estable,Forma,Espirales de brocoli,400.4,305.9,195.9,5.285,122
MC0629,False,3.0x400.0x300.0x199.61,Catálogo inicial,629,Bastones clasicos,Bastones clasicos - Sigilo,Forma estable,Forma,Corte rustico de brocoli,389.7,282.3,202.8,12.495,122
MC0630,False,3.0x400.0x300.0x210.25,Catálogo inicial,630,Snacks y aperitivos,Snacks y aperitivos - Aros y Vegetales,Co-produccion,Forma,Aros de brocoli,397.8,290.9,199.6,4.838,122
MC0631,False,3.0x400.0x240.0x159.19,Catálogo inicial,631,Guarniciones,Guarniciones - Legumes Croquetas,Forma estable,Forma,Rosti de brocoli,398.0,238.6,145.2,4.941,122
MC0632,False,3.0x400.0x300.0x199.61,Catálogo inicial,632,Bastones clasicos,Bastones clasicos - Cielo,Estacional,Medio,Bastones rectos de brocoli,373.6,298.0,192.1,12.847,122
MC0633,False,3.0x373.5x311.9x210.7,Caja creada en MC,633,Brocoli especial,Brocoli especial - Bastones Especiales,Estacional,Corte steak,Bastones rectos de brocoli,387.4,296.4,198.6,12.595,122
MC0634,False,3.0x400.0x277.27x298.55,Catálogo inicial,634,Bastones clasicos,Bastones clasicos - Sigilo,Forma estable,Forma,Espirales de brocoli,406.4,273.5,275.7,6.211,122
MC0635,False,3.0x400.0x300.0x317.7,Catálogo inicial,635,Bastones clasicos,Bastones clasicos - Reserva Privada,Forma estable,Forma,Brocoli en rejilla,406.8,283.7,296.5,12.819,122
MC0636,False,3.0x373.3x289.8x197.7,Caja creada en MC,636,Bastones clasicos,Bastones clasicos - Legumes Frites,Estacional,Medio,Bastones rectos de brocoli,363.8,294.3,183.1,12.497,122
MC0637,False,3.0x370.7x292.0x270.1,Caja creada en MC,637,Bastones clasicos,Bastones clasicos - Legumes Frites,Estacional,Fino,Bastones rectos de brocoli,376.4,282.6,255.3,12.789,122
MC0638,False,3.0x400.4x278.8x230.1,Caja creada en MC,638,Bastones clasicos,Bastones clasicos - Sigilo,Estacional,Medio,Bastones rectos de brocoli,406.8,261.2,226.1,12.78,122
MC0639,True,3.0x399.9x279.8x297.1,Caja nueva,639,Bastones clasicos,Bastones clasicos - Legumes Frites,Estacional,Medio,Bastones rectos de brocoli,393.9,273.8,291.1,12.437,123
MC0640,False,3.0x412.2x275.7x228.2,Caja creada en MC,640,Bastones clasicos,Bastones clasicos - Legumes Frites,Estacional,Fino,Bastones rectos de brocoli,382.2,294.4,210.6,10.615,123
MC0641,False,3.0x400.0x300.0x233.65,Catálogo inicial,641,Bastones clasicos,Bastones clasicos - Grado B,Estacional,Fino,Bastones rectos de brocoli,383.5,292.7,230.6,13.193,123
MC0642,False,3.0x400.0x240.0x244.29,Catálogo inicial,642,Bastones clasicos,Bastones clasicos - Legumes Frites,Forma estable,Forma,Brocoli zigzag,375.6,251.7,231.2,9.745,123
MC0643,False,3.0x400.4x278.8x230.1,Caja creada en MC,643,Bastones clasicos,Bastones clasicos - Legumes Frites Salados,Estacional,Fino,Bastones rectos de brocoli,396.4,259.9,230.2,12.469,123
MC0644,False,3.0x400.0x240.0x196.42,Catálogo inicial,644,Guarniciones,Guarniciones - Cubos,Forma estable,Forma,Cubos de brocoli,380.1,242.3,185.1,12.348,123
MC0645,False,3.0x400.0x300.0x269.82,Catálogo inicial,645,Bastones clasicos,Bastones clasicos - Reserva Privada,Forma estable,Forma,Rodajas de brocoli,394.5,290.9,264.5,9.06,123
MC0646,False,3.0x400.0x286.85x326.21,Catálogo inicial,646,Bastones clasicos,Bastones clasicos - Sigilo,Estacional,Medio,Bastones rectos de brocoli,395.9,291.9,303.7,12.303,123
MC0647,False,3.0x400.0x240.0x196.42,Catálogo inicial,647,Bastones clasicos,Bastones clasicos - Sigilo,Estacional,Medio,Bastones rectos de brocoli,385.0,240.8,188.3,7.868,123
MC0648,False,3.0x400.0x286.85x190.04,Catálogo inicial,648,Guarniciones,Guarniciones - Otros,Estacional,Medio,Bastones rectos de brocoli,392.2,293.4,176.9,12.245,123
MC0649,False,3.0x400.4x278.8x230.1,Caja creada en MC,649,Bastones clasicos,Bastones clasicos - Sigilo,Estacional,Fino,Bastones rectos de brocoli,406.8,256.9,228.3,10.138,123
MC0650,False,3.0x375.6x286.8x216.9,Caja creada en MC,650,Bastones extra crocantes,Bastones extra crocantes - Muy Crocantes,Estacional,Medio,Bastones rectos de brocoli,365.4,280.0,198.4,12.812,123
MC0651,False,3.0x400.0x277.27x179.4,Catálogo inicial,651,Bastones clasicos,Bastones clasicos - Sigilo,Forma estable,Forma,Gajos de brocoli,389.8,289.0,164.2,12.404,123
MC0652,False,3.0x400.0x240.0x223.02,Catálogo inicial,652,Bastones clasicos,Bastones clasicos - Sigilo,Forma estable,Forma,Tiras para dip de brocoli,374.3,246.0,217.0,6.768,123
MC0653,False,3.0x408.5x254.6x267.4,Caja creada en MC,653,Bastones clasicos,Bastones clasicos - Sigilo,Estacional,Fino,Bastones rectos de brocoli,389.6,250.4,266.9,12.78,123
MC0654,False,3.0x393.8x256.0x196.6,Caja creada en MC,654,Guarniciones,Guarniciones - Cubos,Forma estable,Forma,Cubos de brocoli,393.5,250.2,185.0,12.4,123
MC0655,False,3.0x412.8x247.8x166.8,Caja creada en MC,655,Bastones clasicos,Bastones clasicos - Sigilo,Forma estable,Forma,Corte rustico de brocoli,391.8,241.4,157.1,6.716,123
MC0656,True,3.0x412.8x311.3x229.1,Caja nueva,656,Bastones clasicos,Bastones clasicos - Sigilo,Estacional,Fino,Bastones rectos de brocoli,406.8,305.3,223.1,12.623,124
MC0657,False,3.0x400.0x300.0x178.34,Catálogo inicial,657,Bastones clasicos,Bastones clasicos - Legumes Frites,Estacional,Medio,Bastones rectos de brocoli,388.2,285.5,176.4,12.188,124
MC0658,False,3.0x412.8x303.5x182.8,Caja creada en MC,658,Bastones clasicos,Bastones clasicos - Mayordomo,Estacional,Medio,Bastones rectos de brocoli,399.1,303.3,175.2,12.502,124
MC0659,True,3.0x369.8x292.4x287.4,Caja nueva,659,Bastones clasicos,Bastones clasicos - Sigilo,Forma estable,Forma,Brocoli zigzag,363.8,286.4,281.4,13.12,125
MC0660,False,3.0x400.0x267.7x150.0,Catálogo inicial,660,Snacks y aperitivos,Snacks y aperitivos - Queso,Co-produccion,Forma,Bocados de brocoli con queso crema,406.8,247.9,145.9,4.747,125
MC0661,False,3.0x400.0x300.0x283.65,Catálogo inicial,661,Snacks y aperitivos,Snacks y aperitivos - Aros y Vegetales,Co-produccion,Forma,Aros de brocoli,397.4,305.9,262.2,4.972,125
MC0662,False,3.0x400.0x300.0x269.82,Catálogo inicial,662,Bastones clasicos,Bastones clasicos - Sigilo,Forma estable,Forma,Brocoli zigzag,398.5,291.4,258.0,9.661,125
MC0663,False,3.0x373.8x259.9x219.5,Caja creada en MC,663,Bastones clasicos,Bastones clasicos - Sigilo,Forma estable,Forma,Tiras para dip de brocoli,369.0,253.4,201.2,6.7,125
MC0664,False,3.0x369.8x293.0x372.3,Caja creada en MC,664,Bastones clasicos,Bastones clasicos - Reserva Privada,Estacional,Fino,Bastones rectos de brocoli,385.2,273.4,345.0,11.808,125
MC0665,False,3.0x375.5x304.2x171.8,Caja creada en MC,665,Bastones clasicos,Bastones clasicos - Sigilo,Estacional,Grueso,Bastones rectos de brocoli,396.7,290.2,158.6,9.638,125
MC0666,False,3.0x400.0x286.85x380.46,Catálogo inicial,666,Bastones clasicos,Bastones clasicos - Sigilo,Forma estable,Forma,Brocoli zigzag,387.8,286.9,362.9,12.319,125
MC0667,False,3.0x400.0x300.0x269.82,Catálogo inicial,667,Bastones clasicos,Bastones clasicos - Sigilo,Forma estable,Forma,Espirales de brocoli,398.4,294.5,259.9,12.86,125
MC0668,False,3.0x400.0x286.85x190.04,Catálogo inicial,668,Bastones clasicos,Bastones clasicos - Grado B,Estacional,Medio,Bastones rectos de brocoli,398.6,274.9,185.0,12.484,125
MC0669,False,3.0x370.1x249.2x243.8,Caja creada en MC,669,Bastones clasicos,Bastones clasicos - Legumes Frites,Estacional,Medio,Bastones rectos de brocoli,363.8,250.0,229.0,13.174,125
MC0670,True,3.0x412.5x311.9x206.7,Caja nueva,670,Bastones clasicos,Bastones clasicos - Sigilo,Estacional,Medio,Bastones rectos de brocoli,406.5,305.9,200.7,12.748,126
MC0671,False,3.0x400.0x266.63x225.0,Catálogo inicial,671,Bastones clasicos,Bastones clasicos - Legumes Frites Salados,Estacional,Medio,Bastones rectos de brocoli,393.1,256.8,211.3,12.346,126
MC0672,False,3.0x373.3x289.8x197.7,Caja creada en MC,672,Bastones clasicos,Bastones clasicos - Legumes Frites,Estacional,Medio,Bastones rectos de brocoli,383.6,274.5,187.2,11.079,126
MC0673,False,3.0x400.0x240.0x244.29,Catálogo inicial,673,Bastones clasicos,Bastones clasicos - Sigilo,Forma estable,Forma,Tiras para dip de brocoli,375.7,243.1,232.1,12.367,126
MC0674,False,3.0x400.0x274.08x199.61,Catálogo inicial,674,Bastones clasicos,Bastones clasicos - Legumes Frites,Estacional,Corte steak,Bastones rectos de brocoli,388.8,260.4,183.2,12.822,126
MC0675,False,3.0x370.7x292.0x270.1,Caja creada en MC,675,Bastones clasicos,Bastones clasicos - Legumes Frites,Estacional,Fino,Bastones rectos de brocoli,363.8,281.2,266.4,12.0,126
MC0676,False,3.0x369.8x258.3x256.1,Caja creada en MC,676,Guarniciones,Guarniciones - Tortitas,Forma estable,Forma,Rosti de brocoli,385.4,240.2,247.3,10.728,126
MC0677,False,3.0x400.0x240.0x269.82,Catálogo inicial,677,Bastones clasicos,Bastones clasicos - Sigilo,Estacional,Medio,Bastones rectos de brocoli,375.4,252.9,253.3,12.671,126
MC0678,False,3.0x384.5x251.0x174.4,Caja creada en MC,678,Bastones clasicos,Bastones clasicos - Sigilo,Forma estable,Forma,Espirales de brocoli,393.6,243.7,162.7,4.665,126
MC0679,False,3.0x393.8x256.0x196.6,Caja creada en MC,679,Bastones clasicos,Bastones clasicos - Reserva Privada,Forma estable,Forma,Gajos de brocoli,381.6,258.6,185.2,11.674,126
MC0680,False,3.0x400.0x300.0x257.14,Catálogo inicial,680,Bastones clasicos,Bastones clasicos - Reserva Privada,Estacional,Medio,Bastones rectos de brocoli,399.5,282.6,251.5,13.015,126
MC0681,False,3.0x406.0x266.1x229.6,Caja creada en MC,681,Guarniciones,Guarniciones - Legumes Croquetas,Forma estable,Forma,Croquetas de brocoli,378.0,262.3,233.3,12.447,126
MC0682,False,3.0x400.0x240.0x244.29,Catálogo inicial,682,Bastones clasicos,Bastones clasicos - Sigilo,Estacional,Medio,Bastones rectos de brocoli,375.0,248.4,234.3,10.378,126
MC0683,False,3.0x400.0x274.08x225.0,Catálogo inicial,683,Bastones clasicos,Bastones clasicos - Sigilo,Estacional,Medio,Bastones rectos de brocoli,377.2,258.6,236.8,10.009,126
MC0684,True,3.0x408.8x296.2x163.0,Caja nueva,684,Bastones clasicos,Bastones clasicos - Sigilo,Estacional,Grueso,Bastones rectos de brocoli,402.8,290.2,157.0,9.303,127
MC0685,False,3.0x400.0x266.63x225.0,Catálogo inicial,685,Bastones clasicos,Bastones clasicos - Sigilo,Estacional,Medio,Bastones rectos de brocoli,389.2,254.3,213.9,12.493,127
MC0686,False,3.0x400.0x300.0x233.65,Catálogo inicial,686,Bastones clasicos,Bastones clasicos - Sigilo,Forma estable,Forma,Dippers de brocoli,381.5,292.2,233.1,8.733,127
MC0687,False,3.0x400.0x266.63x342.17,Catálogo inicial,687,Bastones clasicos,Bastones clasicos - Reserva Privada,Estacional,Fino,Bastones rectos de brocoli,382.3,259.8,322.6,12.737,127
MC0688,False,3.0x400.0x240.0x261.31,Catálogo inicial,688,Bastones clasicos,Bastones clasicos - Sigilo,Forma estable,Forma,Corte rustico de brocoli,374.5,257.7,243.7,12.294,127
MC0689,False,3.0x400.0x240.0x215.57,Catálogo inicial,689,Bastones clasicos,Bastones clasicos - Sigilo,Forma estable,Forma,Espirales de brocoli,387.5,246.3,201.5,6.526,127
MC0690,False,3.0x400.0x286.85x190.04,Catálogo inicial,690,Bastones clasicos,Bastones clasicos - Reserva Privada,Estacional,Medio,Bastones rectos de brocoli,372.3,269.7,202.0,12.345,127
MC0691,False,3.0x407.8x252.0x245.0,Caja creada en MC,691,Bastones clasicos,Bastones clasicos - Sigilo,Estacional,Medio,Bastones rectos de brocoli,401.9,248.1,235.1,12.513,127
MC0692,False,3.0x400.0x300.0x178.34,Catálogo inicial,692,Bastones clasicos,Bastones clasicos - Sigilo,Forma estable,Forma,Gajos de brocoli,392.5,292.0,172.9,12.587,127
MC0693,False,3.0x400.0x300.0x219.82,Catálogo inicial,693,Bastones clasicos,Bastones clasicos - Sigilo,Forma estable,Forma,Gajos de brocoli,406.8,286.1,211.4,12.204,127
MC0694,False,3.0x400.0x269.82x252.8,Catálogo inicial,694,Bastones clasicos,Bastones clasicos - Sigilo,Forma estable,Forma,Tiras para dip de brocoli,380.0,258.1,246.8,12.838,127
MC0695,False,3.0x406.1x308.8x293.7,Caja creada en MC,695,Bastones clasicos,Bastones clasicos - Reserva Privada,Forma estable,Forma,Brocoli en rejilla,393.8,292.2,298.6,10.795,127
MC0696,False,3.0x400.0x300.0x269.82,Catálogo inicial,696,Bastones clasicos,Bastones clasicos - Reserva Privada,Estacional,Medio,Bastones rectos de brocoli,406.8,288.7,260.2,12.174,127
MC0697,False,3.0x400.0x300.0x300.0,Catálogo inicial,697,Bastones clasicos,Bastones clasicos - Reserva Privada,Estacional,Fino,Bastones rectos de brocoli,399.8,284.6,296.7,12.297,127
MC0698,False,3.0x400.0x240.0x244.29,Catálogo inicial,698,Bastones clasicos,Bastones clasicos - Legumes Frites,Estacional,Fino,Bastones rectos de brocoli,384.8,242.9,229.3,12.903,127
MC0699,False,3.0x412.2x275.7x228.2,Caja creada en MC,699,Bastones clasicos,Bastones clasicos - Sigilo,Forma estable,Forma,Tiras para dip de brocoli,395.6,255.1,237.2,12.45,127
MC0700,False,3.0x393.8x256.0x196.6,Caja creada en MC,700,Bastones clasicos,Bastones clasicos - Reserva Privada,Forma estable,Forma,Espirales de brocoli,393.0,246.6,183.0,4.406,127
MC0701,False,3.0x400.0x240.0x206.0,Catálogo inicial,701,Bastones clasicos,Bastones clasicos - Reserva Privada,Forma estable,Forma,Gajos de brocoli,396.3,241.7,190.2,12.847,127
MC0702,False,3.0x400.0x266.63x225.0,Catálogo inicial,702,Bastones clasicos,Bastones clasicos - Legumes Frites,Estacional,Medio,Bastones rectos de brocoli,384.8,256.0,222.4,11.707,127
MC0703,False,3.0x400.0x300.0x257.14,Catálogo inicial,703,Bastones clasicos,Bastones clasicos - Sigilo,Forma estable,Forma,Brocoli en rejilla,393.9,300.3,240.9,6.541,127
MC0704,False,3.0x375.1x267.5x241.0,Caja creada en MC,704,Bastones clasicos,Bastones clasicos - Legumes Frites,Estacional,Corte steak,Bastones rectos de brocoli,363.8,256.0,237.7,12.963,127
MC0705,False,3.0x400.0x269.82x252.8,Catálogo inicial,705,Bastones clasicos,Bastones clasicos - Sigilo,Forma estable,Forma,Dippers de brocoli,384.6,252.2,253.2,12.889,127
MC0706,False,3.0x400.0x300.0x225.0,Catálogo inicial,706,Bastones clasicos,Bastones clasicos - Sigilo,Estacional,Grueso,Bastones rectos de brocoli,400.3,278.8,222.0,11.046,127
MC0707,False,3.0x400.0x277.27x254.93,Catálogo inicial,707,Bastones clasicos,Bastones clasicos - Reserva Privada,Forma estable,Forma,Rodajas de brocoli,383.4,274.3,250.5,8.757,127
MC0708,False,3.0x373.2x309.4x177.8,Caja creada en MC,708,Bastones clasicos,Bastones clasicos - Legumes Frites,Estacional,Corte steak,Bastones rectos de brocoli,369.2,305.1,166.4,12.019,127
MC0709,False,3.0x400.0x286.85x195.36,Catálogo inicial,709,Bastones clasicos,Bastones clasicos - Legumes Frites,Estacional,Fino,Bastones rectos de brocoli,399.5,279.0,184.4,12.423,127
MC0710,False,3.0x400.0x266.63x225.0,Catálogo inicial,710,Guarniciones,Guarniciones - Pure,Co-produccion,Forma,Pure de brocoli,399.3,249.5,216.5,12.265,127
MC0711,False,3.0x400.0x269.82x179.4,Catálogo inicial,711,Bastones clasicos,Bastones clasicos - Sigilo,Forma estable,Forma,Espirales de brocoli,384.4,249.7,174.2,4.446,127
MC0712,False,3.0x406.0x266.1x229.6,Caja creada en MC,712,Bastones clasicos,Bastones clasicos - Legumes Frites,Estacional,Fino,Bastones rectos de brocoli,376.8,282.7,217.4,10.753,127
MC0713,False,3.0x376.1x294.3x230.2,Caja creada en MC,713,Bastones clasicos,Bastones clasicos - Sigilo,Estacional,Fino,Bastones rectos de brocoli,368.6,280.6,225.3,12.392,127
MC0714,False,3.0x373.5x311.9x210.7,Caja creada en MC,714,Bastones clasicos,Bastones clasicos - Grado B,Estacional,Medio,Bastones rectos de brocoli,374.1,290.8,210.3,12.7,127
MC0715,False,3.0x400.0x240.0x217.7,Catálogo inicial,715,Bastones clasicos,Bastones clasicos - Sigilo,Estacional,Medio,Bastones rectos de brocoli,376.8,249.0,206.6,12.455,127
MC0716,False,3.0x407.3x297.5x162.7,Caja creada en MC,716,Bastones clasicos,Bastones clasicos - Sigilo,Forma estable,Forma,Tiras para dip de brocoli,406.8,292.0,153.9,6.372,127
MC0717,False,3.0x400.0x269.82x179.4,Catálogo inicial,717,Bastones clasicos,Bastones clasicos - Reserva Privada,Estacional,Grueso,Bastones rectos de brocoli,376.6,275.1,173.7,12.22,127
MC0718,False,3.0x400.0x300.0x178.34,Catálogo inicial,718,Bastones clasicos,Bastones clasicos - Legumes Frites,Estacional,Medio,Bastones rectos de brocoli,387.3,284.3,171.6,11.93,127
MC0719,False,3.0x400.0x266.63x342.17,Catálogo inicial,719,Bastones clasicos,Bastones clasicos - Reserva Privada,Estacional,Fino,Bastones rectos de brocoli,388.6,254.4,345.2,12.592,127
MC0720,False,3.0x406.0x266.1x229.6,Caja creada en MC,720,Bastones clasicos,Bastones clasicos - Legumes Frites,Forma estable,Forma,Brocoli zigzag,382.8,255.2,237.4,9.897,127
MC0721,False,3.0x412.8x303.5x182.8,Caja creada en MC,721,Bastones clasicos,Bastones clasicos - Sigilo,Forma estable,Forma,Gajos de brocoli,389.3,305.9,175.1,12.596,127
MC0722,False,3.0x375.6x286.8x216.9,Caja creada en MC,722,Bastones clasicos,Bastones clasicos - Sigilo,Forma estable,Forma,Dippers de brocoli,403.3,265.3,198.5,6.346,127
MC0723,False,3.0x400.4x278.8x230.1,Caja creada en MC,723,Bastones clasicos,Bastones clasicos - Legumes Frites,Forma estable,Forma,Brocoli zigzag,373.9,257.4,247.8,12.593,127
MC0724,False,3.0x373.7x257.7x226.6,Caja creada en MC,724,Bastones clasicos,Bastones clasicos - Sigilo,Forma estable,Forma,Brocoli en rejilla,364.9,247.4,221.6,6.655,127
MC0725,False,3.0x373.7x257.7x226.6,Caja creada en MC,725,Bastones clasicos,Bastones clasicos - Sigilo,Forma estable,Forma,Rodajas de brocoli,364.2,237.3,226.2,9.417,127
MC0726,False,3.0x374.4x291.1x279.6,Caja creada en MC,726,Bastones clasicos,Bastones clasicos - Sigilo,Estacional,Medio,Bastones rectos de brocoli,373.0,269.9,282.7,12.778,127
MC0727,False,3.0x400.4x278.8x230.1,Caja creada en MC,727,Bastones clasicos,Bastones clasicos - Sigilo,Forma estable,Forma,Tiras para dip de brocoli,378.3,264.8,239.6,12.807,127
MC0728,False,3.0x406.0x266.1x229.6,Caja creada en MC,728,Bastones extra crocantes,Bastones extra crocantes - Muy Crocantes,Estacional,Medio,Bastones rectos de brocoli,390.8,279.2,212.1,12.856,127
MC0729,False,3.0x400.0x300.0x269.82,Catálogo inicial,729,Bastones clasicos,Bastones clasicos - Sigilo,Forma estable,Forma,Brocoli en rejilla,380.6,280.0,285.1,12.272,127
MC0730,False,3.0x400.0x300.0x178.34,Catálogo inicial,730,Bastones clasicos,Bastones clasicos - Reserva Privada,Forma estable,Forma,Gajos de brocoli,406.8,284.6,165.0,11.389,127
MC0731,False,3.0x384.5x251.0x174.4,Caja creada en MC,731,Snacks y aperitivos,Snacks y aperitivos - Queso,Co-produccion,Forma,Bocados de brocoli con mozzarella,372.5,246.9,164.9,4.926,127
MC0732,False,3.0x400.0x240.0x217.7,Catálogo inicial,732,Bastones clasicos,Bastones clasicos - Grado B,Estacional,Medio,Bastones rectos de brocoli,385.3,238.9,211.6,12.745,127
MC0733,True,3.0x376.0x253.6x261.8,Caja nueva,733,Bastones clasicos,Bastones clasicos - Sigilo,Forma estable,Forma,Espirales de brocoli,370.0,247.6,255.8,6.4,128
MC0734,False,3.0x406.3x256.5x230.9,Caja creada en MC,734,Bastones clasicos,Bastones clasicos - Sigilo,Forma estable,Forma,Corte rustico de brocoli,377.3,241.4,247.2,12.416,128
MC0735,False,3.0x406.3x256.5x230.9,Caja creada en MC,735,Bastones clasicos,Bastones clasicos - Legumes Frites,Estacional,Fino,Bastones rectos de brocoli,381.6,275.7,213.8,10.201,128
MC0736,False,3.0x375.8x300.7x170.7,Caja creada en MC,736,Bastones clasicos,Bastones clasicos - Reserva Privada,Forma estable,Forma,Gajos de brocoli,363.8,279.3,167.1,10.9,128
MC0737,False,3.0x400.0x300.0x233.65,Catálogo inicial,737,Bastones clasicos,Bastones clasicos - Sigilo,Forma estable,Forma,Brocoli en rejilla,388.7,290.5,231.9,6.518,128
MC0738,False,3.0x400.0x300.0x219.82,Catálogo inicial,738,Snacks y aperitivos,Snacks y aperitivos - Aros y Vegetales,Co-produccion,Forma,Aros de brocoli,406.8,293.9,205.4,4.938,128
MC0739,False,3.0x400.0x269.82x252.8,Catálogo inicial,739,Bastones clasicos,Bastones clasicos - Grado B,Estacional,Fino,Bastones rectos de brocoli,387.7,253.6,257.6,13.159,128
MC0740,False,3.0x412.8x268.8x320.2,Caja creada en MC,740,Bastones clasicos,Bastones clasicos - Sigilo,Estacional,Fino,Bastones rectos de brocoli,396.1,259.6,325.1,12.064,128
MC0741,False,3.0x412.8x262.5x262.0,Caja creada en MC,741,Bastones clasicos,Bastones clasicos - Reserva Privada,Estacional,Fino,Bastones rectos de brocoli,394.8,246.9,245.2,12.289,128
MC0742,False,3.0x400.0x300.0x178.34,Catálogo inicial,742,Bastones clasicos,Bastones clasicos - Legumes Frites,Estacional,Medio,Bastones rectos de brocoli,384.1,283.6,174.7,12.161,128
MC0743,False,3.0x376.3x311.9x289.9,Caja creada en MC,743,Bastones clasicos,Bastones clasicos - Sigilo,Forma estable,Forma,Brocoli en rejilla,379.3,290.0,290.4,12.289,128
MC0744,False,3.0x373.7x257.7x226.6,Caja creada en MC,744,Bastones clasicos,Bastones clasicos - Sigilo,Estacional,Medio,Bastones rectos de brocoli,366.2,260.1,212.9,12.887,128
MC0745,False,3.0x400.0x300.0x219.82,Catálogo inicial,745,Bastones clasicos,Bastones clasicos - Sigilo,Estacional,Fino,Bastones rectos de brocoli,395.5,286.7,216.5,13.054,128
MC0746,False,3.0x369.8x268.8x176.7,Caja creada en MC,746,Bastones clasicos,Bastones clasicos - Sigilo,Forma estable,Forma,Corte rustico de brocoli,381.7,248.6,165.9,6.608,128
MC0747,False,3.0x400.0x300.0x238.97,Catálogo inicial,747,Bastones clasicos,Bastones clasicos - Sigilo,Estacional,Medio,Bastones rectos de brocoli,374.3,279.3,255.9,13.452,128
MC0748,False,3.0x400.0x240.0x244.29,Catálogo inicial,748,Guarniciones,Guarniciones - Legumes Croquetas,Forma estable,Forma,Croquetas de brocoli,396.5,238.7,228.3,12.066,128
MC0749,False,3.0x376.1x294.3x230.2,Caja creada en MC,749,Bastones clasicos,Bastones clasicos - Sigilo,Forma estable,Forma,Espirales de brocoli,379.2,292.6,213.9,6.755,128
MC0750,False,3.0x400.0x300.0x178.34,Catálogo inicial,750,Guarniciones,Guarniciones - Otros,Estacional,Medio,Bastones rectos de brocoli,379.9,289.8,176.5,12.92,128
MC0751,False,3.0x400.0x269.82x252.8,Catálogo inicial,751,Guarniciones,Guarniciones - Legumes Croquetas,Forma estable,Forma,Croquetas de brocoli,386.9,255.4,252.6,9.719,128
MC0752,False,3.0x400.4x278.8x230.1,Caja creada en MC,752,Bastones clasicos,Bastones clasicos - Sigilo,Estacional,Medio,Bastones rectos de brocoli,377.2,257.1,248.5,11.976,128
MC0753,False,3.0x405.7x249.9x213.0,Caja creada en MC,753,Bastones clasicos,Bastones clasicos - Reserva Privada,Forma estable,Forma,Gajos de brocoli,395.0,248.3,194.9,12.01,128
MC0754,False,3.0x393.8x256.0x196.6,Caja creada en MC,754,Guarniciones,Guarniciones - Cubos,Forma estable,Forma,Cubos de brocoli,376.5,260.3,188.4,12.564,128
MC0755,False,3.0x400.0x274.08x291.1,Catálogo inicial,755,Bastones clasicos,Bastones clasicos - Sigilo,Forma estable,Forma,Brocoli zigzag,385.2,262.2,286.1,12.706,128
MC0756,False,3.0x412.8x311.3x229.1,Caja creada en MC,756,Snacks y aperitivos,Snacks y aperitivos - Aros y Vegetales,Co-produccion,Forma,Aros de brocoli,406.8,304.1,223.5,4.69,128
MC0757,False,3.0x400.0x300.0x233.65,Catálogo inicial,757,Guarniciones,Guarniciones - Tortitas,Forma estable,Forma,Tortitas de brocoli,396.0,284.1,227.0,10.894,128
MC0758,False,3.0x400.4x278.8x230.1,Caja creada en MC,758,Bastones clasicos,Bastones clasicos - Legumes Frites,Estacional,Medio,Bastones rectos de brocoli,381.1,262.5,236.4,13.107,128
MC0759,False,3.0x375.8x300.7x170.7,Caja creada en MC,759,Bastones clasicos,Bastones clasicos - Reserva Privada,Forma estable,Forma,Gajos de brocoli,373.2,288.0,158.4,10.928,128
MC0760,False,3.0x400.0x277.27x163.63,Catálogo inicial,760,Snacks y aperitivos,Snacks y aperitivos - Queso,Co-produccion,Forma,Bocados de brocoli con queso crema,386.8,259.8,165.3,5.223,128
MC0761,False,3.0x400.0x274.08x199.61,Catálogo inicial,761,Guarniciones,Guarniciones - Cubos,Forma estable,Forma,Cubos de brocoli,393.9,257.2,190.3,12.743,128
MC0762,False,3.0x376.3x311.9x289.9,Caja creada en MC,762,Bastones clasicos,Bastones clasicos - Legumes Frites,Estacional,Medio,Bastones rectos de brocoli,388.4,290.1,281.3,12.093,128
MC0763,False,3.0x400.0x240.0x196.42,Catálogo inicial,763,Bastones clasicos,Bastones clasicos - Reserva Privada,Forma estable,Forma,Gajos de brocoli,382.0,242.5,181.4,12.39,128
MC0764,False,3.0x400.0x300.0x233.65,Catálogo inicial,764,Bastones clasicos,Bastones clasicos - Sigilo,Forma estable,Forma,Brocoli zigzag,385.6,292.0,232.2,12.452,128
MC0765,False,3.0x400.4x278.8x230.1,Caja creada en MC,765,Bastones clasicos,Bastones clasicos - Sigilo,Forma estable,Forma,Brocoli en rejilla,380.5,269.2,233.2,6.557,128
MC0766,False,3.0x369.8x258.3x256.1,Caja creada en MC,766,Bastones clasicos,Bastones clasicos - Sigilo,Forma estable,Forma,Corte rustico de brocoli,366.4,245.2,244.3,12.136,128
MC0767,False,3.0x412.8x258.5x211.6,Caja creada en MC,767,Bastones clasicos,Bastones clasicos - Legumes Frites Salados,Estacional,Medio,Bastones rectos de brocoli,386.9,255.5,206.9,13.065,128
MC0768,False,3.0x400.0x240.0x233.65,Catálogo inicial,768,Bastones clasicos,Bastones clasicos - Legumes Frites,Forma estable,Forma,Brocoli zigzag,390.4,248.6,215.3,9.464,128
MC0769,False,3.0x375.8x300.7x170.7,Caja creada en MC,769,Bastones clasicos,Bastones clasicos - Sigilo,Forma estable,Forma,Gajos de brocoli,370.2,281.8,166.2,12.904,128
MC0770,False,3.0x400.0x300.0x178.34,Catálogo inicial,770,Bastones clasicos,Bastones clasicos - Sigilo,Forma estable,Forma,Gajos de brocoli,383.8,299.3,167.3,12.336,128
MC0771,False,3.0x375.8x300.7x170.7,Caja creada en MC,771,Guarniciones,Guarniciones - Cubos,Forma estable,Forma,Cubos de brocoli,376.5,280.2,169.4,12.49,128
MC0772,False,3.0x400.0x291.1x174.08,Catálogo inicial,772,Bastones clasicos,Bastones clasicos - Sigilo,Forma estable,Forma,Gajos de brocoli,389.3,283.9,169.6,9.914,128
MC0773,False,3.0x399.3x249.3x176.7,Caja creada en MC,773,Snacks y aperitivos,Snacks y aperitivos - Queso,Co-produccion,Forma,Bocados de brocoli con mozzarella,388.4,238.1,171.9,4.91,128
MC0774,True,3.0x412.8x255.2x280.0,Caja nueva,774,Bastones clasicos,Bastones clasicos - Sigilo,Forma estable,Forma,Espirales de brocoli,406.8,249.2,274.0,6.611,129
MC0775,False,3.0x400.0x300.0x199.61,Catálogo inicial,775,Bastones clasicos,Bastones clasicos - Sigilo,Estacional,Medio,Bastones rectos de brocoli,401.0,280.8,197.4,11.733,129
MC0776,False,3.0x369.8x290.5x165.9,Caja creada en MC,776,Snacks y aperitivos,Snacks y aperitivos - Queso,Co-produccion,Forma,Bocados de brocoli con queso suizo,368.9,291.4,150.9,5.066,129
MC0777,True,3.0x393.7x279.2x237.6,Caja nueva,777,Bastones clasicos,Bastones clasicos - Sigilo,Forma estable,Forma,Rodajas de brocoli,387.7,273.2,231.6,9.028,130
MC0778,False,3.0x400.0x277.27x298.55,Catálogo inicial,778,Bastones clasicos,Bastones clasicos - Sigilo,Forma estable,Forma,Brocoli en rejilla,377.0,282.9,290.4,12.415,130
MC0779,False,3.0x400.0x300.0x225.0,Catálogo inicial,779,Bastones clasicos,Bastones clasicos - Sigilo,Forma estable,Forma,Espirales de brocoli,388.2,281.2,231.6,10.0,130
MC0780,False,3.0x400.0x300.0x269.82,Catálogo inicial,780,Bastones clasicos,Bastones clasicos - Reserva Privada,Forma estable,Forma,Espirales de brocoli,398.7,304.0,248.3,12.733,130
MC0781,False,3.0x400.0x274.08x199.61,Catálogo inicial,781,Bastones clasicos,Bastones clasicos - Sigilo,Estacional,Medio,Bastones rectos de brocoli,382.3,281.7,189.7,12.013,130
MC0782,False,3.0x400.0x266.63x225.0,Catálogo inicial,782,Bastones clasicos,Bastones clasicos - Reserva Privada,Forma estable,Forma,Gajos de brocoli,390.2,261.8,217.2,12.061,130
MC0783,False,3.0x400.0x240.0x233.65,Catálogo inicial,783,Bastones clasicos,Bastones clasicos - Reserva Privada,Forma estable,Forma,Gajos de brocoli,371.2,249.9,220.5,12.242,130
MC0784,False,3.0x373.7x257.7x226.6,Caja creada en MC,784,Bastones clasicos,Bastones clasicos - Legumes Frites Salados,Estacional,Medio,Bastones rectos de brocoli,385.7,250.2,211.0,12.57,130
MC0785,False,3.0x400.0x300.0x283.65,Catálogo inicial,785,Bastones clasicos,Bastones clasicos - Reserva Privada,Estacional,Fino,Bastones rectos de brocoli,378.4,284.5,297.7,11.738,130
MC0786,False,3.0x369.8x302.4x268.1,Caja creada en MC,786,Bastones clasicos,Bastones clasicos - Sigilo,Forma estable,Forma,Brocoli zigzag,379.4,292.5,252.4,9.746,130
MC0787,False,3.0x400.0x300.0x300.0,Catálogo inicial,787,Bastones clasicos,Bastones clasicos - Reserva Privada,Forma estable,Forma,Brocoli en rejilla,406.8,294.0,283.4,12.617,130
MC0788,False,3.0x400.0x300.0x150.0,Catálogo inicial,788,Bastones clasicos,Bastones clasicos - Sigilo,Estacional,Medio,Bastones rectos de brocoli,402.5,291.6,139.0,6.693,130
MC0789,False,3.0x400.0x300.0x283.65,Catálogo inicial,789,Bastones clasicos,Bastones clasicos - Sigilo,Forma estable,Forma,Brocoli en rejilla,405.8,284.3,278.7,12.697,130
MC0790,False,3.0x407.8x252.0x245.0,Caja creada en MC,790,Bastones clasicos,Bastones clasicos - Sigilo,Forma estable,Forma,Tiras para dip de brocoli,406.8,245.3,233.7,12.584,130
MC0791,False,3.0x369.8x259.5x209.3,Caja creada en MC,791,Bastones clasicos,Bastones clasicos - Sigilo,Estacional,Grueso,Bastones rectos de brocoli,371.2,251.0,200.9,12.297,130
MC0792,False,3.0x412.2x275.7x228.2,Caja creada en MC,792,Bastones clasicos,Bastones clasicos - Reserva Privada,Estacional,Medio,Bastones rectos de brocoli,386.8,270.7,231.6,11.774,130
MC0793,False,3.0x400.0x300.0x238.97,Catálogo inicial,793,Bastones clasicos,Bastones clasicos - Sigilo,Estacional,Medio,Bastones rectos de brocoli,372.4,282.2,256.3,12.55,130
MC0794,False,3.0x400.0x266.63x225.0,Catálogo inicial,794,Bastones clasicos,Bastones clasicos - Sigilo,Estacional,Corte steak,Bastones rectos de brocoli,383.8,260.8,222.7,12.143,130
MC0795,False,3.0x400.0x300.0x238.97,Catálogo inicial,795,Bastones clasicos,Bastones clasicos - Legumes Frites,Estacional,Fino,Bastones rectos de brocoli,372.8,284.6,251.4,12.774,130
MC0796,False,3.0x400.0x269.82x344.29,Catálogo inicial,796,Bastones clasicos,Bastones clasicos - Sigilo,Forma estable,Forma,Brocoli en rejilla,373.8,291.1,320.5,11.158,130
MC0797,False,3.0x376.3x311.9x289.9,Caja creada en MC,797,Brocoli especial,Brocoli especial - Bastones Especiales,Estacional,Fino,Bastones rectos de brocoli,382.5,295.4,283.0,9.122,130
MC0798,False,3.0x412.8x309.5x262.5,Caja creada en MC,798,Bastones clasicos,Bastones clasicos - Sigilo,Estacional,Medio,Bastones rectos de brocoli,384.3,296.0,269.1,13.734,130
MC0799,False,3.0x398.7x245.9x308.2,Caja creada en MC,799,Bastones clasicos,Bastones clasicos - Cielo,Estacional,Medio,Bastones rectos de brocoli,378.7,262.1,286.7,12.708,130
MC0800,False,3.0x406.1x308.8x293.7,Caja creada en MC,800,Bastones clasicos,Bastones clasicos - Sigilo,Forma estable,Forma,Brocoli en rejilla,395.8,289.8,300.2,11.958,130
MC0801,False,3.0x399.0x281.4x210.9,Caja creada en MC,801,Bastones clasicos,Bastones clasicos - Reserva Privada,Estacional,Corte steak,Bastones rectos de brocoli,382.2,262.1,208.3,12.592,130
MC0802,False,3.0x409.7x304.3x178.3,Caja creada en MC,802,Bastones clasicos,Bastones clasicos - Legumes Frites,Estacional,Grueso,Bastones rectos de brocoli,406.8,292.4,169.8,9.732,130
MC0803,False,3.0x399.0x281.4x210.9,Caja creada en MC,803,Bastones clasicos,Bastones clasicos - Grado B,Estacional,Medio,Bastones rectos de brocoli,380.8,282.2,206.2,12.961,130
MC0804,False,3.0x400.0x300.0x210.25,Catálogo inicial,804,Snacks y aperitivos,Snacks y aperitivos - Aros y Vegetales,Co-produccion,Forma,Aros de brocoli,395.9,284.1,207.6,4.919,130
MC0805,False,3.0x370.1x249.2x243.8,Caja creada en MC,805,Bastones clasicos,Bastones clasicos - Sigilo,Forma estable,Forma,Brocoli en rejilla,368.1,251.1,223.6,6.701,130
MC0806,True,3.0x412.8x306.8x148.6,Caja nueva,806,Bastones clasicos,Bastones clasicos - Sigilo,Estacional,Medio,Bastones rectos de brocoli,406.8,300.8,142.6,6.964,131
MC0807,False,3.0x408.5x254.6x267.4,Caja creada en MC,807,Bastones clasicos,Bastones clasicos - Legumes Frites,Estacional,Medio,Bastones rectos de brocoli,392.8,260.2,252.9,10.97,131
MC0808,False,3.0x400.0x286.85x195.36,Catálogo inicial,808,Guarniciones,Guarniciones - Tortitas,Forma estable,Forma,Mini tortitas de brocoli,386.4,277.0,192.8,12.084,131
MC0809,False,3.0x400.0x240.0x215.57,Catálogo inicial,809,Bastones clasicos,Bastones clasicos - Reserva Privada,Estacional,Medio,Bastones rectos de brocoli,377.1,248.1,204.7,13.457,131
MC0810,False,3.0x412.8x269.0x265.6,Caja creada en MC,810,Bastones clasicos,Bastones clasicos - Sigilo,Forma estable,Forma,Espirales de brocoli,395.5,258.5,261.3,6.29,131
MC0811,False,3.0x400.0x300.0x233.65,Catálogo inicial,811,Bastones clasicos,Bastones clasicos - Sigilo,Estacional,Grueso,Bastones rectos de brocoli,381.7,295.4,232.8,13.723,131
MC0812,False,3.0x400.0x300.0x300.0,Catálogo inicial,812,Bastones clasicos,Bastones clasicos - Reserva Privada,Forma estable,Forma,Brocoli en rejilla,406.8,279.3,285.8,12.63,131
MC0813,False,3.0x412.8x303.0x364.5,Caja creada en MC,813,Bastones clasicos,Bastones clasicos - Sigilo,Forma estable,Forma,Brocoli en rejilla,397.4,291.2,345.1,12.096,131
MC0814,False,3.0x400.0x240.0x206.0,Catálogo inicial,814,Bastones clasicos,Bastones clasicos - Sigilo,Forma estable,Forma,Espirales de brocoli,384.1,234.2,204.1,6.712,131
MC0815,True,3.0x370.3x253.8x286.7,Caja nueva,815,Bastones clasicos,Bastones clasicos - Sigilo,Estacional,Medio,Bastones rectos de brocoli,364.3,247.8,280.7,12.431,132
MC0816,False,3.0x408.5x254.6x267.4,Caja creada en MC,816,Bastones clasicos,Bastones clasicos - Sigilo,Forma estable,Forma,Espirales de brocoli,381.4,265.3,256.0,6.454,132
MC0817,False,3.0x400.0x267.7x150.0,Catálogo inicial,817,Guarniciones,Guarniciones - Legumes Croquetas,Forma estable,Forma,Rosti de brocoli,387.8,265.8,143.8,4.833,132
MC0818,False,3.0x400.0x300.0x283.65,Catálogo inicial,818,Snacks y aperitivos,Snacks y aperitivos - Aros y Vegetales,Co-produccion,Forma,Aros de brocoli,406.8,285.2,268.5,6.919,132
MC0819,False,3.0x407.8x252.0x245.0,Caja creada en MC,819,Bastones clasicos,Bastones clasicos - Reserva Privada,Estacional,Medio,Bastones rectos de brocoli,406.1,252.5,227.6,12.418,132
MC0820,False,3.0x376.3x311.9x289.9,Caja creada en MC,820,Bastones clasicos,Bastones clasicos - Sigilo,Forma estable,Forma,Brocoli en rejilla,369.5,288.4,275.3,9.925,132
MC0821,False,3.0x400.0x300.0x269.82,Catálogo inicial,821,Snacks y aperitivos,Snacks y aperitivos - Aros y Vegetales,Co-produccion,Forma,Aros de brocoli,398.6,305.9,249.4,6.435,132
MC0822,False,3.0x400.0x269.82x252.8,Catálogo inicial,822,Guarniciones,Guarniciones - Legumes Croquetas,Forma estable,Forma,Croquetas de brocoli,391.6,248.3,255.1,12.367,132
MC0823,False,3.0x375.8x300.7x170.7,Caja creada en MC,823,Bastones clasicos,Bastones clasicos - Sigilo,Forma estable,Forma,Gajos de brocoli,368.7,283.9,169.5,9.617,132
MC0824,False,3.0x405.7x249.9x213.0,Caja creada en MC,824,Bastones clasicos,Bastones clasicos - Legumes Frites,Estacional,Medio,Bastones rectos de brocoli,382.9,259.5,199.2,11.919,132
MC0825,False,3.0x411.7x273.0x231.1,Caja creada en MC,825,Bastones clasicos,Bastones clasicos - Sigilo,Forma estable,Forma,Tiras para dip de brocoli,396.2,252.1,241.7,12.44,132
MC0826,False,3.0x400.0x266.63x225.0,Catálogo inicial,826,Guarniciones,Guarniciones - Pure,Co-produccion,Forma,Pure de brocoli,391.4,250.3,221.2,12.347,132
MC0827,False,3.0x400.0x240.0x244.29,Catálogo inicial,827,Bastones clasicos,Bastones clasicos - Grado B,Estacional,Fino,Bastones rectos de brocoli,371.2,243.7,242.6,12.939,132
MC0828,False,3.0x400.0x274.08x291.1,Catálogo inicial,828,Bastones clasicos,Bastones clasicos - Reserva Privada,Estacional,Medio,Bastones rectos de brocoli,382.2,284.5,276.2,12.051,132
MC0829,False,3.0x400.0x300.0x233.65,Catálogo inicial,829,Bastones clasicos,Bastones clasicos - Sigilo,Forma estable,Forma,Brocoli en rejilla,391.1,281.3,239.3,6.387,132
MC0830,False,3.0x400.0x300.0x178.34,Catálogo inicial,830,Bastones clasicos,Bastones clasicos - Legumes Frites,Estacional,Medio,Bastones rectos de brocoli,384.3,276.9,180.1,12.163,132
MC0831,False,3.0x376.2x309.0x189.7,Caja creada en MC,831,Bastones clasicos,Bastones clasicos - Legumes Frites,Estacional,Medio,Bastones rectos de brocoli,388.3,303.5,173.9,13.041,132
MC0832,False,3.0x400.0x240.0x212.38,Catálogo inicial,832,Bastones clasicos,Bastones clasicos - Sigilo,Estacional,Grueso,Bastones rectos de brocoli,377.9,247.6,201.4,12.174,132
MC0833,False,3.0x400.0x240.0x244.29,Catálogo inicial,833,Bastones clasicos,Bastones clasicos - Legumes Frites,Estacional,Corte steak,Bastones rectos de brocoli,379.5,249.6,224.8,9.914,132
MC0834,False,3.0x400.0x240.0x233.65,Catálogo inicial,834,Bastones clasicos,Bastones clasicos - Legumes Frites,Forma estable,Forma,Brocoli zigzag,385.0,246.3,218.5,10.034,132
MC0835,False,3.0x408.5x254.6x267.4,Caja creada en MC,835,Bastones clasicos,Bastones clasicos - Sigilo,Forma estable,Forma,Brocoli en rejilla,379.5,246.4,273.6,6.472,132
MC0836,False,3.0x412.2x275.7x228.2,Caja creada en MC,836,Bastones clasicos,Bastones clasicos - Sigilo,Estacional,Medio,Bastones rectos de brocoli,388.2,257.3,242.9,11.984,132
MC0837,False,3.0x412.8x269.0x265.6,Caja creada en MC,837,Bastones clasicos,Bastones clasicos - Sigilo,Forma estable,Forma,Brocoli en rejilla,394.1,262.5,267.5,6.234,132
MC0838,False,3.0x369.8x292.4x287.4,Caja creada en MC,838,Bastones clasicos,Bastones clasicos - Sigilo,Forma estable,Forma,Brocoli en rejilla,372.2,272.7,287.7,10.001,132
MC0839,False,3.0x400.0x266.63x225.0,Catálogo inicial,839,Bastones clasicos,Bastones clasicos - Grado B,Estacional,Medio,Bastones rectos de brocoli,398.6,248.6,223.4,12.027,132
MC0840,False,3.0x400.0x277.27x298.55,Catálogo inicial,840,Bastones clasicos,Bastones clasicos - Sigilo,Forma estable,Forma,Brocoli zigzag,386.0,287.4,276.7,13.153,132
MC0841,False,3.0x400.0x277.27x298.55,Catálogo inicial,841,Bastones clasicos,Bastones clasicos - Sigilo,Forma estable,Forma,Brocoli en rejilla,386.5,285.2,278.2,12.543,132
MC0842,False,3.0x400.4x278.8x230.1,Caja creada en MC,842,Bastones clasicos,Bastones clasicos - Grado B,Estacional,Medio,Bastones rectos de brocoli,404.3,258.1,223.0,12.641,132
MC0843,False,3.0x370.7x292.0x270.1,Caja creada en MC,843,Bastones clasicos,Bastones clasicos - Sigilo,Forma estable,Forma,Brocoli zigzag,363.8,288.3,257.9,9.888,132
MC0844,False,3.0x375.8x300.7x170.7,Caja creada en MC,844,Bastones clasicos,Bastones clasicos - Sigilo,Forma estable,Forma,Gajos de brocoli,365.0,285.4,166.3,9.477,132
MC0845,False,3.0x400.0x277.27x179.4,Catálogo inicial,845,Bastones clasicos,Bastones clasicos - Sigilo,Forma estable,Forma,Gajos de brocoli,391.2,283.4,166.8,9.465,132
MC0846,False,3.0x400.0x269.82x252.8,Catálogo inicial,846,Bastones clasicos,Bastones clasicos - Sigilo,Forma estable,Forma,Tiras para dip de brocoli,392.9,253.1,256.6,6.639,132
MC0847,False,3.0x393.8x256.0x196.6,Caja creada en MC,847,Guarniciones,Guarniciones - Cubos,Forma estable,Forma,Cubos de brocoli,385.0,256.5,183.1,12.264,132
MC0848,False,3.0x406.1x308.8x293.7,Caja creada en MC,848,Bastones clasicos,Bastones clasicos - Sigilo,Estacional,Medio,Bastones rectos de brocoli,385.6,285.6,312.1,11.469,132
MC0849,False,3.0x400.0x286.85x380.46,Catálogo inicial,849,Bastones clasicos,Bastones clasicos - Reserva Privada,Estacional,Fino,Bastones rectos de brocoli,386.6,267.5,360.9,12.743,132
MC0850,False,3.0x411.0x305.1x232.5,Caja creada en MC,850,Bastones clasicos,Bastones clasicos - Reserva Privada,Estacional,Fino,Bastones rectos de brocoli,396.8,287.6,237.1,12.111,132
MC0851,False,3.0x409.7x304.3x178.3,Caja creada en MC,851,Bastones clasicos,Bastones clasicos - Sigilo,Estacional,Grueso,Bastones rectos de brocoli,391.6,299.4,176.3,12.675,132
MC0852,False,3.0x371.5x300.0x317.4,Caja creada en MC,852,Bastones clasicos,Bastones clasicos - Sigilo,Forma estable,Forma,Brocoli en rejilla,383.0,283.4,306.1,13.022,132
MC0853,False,3.0x375.5x304.2x171.8,Caja creada en MC,853,Bastones clasicos,Bastones clasicos - Legumes Frites,Estacional,Medio,Bastones rectos de brocoli,363.8,290.1,173.0,12.506,132
MC0854,False,3.0x412.8x303.0x364.5,Caja creada en MC,854,Bastones clasicos,Bastones clasicos - Sigilo,Forma estable,Forma,Espirales de brocoli,404.1,305.9,338.0,12.358,132
MC0855,False,3.0x375.1x267.5x241.0,Caja creada en MC,855,Bastones clasicos,Bastones clasicos - Sigilo,Estacional,Fino,Bastones rectos de brocoli,397.0,247.5,230.0,9.795,132
MC0856,False,3.0x400.0x300.0x199.61,Catálogo inicial,856,Bastones clasicos,Bastones clasicos - Legumes Frites,Estacional,Fino,Bastones rectos de brocoli,393.5,284.2,199.8,13.095,132
MC0857,False,3.0x400.0x269.82x179.4,Catálogo inicial,857,Bastones clasicos,Bastones clasicos - Mayordomo,Estacional,Medio,Bastones rectos de brocoli,375.8,283.2,168.8,12.102,132
MC0858,False,3.0x400.0x300.0x233.65,Catálogo inicial,858,Bastones clasicos,Bastones clasicos - Sigilo,Forma estable,Forma,Dippers de brocoli,395.8,285.8,230.5,10.997,132
MC0859,False,3.0x400.0x286.85x195.36,Catálogo inicial,859,Bastones clasicos,Bastones clasicos - Sigilo,Estacional,Grueso,Bastones rectos de brocoli,396.0,293.3,179.0,12.752,132
MC0860,True,3.0x410.1x294.0x332.0,Caja nueva,860,Bastones clasicos,Bastones clasicos - Sigilo,Forma estable,Forma,Brocoli en rejilla,404.1,288.0,326.0,10.937,133
MC0861,False,3.0x400.0x274.08x199.61,Catálogo inicial,861,Bastones clasicos,Bastones clasicos - Sigilo,Forma estable,Forma,Gajos de brocoli,382.7,256.8,191.7,12.932,133
MC0862,False,3.0x400.0x240.0x244.29,Catálogo inicial,862,Bastones clasicos,Bastones clasicos - Legumes Frites,Forma estable,Forma,Brocoli zigzag,377.4,243.5,231.2,12.338,133
MC0863,False,3.0x408.5x254.6x267.4,Caja creada en MC,863,Bastones clasicos,Bastones clasicos - Sigilo,Forma estable,Forma,Espirales de brocoli,401.8,247.6,256.2,6.904,133
MC0864,False,3.0x374.4x291.1x279.6,Caja creada en MC,864,Bastones clasicos,Bastones clasicos - Sigilo,Forma estable,Forma,Espirales de brocoli,393.7,271.4,266.7,6.914,133
MC0865,False,3.0x400.0x300.0x225.0,Catálogo inicial,865,Bastones clasicos,Bastones clasicos - Sigilo,Estacional,Grueso,Bastones rectos de brocoli,381.8,294.4,225.4,13.866,133
MC0866,False,3.0x406.1x308.8x293.7,Caja creada en MC,866,Bastones clasicos,Bastones clasicos - Sigilo,Estacional,Medio,Bastones rectos de brocoli,395.9,285.2,308.3,12.707,133
MC0867,False,3.0x400.0x277.27x298.55,Catálogo inicial,867,Bastones clasicos,Bastones clasicos - Sigilo,Estacional,Medio,Bastones rectos de brocoli,399.8,265.9,289.5,12.947,133
MC0868,False,3.0x407.8x252.0x245.0,Caja creada en MC,868,Bastones clasicos,Bastones clasicos - Sigilo,Forma estable,Forma,Corte rustico de brocoli,394.0,257.2,230.5,12.055,133
MC0869,False,3.0x412.8x268.8x320.2,Caja creada en MC,869,Bastones clasicos,Bastones clasicos - Sigilo,Estacional,Grueso,Bastones rectos de brocoli,388.5,291.0,296.0,12.488,133
MC0870,False,3.0x412.8x269.0x265.6,Caja creada en MC,870,Bastones clasicos,Bastones clasicos - Sigilo,Forma estable,Forma,Brocoli zigzag,389.9,253.9,279.4,12.971,133
MC0871,False,3.0x412.8x258.5x211.6,Caja creada en MC,871,Bastones clasicos,Bastones clasicos - Sigilo,Forma estable,Forma,Tiras para dip de brocoli,400.0,245.6,213.8,6.553,133
MC0872,False,3.0x375.1x267.5x241.0,Caja creada en MC,872,Bastones clasicos,Bastones clasicos - Legumes Frites,Estacional,Medio,Bastones rectos de brocoli,369.7,250.7,234.5,12.912,133
MC0873,False,3.0x400.0x240.0x244.29,Catálogo inicial,873,Bastones clasicos,Bastones clasicos - Legumes Frites,Estacional,Fino,Bastones rectos de brocoli,373.3,241.5,240.7,12.504,133
MC0874,False,3.0x400.0x300.0x233.65,Catálogo inicial,874,Bastones clasicos,Bastones clasicos - Sigilo,Forma estable,Forma,Brocoli en rejilla,395.1,295.2,222.1,6.035,133
MC0875,False,3.0x400.0x300.0x210.25,Catálogo inicial,875,Bastones clasicos,Bastones clasicos - Sigilo,Forma estable,Forma,Espirales de brocoli,405.4,298.6,193.9,5.469,133
MC0876,False,3.0x400.0x291.1x174.08,Catálogo inicial,876,Bastones clasicos,Bastones clasicos - Sigilo,Estacional,Fino,Bastones rectos de brocoli,375.3,269.2,186.6,6.598,133
MC0877,False,3.0x373.3x289.8x197.7,Caja creada en MC,877,Bastones clasicos,Bastones clasicos - Sigilo,Estacional,Medio,Bastones rectos de brocoli,368.9,286.7,186.7,12.844,133
MC0878,False,3.0x375.6x286.0x275.7,Caja creada en MC,878,Bastones clasicos,Bastones clasicos - Sigilo,Forma estable,Forma,Espirales de brocoli,363.8,266.0,261.6,12.873,133
MC0879,False,3.0x412.8x268.8x320.2,Caja creada en MC,879,Bastones clasicos,Bastones clasicos - Sigilo,Estacional,Fino,Bastones rectos de brocoli,385.4,254.3,327.2,12.716,133
MC0880,False,3.0x370.7x292.0x270.1,Caja creada en MC,880,Bastones clasicos,Bastones clasicos - Sigilo,Estacional,Medio,Bastones rectos de brocoli,379.8,276.0,255.6,12.648,133
MC0881,False,3.0x400.0x300.0x269.82,Catálogo inicial,881,Bastones clasicos,Bastones clasicos - Sigilo,Forma estable,Forma,Espirales de brocoli,390.4,303.7,249.2,9.312,133
MC0882,False,3.0x400.0x269.82x252.8,Catálogo inicial,882,Bastones clasicos,Bastones clasicos - Sigilo,Forma estable,Forma,Corte rustico de brocoli,400.8,248.8,244.7,12.721,133
MC0883,False,3.0x408.5x254.6x267.4,Caja creada en MC,883,Bastones clasicos,Bastones clasicos - Sigilo,Forma estable,Forma,Tiras para dip de brocoli,385.4,259.5,257.6,6.623,133
MC0884,False,3.0x400.0x269.82x252.8,Catálogo inicial,884,Bastones clasicos,Bastones clasicos - Sigilo,Estacional,Medio,Bastones rectos de brocoli,395.7,249.3,242.6,12.967,133
MC0885,False,3.0x400.0x300.0x257.14,Catálogo inicial,885,Snacks y aperitivos,Snacks y aperitivos - Aros y Vegetales,Co-produccion,Forma,Aros de brocoli,389.5,284.9,262.0,5.318,133
MC0886,True,3.0x396.7x251.4x177.2,Caja nueva,886,Guarniciones,Guarniciones - Cubos,Forma estable,Forma,Cubos de brocoli,390.7,245.4,171.2,11.865,134
MC0887,False,3.0x400.0x300.0x269.82,Catálogo inicial,887,Bastones clasicos,Bastones clasicos - Sigilo,Forma estable,Forma,Espirales de brocoli,400.6,296.8,253.4,6.424,134
MC0888,False,3.0x400.0x277.27x298.55,Catálogo inicial,888,Bastones clasicos,Bastones clasicos - Sigilo,Forma estable,Forma,Brocoli en rejilla,386.8,279.4,288.6,9.533,134
MC0889,False,3.0x400.0x277.27x298.55,Catálogo inicial,889,Bastones clasicos,Bastones clasicos - Sigilo,Forma estable,Forma,Brocoli en rejilla,384.0,276.1,289.6,12.565,134
MC0890,False,3.0x369.8x270.1x157.4,Caja creada en MC,890,Guarniciones,Guarniciones - Legumes Croquetas,Forma estable,Forma,Tortitas de brocoli,391.9,252.1,143.9,5.002,134
MC0891,False,3.0x400.0x240.0x269.82,Catálogo inicial,891,Bastones clasicos,Bastones clasicos - Reserva Privada,Estacional,Fino,Bastones rectos de brocoli,383.5,243.0,259.6,10.923,134
MC0892,False,3.0x400.0x240.0x196.42,Catálogo inicial,892,Bastones clasicos,Bastones clasicos - Sigilo,Forma estable,Forma,Espirales de brocoli,376.5,258.0,179.8,4.639,134
MC0893,False,3.0x412.8x269.0x265.6,Caja creada en MC,893,Bastones clasicos,Bastones clasicos - Reserva Privada,Estacional,Fino,Bastones rectos de brocoli,393.6,275.6,247.6,12.087,134
MC0894,False,3.0x375.8x300.7x170.7,Caja creada en MC,894,Bastones clasicos,Bastones clasicos - Legumes Frites,Estacional,Medio,Bastones rectos de brocoli,367.6,288.0,168.9,12.11,134
MC0895,False,3.0x400.0x240.0x252.8,Catálogo inicial,895,Bastones clasicos,Bastones clasicos - Sigilo,Forma estable,Forma,Corte rustico de brocoli,399.2,239.2,236.4,12.116,134
MC0896,True,3.0x412.8x311.9x186.6,Caja nueva,896,Bastones clasicos,Bastones clasicos - Sigilo,Forma estable,Forma,Brocoli en rejilla,406.8,305.9,180.6,4.451,135
MC0897,False,3.0x406.3x256.5x230.9,Caja creada en MC,897,Bastones clasicos,Bastones clasicos - Sigilo,Estacional,Medio,Bastones rectos de brocoli,396.4,241.9,230.7,12.039,135
MC0898,False,3.0x400.0x269.82x179.4,Catálogo inicial,898,Bastones clasicos,Bastones clasicos - Mayordomo,Forma estable,Forma,Gajos de brocoli,381.8,272.8,163.5,12.482,135
MC0899,False,3.0x400.0x274.08x199.61,Catálogo inicial,899,Bastones clasicos,Bastones clasicos - Reserva Privada,Forma estable,Forma,Gajos de brocoli,390.5,258.2,192.3,12.438,135
MC0900,True,3.0x409.0x311.9x276.3,Caja nueva,900,Bastones clasicos,Bastones clasicos - Sigilo,Forma estable,Forma,Espirales de brocoli,403.0,305.9,270.3,9.52,136
MC0901,False,3.0x400.0x277.27x254.93,Catálogo inicial,901,Bastones clasicos,Bastones clasicos - Sigilo,Forma estable,Forma,Espirales de brocoli,388.6,257.4,263.6,6.67,136
MC0902,False,3.0x402.9x251.9x285.6,Caja creada en MC,902,Bastones clasicos,Bastones clasicos - Reserva Privada,Estacional,Fino,Bastones rectos de brocoli,395.8,259.3,265.1,12.478,136
MC0903,False,3.0x400.0x300.0x269.82,Catálogo inicial,903,Bastones clasicos,Bastones clasicos - Sigilo,Forma estable,Forma,Espirales de brocoli,405.3,296.2,251.3,10.061,136
MC0904,False,3.0x406.1x308.8x293.7,Caja creada en MC,904,Brocoli especial,Brocoli especial - Bastones Especiales,Estacional,Fino,Bastones rectos de brocoli,388.3,286.9,307.0,8.699,136
MC0905,False,3.0x400.0x240.0x215.57,Catálogo inicial,905,Bastones clasicos,Bastones clasicos - Sigilo,Estacional,Medio,Bastones rectos de brocoli,372.0,242.4,213.1,9.743,136
MC0906,False,3.0x400.0x277.27x163.63,Catálogo inicial,906,Bastones clasicos,Bastones clasicos - Sigilo,Forma estable,Forma,Gajos de brocoli,372.2,275.6,164.1,8.602,136
MC0907,False,3.0x400.0x269.82x252.8,Catálogo inicial,907,Bastones clasicos,Bastones clasicos - Sigilo,Forma estable,Forma,Brocoli en rejilla,382.4,284.6,235.6,6.499,136
MC0908,False,3.0x371.0x280.7x287.2,Caja creada en MC,908,Bastones clasicos,Bastones clasicos - Sigilo,Forma estable,Forma,Espirales de brocoli,364.8,289.4,264.5,12.767,136
MC0909,False,3.0x406.0x266.1x229.6,Caja creada en MC,909,Bastones clasicos,Bastones clasicos - Sigilo,Forma estable,Forma,Tiras para dip de brocoli,401.6,246.4,231.5,12.346,136
MC0910,True,4.1x412.0x258.6x193.5,Caja nueva,910,Guarniciones,Guarniciones - Cubos,Forma estable,Forma,Cubos de brocoli,403.8,250.4,185.3,12.694,137
MC0911,False,3.0x412.8x255.2x280.0,Caja creada en MC,911,Bastones clasicos,Bastones clasicos - Sigilo,Forma estable,Forma,Espirales de brocoli,406.8,245.0,275.2,6.342,137
MC0912,False,3.0x375.5x304.2x171.8,Caja creada en MC,912,Bastones clasicos,Bastones clasicos - Sigilo,Forma estable,Forma,Gajos de brocoli,367.2,288.5,169.7,12.785,137
MC0913,False,3.0x412.8x269.0x265.6,Caja creada en MC,913,Bastones clasicos,Bastones clasicos - Reserva Privada,Estacional,Fino,Bastones rectos de brocoli,394.4,281.8,247.1,12.283,137
MC0914,False,3.0x406.1x308.8x293.7,Caja creada en MC,914,Bastones clasicos,Bastones clasicos - Reserva Privada,Estacional,Fino,Bastones rectos de brocoli,402.5,298.1,284.9,12.819,137
MC0915,False,3.0x409.0x311.9x276.3,Caja creada en MC,915,Brocoli especial,Brocoli especial - Bastones Especiales,Estacional,Fino,Bastones rectos de brocoli,389.6,298.9,285.6,8.766,137
MC0916,False,3.0x400.0x286.85x195.36,Catálogo inicial,916,Bastones clasicos,Bastones clasicos - Sigilo,Forma estable,Forma,Brocoli en rejilla,394.2,264.5,198.6,4.705,137
MC0917,False,3.0x373.8x259.9x219.5,Caja creada en MC,917,Bastones clasicos,Bastones clasicos - Sigilo,Forma estable,Forma,Espirales de brocoli,363.8,242.4,219.0,6.516,137
MC0918,False,3.0x397.9x304.6x327.6,Caja creada en MC,918,Bastones clasicos,Bastones clasicos - Reserva Privada,Forma estable,Forma,Brocoli en rejilla,398.2,296.5,315.0,10.513,137
MC0919,False,3.0x373.3x289.8x197.7,Caja creada en MC,919,Bastones clasicos,Bastones clasicos - Legumes Frites,Estacional,Medio,Bastones rectos de brocoli,373.7,277.6,186.0,10.797,137
MC0920,False,3.0x400.0x274.08x225.0,Catálogo inicial,920,Bastones clasicos,Bastones clasicos - Sigilo,Estacional,Medio,Bastones rectos de brocoli,388.3,282.5,210.8,11.981,137
MC0921,False,3.0x370.7x292.0x270.1,Caja creada en MC,921,Bastones clasicos,Bastones clasicos - Reserva Privada,Forma estable,Forma,Rodajas de brocoli,367.9,283.8,259.8,8.387,137
MC0922,False,3.0x400.0x269.82x252.8,Catálogo inicial,922,Bastones clasicos,Bastones clasicos - Sigilo,Forma estable,Forma,Corte rustico de brocoli,399.4,249.4,243.3,12.733,137
MC0923,False,3.0x406.3x256.5x230.9,Caja creada en MC,923,Bastones clasicos,Bastones clasicos - Legumes Frites,Estacional,Corte steak,Bastones rectos de brocoli,391.7,242.8,233.7,9.749,137
MC0924,False,3.0x406.3x256.5x230.9,Caja creada en MC,924,Bastones extra crocantes,Bastones extra crocantes - Atelier Frites,Estacional,Grueso,Bastones rectos de brocoli,381.8,244.2,241.8,12.32,137
MC0925,False,3.0x399.0x281.4x210.9,Caja creada en MC,925,Bastones clasicos,Bastones clasicos - Sigilo,Forma estable,Forma,Gajos de brocoli,372.8,265.9,221.5,12.355,137
MC0926,False,3.0x369.8x259.5x209.3,Caja creada en MC,926,Bastones clasicos,Bastones clasicos - Sigilo,Forma estable,Forma,Brocoli en rejilla,367.6,246.9,206.1,4.419,137
MC0927,False,3.0x399.0x281.4x210.9,Caja creada en MC,927,Bastones clasicos,Bastones clasicos - Reserva Privada,Estacional,Corte steak,Bastones rectos de brocoli,389.9,259.8,209.2,13.119,137
MC0928,False,3.0x412.8x247.8x166.8,Caja creada en MC,928,Snacks y aperitivos,Snacks y aperitivos - Queso,Co-produccion,Forma,Bocados de brocoli con mozzarella,386.1,242.8,166.9,4.89,137
MC0929,False,3.0x370.7x292.0x270.1,Caja creada en MC,929,Bastones clasicos,Bastones clasicos - Sigilo,Forma estable,Forma,Espirales de brocoli,368.0,274.3,257.4,12.004,137
MC0930,False,3.0x400.0x274.08x199.61,Catálogo inicial,930,Bastones clasicos,Bastones clasicos - Sigilo,Forma estable,Forma,Brocoli zigzag,388.2,261.3,188.0,6.911,137
MC0931,False,3.0x400.0x300.0x233.65,Catálogo inicial,931,Bastones clasicos,Bastones clasicos - Sigilo,Estacional,Grueso,Bastones rectos de brocoli,389.7,290.3,226.9,13.661,137
MC0932,False,3.0x400.0x300.0x317.7,Catálogo inicial,932,Bastones clasicos,Bastones clasicos - Sigilo,Forma estable,Forma,Espirales de brocoli,382.3,298.9,310.2,13.795,137
MC0933,False,3.0x400.0x277.27x179.4,Catálogo inicial,933,Bastones clasicos,Bastones clasicos - Sigilo,Forma estable,Forma,Gajos de brocoli,381.5,293.5,164.3,9.596,137
MC0934,False,3.0x400.0x300.0x210.25,Catálogo inicial,934,Brocoli especial,Brocoli especial - Bastones Especiales,Estacional,Corte steak,Bastones rectos de brocoli,406.8,297.8,192.1,12.817,137
MC0935,False,3.0x400.0x274.08x225.0,Catálogo inicial,935,Bastones clasicos,Bastones clasicos - Sigilo,Forma estable,Forma,Gajos de brocoli,395.0,274.8,208.0,12.906,137
MC0936,False,3.0x400.0x300.0x210.25,Catálogo inicial,936,Bastones clasicos,Bastones clasicos - Sigilo,Forma estable,Forma,Espirales de brocoli,384.5,284.0,214.9,6.398,137
MC0937,False,3.0x400.0x240.0x269.82,Catálogo inicial,937,Guarniciones,Guarniciones - Legumes Croquetas,Forma estable,Forma,Croquetas de brocoli,387.1,239.8,257.6,9.533,137
MC0938,False,3.0x400.0x300.0x269.82,Catálogo inicial,938,Bastones clasicos,Bastones clasicos - Sigilo,Estacional,Grueso,Bastones rectos de brocoli,374.5,305.9,266.1,12.778,137
MC0939,False,3.0x400.0x300.0x178.34,Catálogo inicial,939,Bastones clasicos,Bastones clasicos - Sigilo,Forma estable,Forma,Brocoli en rejilla,395.4,281.8,178.3,4.578,137
MC0940,False,3.0x406.0x266.1x229.6,Caja creada en MC,940,Bastones clasicos,Bastones clasicos - Sigilo,Forma estable,Forma,Gajos de brocoli,389.7,278.9,213.3,11.492,137
MC0941,False,3.0x400.0x269.82x179.4,Catálogo inicial,941,Bastones clasicos,Bastones clasicos - Sigilo,Forma estable,Forma,Gajos de brocoli,374.6,273.2,170.6,10.628,137
MC0942,False,3.0x406.3x256.5x230.9,Caja creada en MC,942,Bastones clasicos,Bastones clasicos - Grado B,Estacional,Medio,Bastones rectos de brocoli,398.1,243.6,222.8,11.549,137
MC0943,False,3.0x400.0x300.0x238.97,Catálogo inicial,943,Bastones clasicos,Bastones clasicos - Legumes Frites,Estacional,Corte steak,Bastones rectos de brocoli,385.8,305.9,224.4,12.723,137
MC0944,False,3.0x400.0x269.82x252.8,Catálogo inicial,944,Bastones clasicos,Bastones clasicos - Legumes Frites,Estacional,Corte steak,Bastones rectos de brocoli,385.8,270.3,236.4,12.402,137
MC0945,False,3.0x400.0x266.63x225.0,Catálogo inicial,945,Bastones clasicos,Bastones clasicos - Sigilo,Forma estable,Forma,Rodajas de brocoli,386.3,248.4,231.9,9.703,137
MC0946,False,3.0x371.0x280.7x287.2,Caja creada en MC,946,Bastones clasicos,Bastones clasicos - Sigilo,Forma estable,Forma,Brocoli en rejilla,363.8,270.8,284.7,8.306,137
MC0947,True,3.0x394.4x182.5x160.4,Caja nueva,947,Guarniciones,Guarniciones - Legumes Croquetas,Forma estable,Forma,Croquetas de brocoli,388.4,176.5,154.4,4.835,138
MC0948,False,3.0x371.5x300.0x317.4,Caja creada en MC,948,Bastones clasicos,Bastones clasicos - Sigilo,Estacional,Fino,Bastones rectos de brocoli,363.8,283.9,300.8,12.321,138
MC0949,False,3.0x412.5x311.9x206.7,Caja creada en MC,949,Bastones clasicos,Bastones clasicos - Sigilo,Forma estable,Forma,Espirales de brocoli,387.7,293.2,219.4,6.369,138
MC0950,False,3.0x400.0x269.82x252.8,Catálogo inicial,950,Bastones clasicos,Bastones clasicos - Sigilo,Forma estable,Forma,Tiras para dip de brocoli,405.1,250.0,236.0,12.544,138
MC0951,False,3.0x400.0x300.0x269.82,Catálogo inicial,951,Bastones clasicos,Bastones clasicos - Sigilo,Forma estable,Forma,Espirales de brocoli,391.2,298.0,253.4,9.921,138
MC0952,False,3.0x400.0x274.08x199.61,Catálogo inicial,952,Bastones clasicos,Bastones clasicos - Legumes Frites Salados,Estacional,Medio,Bastones rectos de brocoli,375.7,258.0,207.2,13.351,138
MC0953,False,3.0x399.3x249.3x176.7,Caja creada en MC,953,Snacks y aperitivos,Snacks y aperitivos - Queso,Co-produccion,Forma,Bocados de brocoli con queso cheddar,380.1,257.5,166.8,4.997,138
MC0954,False,3.0x369.8x258.3x256.1,Caja creada en MC,954,Bastones clasicos,Bastones clasicos - Sigilo,Forma estable,Forma,Brocoli en rejilla,394.8,245.6,235.5,6.976,138
MC0955,False,3.0x371.5x300.0x317.4,Caja creada en MC,955,Bastones clasicos,Bastones clasicos - Reserva Privada,Estacional,Fino,Bastones rectos de brocoli,363.8,276.5,311.4,12.189,138
MC0956,False,3.0x400.0x300.0x150.0,Catálogo inicial,956,Snacks y aperitivos,Snacks y aperitivos - Queso,Co-produccion,Forma,Bocados de brocoli con queso cheddar,401.1,293.8,138.8,4.749,138
MC0957,False,3.0x373.2x309.4x177.8,Caja creada en MC,957,Bastones clasicos,Bastones clasicos - Legumes Frites,Estacional,Medio,Bastones rectos de brocoli,385.4,286.1,172.2,12.368,138
MC0958,False,3.0x375.1x267.5x241.0,Caja creada en MC,958,Bastones clasicos,Bastones clasicos - Sigilo,Estacional,Medio,Bastones rectos de brocoli,369.3,254.6,227.3,11.901,138
MC0959,False,3.0x400.0x300.0x163.44,Catálogo inicial,959,Bastones clasicos,Bastones clasicos - Sigilo,Forma estable,Forma,Gajos de brocoli,379.2,292.8,163.5,8.754,138
MC0960,False,3.0x400.0x269.82x179.4,Catálogo inicial,960,Guarniciones,Guarniciones - Cubos,Forma estable,Forma,Cubos de brocoli,374.2,273.8,166.4,12.207,138
MC0961,False,3.0x400.0x274.08x225.0,Catálogo inicial,961,Bastones clasicos,Bastones clasicos - Sigilo,Estacional,Medio,Bastones rectos de brocoli,396.0,273.7,212.7,8.237,138
MC0962,False,3.0x407.8x252.0x245.0,Caja creada en MC,962,Guarniciones,Guarniciones - Legumes Croquetas,Forma estable,Forma,Croquetas de brocoli,388.3,246.3,246.3,10.258,138
MC0963,False,3.0x393.7x279.2x237.6,Caja creada en MC,963,Bastones clasicos,Bastones clasicos - Reserva Privada,Estacional,Fino,Bastones rectos de brocoli,372.7,284.7,227.6,12.298,138
MC0964,False,3.0x412.8x309.7x274.4,Caja creada en MC,964,Bastones clasicos,Bastones clasicos - Legumes Frites,Estacional,Medio,Bastones rectos de brocoli,383.3,294.5,286.9,11.886,138
MC0965,False,3.0x400.0x277.27x298.55,Catálogo inicial,965,Bastones clasicos,Bastones clasicos - Reserva Privada,Estacional,Fino,Bastones rectos de brocoli,376.0,289.0,285.9,12.837,138
MC0966,False,3.0x410.1x294.0x332.0,Caja creada en MC,966,Bastones clasicos,Bastones clasicos - Reserva Privada,Estacional,Fino,Bastones rectos de brocoli,406.8,272.7,329.8,12.227,138
MC0967,False,3.0x369.8x302.4x268.1,Caja creada en MC,967,Bastones clasicos,Bastones clasicos - Legumes Frites,Estacional,Fino,Bastones rectos de brocoli,372.3,291.4,260.0,12.909,138
MC0968,False,3.0x400.0x266.63x225.0,Catálogo inicial,968,Bastones clasicos,Bastones clasicos - Grado B,Estacional,Medio,Bastones rectos de brocoli,401.4,249.6,216.2,12.225,138
MC0969,False,3.0x400.0x300.0x238.97,Catálogo inicial,969,Bastones clasicos,Bastones clasicos - Sigilo,Forma estable,Forma,Brocoli zigzag,385.6,296.3,235.8,9.592,138
MC0970,False,3.0x375.6x286.8x216.9,Caja creada en MC,970,Bastones clasicos,Bastones clasicos - Reserva Privada,Forma estable,Forma,Gajos de brocoli,366.8,286.0,206.6,13.134,138
MC0971,False,3.0x400.0x277.27x163.63,Catálogo inicial,971,Snacks y aperitivos,Snacks y aperitivos - Queso,Co-produccion,Forma,Bocados de brocoli con mozzarella,385.0,255.5,169.2,5.089,138
MC0972,False,3.0x400.0x300.0x178.34,Catálogo inicial,972,Bastones clasicos,Bastones clasicos - Legumes Frites,Estacional,Corte steak,Bastones rectos de brocoli,378.7,300.8,172.1,12.788,138
MC0973,False,3.0x373.5x311.9x210.7,Caja creada en MC,973,Bastones clasicos,Bastones clasicos - Legumes Frites,Estacional,Corte steak,Bastones rectos de brocoli,379.9,297.0,202.2,12.466,138
MC0974,False,3.0x400.0x266.63x225.0,Catálogo inicial,974,Guarniciones,Guarniciones - Legumes Croquetas,Forma estable,Forma,Croquetas de brocoli,381.1,249.7,234.1,9.905,138
MC0975,False,3.0x373.8x259.9x219.5,Caja creada en MC,975,Bastones clasicos,Bastones clasicos - Reserva Privada,Estacional,Medio,Bastones rectos de brocoli,378.5,248.6,208.1,12.78,138
MC0976,True,3.0x373.3x266.4x221.4,Caja nueva,976,Bastones clasicos,Bastones clasicos - Sigilo,Forma estable,Forma,Tiras para dip de brocoli,367.3,260.4,215.4,12.575,139
MC0977,False,3.0x400.0x300.0x269.82,Catálogo inicial,977,Bastones clasicos,Bastones clasicos - Reserva Privada,Forma estable,Forma,Rodajas de brocoli,381.6,296.6,262.3,8.713,139
MC0978,False,3.0x373.2x309.4x177.8,Caja creada en MC,978,Bastones clasicos,Bastones clasicos - Sigilo,Estacional,Medio,Bastones rectos de brocoli,367.0,287.6,178.7,11.958,139
MC0979,False,3.0x400.0x269.82x252.8,Catálogo inicial,979,Bastones clasicos,Bastones clasicos - Sigilo,Forma estable,Forma,Dippers de brocoli,374.4,257.7,259.4,12.725,139
MC0980,False,3.0x374.4x291.1x279.6,Caja creada en MC,980,Bastones clasicos,Bastones clasicos - Reserva Privada,Estacional,Fino,Bastones rectos de brocoli,375.5,269.1,280.3,12.516,139
MC0981,False,3.0x400.0x271.95x163.63,Catálogo inicial,981,Bastones clasicos,Bastones clasicos - Sigilo,Estacional,Medio,Bastones rectos de brocoli,377.9,287.5,148.5,6.419,139
MC0982,False,3.0x400.0x300.0x199.61,Catálogo inicial,982,Bastones clasicos,Bastones clasicos - Sigilo,Estacional,Fino,Bastones rectos de brocoli,406.8,295.6,184.2,7.009,139
MC0983,False,3.0x400.0x277.27x254.93,Catálogo inicial,983,Bastones clasicos,Bastones clasicos - Sigilo,Estacional,Fino,Bastones rectos de brocoli,386.7,279.8,245.1,12.443,139
MC0984,False,3.0x410.1x294.0x332.0,Caja creada en MC,984,Bastones clasicos,Bastones clasicos - Reserva Privada,Estacional,Fino,Bastones rectos de brocoli,397.9,282.9,336.9,13.117,139
MC0985,False,3.0x369.8x290.5x165.9,Caja creada en MC,985,Bastones clasicos,Bastones clasicos - Sigilo,Forma estable,Forma,Gajos de brocoli,365.4,285.4,155.1,12.492,139
MC0986,False,3.0x405.7x249.9x213.0,Caja creada en MC,986,Bastones clasicos,Bastones clasicos - Reserva Privada,Forma estable,Forma,Gajos de brocoli,385.3,251.9,196.5,12.619,139
MC0987,False,3.0x400.0x300.0x269.82,Catálogo inicial,987,Bastones clasicos,Bastones clasicos - Legumes Frites,Estacional,Fino,Bastones rectos de brocoli,390.5,288.2,271.3,12.352,139
MC0988,False,3.0x393.8x256.0x196.6,Caja creada en MC,988,Bastones clasicos,Bastones clasicos - Legumes Frites,Estacional,Medio,Bastones rectos de brocoli,374.1,268.8,179.7,11.875,139
MC0989,False,3.0x400.0x269.82x252.8,Catálogo inicial,989,Bastones clasicos,Bastones clasicos - Sigilo,Estacional,Fino,Bastones rectos de brocoli,403.7,249.2,248.0,12.448,139
MC0990,False,3.0x400.0x286.85x190.04,Catálogo inicial,990,Bastones clasicos,Bastones clasicos - Reserva Privada,Estacional,Medio,Bastones rectos de brocoli,374.0,296.5,183.2,12.626,139
MC0991,False,3.0x400.0x300.0x233.65,Catálogo inicial,991,Bastones clasicos,Bastones clasicos - Sigilo,Forma estable,Forma,Espirales de brocoli,382.7,280.6,244.9,12.754,139
MC0992,False,3.0x402.9x251.9x285.6,Caja creada en MC,992,Bastones clasicos,Bastones clasicos - Sigilo,Forma estable,Forma,Brocoli en rejilla,386.1,248.7,280.1,6.461,139
MC0993,False,3.0x400.0x274.08x225.0,Catálogo inicial,993,Bastones clasicos,Bastones clasicos - Sigilo,Estacional,Corte steak,Bastones rectos de brocoli,394.9,265.0,216.3,11.678,139
MC0994,False,3.0x400.0x267.7x150.0,Catálogo inicial,994,Bastones clasicos,Bastones clasicos - Sigilo,Forma estable,Forma,Dippers de brocoli,385.4,265.3,141.8,4.365,139
MC0995,False,3.0x393.8x256.0x196.6,Caja creada en MC,995,Bastones clasicos,Bastones clasicos - Reserva Privada,Forma estable,Forma,Gajos de brocoli,379.9,251.8,192.8,13.27,139
MC0996,False,3.0x405.7x249.9x213.0,Caja creada en MC,996,Bastones clasicos,Bastones clasicos - Sigilo,Forma estable,Forma,Brocoli en rejilla,390.2,251.5,198.6,4.365,139
MC0997,False,3.0x400.0x300.0x233.65,Catálogo inicial,997,Bastones clasicos,Bastones clasicos - Sigilo,Forma estable,Forma,Brocoli zigzag,377.5,283.9,245.3,13.035,139
MC0998,False,3.0x400.0x286.85x190.04,Catálogo inicial,998,Guarniciones,Guarniciones - Otros,Estacional,Medio,Bastones rectos de brocoli,391.6,279.1,185.6,12.15,139
MC0999,False,3.0x369.8x268.8x176.7,Caja creada en MC,999,Bastones clasicos,Bastones clasicos - Sigilo,Forma estable,Forma,Tiras para dip de brocoli,395.8,247.4,164.0,5.47,139
MC1000,False,3.0x400.0x240.0x252.8,Catálogo inicial,1000,Bastones clasicos,Bastones clasicos - Sigilo,Estacional,Medio,Bastones rectos de brocoli,392.0,247.0,234.4,12.734,139
MC1001,False,3.0x400.0x300.0x210.25,Catálogo inicial,1001,Snacks y aperitivos,Snacks y aperitivos - Aros y Vegetales,Co-produccion,Forma,Aros de brocoli,389.9,290.5,204.7,4.877,139
MC1002,False,3.0x402.9x251.9x285.6,Caja creada en MC,1002,Guarniciones,Guarniciones - Tortitas,Forma estable,Forma,Rosti de brocoli,402.4,247.1,271.9,13.097,139
MC1003,False,3.0x400.0x300.0x283.65,Catálogo inicial,1003,Bastones clasicos,Bastones clasicos - Sigilo,Forma estable,Forma,Brocoli en rejilla,392.2,282.1,289.8,8.018,139
MC1004,False,3.0x375.1x267.5x241.0,Caja creada en MC,1004,Bastones clasicos,Bastones clasicos - Legumes Frites,Estacional,Medio,Bastones rectos de brocoli,376.5,253.7,236.2,12.673,139
MC1005,False,3.0x400.0x266.63x225.0,Catálogo inicial,1005,Bastones clasicos,Bastones clasicos - Grado B,Estacional,Medio,Bastones rectos de brocoli,384.2,249.7,222.7,12.4,139
MC1006,False,3.0x412.8x309.5x262.5,Caja creada en MC,1006,Bastones clasicos,Bastones clasicos - Sigilo,Forma estable,Forma,Espirales de brocoli,406.8,305.9,244.6,9.943,139
MC1007,False,3.0x399.0x281.4x210.9,Caja creada en MC,1007,Bastones clasicos,Bastones clasicos - Sigilo,Forma estable,Forma,Espirales de brocoli,379.1,290.1,201.6,5.761,139
MC1008,False,3.0x412.8x309.5x262.5,Caja creada en MC,1008,Snacks y aperitivos,Snacks y aperitivos - Aros y Vegetales,Co-produccion,Forma,Aros de brocoli,402.1,299.6,257.0,4.98,139
MC1009,False,3.0x400.0x240.0x196.42,Catálogo inicial,1009,Bastones clasicos,Bastones clasicos - Reserva Privada,Forma estable,Forma,Espirales de brocoli,370.7,257.4,181.8,4.734,139
MC1010,False,3.0x400.0x300.0x269.82,Catálogo inicial,1010,Guarniciones,Guarniciones - Tortitas,Forma estable,Forma,Tortitas de brocoli,397.6,293.7,250.7,8.589,139
MC1011,False,3.0x412.8x258.5x211.6,Caja creada en MC,1011,Bastones clasicos,Bastones clasicos - Sigilo,Estacional,Medio,Bastones rectos de brocoli,401.1,253.5,205.5,12.787,139
MC1012,False,3.0x400.0x300.0x178.34,Catálogo inicial,1012,Bastones clasicos,Bastones clasicos - Legumes Frites,Estacional,Medio,Bastones rectos de brocoli,391.7,292.7,171.5,12.683,139
MC1013,False,3.0x400.0x300.0x269.82,Catálogo inicial,1013,Bastones clasicos,Bastones clasicos - Sigilo,Estacional,Medio,Bastones rectos de brocoli,388.0,288.8,262.0,13.309,139
MC1014,False,3.0x400.0x291.1x174.08,Catálogo inicial,1014,Bastones clasicos,Bastones clasicos - Sigilo,Forma estable,Forma,Tiras para dip de brocoli,388.4,293.7,165.1,6.793,139
MC1015,False,3.0x400.0x274.08x291.1,Catálogo inicial,1015,Bastones clasicos,Bastones clasicos - Sigilo,Estacional,Medio,Bastones rectos de brocoli,393.4,252.3,289.2,12.503,139
MC1016,False,3.0x400.4x278.8x230.1,Caja creada en MC,1016,Guarniciones,Guarniciones - Tortitas,Forma estable,Forma,Tortitas de brocoli,380.1,273.3,230.8,10.718,139
MC1017,False,3.0x375.8x300.7x170.7,Caja creada en MC,1017,Bastones clasicos,Bastones clasicos - Reserva Privada,Estacional,Grueso,Bastones rectos de brocoli,374.9,277.1,165.7,12.634,139
MC1018,False,3.0x400.0x300.0x283.65,Catálogo inicial,1018,Bastones clasicos,Bastones clasicos - Sigilo,Estacional,Grueso,Bastones rectos de brocoli,382.6,280.7,292.9,13.057,139
MC1019,False,3.0x373.7x257.7x226.6,Caja creada en MC,1019,Bastones clasicos,Bastones clasicos - Sigilo,Forma estable,Forma,Rodajas de brocoli,382.3,243.5,216.9,12.473,139
MC1020,False,3.0x400.0x274.08x225.0,Catálogo inicial,1020,Bastones clasicos,Bastones clasicos - Sigilo,Estacional,Medio,Bastones rectos de brocoli,384.0,258.4,231.6,12.474,139
MC1021,False,3.0x373.2x309.4x177.8,Caja creada en MC,1021,Bastones clasicos,Bastones clasicos - Mayordomo,Estacional,Medio,Bastones rectos de brocoli,376.7,296.3,169.9,12.466,139
MC1022,True,3.0x376.2x284.2x182.3,Caja nueva,1022,Bastones clasicos,Bastones clasicos - Reserva Privada,Estacional,Grueso,Bastones rectos de brocoli,370.2,278.2,176.3,12.362,140
MC1023,False,3.0x408.5x254.6x267.4,Caja creada en MC,1023,Bastones clasicos,Bastones clasicos - Sigilo,Forma estable,Forma,Brocoli en rejilla,397.6,257.2,252.8,6.527,140
MC1024,False,3.0x397.9x304.6x327.6,Caja creada en MC,1024,Bastones clasicos,Bastones clasicos - Sigilo,Estacional,Medio,Bastones rectos de brocoli,397.4,282.9,324.7,12.259,140
MC1025,False,3.0x411.7x273.0x231.1,Caja creada en MC,1025,Bastones clasicos,Bastones clasicos - Sigilo,Estacional,Medio,Bastones rectos de brocoli,395.7,252.7,236.7,13.496,140
MC1026,False,3.0x400.0x240.0x196.42,Catálogo inicial,1026,Bastones clasicos,Bastones clasicos - Reserva Privada,Forma estable,Forma,Gajos de brocoli,390.0,240.9,180.3,9.338,140
MC1027,False,3.0x412.8x303.5x182.8,Caja creada en MC,1027,Bastones clasicos,Bastones clasicos - Sigilo,Estacional,Medio,Bastones rectos de brocoli,396.0,301.3,178.7,12.281,140
MC1028,False,3.0x369.8x258.3x256.1,Caja creada en MC,1028,Bastones clasicos,Bastones clasicos - Sigilo,Forma estable,Forma,Dippers de brocoli,387.5,242.9,241.8,12.31,140
MC1029,False,3.0x412.8x311.3x229.1,Caja creada en MC,1029,Bastones clasicos,Bastones clasicos - Sigilo,Forma estable,Forma,Brocoli en rejilla,389.5,294.7,240.6,6.898,140
MC1030,False,3.0x400.0x274.08x225.0,Catálogo inicial,1030,Bastones extra crocantes,Bastones extra crocantes - Muy Crocantes,Estacional,Medio,Bastones rectos de brocoli,384.9,283.9,208.6,12.005,140
MC1031,False,3.0x400.0x300.0x247.48,Catálogo inicial,1031,Bastones clasicos,Bastones clasicos - Sigilo,Forma estable,Forma,Brocoli en rejilla,388.7,290.2,246.5,6.583,140
MC1032,True,3.0x412.8x251.4x284.9,Caja nueva,1032,Snacks y aperitivos,Snacks y aperitivos - Aros y Vegetales,Co-produccion,Forma,Aros de brocoli,406.8,245.4,278.9,5.037,141
MC1033,False,3.0x400.0x274.08x291.1,Catálogo inicial,1033,Bastones clasicos,Bastones clasicos - Sigilo,Estacional,Medio,Bastones rectos de brocoli,380.8,288.2,269.8,13.888,141
MC1034,False,3.0x373.2x309.4x177.8,Caja creada en MC,1034,Bastones clasicos,Bastones clasicos - Mayordomo,Estacional,Grueso,Bastones rectos de brocoli,378.3,293.7,170.7,12.964,141
MC1035,False,3.0x400.0x274.08x199.61,Catálogo inicial,1035,Bastones clasicos,Bastones clasicos - Sigilo,Estacional,Medio,Bastones rectos de brocoli,389.0,286.3,183.6,12.956,141
MC1036,False,3.0x370.7x292.0x270.1,Caja creada en MC,1036,Bastones clasicos,Bastones clasicos - Grado B,Estacional,Fino,Bastones rectos de brocoli,396.0,272.1,254.6,12.331,141
MC1037,False,3.0x400.0x300.0x283.65,Catálogo inicial,1037,Bastones clasicos,Bastones clasicos - Sigilo,Forma estable,Forma,Brocoli en rejilla,378.4,305.9,264.9,9.807,141
MC1038,False,3.0x400.0x274.08x291.1,Catálogo inicial,1038,Bastones clasicos,Bastones clasicos - Sigilo,Forma estable,Forma,Brocoli zigzag,406.2,252.6,290.7,11.801,141
MC1039,False,3.0x399.9x279.8x297.1,Caja creada en MC,1039,Bastones clasicos,Bastones clasicos - Sigilo,Estacional,Medio,Bastones rectos de brocoli,378.9,279.3,295.8,12.537,141
MC1040,False,3.0x373.5x311.9x210.7,Caja creada en MC,1040,Bastones clasicos,Bastones clasicos - Sigilo,Estacional,Grueso,Bastones rectos de brocoli,373.1,290.0,209.7,12.69,141
MC1041,False,3.0x399.0x281.4x210.9,Caja creada en MC,1041,Bastones clasicos,Bastones clasicos - Sigilo,Estacional,Medio,Bastones rectos de brocoli,399.8,278.8,197.9,12.43,141
MC1042,False,3.0x400.0x269.82x179.4,Catálogo inicial,1042,Snacks y aperitivos,Snacks y aperitivos - Queso,Co-produccion,Forma,Bocados de brocoli con queso cheddar,400.4,263.9,170.1,4.747,141
MC1043,False,3.0x400.0x300.0x233.65,Catálogo inicial,1043,Bastones clasicos,Bastones clasicos - Sigilo,Forma estable,Forma,Espirales de brocoli,371.4,289.1,243.4,12.652,141
MC1044,False,3.0x400.0x266.63x225.0,Catálogo inicial,1044,Bastones clasicos,Bastones clasicos - Sigilo,Estacional,Medio,Bastones rectos de brocoli,399.2,247.9,216.5,9.254,141
MC1045,False,3.0x373.2x309.4x177.8,Caja creada en MC,1045,Guarniciones,Guarniciones - Cubos,Forma estable,Forma,Cubos de brocoli,393.6,291.9,165.7,12.556,141
MC1046,False,3.0x412.8x311.9x186.6,Caja creada en MC,1046,Bastones clasicos,Bastones clasicos - Legumes Frites,Estacional,Medio,Bastones rectos de brocoli,394.9,305.9,178.3,12.04,141
MC1047,False,3.0x400.0x269.82x344.29,Catálogo inicial,1047,Bastones clasicos,Bastones clasicos - Reserva Privada,Estacional,Fino,Bastones rectos de brocoli,406.8,265.4,321.4,12.181,141
MC1048,False,3.0x400.0x300.0x219.82,Catálogo inicial,1048,Bastones clasicos,Bastones clasicos - Sigilo,Forma estable,Forma,Dippers de brocoli,389.9,287.0,220.3,11.381,141
MC1049,False,3.0x393.7x279.2x237.6,Caja creada en MC,1049,Bastones clasicos,Bastones clasicos - Legumes Frites,Forma estable,Forma,Brocoli zigzag,379.7,263.4,242.2,12.72,141
MC1050,False,3.0x400.0x300.0x179.4,Catálogo inicial,1050,Bastones clasicos,Bastones clasicos - Sigilo,Forma estable,Forma,Brocoli en rejilla,387.2,304.6,169.9,4.655,141
MC1051,False,3.0x400.0x300.0x225.0,Catálogo inicial,1051,Bastones clasicos,Bastones clasicos - Sigilo,Estacional,Fino,Bastones rectos de brocoli,394.8,285.2,220.8,13.085,141
MC1052,False,3.0x412.8x303.0x364.5,Caja creada en MC,1052,Bastones clasicos,Bastones clasicos - Sigilo,Forma estable,Forma,Brocoli zigzag,393.5,288.0,351.3,12.21,141
MC1053,False,3.0x400.0x266.63x225.0,Catálogo inicial,1053,Bastones clasicos,Bastones clasicos - Sigilo,Estacional,Medio,Bastones rectos de brocoli,383.2,249.5,233.3,11.495,141
MC1054,False,3.0x400.0x300.0x178.34,Catálogo inicial,1054,Bastones clasicos,Bastones clasicos - Mayordomo,Estacional,Medio,Bastones rectos de brocoli,378.8,291.1,174.6,10.516,141
MC1055,False,3.0x373.8x259.9x219.5,Caja creada en MC,1055,Bastones clasicos,Bastones clasicos - Reserva Privada,Estacional,Medio,Bastones rectos de brocoli,394.5,244.6,203.1,12.78,141
MC1056,False,3.0x400.0x240.0x269.82,Catálogo inicial,1056,Bastones clasicos,Bastones clasicos - Sigilo,Forma estable,Forma,Corte rustico de brocoli,392.2,243.2,249.5,12.315,141
MC1057,False,3.0x400.0x240.0x269.82,Catálogo inicial,1057,Bastones clasicos,Bastones clasicos - Sigilo,Forma estable,Forma,Espirales de brocoli,377.3,248.2,254.4,6.319,141
MC1058,False,3.0x369.8x268.8x176.7,Caja creada en MC,1058,Snacks y aperitivos,Snacks y aperitivos - Queso,Co-produccion,Forma,Bocados de brocoli con queso crema,375.6,247.6,170.5,5.092,141
MC1059,False,3.0x406.3x256.5x230.9,Caja creada en MC,1059,Guarniciones,Guarniciones - Legumes Croquetas,Forma estable,Forma,Croquetas de brocoli,401.7,240.3,230.6,11.312,141
MC1060,True,3.0x369.8x265.9x265.9,Caja nueva,1060,Bastones clasicos,Bastones clasicos - Sigilo,Forma estable,Forma,Espirales de brocoli,363.8,259.9,259.9,6.678,142
MC1061,False,3.0x373.5x311.9x210.7,Caja creada en MC,1061,Bastones clasicos,Bastones clasicos - Sigilo,Estacional,Grueso,Bastones rectos de brocoli,397.4,294.5,193.8,12.581,142
MC1062,False,3.0x373.7x257.7x226.6,Caja creada en MC,1062,Bastones clasicos,Bastones clasicos - Legumes Frites,Estacional,Corte steak,Bastones rectos de brocoli,374.5,253.5,212.9,9.789,142
MC1063,False,3.0x393.7x279.2x237.6,Caja creada en MC,1063,Bastones clasicos,Bastones clasicos - Sigilo,Estacional,Grueso,Bastones rectos de brocoli,401.1,275.5,221.3,13.205,142
MC1064,False,3.0x375.8x300.7x170.7,Caja creada en MC,1064,Bastones clasicos,Bastones clasicos - Legumes Frites,Estacional,Medio,Bastones rectos de brocoli,374.4,278.1,170.9,12.614,142
MC1065,False,3.0x400.0x300.0x163.44,Catálogo inicial,1065,Guarniciones,Guarniciones - Cubos,Forma estable,Forma,Cubos de brocoli,395.7,293.1,155.4,12.703,142
MC1066,False,3.0x400.0x269.82x252.8,Catálogo inicial,1066,Bastones clasicos,Bastones clasicos - Sigilo,Estacional,Fino,Bastones rectos de brocoli,388.3,259.6,252.9,12.576,142
MC1067,False,3.0x399.0x281.4x210.9,Caja creada en MC,1067,Bastones clasicos,Bastones clasicos - Sigilo,Estacional,Medio,Bastones rectos de brocoli,387.3,279.8,197.2,9.997,142
MC1068,False,3.0x400.0x277.27x254.93,Catálogo inicial,1068,Bastones clasicos,Bastones clasicos - Sigilo,Forma estable,Forma,Brocoli en rejilla,394.5,287.4,234.4,6.183,142
MC1069,False,3.0x400.0x300.0x269.82,Catálogo inicial,1069,Bastones clasicos,Bastones clasicos - Sigilo,Forma estable,Forma,Espirales de brocoli,380.6,304.9,250.7,9.712,142
MC1070,False,3.0x409.7x304.3x178.3,Caja creada en MC,1070,Bastones clasicos,Bastones clasicos - Legumes Frites,Estacional,Medio,Bastones rectos de brocoli,391.4,281.9,188.0,10.543,142
MC1071,False,3.0x400.0x240.0x212.38,Catálogo inicial,1071,Bastones clasicos,Bastones clasicos - Reserva Privada,Estacional,Medio,Bastones rectos de brocoli,371.6,242.8,208.8,12.604,142
MC1072,False,3.0x375.8x300.7x170.7,Caja creada en MC,1072,Bastones clasicos,Bastones clasicos - Legumes Frites,Estacional,Grueso,Bastones rectos de brocoli,383.4,280.5,161.6,13.116,142
MC1073,False,3.0x400.0x266.63x225.0,Catálogo inicial,1073,Bastones clasicos,Bastones clasicos - Sigilo,Forma estable,Forma,Brocoli en rejilla,403.9,255.7,211.7,4.436,142
MC1074,False,3.0x409.7x304.3x178.3,Caja creada en MC,1074,Bastones clasicos,Bastones clasicos - Legumes Frites,Estacional,Medio,Bastones rectos de brocoli,388.5,281.7,187.7,12.548,142
MC1075,False,3.0x400.0x274.08x199.61,Catálogo inicial,1075,Bastones clasicos,Bastones clasicos - Reserva Privada,Estacional,Medio,Bastones rectos de brocoli,406.8,254.8,195.8,12.784,142
MC1076,False,3.0x370.1x249.2x243.8,Caja creada en MC,1076,Bastones clasicos,Bastones clasicos - Reserva Privada,Estacional,Fino,Bastones rectos de brocoli,370.3,235.3,240.9,10.318,142
MC1077,False,3.0x400.0x240.0x233.65,Catálogo inicial,1077,Bastones clasicos,Bastones clasicos - Legumes Frites,Estacional,Medio,Bastones rectos de brocoli,376.7,247.6,224.1,10.828,142
MC1078,False,3.0x369.8x268.8x176.7,Caja creada en MC,1078,Snacks y aperitivos,Snacks y aperitivos - Queso,Co-produccion,Forma,Bocados de brocoli con mozzarella,381.3,253.9,167.7,5.055,142
MC1079,False,3.0x412.8x268.8x320.2,Caja creada en MC,1079,Bastones clasicos,Bastones clasicos - Sigilo,Estacional,Medio,Bastones rectos de brocoli,400.8,253.7,298.7,11.414,142
MC1080,False,3.0x399.0x281.4x210.9,Caja creada en MC,1080,Bastones clasicos,Bastones clasicos - Grado B,Estacional,Medio,Bastones rectos de brocoli,391.8,281.1,195.8,12.134,142
MC1081,False,3.0x400.0x240.0x252.8,Catálogo inicial,1081,Bastones clasicos,Bastones clasicos - Sigilo,Forma estable,Forma,Mix crujiente de brocoli,384.2,246.7,239.8,8.522,142
MC1082,False,3.0x375.1x267.5x241.0,Caja creada en MC,1082,Bastones clasicos,Bastones clasicos - Sigilo,Estacional,Medio,Bastones rectos de brocoli,370.1,248.5,232.9,11.331,142
MC1083,False,3.0x412.8x269.0x265.6,Caja creada en MC,1083,Guarniciones,Guarniciones - Tortitas,Forma estable,Forma,Tortitas de brocoli,402.0,261.8,259.2,12.64,142
MC1084,False,3.0x370.1x249.2x243.8,Caja creada en MC,1084,Bastones clasicos,Bastones clasicos - Sigilo,Estacional,Medio,Bastones rectos de brocoli,368.9,247.3,226.2,10.008,142
MC1085,False,3.0x412.2x275.7x228.2,Caja creada en MC,1085,Guarniciones,Guarniciones - Legumes Croquetas,Forma estable,Forma,Croquetas de brocoli,393.2,255.0,236.2,9.813,142
MC1086,False,3.0x412.8x303.5x182.8,Caja creada en MC,1086,Bastones clasicos,Bastones clasicos - Sigilo,Estacional,Grueso,Bastones rectos de brocoli,406.8,281.4,184.4,12.708,142
MC1087,False,3.0x400.0x274.08x225.0,Catálogo inicial,1087,Bastones clasicos,Bastones clasicos - Sigilo,Forma estable,Forma,Mix crujiente de brocoli,387.2,252.3,233.3,8.172,142
MC1088,False,3.0x400.0x300.0x178.34,Catálogo inicial,1088,Bastones clasicos,Bastones clasicos - Sigilo,Forma estable,Forma,Gajos de brocoli,394.8,291.2,167.2,9.784,142
MC1089,False,3.0x400.0x240.0x244.29,Catálogo inicial,1089,Bastones clasicos,Bastones clasicos - Reserva Privada,Forma estable,Forma,Gajos de brocoli,374.4,258.5,224.3,9.565,142
MC1090,True,3.0x372.9x300.2x347.9,Caja nueva,1090,Bastones clasicos,Bastones clasicos - Sigilo,Forma estable,Forma,Brocoli zigzag,366.9,294.2,341.9,12.974,143
MC1091,False,3.0x411.7x273.0x231.1,Caja creada en MC,1091,Bastones clasicos,Bastones clasicos - Sigilo,Forma estable,Forma,Corte rustico de brocoli,385.9,259.5,243.3,13.071,143
MC1092,False,3.0x402.9x251.9x285.6,Caja creada en MC,1092,Bastones clasicos,Bastones clasicos - Sigilo,Forma estable,Forma,Brocoli en rejilla,380.1,254.2,278.9,6.769,143
MC1093,False,3.0x400.0x300.0x150.0,Catálogo inicial,1093,Snacks y aperitivos,Snacks y aperitivos - Queso,Co-produccion,Forma,Bocados de brocoli con mozzarella,371.2,290.1,141.8,4.939,143
MC1094,False,3.0x412.8x309.7x274.4,Caja creada en MC,1094,Bastones clasicos,Bastones clasicos - Reserva Privada,Forma estable,Forma,Rodajas de brocoli,406.8,305.4,262.9,8.5,143
MC1095,False,3.0x412.5x311.9x206.7,Caja creada en MC,1095,Bastones clasicos,Bastones clasicos - Mayordomo,Estacional,Corte steak,Bastones rectos de brocoli,398.2,290.2,215.0,12.979,143
MC1096,False,3.0x400.0x274.08x225.0,Catálogo inicial,1096,Guarniciones,Guarniciones - Tortitas,Forma estable,Forma,Tortitas de brocoli,387.4,279.6,209.1,11.179,143
MC1097,False,3.0x400.0x300.0x199.61,Catálogo inicial,1097,Bastones clasicos,Bastones clasicos - Sigilo,Estacional,Medio,Bastones rectos de brocoli,382.4,287.6,203.6,12.623,143
MC1098,False,3.0x412.8x309.7x274.4,Caja creada en MC,1098,Bastones clasicos,Bastones clasicos - Sigilo,Estacional,Grueso,Bastones rectos de brocoli,384.0,289.6,291.1,12.753,143
MC1099,False,3.0x399.0x281.4x210.9,Caja creada en MC,1099,Bastones clasicos,Bastones clasicos - Cielo,Estacional,Medio,Bastones rectos de brocoli,397.2,278.9,197.7,12.66,143
MC1100,False,3.0x400.0x266.63x225.0,Catálogo inicial,1100,Bastones clasicos,Bastones clasicos - Legumes Frites Salados,Estacional,Medio,Bastones rectos de brocoli,392.6,254.4,213.5,12.093,143
MC1101,False,3.0x400.4x278.8x230.1,Caja creada en MC,1101,Bastones clasicos,Bastones clasicos - Legumes Frites,Estacional,Medio,Bastones rectos de brocoli,394.2,287.2,211.4,12.738,143
MC1102,False,3.0x373.3x289.8x197.7,Caja creada en MC,1102,Bastones clasicos,Bastones clasicos - Grado B,Estacional,Medio,Bastones rectos de brocoli,383.7,267.0,193.2,13.017,143
MC1103,False,3.0x400.0x269.82x179.4,Catálogo inicial,1103,Bastones clasicos,Bastones clasicos - Sigilo,Estacional,Grueso,Bastones rectos de brocoli,384.0,286.1,163.5,13.112,143
MC1104,False,3.0x400.0x300.0x238.97,Catálogo inicial,1104,Bastones clasicos,Bastones clasicos - Sigilo,Forma estable,Forma,Espirales de brocoli,378.3,294.6,240.0,9.957,143
MC1105,False,3.0x369.8x292.4x287.4,Caja creada en MC,1105,Bastones clasicos,Bastones clasicos - Sigilo,Forma estable,Forma,Espirales de brocoli,371.6,294.6,266.2,11.982,143
MC1106,False,3.0x400.0x300.0x210.25,Catálogo inicial,1106,Bastones clasicos,Bastones clasicos - Legumes Frites,Estacional,Fino,Bastones rectos de brocoli,383.0,298.1,202.7,12.574,143
MC1107,False,3.0x400.0x266.63x225.0,Catálogo inicial,1107,Bastones clasicos,Bastones clasicos - Grado B,Estacional,Medio,Bastones rectos de brocoli,393.7,245.7,230.5,13.302,143
MC1108,False,3.0x400.0x286.85x188.97,Catálogo inicial,1108,Bastones clasicos,Bastones clasicos - Sigilo,Forma estable,Forma,Gajos de brocoli,373.0,280.9,192.7,12.174,143
MC1109,False,3.0x400.0x240.0x223.02,Catálogo inicial,1109,Bastones clasicos,Bastones clasicos - Legumes Frites,Estacional,Medio,Bastones rectos de brocoli,392.6,235.0,216.6,12.478,143
MC1110,False,3.0x412.8x268.8x320.2,Caja creada en MC,1110,Bastones clasicos,Bastones clasicos - Sigilo,Estacional,Fino,Bastones rectos de brocoli,385.6,251.3,309.5,13.03,143
MC1111,False,3.0x373.8x259.9x219.5,Caja creada en MC,1111,Bastones clasicos,Bastones clasicos - Reserva Privada,Estacional,Corte steak,Bastones rectos de brocoli,363.8,245.1,211.2,12.731,143
MC1112,False,3.0x400.0x300.0x247.48,Catálogo inicial,1112,Bastones clasicos,Bastones clasicos - Sigilo,Forma estable,Forma,Espirales de brocoli,384.2,291.5,248.7,6.984,143
MC1113,False,3.0x412.8x303.0x364.5,Caja creada en MC,1113,Bastones clasicos,Bastones clasicos - Sigilo,Forma estable,Forma,Espirales de brocoli,399.8,305.8,343.4,11.736,143
MC1114,False,3.0x408.5x254.6x267.4,Caja creada en MC,1114,Bastones clasicos,Bastones clasicos - Sigilo,Forma estable,Forma,Espirales de brocoli,397.6,261.6,247.5,6.307,143
MC1115,False,3.0x400.0x274.08x225.0,Catálogo inicial,1115,Bastones extra crocantes,Bastones extra crocantes - Muy Crocantes,Estacional,Medio,Bastones rectos de brocoli,379.4,255.6,237.6,12.959,143
MC1116,False,3.0x405.7x249.9x213.0,Caja creada en MC,1116,Bastones clasicos,Bastones clasicos - Reserva Privada,Estacional,Medio,Bastones rectos de brocoli,394.9,252.2,197.3,12.052,143
MC1117,False,3.0x400.0x286.85x326.21,Catálogo inicial,1117,Bastones clasicos,Bastones clasicos - Reserva Privada,Estacional,Fino,Bastones rectos de brocoli,406.8,272.1,319.4,12.426,143
MC1118,False,3.0x400.0x300.0x247.48,Catálogo inicial,1118,Bastones clasicos,Bastones clasicos - Reserva Privada,Estacional,Medio,Bastones rectos de brocoli,395.0,285.8,247.4,12.475,143
MC1119,False,3.0x373.3x289.8x197.7,Caja creada en MC,1119,Bastones clasicos,Bastones clasicos - Reserva Privada,Estacional,Grueso,Bastones rectos de brocoli,382.9,277.0,183.2,12.888,143
MC1120,False,3.0x400.0x274.08x293.23,Catálogo inicial,1120,Bastones clasicos,Bastones clasicos - Sigilo,Forma estable,Forma,Brocoli en rejilla,380.6,271.3,292.1,12.73,143
MC1121,False,3.0x400.0x277.27x179.4,Catálogo inicial,1121,Bastones clasicos,Bastones clasicos - Legumes Frites,Estacional,Medio,Bastones rectos de brocoli,376.7,282.2,171.9,12.671,143
MC1122,False,3.0x400.0x300.0x269.82,Catálogo inicial,1122,Guarniciones,Guarniciones - Tortitas,Forma estable,Forma,Tortitas de brocoli,400.5,302.7,249.8,8.644,143
MC1123,False,3.0x406.3x311.9x205.6,Caja creada en MC,1123,Bastones clasicos,Bastones clasicos - Legumes Frites,Estacional,Fino,Bastones rectos de brocoli,388.3,305.5,202.3,12.956,143
MC1124,False,3.0x400.0x274.08x225.0,Catálogo inicial,1124,Guarniciones,Guarniciones - Legumes Croquetas,Forma estable,Forma,Croquetas de brocoli,387.2,252.5,235.5,10.928,143
MC1125,False,3.0x373.8x259.9x219.5,Caja creada en MC,1125,Bastones clasicos,Bastones clasicos - Sigilo,Forma estable,Forma,Dippers de brocoli,394.6,249.1,201.9,6.635,143
MC1126,False,3.0x400.0x240.0x244.29,Catálogo inicial,1126,Bastones clasicos,Bastones clasicos - Legumes Frites,Forma estable,Forma,Brocoli zigzag,389.3,243.0,224.5,9.779,143
MC1127,False,3.0x400.0x300.0x199.61,Catálogo inicial,1127,Bastones clasicos,Bastones clasicos - Sigilo,Estacional,Medio,Bastones rectos de brocoli,389.1,292.8,196.7,12.013,143
MC1128,False,3.0x412.8x262.5x262.0,Caja creada en MC,1128,Guarniciones,Guarniciones - Tortitas,Forma estable,Forma,Tortitas de brocoli,402.3,241.5,273.1,12.261,143
MC1129,False,3.0x400.0x300.0x178.34,Catálogo inicial,1129,Bastones clasicos,Bastones clasicos - Sigilo,Forma estable,Forma,Gajos de brocoli,398.1,292.8,168.9,9.687,143
MC1130,False,3.0x400.0x300.0x219.82,Catálogo inicial,1130,Bastones clasicos,Bastones clasicos - Sigilo,Forma estable,Forma,Dippers de brocoli,376.7,293.0,223.2,8.61,143
MC1131,False,3.0x374.7x299.5x214.6,Caja creada en MC,1131,Bastones clasicos,Bastones clasicos - Legumes Frites,Estacional,Fino,Bastones rectos de brocoli,363.8,285.7,216.3,10.995,143
MC1132,False,3.0x411.7x273.0x231.1,Caja creada en MC,1132,Bastones clasicos,Bastones clasicos - Sigilo,Estacional,Medio,Bastones rectos de brocoli,406.8,253.3,234.7,13.167,143
MC1133,False,3.0x400.0x240.0x261.31,Catálogo inicial,1133,Bastones clasicos,Bastones clasicos - Reserva Privada,Estacional,Fino,Bastones rectos de brocoli,385.9,252.2,241.6,12.968,143
MC1134,False,3.0x373.8x259.9x219.5,Caja creada en MC,1134,Bastones clasicos,Bastones clasicos - Legumes Frites Salados,Estacional,Medio,Bastones rectos de brocoli,372.8,256.3,204.6,12.44,143
MC1135,False,3.0x400.0x291.1x174.08,Catálogo inicial,1135,Bastones clasicos,Bastones clasicos - Mayordomo,Estacional,Medio,Bastones rectos de brocoli,377.7,279.3,176.0,12.047,143
MC1136,False,3.0x376.3x311.9x289.9,Caja creada en MC,1136,Bastones clasicos,Bastones clasicos - Legumes Frites,Estacional,Fino,Bastones rectos de brocoli,388.8,297.7,274.6,13.002,143
MC1137,False,3.0x400.0x300.0x199.61,Catálogo inicial,1137,Bastones clasicos,Bastones clasicos - Sigilo,Forma estable,Forma,Corte rustico de brocoli,382.8,283.0,205.9,12.482,143
MC1138,False,3.0x400.0x300.0x178.34,Catálogo inicial,1138,Bastones clasicos,Bastones clasicos - Sigilo,Estacional,Medio,Bastones rectos de brocoli,378.1,290.6,179.9,11.853,143
MC1139,False,3.0x393.8x256.0x196.6,Caja creada en MC,1139,Bastones clasicos,Bastones clasicos - Sigilo,Estacional,Fino,Bastones rectos de brocoli,406.8,236.5,182.6,6.894,143
MC1140,False,3.0x400.0x300.0x269.82,Catálogo inicial,1140,Bastones clasicos,Bastones clasicos - Sigilo,Estacional,Grueso,Bastones rectos de brocoli,382.6,305.9,257.6,13.4,143
MC1141,False,3.0x400.0x274.08x293.23,Catálogo inicial,1141,Bastones clasicos,Bastones clasicos - Reserva Privada,Estacional,Fino,Bastones rectos de brocoli,370.9,294.4,276.4,11.59,143
MC1142,False,3.0x400.0x300.0x178.34,Catálogo inicial,1142,Bastones clasicos,Bastones clasicos - Sigilo,Forma estable,Forma,Gajos de brocoli,393.5,292.3,168.3,12.191,143
MC1143,False,3.0x412.8x258.5x211.6,Caja creada en MC,1143,Bastones clasicos,Bastones clasicos - Sigilo,Forma estable,Forma,Dippers de brocoli,397.6,259.3,202.3,6.478,143
MC1144,False,3.0x411.0x305.1x232.5,Caja creada en MC,1144,Bastones clasicos,Bastones clasicos - Sigilo,Forma estable,Forma,Brocoli en rejilla,391.7,290.8,237.5,6.643,143
MC1145,False,3.0x400.0x300.0x233.65,Catálogo inicial,1145,Bastones extra crocantes,Bastones extra crocantes - Muy Crocantes,Estacional,Fino,Bastones rectos de brocoli,396.6,280.5,230.0,12.307,143
MC1146,False,3.0x400.0x267.7x150.0,Catálogo inicial,1146,Bastones clasicos,Bastones clasicos - Sigilo,Forma estable,Forma,Dippers de brocoli,395.3,259.2,144.9,4.388,143
MC1147,False,3.0x400.0x240.0x206.0,Catálogo inicial,1147,Guarniciones,Guarniciones - Cubos,Forma estable,Forma,Cubos de brocoli,388.6,242.0,191.5,12.773,143
MC1148,False,3.0x412.8x309.7x274.4,Caja creada en MC,1148,Bastones clasicos,Bastones clasicos - Sigilo,Forma estable,Forma,Espirales de brocoli,391.9,290.6,287.0,7.888,143
MC1149,True,3.0x401.7x311.9x241.3,Caja nueva,1149,Bastones clasicos,Bastones clasicos - Sigilo,Forma estable,Forma,Espirales de brocoli,395.7,305.9,235.3,9.909,144
MC1150,False,3.0x400.0x300.0x178.34,Catálogo inicial,1150,Bastones clasicos,Bastones clasicos - Sigilo,Estacional,Medio,Bastones rectos de brocoli,389.3,296.4,168.1,12.083,144
MC1151,False,3.0x400.0x300.0x199.61,Catálogo inicial,1151,Bastones clasicos,Bastones clasicos - Sigilo,Forma estable,Forma,Espirales de brocoli,397.5,289.7,191.2,5.277,144
MC1152,False,3.0x400.0x300.0x247.48,Catálogo inicial,1152,Brocoli especial,Brocoli especial - Bastones Especiales,Estacional,Corte steak,Bastones rectos de brocoli,404.2,285.6,241.8,12.783,144
MC1153,False,3.0x400.0x269.82x252.8,Catálogo inicial,1153,Bastones clasicos,Bastones clasicos - Grado B,Estacional,Medio,Bastones rectos de brocoli,399.5,250.1,243.8,12.595,144
MC1154,False,3.0x412.8x309.5x262.5,Caja creada en MC,1154,Bastones clasicos,Bastones clasicos - Sigilo,Forma estable,Forma,Espirales de brocoli,395.5,302.5,257.5,10.02,144
MC1155,False,3.0x412.8x268.8x320.2,Caja creada en MC,1155,Bastones clasicos,Bastones clasicos - Reserva Privada,Estacional,Fino,Bastones rectos de brocoli,385.4,256.1,339.3,12.3,144
MC1156,False,3.0x375.1x267.5x241.0,Caja creada en MC,1156,Bastones clasicos,Bastones clasicos - Legumes Frites,Forma estable,Forma,Brocoli zigzag,380.8,254.7,233.1,12.202,144
MC1157,False,3.0x400.0x300.0x257.14,Catálogo inicial,1157,Bastones clasicos,Bastones clasicos - Sigilo,Forma estable,Forma,Espirales de brocoli,394.7,302.6,242.9,10.148,144
MC1158,False,3.0x400.0x300.0x210.25,Catálogo inicial,1158,Bastones clasicos,Bastones clasicos - Sigilo,Forma estable,Forma,Dippers de brocoli,388.2,285.2,204.7,11.929,144
MC1159,False,3.0x400.0x300.0x233.65,Catálogo inicial,1159,Bastones clasicos,Bastones clasicos - Reserva Privada,Estacional,Fino,Bastones rectos de brocoli,405.2,290.5,220.0,12.969,144
MC1160,False,3.0x400.0x240.0x250.68,Catálogo inicial,1160,Snacks y aperitivos,Snacks y aperitivos - Base Brocoli,Forma estable,Forma,Bocaditos inflados de brocoli,372.1,242.8,248.6,11.436,144
MC1161,False,3.0x400.0x300.0x178.34,Catálogo inicial,1161,Bastones clasicos,Bastones clasicos - Reserva Privada,Estacional,Grueso,Bastones rectos de brocoli,392.9,286.2,175.5,12.823,144
MC1162,False,3.0x400.0x240.0x244.29,Catálogo inicial,1162,Bastones clasicos,Bastones clasicos - Sigilo,Estacional,Fino,Bastones rectos de brocoli,395.3,240.7,227.6,9.549,144
MC1163,False,3.0x412.8x272.2x150.8,Caja creada en MC,1163,Bastones clasicos,Bastones clasicos - Sigilo,Forma estable,Forma,Dippers de brocoli,394.2,262.8,147.4,4.39,144
MC1164,False,3.0x400.0x300.0x178.34,Catálogo inicial,1164,Bastones clasicos,Bastones clasicos - Legumes Frites,Estacional,Grueso,Bastones rectos de brocoli,406.8,279.4,169.9,9.689,144
MC1165,False,3.0x400.0x199.61x150.0,Catálogo inicial,1165,Guarniciones,Guarniciones - Legumes Croquetas,Forma estable,Forma,Rosti de brocoli,370.7,183.9,156.1,4.806,144
MC1166,False,3.0x412.8x306.8x148.6,Caja creada en MC,1166,Bastones clasicos,Bastones clasicos - Sigilo,Forma estable,Forma,Gajos de brocoli,389.8,285.4,156.8,9.469,144
MC1167,False,3.0x400.0x266.63x225.0,Catálogo inicial,1167,Guarniciones,Guarniciones - Tortitas,Forma estable,Forma,Rosti de brocoli,373.8,276.0,215.7,11.213,144
MC1168,False,3.0x400.0x266.63x225.0,Catálogo inicial,1168,Bastones clasicos,Bastones clasicos - Reserva Privada,Estacional,Medio,Bastones rectos de brocoli,388.9,250.3,223.9,12.744,144
MC1169,False,3.0x400.0x300.0x233.65,Catálogo inicial,1169,Bastones clasicos,Bastones clasicos - Grado B,Estacional,Fino,Bastones rectos de brocoli,388.9,297.9,221.7,12.106,144
MC1170,False,3.0x401.7x311.9x241.3,Caja creada en MC,1170,Bastones clasicos,Bastones clasicos - Sigilo,Forma estable,Forma,Espirales de brocoli,405.0,297.8,234.4,9.948,144
MC1171,False,3.0x400.0x240.0x336.85,Catálogo inicial,1171,Bastones clasicos,Bastones clasicos - Sigilo,Estacional,Fino,Bastones rectos de brocoli,388.7,247.3,316.7,12.67,144
MC1172,False,3.0x400.0x300.0x163.44,Catálogo inicial,1172,Snacks y aperitivos,Snacks y aperitivos - Queso,Co-produccion,Forma,Bocados de brocoli con mozzarella,402.7,290.6,150.3,5.226,144
MC1173,False,3.0x400.0x269.82x179.4,Catálogo inicial,1173,Snacks y aperitivos,Snacks y aperitivos - Queso,Co-produccion,Forma,Bocados de brocoli con queso crema,391.9,253.9,176.4,5.085,144
MC1174,False,3.0x411.0x305.1x232.5,Caja creada en MC,1174,Bastones clasicos,Bastones clasicos - Sigilo,Estacional,Grueso,Bastones rectos de brocoli,391.1,305.9,226.4,11.607,144
MC1175,False,3.0x400.0x300.0x300.0,Catálogo inicial,1175,Bastones clasicos,Bastones clasicos - Reserva Privada,Estacional,Fino,Bastones rectos de brocoli,406.8,284.4,281.7,12.679,144
MC1176,False,3.0x400.0x300.0x269.82,Catálogo inicial,1176,Bastones clasicos,Bastones clasicos - Legumes Frites,Estacional,Fino,Bastones rectos de brocoli,392.6,284.7,272.6,12.867,144
MC1177,False,3.0x400.0x300.0x300.0,Catálogo inicial,1177,Bastones clasicos,Bastones clasicos - Sigilo,Forma estable,Forma,Brocoli en rejilla,386.5,305.9,288.0,6.249,144
MC1178,False,3.0x400.0x240.0x233.65,Catálogo inicial,1178,Bastones clasicos,Bastones clasicos - Reserva Privada,Estacional,Medio,Bastones rectos de brocoli,384.8,240.9,221.0,12.454,144
MC1179,False,3.0x400.0x274.08x293.23,Catálogo inicial,1179,Bastones clasicos,Bastones clasicos - Sigilo,Forma estable,Forma,Brocoli en rejilla,377.0,288.8,278.6,9.739,144
MC1180,False,3.0x400.0x300.0x300.0,Catálogo inicial,1180,Bastones clasicos,Bastones clasicos - Reserva Privada,Estacional,Fino,Bastones rectos de brocoli,396.8,303.1,282.1,12.409,144
MC1181,False,3.0x400.0x269.82x179.4,Catálogo inicial,1181,Bastones clasicos,Bastones clasicos - Sigilo,Forma estable,Forma,Gajos de brocoli,388.7,254.1,182.0,12.666,144
MC1182,False,3.0x400.0x300.0x283.65,Catálogo inicial,1182,Bastones clasicos,Bastones clasicos - Sigilo,Forma estable,Forma,Espirales de brocoli,396.5,280.6,285.6,8.152,144
MC1183,False,3.0x411.7x273.0x231.1,Caja creada en MC,1183,Bastones clasicos,Bastones clasicos - Sigilo,Forma estable,Forma,Corte rustico de brocoli,392.3,252.0,240.3,12.647,144
MC1184,False,3.0x400.0x269.82x179.4,Catálogo inicial,1184,Snacks y aperitivos,Snacks y aperitivos - Queso,Co-produccion,Forma,Bocados de brocoli con queso cheddar,401.6,260.9,164.0,4.973,144
MC1185,False,3.0x400.0x300.0x257.14,Catálogo inicial,1185,Bastones clasicos,Bastones clasicos - Sigilo,Estacional,Grueso,Bastones rectos de brocoli,385.0,299.3,250.8,15.891,144
MC1186,False,3.0x373.3x266.4x221.4,Caja creada en MC,1186,Bastones clasicos,Bastones clasicos - Reserva Privada,Forma estable,Forma,Gajos de brocoli,367.7,245.7,226.6,10.071,144
MC1187,True,3.0x403.7x264.6x353.5,Caja nueva,1187,Bastones clasicos,Bastones clasicos - Reserva Privada,Estacional,Fino,Bastones rectos de brocoli,397.7,258.6,347.5,12.631,145
MC1188,False,3.0x408.5x254.6x267.4,Caja creada en MC,1188,Bastones clasicos,Bastones clasicos - Sigilo,Forma estable,Forma,Dippers de brocoli,389.9,243.8,268.9,12.118,145
MC1189,False,3.0x412.8x311.3x229.1,Caja creada en MC,1189,Bastones clasicos,Bastones clasicos - Sigilo,Estacional,Grueso,Bastones rectos de brocoli,398.9,299.2,212.8,11.185,145
MC1190,False,3.0x400.0x269.82x179.4,Catálogo inicial,1190,Snacks y aperitivos,Snacks y aperitivos - Queso,Co-produccion,Forma,Bocados de brocoli con queso cheddar,383.5,265.2,166.2,4.739,145
MC1191,False,3.0x412.8x311.3x229.1,Caja creada en MC,1191,Bastones clasicos,Bastones clasicos - Sigilo,Forma estable,Forma,Espirales de brocoli,403.0,305.3,212.2,6.507,145
MC1192,False,3.0x400.0x291.1x174.08,Catálogo inicial,1192,Bastones clasicos,Bastones clasicos - Sigilo,Estacional,Grueso,Bastones rectos de brocoli,379.3,291.9,168.9,9.692,145
MC1193,True,3.0x386.0x280.6x151.2,Caja nueva,1193,Bastones clasicos,Bastones clasicos - Sigilo,Estacional,Medio,Bastones rectos de brocoli,380.0,274.6,145.2,6.388,146
MC1194,False,3.0x400.0x240.0x206.0,Catálogo inicial,1194,Bastones clasicos,Bastones clasicos - Sigilo,Forma estable,Forma,Brocoli en rejilla,381.9,244.8,195.2,4.714,146
MC1195,False,3.0x400.0x286.85x195.36,Catálogo inicial,1195,Bastones clasicos,Bastones clasicos - Legumes Frites,Estacional,Medio,Bastones rectos de brocoli,401.1,290.6,179.4,12.066,146
MC1196,False,3.0x400.0x240.0x212.38,Catálogo inicial,1196,Bastones clasicos,Bastones clasicos - Legumes Frites,Estacional,Medio,Bastones rectos de brocoli,386.2,236.1,204.0,8.935,146
MC1197,False,3.0x412.8x303.5x182.8,Caja creada en MC,1197,Bastones clasicos,Bastones clasicos - Sigilo,Forma estable,Forma,Dippers de brocoli,393.0,284.1,187.7,5.861,146
MC1198,False,3.0x376.2x309.0x189.7,Caja creada en MC,1198,Bastones clasicos,Bastones clasicos - Sigilo,Estacional,Grueso,Bastones rectos de brocoli,400.4,288.6,176.9,12.904,146
MC1199,False,3.0x405.7x249.9x213.0,Caja creada en MC,1199,Guarniciones,Guarniciones - Cubos,Forma estable,Forma,Cubos de brocoli,406.8,246.3,197.9,10.99,146
MC1200,False,3.0x399.0x281.4x210.9,Caja creada en MC,1200,Bastones clasicos,Bastones clasicos - Sigilo,Estacional,Grueso,Bastones rectos de brocoli,374.7,286.9,206.1,13.282,146
MC1201,False,3.0x400.0x277.27x179.4,Catálogo inicial,1201,Bastones clasicos,Bastones clasicos - Legumes Frites,Estacional,Corte steak,Bastones rectos de brocoli,379.4,287.2,168.7,11.989,146
MC1202,False,3.0x400.0x240.0x282.59,Catálogo inicial,1202,Bastones clasicos,Bastones clasicos - Sigilo,Forma estable,Forma,Dippers de brocoli,375.9,251.7,268.8,12.346,146
MC1203,False,3.0x400.0x240.0x269.82,Catálogo inicial,1203,Bastones clasicos,Bastones clasicos - Reserva Privada,Estacional,Fino,Bastones rectos de brocoli,373.2,255.9,253.7,12.242,146
MC1204,False,3.0x375.8x300.7x170.7,Caja creada en MC,1204,Bastones clasicos,Bastones clasicos - Sigilo,Forma estable,Forma,Gajos de brocoli,375.5,293.2,154.9,9.54,146
MC1205,False,3.0x400.0x269.82x252.8,Catálogo inicial,1205,Bastones clasicos,Bastones clasicos - Grado B,Estacional,Fino,Bastones rectos de brocoli,389.5,255.6,247.6,12.378,146
MC1206,False,3.0x375.8x300.7x170.7,Caja creada en MC,1206,Bastones clasicos,Bastones clasicos - Sigilo,Forma estable,Forma,Brocoli zigzag,380.6,289.4,157.1,6.729,146
MC1207,False,3.0x400.0x274.08x291.1,Catálogo inicial,1207,Bastones clasicos,Bastones clasicos - Sigilo,Estacional,Medio,Bastones rectos de brocoli,382.8,272.0,284.9,12.682,146
MC1208,False,3.0x400.0x291.1x360.0,Catálogo inicial,1208,Bastones clasicos,Bastones clasicos - Sigilo,Forma estable,Forma,Brocoli en rejilla,388.6,283.6,350.6,11.554,146
MC1209,False,3.0x412.8x268.8x320.2,Caja creada en MC,1209,Bastones clasicos,Bastones clasicos - Sigilo,Forma estable,Forma,Brocoli en rejilla,391.6,289.5,296.0,12.244,146
MC1210,False,3.0x400.0x240.0x217.7,Catálogo inicial,1210,Bastones clasicos,Bastones clasicos - Legumes Frites,Estacional,Medio,Bastones rectos de brocoli,388.8,250.5,199.2,12.44,146
MC1211,False,3.0x400.0x240.0x212.38,Catálogo inicial,1211,Bastones clasicos,Bastones clasicos - Sigilo,Forma estable,Forma,Brocoli en rejilla,389.9,232.4,206.5,6.71,146
MC1212,False,3.0x376.3x311.9x289.9,Caja creada en MC,1212,Bastones clasicos,Bastones clasicos - Sigilo,Estacional,Medio,Bastones rectos de brocoli,390.6,289.0,281.5,13.189,146
MC1213,False,3.0x412.8x311.9x186.6,Caja creada en MC,1213,Bastones clasicos,Bastones clasicos - Reserva Privada,Estacional,Grueso,Bastones rectos de brocoli,406.8,296.3,179.2,12.587,146
MC1214,False,3.0x400.0x300.0x163.44,Catálogo inicial,1214,Bastones clasicos,Bastones clasicos - Mayordomo,Estacional,Grueso,Bastones rectos de brocoli,388.7,286.7,163.0,11.895,146
MC1215,False,3.0x373.7x257.7x226.6,Caja creada en MC,1215,Bastones clasicos,Bastones clasicos - Legumes Frites,Estacional,Medio,Bastones rectos de brocoli,363.8,241.3,230.7,13.163,146
MC1216,False,3.0x409.7x304.3x178.3,Caja creada en MC,1216,Bastones clasicos,Bastones clasicos - Sigilo,Estacional,Forma,Bastones rectos de brocoli,383.1,305.9,176.0,5.59,146
MC1217,False,3.0x398.7x245.9x308.2,Caja creada en MC,1217,Snacks y aperitivos,Snacks y aperitivos - Aros y Vegetales,Co-produccion,Forma,Aros de brocoli,372.5,254.8,299.8,4.981,146
MC1218,False,3.0x400.0x274.08x225.0,Catálogo inicial,1218,Bastones clasicos,Bastones clasicos - Sigilo,Estacional,Medio,Bastones rectos de brocoli,393.2,257.9,224.8,12.045,146
MC1219,False,3.0x373.5x311.9x210.7,Caja creada en MC,1219,Bastones clasicos,Bastones clasicos - Sigilo,Forma estable,Forma,Mix crujiente de brocoli,384.6,289.4,205.4,13.159,146
MC1220,False,3.0x375.8x300.7x170.7,Caja creada en MC,1220,Bastones clasicos,Bastones clasicos - Sigilo,Forma estable,Forma,Gajos de brocoli,382.5,284.8,164.3,9.437,146
MC1221,False,3.0x412.8x258.5x211.6,Caja creada en MC,1221,Guarniciones,Guarniciones - Cubos,Forma estable,Forma,Cubos de brocoli,406.8,249.4,193.5,12.748,146
MC1222,False,3.0x412.8x303.5x182.8,Caja creada en MC,1222,Guarniciones,Guarniciones - Otros,Estacional,Medio,Bastones rectos de brocoli,392.4,304.2,177.8,12.575,146
MC1223,False,3.0x412.8x309.7x274.4,Caja creada en MC,1223,Bastones clasicos,Bastones clasicos - Sigilo,Forma estable,Forma,Brocoli en rejilla,394.4,294.6,281.5,9.926,146
MC1224,False,3.0x400.0x269.82x179.4,Catálogo inicial,1224,Snacks y aperitivos,Snacks y aperitivos - Queso,Co-produccion,Forma,Bocados de brocoli con queso cheddar,382.0,261.3,172.3,5.256,146
MC1225,False,3.0x400.0x240.0x244.29,Catálogo inicial,1225,Bastones clasicos,Bastones clasicos - Sigilo,Estacional,Medio,Bastones rectos de brocoli,371.5,252.3,224.7,12.711,146
MC1226,False,3.0x372.3x265.2x152.3,Caja creada en MC,1226,Guarniciones,Guarniciones - Legumes Croquetas,Forma estable,Forma,Rosti de brocoli,380.4,244.4,143.0,4.916,146
MC1227,False,3.0x400.0x269.82x252.8,Catálogo inicial,1227,Bastones clasicos,Bastones clasicos - Sigilo,Forma estable,Forma,Dippers de brocoli,385.0,257.5,249.5,12.915,146
MC1228,False,3.0x369.8x290.5x165.9,Caja creada en MC,1228,Guarniciones,Guarniciones - Cubos,Forma estable,Forma,Cubos de brocoli,364.5,278.8,161.3,12.263,146
MC1229,False,3.0x376.3x311.9x289.9,Caja creada en MC,1229,Bastones clasicos,Bastones clasicos - Sigilo,Forma estable,Forma,Brocoli zigzag,383.9,288.4,285.1,13.064,146
MC1230,False,3.0x400.0x269.82x344.29,Catálogo inicial,1230,Bastones clasicos,Bastones clasicos - Sigilo,Estacional,Medio,Bastones rectos de brocoli,391.2,277.6,321.3,12.015,146
MC1231,False,3.0x370.7x292.0x270.1,Caja creada en MC,1231,Snacks y aperitivos,Snacks y aperitivos - Aros y Vegetales,Co-produccion,Forma,Aros de brocoli,390.5,278.8,251.2,4.845,146
MC1232,False,3.0x400.0x266.63x225.0,Catálogo inicial,1232,Bastones clasicos,Bastones clasicos - Sigilo,Estacional,Medio,Bastones rectos de brocoli,373.7,250.4,235.0,12.519,146
MC1233,False,3.0x400.0x269.82x179.4,Catálogo inicial,1233,Bastones clasicos,Bastones clasicos - Legumes Frites,Estacional,Medio,Bastones rectos de brocoli,373.8,275.2,170.3,12.638,146
MC1234,False,3.0x373.3x289.8x197.7,Caja creada en MC,1234,Bastones clasicos,Bastones clasicos - Sigilo,Estacional,Medio,Bastones rectos de brocoli,385.9,270.8,189.2,11.862,146
MC1235,False,3.0x376.2x309.0x189.7,Caja creada en MC,1235,Bastones clasicos,Bastones clasicos - Reserva Privada,Estacional,Corte steak,Bastones rectos de brocoli,392.1,300.8,173.8,12.686,146
MC1236,False,3.0x400.0x300.0x178.34,Catálogo inicial,1236,Bastones clasicos,Bastones clasicos - Sigilo,Forma estable,Forma,Gajos de brocoli,395.0,305.9,163.0,9.51,146
MC1237,False,3.0x400.0x266.63x225.0,Catálogo inicial,1237,Bastones clasicos,Bastones clasicos - Reserva Privada,Forma estable,Forma,Gajos de brocoli,392.3,262.5,217.6,12.98,146
MC1238,False,3.0x400.0x286.85x188.97,Catálogo inicial,1238,Bastones clasicos,Bastones clasicos - Reserva Privada,Forma estable,Forma,Gajos de brocoli,376.6,279.8,192.1,12.863,146
MC1239,False,3.0x371.5x300.0x317.4,Caja creada en MC,1239,Bastones clasicos,Bastones clasicos - Sigilo,Estacional,Grueso,Bastones rectos de brocoli,380.7,286.1,300.2,12.562,146
MC1240,False,3.0x412.8x303.5x182.8,Caja creada en MC,1240,Bastones clasicos,Bastones clasicos - Sigilo,Estacional,Forma,Bastones rectos de brocoli,400.2,303.9,173.9,5.513,146
MC1241,False,3.0x412.8x269.0x265.6,Caja creada en MC,1241,Bastones clasicos,Bastones clasicos - Sigilo,Forma estable,Forma,Brocoli en rejilla,390.0,256.3,276.2,6.321,146
MC1242,False,3.0x400.0x300.0x283.65,Catálogo inicial,1242,Bastones clasicos,Bastones clasicos - Sigilo,Forma estable,Forma,Brocoli en rejilla,381.0,283.1,297.4,12.976,146
MC1243,False,3.0x412.2x275.7x228.2,Caja creada en MC,1243,Bastones extra crocantes,Bastones extra crocantes - Muy Crocantes,Estacional,Medio,Bastones rectos de brocoli,402.3,255.3,230.6,12.5,146
MC1244,False,3.0x400.0x300.0x199.61,Catálogo inicial,1244,Bastones clasicos,Bastones clasicos - Sigilo,Estacional,Medio,Bastones rectos de brocoli,397.3,288.6,190.7,12.443,146
MC1245,False,3.0x408.5x254.6x267.4,Caja creada en MC,1245,Bastones clasicos,Bastones clasicos - Sigilo,Forma estable,Forma,Dippers de brocoli,397.8,252.1,260.5,12.722,146
MC1246,False,3.0x412.8x309.5x262.5,Caja creada en MC,1246,Bastones clasicos,Bastones clasicos - Sigilo,Forma estable,Forma,Espirales de brocoli,406.8,294.8,261.6,12.123,146
MC1247,False,3.0x375.6x286.8x216.9,Caja creada en MC,1247,Bastones clasicos,Bastones clasicos - Legumes Frites,Estacional,Fino,Bastones rectos de brocoli,377.9,287.0,198.4,12.017,146
MC1248,False,3.0x412.8x268.8x320.2,Caja creada en MC,1248,Bastones clasicos,Bastones clasicos - Reserva Privada,Estacional,Fino,Bastones rectos de brocoli,393.2,265.6,308.3,12.653,146
MC1249,False,3.0x400.0x300.0x233.65,Catálogo inicial,1249,Bastones clasicos,Bastones clasicos - Sigilo,Forma estable,Forma,Dippers de brocoli,386.1,296.4,228.9,12.088,146
MC1250,False,3.0x399.0x281.4x210.9,Caja creada en MC,1250,Bastones clasicos,Bastones clasicos - Legumes Frites,Estacional,Fino,Bastones rectos de brocoli,378.9,286.0,197.0,12.087,146
MC1251,False,3.0x400.0x300.0x178.34,Catálogo inicial,1251,Bastones clasicos,Bastones clasicos - Sigilo,Forma estable,Forma,Gajos de brocoli,378.5,300.7,168.4,8.97,146
MC1252,False,3.0x369.8x290.5x165.9,Caja creada en MC,1252,Bastones clasicos,Bastones clasicos - Mayordomo,Estacional,Grueso,Bastones rectos de brocoli,368.8,282.7,155.7,12.697,146
MC1253,False,3.0x400.0x277.27x254.93,Catálogo inicial,1253,Bastones clasicos,Bastones clasicos - Sigilo,Estacional,Medio,Bastones rectos de brocoli,394.1,267.4,245.5,12.03,146
MC1254,False,3.0x400.0x300.0x163.44,Catálogo inicial,1254,Bastones clasicos,Bastones clasicos - Sigilo,Forma estable,Forma,Gajos de brocoli,379.1,292.7,162.4,9.569,146
MC1255,False,3.0x412.8x269.0x265.6,Caja creada en MC,1255,Bastones clasicos,Bastones clasicos - Sigilo,Estacional,Medio,Bastones rectos de brocoli,394.0,280.0,245.2,12.161,146
MC1256,False,3.0x400.0x240.0x244.29,Catálogo inicial,1256,Bastones clasicos,Bastones clasicos - Reserva Privada,Estacional,Medio,Bastones rectos de brocoli,383.6,245.9,229.1,13.166,146
MC1257,False,3.0x370.3x253.8x286.7,Caja creada en MC,1257,Guarniciones,Guarniciones - Tortitas,Forma estable,Forma,Tortitas de brocoli,380.0,249.7,265.2,12.84,146
MC1258,False,4.1x412.0x258.6x193.5,Caja creada en MC,1258,Bastones clasicos,Bastones clasicos - Sigilo,Estacional,Fino,Bastones rectos de brocoli,395.8,258.2,182.4,6.665,146
MC1259,False,3.0x400.0x300.0x178.34,Catálogo inicial,1259,Bastones clasicos,Bastones clasicos - Sigilo,Estacional,Grueso,Bastones rectos de brocoli,387.7,289.4,173.8,12.716,146
MC1260,False,3.0x406.1x308.8x293.7,Caja creada en MC,1260,Bastones clasicos,Bastones clasicos - Legumes Frites,Estacional,Grueso,Bastones rectos de brocoli,394.7,304.8,285.5,11.991,146
MC1261,False,3.0x400.0x266.63x225.0,Catálogo inicial,1261,Bastones clasicos,Bastones clasicos - Grado B,Estacional,Medio,Bastones rectos de brocoli,406.8,249.9,214.6,12.248,146
MC1262,False,3.0x400.0x300.0x210.25,Catálogo inicial,1262,Brocoli especial,Brocoli especial - Bastones Especiales,Estacional,Corte steak,Bastones rectos de brocoli,398.3,299.9,193.3,12.539,146
MC1263,False,3.0x400.0x300.0x247.48,Catálogo inicial,1263,Bastones clasicos,Bastones clasicos - Sigilo,Estacional,Medio,Bastones rectos de brocoli,391.6,296.0,239.1,12.67,146
MC1264,False,3.0x373.2x309.4x177.8,Caja creada en MC,1264,Bastones clasicos,Bastones clasicos - Legumes Frites,Estacional,Medio,Bastones rectos de brocoli,367.7,288.0,179.5,12.463,146
MC1265,False,3.0x400.0x300.0x225.0,Catálogo inicial,1265,Bastones clasicos,Bastones clasicos - Sigilo,Forma estable,Forma,Brocoli zigzag,371.1,277.8,243.3,9.823,146
MC1266,False,3.0x412.8x269.0x265.6,Caja creada en MC,1266,Bastones clasicos,Bastones clasicos - Sigilo,Estacional,Medio,Bastones rectos de brocoli,406.8,265.8,247.7,12.529,146
MC1267,False,3.0x400.0x277.27x179.4,Catálogo inicial,1267,Guarniciones,Guarniciones - Cubos,Forma estable,Forma,Cubos de brocoli,377.3,298.6,163.2,12.439,146
MC1268,False,3.0x400.0x300.0x199.61,Catálogo inicial,1268,Bastones clasicos,Bastones clasicos - Sigilo,Estacional,Medio,Bastones rectos de brocoli,382.6,301.3,192.6,12.389,146
MC1269,False,3.0x400.0x240.0x212.38,Catálogo inicial,1269,Bastones clasicos,Bastones clasicos - Legumes Frites,Estacional,Corte steak,Bastones rectos de brocoli,382.6,249.5,198.0,12.34,146
MC1270,False,3.0x400.0x291.1x174.08,Catálogo inicial,1270,Bastones clasicos,Bastones clasicos - Sigilo,Estacional,Medio,Bastones rectos de brocoli,387.0,290.0,167.1,12.587,146
MC1271,False,3.0x372.3x265.2x152.3,Caja creada en MC,1271,Guarniciones,Guarniciones - Legumes Croquetas,Forma estable,Forma,Rosti de brocoli,369.7,251.4,139.5,5.062,146
MC1272,False,3.0x400.0x300.0x178.34,Catálogo inicial,1272,Bastones clasicos,Bastones clasicos - Sigilo,Forma estable,Forma,Gajos de brocoli,387.4,297.6,169.3,12.574,146
MC1273,False,3.0x412.8x303.5x182.8,Caja creada en MC,1273,Bastones clasicos,Bastones clasicos - Legumes Frites,Estacional,Medio,Bastones rectos de brocoli,394.0,282.3,191.3,10.611,146
MC1274,False,3.0x400.0x240.0x250.68,Catálogo inicial,1274,Bastones clasicos,Bastones clasicos - Reserva Privada,Estacional,Fino,Bastones rectos de brocoli,373.7,241.7,243.8,12.125,146
MC1275,False,3.0x369.8x259.5x209.3,Caja creada en MC,1275,Bastones clasicos,Bastones clasicos - Legumes Frites,Estacional,Medio,Bastones rectos de brocoli,363.8,238.3,204.0,8.855,146
MC1276,False,3.0x371.5x300.0x317.4,Caja creada en MC,1276,Bastones clasicos,Bastones clasicos - Sigilo,Forma estable,Forma,Brocoli en rejilla,396.9,279.5,293.4,13.052,146
MC1277,False,3.0x412.8x262.5x262.0,Caja creada en MC,1277,Bastones clasicos,Bastones clasicos - Sigilo,Forma estable,Forma,Espirales de brocoli,388.7,249.7,270.0,6.53,146
MC1278,False,3.0x400.0x300.0x238.97,Catálogo inicial,1278,Bastones clasicos,Bastones clasicos - Sigilo,Estacional,Grueso,Bastones rectos de brocoli,387.6,295.8,232.4,11.111,146
MC1279,False,3.0x376.1x294.3x230.2,Caja creada en MC,1279,Bastones clasicos,Bastones clasicos - Reserva Privada,Estacional,Fino,Bastones rectos de brocoli,376.3,297.9,213.4,12.584,146
MC1280,False,3.0x400.0x300.0x210.25,Catálogo inicial,1280,Snacks y aperitivos,Snacks y aperitivos - Aros y Vegetales,Co-produccion,Forma,Aros de brocoli,386.2,300.4,201.0,4.829,146
MC1281,False,3.0x400.0x300.0x219.82,Catálogo inicial,1281,Snacks y aperitivos,Snacks y aperitivos - Aros y Vegetales,Co-produccion,Forma,Aros de brocoli,394.4,290.4,215.1,5.196,146
MC1282,True,3.0x407.6x306.7x151.0,Caja nueva,1282,Snacks y aperitivos,Snacks y aperitivos - Queso,Co-produccion,Forma,Bocados de brocoli con mozzarella,401.6,300.7,145.0,5.028,147
MC1283,False,3.0x400.0x240.0x212.38,Catálogo inicial,1283,Bastones clasicos,Bastones clasicos - Sigilo,Estacional,Medio,Bastones rectos de brocoli,371.1,246.0,207.3,12.249,147
MC1284,False,3.0x400.0x300.0x225.0,Catálogo inicial,1284,Guarniciones,Guarniciones - Tortitas,Forma estable,Forma,Tortitas de brocoli,382.0,281.3,230.9,10.945,147
MC1285,False,3.0x405.7x249.9x213.0,Caja creada en MC,1285,Bastones clasicos,Bastones clasicos - Legumes Frites,Estacional,Corte steak,Bastones rectos de brocoli,390.8,251.6,205.0,12.302,147
MC1286,False,3.0x373.8x259.9x219.5,Caja creada en MC,1286,Bastones clasicos,Bastones clasicos - Grado B,Estacional,Medio,Bastones rectos de brocoli,364.9,241.0,226.1,12.992,147
MC1287,False,3.0x373.3x289.8x197.7,Caja creada en MC,1287,Bastones clasicos,Bastones clasicos - Legumes Frites,Estacional,Medio,Bastones rectos de brocoli,391.8,275.3,182.2,12.424,147
MC1288,False,3.0x369.8x270.1x157.4,Caja creada en MC,1288,Guarniciones,Guarniciones - Legumes Croquetas,Forma estable,Forma,Tortitas de brocoli,366.5,259.4,148.0,5.023,147
MC1289,False,3.0x400.0x240.0x196.42,Catálogo inicial,1289,Bastones clasicos,Bastones clasicos - Legumes Frites,Estacional,Corte steak,Bastones rectos de brocoli,386.8,235.1,187.2,12.715,147
MC1290,False,3.0x405.7x249.9x213.0,Caja creada en MC,1290,Bastones clasicos,Bastones clasicos - Reserva Privada,Estacional,Corte steak,Bastones rectos de brocoli,385.8,256.3,199.1,12.222,147
MC1291,True,3.0x404.6x305.0x164.5,Caja nueva,1291,Bastones clasicos,Bastones clasicos - Sigilo,Forma estable,Forma,Gajos de brocoli,398.6,299.0,158.5,12.573,148
MC1292,False,3.0x400.0x300.0x199.61,Catálogo inicial,1292,Brocoli especial,Brocoli especial - Bastones Especiales,Estacional,Corte steak,Bastones rectos de brocoli,401.5,288.8,188.3,12.603,148
MC1293,False,3.0x369.8x302.4x268.1,Caja creada en MC,1293,Bastones clasicos,Bastones clasicos - Sigilo,Forma estable,Forma,Espirales de brocoli,366.8,298.6,255.6,9.295,148
MC1294,False,3.0x400.0x300.0x210.25,Catálogo inicial,1294,Bastones clasicos,Bastones clasicos - Sigilo,Estacional,Medio,Bastones rectos de brocoli,385.7,305.9,196.8,12.595,148
MC1295,False,3.0x400.0x291.1x174.08,Catálogo inicial,1295,Bastones clasicos,Bastones clasicos - Sigilo,Forma estable,Forma,Brocoli zigzag,396.6,291.9,161.4,6.741,148
MC1296,False,3.0x412.8x258.5x211.6,Caja creada en MC,1296,Bastones clasicos,Bastones clasicos - Reserva Privada,Estacional,Corte steak,Bastones rectos de brocoli,390.7,261.6,204.9,12.549,148
MC1297,False,3.0x400.0x277.27x298.55,Catálogo inicial,1297,Bastones clasicos,Bastones clasicos - Sigilo,Forma estable,Forma,Brocoli en rejilla,391.5,280.2,283.4,12.513,148
MC1298,False,3.0x369.8x270.1x157.4,Caja creada en MC,1298,Bastones clasicos,Bastones clasicos - Sigilo,Forma estable,Forma,Dippers de brocoli,402.3,251.3,142.9,4.535,148
MC1299,False,3.0x400.0x300.0x233.65,Catálogo inicial,1299,Bastones clasicos,Bastones clasicos - Sigilo,Forma estable,Forma,Brocoli en rejilla,402.2,288.9,226.9,6.761,148
MC1300,False,3.0x400.0x300.0x219.82,Catálogo inicial,1300,Bastones clasicos,Bastones clasicos - Sigilo,Estacional,Fino,Bastones rectos de brocoli,384.5,290.0,221.3,12.058,148
MC1301,True,3.0x372.5x304.0x149.7,Caja nueva,1301,Snacks y aperitivos,Snacks y aperitivos - Queso,Co-produccion,Forma,Bocados de brocoli con queso cheddar,366.5,298.0,143.7,4.949,149
MC1302,False,3.0x400.0x300.0x233.65,Catálogo inicial,1302,Bastones clasicos,Bastones clasicos - Sigilo,Estacional,Grueso,Bastones rectos de brocoli,389.6,294.4,222.6,14.025,149
MC1303,False,3.0x400.0x300.0x257.14,Catálogo inicial,1303,Bastones clasicos,Bastones clasicos - Sigilo,Forma estable,Forma,Brocoli zigzag,399.9,282.8,252.8,9.891,149
MC1304,False,3.0x371.0x280.7x287.2,Caja creada en MC,1304,Bastones clasicos,Bastones clasicos - Reserva Privada,Estacional,Fino,Bastones rectos de brocoli,373.4,276.7,270.5,12.672,149
MC1305,False,3.0x400.0x300.0x210.25,Catálogo inicial,1305,Bastones clasicos,Bastones clasicos - Legumes Frites,Estacional,Fino,Bastones rectos de brocoli,387.2,285.3,213.4,11.909,149
MC1306,True,3.0x411.8x311.9x335.0,Caja nueva,1306,Bastones clasicos,Bastones clasicos - Reserva Privada,Forma estable,Forma,Brocoli en rejilla,405.8,305.9,329.0,11.203,150
MC1307,False,3.0x373.2x309.4x177.8,Caja creada en MC,1307,Bastones clasicos,Bastones clasicos - Legumes Frites,Estacional,Medio,Bastones rectos de brocoli,381.4,285.3,174.4,12.924,150
MC1308,False,3.0x384.5x251.0x174.4,Caja creada en MC,1308,Snacks y aperitivos,Snacks y aperitivos - Queso,Co-produccion,Forma,Bocados de brocoli con queso cheddar,363.8,252.0,167.4,4.954,150
MC1309,False,3.0x375.1x267.5x241.0,Caja creada en MC,1309,Bastones clasicos,Bastones clasicos - Legumes Frites,Forma estable,Forma,Brocoli zigzag,365.4,257.8,233.1,9.46,150
MC1310,False,4.1x412.0x258.6x193.5,Caja creada en MC,1310,Bastones clasicos,Bastones clasicos - Sigilo,Forma estable,Forma,Espirales de brocoli,406.8,253.2,181.5,4.458,150
MC1311,False,3.0x400.4x278.8x230.1,Caja creada en MC,1311,Bastones clasicos,Bastones clasicos - Sigilo,Estacional,Fino,Bastones rectos de brocoli,381.6,284.7,220.3,12.767,150
MC1312,False,3.0x369.8x259.5x209.3,Caja creada en MC,1312,Bastones clasicos,Bastones clasicos - Sigilo,Forma estable,Forma,Espirales de brocoli,363.8,240.9,200.2,6.832,150
MC1313,False,3.0x400.4x278.8x230.1,Caja creada en MC,1313,Bastones clasicos,Bastones clasicos - Legumes Frites,Forma estable,Forma,Brocoli zigzag,394.1,262.6,231.9,9.868,150
MC1314,False,3.0x370.3x253.8x286.7,Caja creada en MC,1314,Bastones clasicos,Bastones clasicos - Grado B,Estacional,Fino,Bastones rectos de brocoli,393.2,235.6,269.3,12.42,150
MC1315,False,3.0x400.0x300.0x210.25,Catálogo inicial,1315,Bastones clasicos,Bastones clasicos - Reserva Privada,Forma estable,Forma,Gajos de brocoli,392.6,288.7,205.8,12.854,150
MC1316,False,3.0x406.3x256.5x230.9,Caja creada en MC,1316,Bastones clasicos,Bastones clasicos - Reserva Privada,Estacional,Fino,Bastones rectos de brocoli,382.1,242.6,242.3,10.941,150
MC1317,False,3.0x400.0x300.0x283.65,Catálogo inicial,1317,Bastones clasicos,Bastones clasicos - Reserva Privada,Estacional,Fino,Bastones rectos de brocoli,391.3,282.5,290.4,12.772,150
MC1318,False,3.0x400.0x269.82x252.8,Catálogo inicial,1318,Bastones clasicos,Bastones clasicos - Sigilo,Forma estable,Forma,Corte rustico de brocoli,397.3,267.9,235.6,12.815,150
MC1319,False,3.0x400.0x274.08x225.0,Catálogo inicial,1319,Snacks y aperitivos,Snacks y aperitivos - Aros y Vegetales,Co-produccion,Forma,Aros de brocoli,396.1,281.8,206.4,4.849,150
MC1320,True,3.0x412.0x252.9x244.0,Caja nueva,1320,Bastones clasicos,Bastones clasicos - Legumes Frites,Estacional,Medio,Bastones rectos de brocoli,406.0,246.9,238.0,13.297,151
MC1321,False,3.0x400.0x300.0x257.14,Catálogo inicial,1321,Bastones clasicos,Bastones clasicos - Sigilo,Forma estable,Forma,Espirales de brocoli,397.2,284.9,256.6,12.256,151
MC1322,False,3.0x370.7x292.0x270.1,Caja creada en MC,1322,Bastones clasicos,Bastones clasicos - Sigilo,Forma estable,Forma,Espirales de brocoli,367.7,289.6,249.4,12.676,151
MC1323,False,3.0x412.8x309.7x274.4,Caja creada en MC,1323,Bastones clasicos,Bastones clasicos - Sigilo,Forma estable,Forma,Brocoli en rejilla,400.3,292.1,281.3,7.954,151
MC1324,False,3.0x400.0x300.0x233.65,Catálogo inicial,1324,Bastones clasicos,Bastones clasicos - Reserva Privada,Estacional,Fino,Bastones rectos de brocoli,406.8,282.0,228.8,13.087,151
MC1325,True,3.0x412.8x254.4x281.9,Caja nueva,1325,Bastones clasicos,Bastones clasicos - Sigilo,Forma estable,Forma,Tiras para dip de brocoli,406.8,248.4,275.9,9.381,152
MC1326,False,3.0x412.8x258.5x211.6,Caja creada en MC,1326,Guarniciones,Guarniciones - Pure,Co-produccion,Forma,Pure de brocoli,389.9,254.4,210.4,12.567,152
MC1327,False,3.0x400.0x269.82x252.8,Catálogo inicial,1327,Bastones clasicos,Bastones clasicos - Sigilo,Estacional,Medio,Bastones rectos de brocoli,406.7,255.6,236.6,12.727,152
MC1328,False,3.0x400.0x300.0x178.34,Catálogo inicial,1328,Bastones clasicos,Bastones clasicos - Legumes Frites,Estacional,Medio,Bastones rectos de brocoli,390.6,285.8,174.6,10.712,152
MC1329,False,3.0x400.0x300.0x179.4,Catálogo inicial,1329,Bastones clasicos,Bastones clasicos - Reserva Privada,Estacional,Medio,Bastones rectos de brocoli,406.8,285.7,172.3,12.473,152
MC1330,False,3.0x412.8x258.5x211.6,Caja creada en MC,1330,Bastones clasicos,Bastones clasicos - Sigilo,Estacional,Medio,Bastones rectos de brocoli,384.2,250.0,219.7,12.4,152
MC1331,False,3.0x400.0x269.82x179.4,Catálogo inicial,1331,Snacks y aperitivos,Snacks y aperitivos - Queso,Co-produccion,Forma,Bocados de brocoli con mozzarella,387.0,262.6,172.9,4.923,152
MC1332,False,3.0x369.8x268.8x176.7,Caja creada en MC,1332,Snacks y aperitivos,Snacks y aperitivos - Queso,Co-produccion,Forma,Bocados de brocoli con queso crema,389.4,253.6,165.2,4.934,152
MC1333,False,3.0x406.0x266.1x229.6,Caja creada en MC,1333,Bastones clasicos,Bastones clasicos - Sigilo,Estacional,Medio,Bastones rectos de brocoli,387.2,251.6,234.6,12.917,152
MC1334,False,3.0x369.8x270.1x157.4,Caja creada en MC,1334,Bastones clasicos,Bastones clasicos - Sigilo,Forma estable,Forma,Corte rustico de brocoli,372.8,256.2,150.7,6.629,152
MC1335,False,3.0x373.7x257.7x226.6,Caja creada en MC,1335,Bastones clasicos,Bastones clasicos - Reserva Privada,Estacional,Medio,Bastones rectos de brocoli,363.8,249.5,222.4,12.712,152
MC1336,False,3.0x400.0x286.85x190.04,Catálogo inicial,1336,Bastones clasicos,Bastones clasicos - Sigilo,Estacional,Medio,Bastones rectos de brocoli,382.9,282.9,187.7,12.618,152
MC1337,False,3.0x374.4x291.1x279.6,Caja creada en MC,1337,Bastones clasicos,Bastones clasicos - Legumes Frites,Estacional,Fino,Bastones rectos de brocoli,384.2,282.1,263.6,12.455,152
MC1338,False,3.0x402.9x251.9x285.6,Caja creada en MC,1338,Bastones clasicos,Bastones clasicos - Sigilo,Forma estable,Forma,Brocoli en rejilla,377.3,248.0,284.9,6.601,152
MC1339,False,3.0x400.0x300.0x210.25,Catálogo inicial,1339,Bastones clasicos,Bastones clasicos - Sigilo,Estacional,Medio,Bastones rectos de brocoli,406.8,288.2,198.0,8.379,152
MC1340,False,3.0x373.3x289.8x197.7,Caja creada en MC,1340,Bastones clasicos,Bastones clasicos - Sigilo,Estacional,Medio,Bastones rectos de brocoli,393.2,271.0,182.1,8.405,152
MC1341,False,3.0x400.0x269.82x252.8,Catálogo inicial,1341,Guarniciones,Guarniciones - Legumes Croquetas,Forma estable,Forma,Croquetas de brocoli,394.7,254.5,254.3,12.31,152
MC1342,False,3.0x400.0x240.0x223.02,Catálogo inicial,1342,Bastones clasicos,Bastones clasicos - Sigilo,Forma estable,Forma,Rodajas de brocoli,383.0,234.0,218.1,9.752,152
MC1343,False,3.0x412.8x309.7x274.4,Caja creada en MC,1343,Bastones clasicos,Bastones clasicos - Sigilo,Forma estable,Forma,Brocoli en rejilla,395.6,288.8,287.8,12.015,152
MC1344,False,3.0x400.0x274.08x291.1,Catálogo inicial,1344,Bastones clasicos,Bastones clasicos - Sigilo,Forma estable,Forma,Brocoli en rejilla,396.3,255.3,279.9,6.524,152
MC1345,True,3.0x412.8x261.3x210.5,Caja nueva,1345,Bastones clasicos,Bastones clasicos - Reserva Privada,Estacional,Medio,Bastones rectos de brocoli,406.8,255.3,204.5,12.848,153
MC1346,False,3.0x374.7x299.5x214.6,Caja creada en MC,1346,Bastones clasicos,Bastones clasicos - Sigilo,Estacional,Medio,Bastones rectos de brocoli,386.6,288.1,202.3,12.197,153
MC1347,False,3.0x409.3x311.9x147.1,Caja creada en MC,1347,Bastones clasicos,Bastones clasicos - Sigilo,Estacional,Medio,Bastones rectos de brocoli,393.8,287.8,151.6,6.382,153
MC1348,False,3.0x376.3x311.9x289.9,Caja creada en MC,1348,Snacks y aperitivos,Snacks y aperitivos - Aros y Vegetales,Co-produccion,Forma,Aros de brocoli,397.3,296.5,272.0,5.068,153
MC1349,False,3.0x400.0x266.63x342.17,Catálogo inicial,1349,Bastones clasicos,Bastones clasicos - Reserva Privada,Estacional,Fino,Bastones rectos de brocoli,381.7,259.7,327.4,12.68,153
MC1350,False,3.0x400.4x278.8x230.1,Caja creada en MC,1350,Bastones clasicos,Bastones clasicos - Mayordomo,Estacional,Medio,Bastones rectos de brocoli,392.7,283.3,215.5,11.587,153
MC1351,False,3.0x400.0x300.0x150.0,Catálogo inicial,1351,Snacks y aperitivos,Snacks y aperitivos - Queso,Co-produccion,Forma,Bocados de brocoli con mozzarella,406.8,279.8,140.0,5.302,153
MC1352,False,3.0x400.0x300.0x199.61,Catálogo inicial,1352,Bastones clasicos,Bastones clasicos - Reserva Privada,Estacional,Grueso,Bastones rectos de brocoli,380.9,305.9,189.4,12.698,153
MC1353,False,3.0x373.3x266.4x221.4,Caja creada en MC,1353,Bastones clasicos,Bastones clasicos - Grado B,Estacional,Medio,Bastones rectos de brocoli,397.9,249.5,205.2,12.761,153
MC1354,False,3.0x408.5x254.6x267.4,Caja creada en MC,1354,Bastones clasicos,Bastones clasicos - Reserva Privada,Estacional,Fino,Bastones rectos de brocoli,406.8,255.8,248.1,12.446,153
MC1355,False,3.0x400.0x291.1x174.08,Catálogo inicial,1355,Bastones clasicos,Bastones clasicos - Reserva Privada,Estacional,Grueso,Bastones rectos de brocoli,401.3,275.1,169.5,11.804,153
MC1356,False,3.0x400.0x300.0x178.34,Catálogo inicial,1356,Bastones clasicos,Bastones clasicos - Reserva Privada,Estacional,Medio,Bastones rectos de brocoli,388.1,289.0,176.3,12.753,153
MC1357,False,3.0x370.9x189.4x162.6,Caja creada en MC,1357,Guarniciones,Guarniciones - Legumes Croquetas,Forma estable,Forma,Croquetas de brocoli,363.8,176.9,153.3,4.915,153
MC1358,False,3.0x412.8x247.8x166.8,Caja creada en MC,1358,Guarniciones,Guarniciones - Legumes Croquetas,Forma estable,Forma,Tortitas de brocoli,385.9,248.7,155.1,5.082,153
MC1359,False,3.0x375.6x286.8x216.9,Caja creada en MC,1359,Bastones clasicos,Bastones clasicos - Sigilo,Forma estable,Forma,Corte rustico de brocoli,363.8,295.0,203.3,12.418,153
MC1360,False,3.0x400.0x291.1x174.08,Catálogo inicial,1360,Bastones clasicos,Bastones clasicos - Legumes Frites,Estacional,Medio,Bastones rectos de brocoli,400.9,290.0,160.9,12.589,153
MC1361,False,3.0x400.0x300.0x178.34,Catálogo inicial,1361,Bastones clasicos,Bastones clasicos - Mayordomo,Estacional,Grueso,Bastones rectos de brocoli,388.0,290.9,176.2,12.209,153
MC1362,False,3.0x400.0x286.85x195.36,Catálogo inicial,1362,Bastones clasicos,Bastones clasicos - Sigilo,Estacional,Medio,Bastones rectos de brocoli,399.6,272.7,190.4,12.824,153
MC1363,False,3.0x399.0x281.4x210.9,Caja creada en MC,1363,Bastones clasicos,Bastones clasicos - Sigilo,Forma estable,Forma,Tiras para dip de brocoli,372.6,261.7,223.2,6.268,153
MC1364,False,3.0x400.0x240.0x196.42,Catálogo inicial,1364,Guarniciones,Guarniciones - Cubos,Forma estable,Forma,Cubos de brocoli,374.7,245.9,184.9,13.342,153
MC1365,False,3.0x412.8x303.5x182.8,Caja creada en MC,1365,Bastones clasicos,Bastones clasicos - Legumes Frites,Estacional,Medio,Bastones rectos de brocoli,389.0,299.1,182.6,11.739,153
MC1366,False,3.0x400.0x274.08x199.61,Catálogo inicial,1366,Bastones clasicos,Bastones clasicos - Reserva Privada,Estacional,Corte steak,Bastones rectos de brocoli,392.6,262.8,197.8,13.112,153
MC1367,False,3.0x400.0x240.0x206.0,Catálogo inicial,1367,Bastones clasicos,Bastones clasicos - Sigilo,Estacional,Grueso,Bastones rectos de brocoli,377.4,252.3,189.3,12.978,153
MC1368,False,3.0x400.0x277.27x298.55,Catálogo inicial,1368,Bastones clasicos,Bastones clasicos - Sigilo,Forma estable,Forma,Brocoli en rejilla,387.0,278.7,286.3,12.468,153
MC1369,False,3.0x412.8x303.5x182.8,Caja creada en MC,1369,Bastones clasicos,Bastones clasicos - Legumes Frites,Estacional,Medio,Bastones rectos de brocoli,406.8,287.3,181.0,12.937,153
MC1370,False,3.0x411.0x305.1x232.5,Caja creada en MC,1370,Bastones clasicos,Bastones clasicos - Sigilo,Estacional,Grueso,Bastones rectos de brocoli,404.9,291.8,230.2,12.962,153
MC1371,False,3.0x412.8x311.4x178.7,Caja creada en MC,1371,Bastones clasicos,Bastones clasicos - Reserva Privada,Estacional,Medio,Bastones rectos de brocoli,400.2,288.3,185.7,11.917,153
MC1372,False,3.0x400.0x266.63x225.0,Catálogo inicial,1372,Bastones clasicos,Bastones clasicos - Sigilo,Estacional,Medio,Bastones rectos de brocoli,403.0,253.1,219.2,13.064,153
MC1373,False,3.0x399.3x249.3x176.7,Caja creada en MC,1373,Snacks y aperitivos,Snacks y aperitivos - Queso,Co-produccion,Forma,Bocados de brocoli con queso cheddar,406.8,234.7,166.8,5.169,153
MC1374,False,3.0x400.0x300.0x300.0,Catálogo inicial,1374,Bastones clasicos,Bastones clasicos - Sigilo,Forma estable,Forma,Brocoli en rejilla,392.7,305.9,278.8,7.992,153
MC1375,False,3.0x375.1x267.5x241.0,Caja creada en MC,1375,Bastones clasicos,Bastones clasicos - Sigilo,Estacional,Medio,Bastones rectos de brocoli,363.8,247.4,238.4,10.596,153
MC1376,False,3.0x400.0x300.0x178.34,Catálogo inicial,1376,Guarniciones,Guarniciones - Otros,Estacional,Medio,Bastones rectos de brocoli,383.8,281.8,174.7,12.28,153
MC1377,False,3.0x375.8x300.7x170.7,Caja creada en MC,1377,Bastones clasicos,Bastones clasicos - Legumes Frites,Estacional,Medio,Bastones rectos de brocoli,389.3,277.3,158.2,11.817,153
MC1378,False,3.0x400.0x286.85x380.46,Catálogo inicial,1378,Bastones clasicos,Bastones clasicos - Sigilo,Forma estable,Forma,Brocoli zigzag,376.7,291.1,365.6,12.854,153
MC1379,False,3.0x393.8x256.0x196.6,Caja creada en MC,1379,Bastones clasicos,Bastones clasicos - Sigilo,Estacional,Fino,Bastones rectos de brocoli,390.9,248.2,186.0,6.425,153
MC1380,False,3.0x400.4x278.8x230.1,Caja creada en MC,1380,Bastones clasicos,Bastones clasicos - Reserva Privada,Estacional,Fino,Bastones rectos de brocoli,378.0,266.7,237.3,12.608,153
MC1381,False,3.0x412.8x303.0x364.5,Caja creada en MC,1381,Bastones clasicos,Bastones clasicos - Sigilo,Forma estable,Forma,Brocoli en rejilla,405.5,291.5,354.7,11.696,153
MC1382,False,3.0x412.5x311.9x206.7,Caja creada en MC,1382,Bastones clasicos,Bastones clasicos - Sigilo,Estacional,Fino,Bastones rectos de brocoli,396.7,292.5,214.1,11.965,153
MC1383,False,3.0x408.5x254.6x267.4,Caja creada en MC,1383,Bastones clasicos,Bastones clasicos - Grado B,Estacional,Fino,Bastones rectos de brocoli,400.7,253.5,252.9,12.589,153
MC1384,False,3.0x400.0x274.08x225.0,Catálogo inicial,1384,Bastones clasicos,Bastones clasicos - Sigilo,Forma estable,Forma,Dippers de brocoli,393.2,276.2,208.8,12.375,153
MC1385,False,3.0x400.0x286.85x195.36,Catálogo inicial,1385,Bastones clasicos,Bastones clasicos - Legumes Frites,Estacional,Medio,Bastones rectos de brocoli,379.6,282.8,192.2,12.814,153
MC1386,False,3.0x412.2x275.7x228.2,Caja creada en MC,1386,Bastones clasicos,Bastones clasicos - Sigilo,Forma estable,Forma,Brocoli ondulado,390.3,275.3,225.0,12.025,153
MC1387,False,3.0x400.0x240.0x336.85,Catálogo inicial,1387,Bastones clasicos,Bastones clasicos - Reserva Privada,Estacional,Fino,Bastones rectos de brocoli,379.0,247.1,325.5,12.216,153
MC1388,False,3.0x370.7x292.0x270.1,Caja creada en MC,1388,Bastones clasicos,Bastones clasicos - Legumes Frites,Estacional,Corte steak,Bastones rectos de brocoli,363.8,279.6,261.5,12.765,153
MC1389,False,3.0x412.2x275.7x228.2,Caja creada en MC,1389,Bastones clasicos,Bastones clasicos - Grado B,Estacional,Medio,Bastones rectos de brocoli,394.8,261.5,235.6,11.681,153
MC1390,False,3.0x400.0x300.0x269.82,Catálogo inicial,1390,Bastones clasicos,Bastones clasicos - Sigilo,Forma estable,Forma,Espirales de brocoli,398.8,292.8,255.5,10.276,153
MC1391,False,3.0x412.8x272.2x150.8,Caja creada en MC,1391,Bastones clasicos,Bastones clasicos - Sigilo,Forma estable,Forma,Dippers de brocoli,406.8,251.6,153.1,4.781,153
MC1392,False,3.0x408.5x254.6x267.4,Caja creada en MC,1392,Bastones clasicos,Bastones clasicos - Sigilo,Forma estable,Forma,Dippers de brocoli,401.1,262.5,246.6,12.535,153
MC1393,False,3.0x412.8x311.3x229.1,Caja creada en MC,1393,Snacks y aperitivos,Snacks y aperitivos - Aros y Vegetales,Co-produccion,Forma,Aros de brocoli,406.8,299.1,210.6,4.876,153
MC1394,False,3.0x400.0x300.0x238.97,Catálogo inicial,1394,Bastones clasicos,Bastones clasicos - Reserva Privada,Estacional,Fino,Bastones rectos de brocoli,381.2,297.0,236.4,12.388,153
MC1395,False,3.0x400.0x277.27x298.55,Catálogo inicial,1395,Bastones clasicos,Bastones clasicos - Reserva Privada,Estacional,Fino,Bastones rectos de brocoli,381.9,282.8,285.8,12.828,153
MC1396,False,3.0x412.8x258.5x211.6,Caja creada en MC,1396,Guarniciones,Guarniciones - Cubos,Forma estable,Forma,Cubos de brocoli,398.7,250.4,194.2,10.83,153
MC1397,False,3.0x400.0x274.08x293.23,Catálogo inicial,1397,Bastones clasicos,Bastones clasicos - Sigilo,Forma estable,Forma,Brocoli en rejilla,406.8,267.2,278.6,9.82,153
MC1398,False,3.0x400.0x300.0x300.0,Catálogo inicial,1398,Bastones clasicos,Bastones clasicos - Sigilo,Forma estable,Forma,Brocoli en rejilla,405.2,296.4,280.1,9.746,153
MC1399,False,3.0x376.1x294.3x230.2,Caja creada en MC,1399,Bastones clasicos,Bastones clasicos - Reserva Privada,Forma estable,Forma,Gajos de brocoli,392.8,285.8,212.4,12.778,153
MC1400,False,3.0x400.0x240.0x233.65,Catálogo inicial,1400,Bastones clasicos,Bastones clasicos - Legumes Frites,Forma estable,Forma,Brocoli zigzag,375.6,250.6,221.1,9.596,153
MC1401,False,3.0x399.0x281.4x210.9,Caja creada en MC,1401,Bastones clasicos,Bastones clasicos - Legumes Frites,Estacional,Fino,Bastones rectos de brocoli,369.9,280.8,195.3,12.61,153
MC1402,False,3.0x376.1x294.3x230.2,Caja creada en MC,1402,Bastones clasicos,Bastones clasicos - Reserva Privada,Forma estable,Forma,Gajos de brocoli,389.0,288.2,211.8,12.619,153
MC1403,False,3.0x369.8x292.4x287.4,Caja creada en MC,1403,Bastones clasicos,Bastones clasicos - Reserva Privada,Estacional,Medio,Bastones rectos de brocoli,366.5,271.7,294.4,12.669,153
MC1404,False,3.0x400.0x269.82x179.4,Catálogo inicial,1404,Snacks y aperitivos,Snacks y aperitivos - Queso,Co-produccion,Forma,Bocados de brocoli con queso crema,390.2,250.5,178.7,4.929,153
MC1405,False,3.0x412.0x252.9x244.0,Caja creada en MC,1405,Bastones clasicos,Bastones clasicos - Sigilo,Forma estable,Forma,Tiras para dip de brocoli,391.6,246.3,246.6,6.525,153
MC1406,False,3.0x411.0x305.1x232.5,Caja creada en MC,1406,Bastones clasicos,Bastones clasicos - Sigilo,Estacional,Fino,Bastones rectos de brocoli,406.5,303.3,214.8,13.019,153
MC1407,False,3.0x400.0x286.85x188.97,Catálogo inicial,1407,Bastones clasicos,Bastones clasicos - Sigilo,Estacional,Medio,Bastones rectos de brocoli,381.9,293.5,180.4,12.437,153
MC1408,True,3.0x369.8x273.1x310.3,Caja nueva,1408,Bastones clasicos,Bastones clasicos - Reserva Privada,Estacional,Fino,Bastones rectos de brocoli,363.8,267.1,304.3,12.845,154
MC1409,False,3.0x399.0x281.4x210.9,Caja creada en MC,1409,Guarniciones,Guarniciones - Legumes Croquetas,Forma estable,Forma,Rosti de brocoli,385.8,274.0,207.3,10.409,154
MC1410,False,3.0x393.7x279.2x237.6,Caja creada en MC,1410,Bastones clasicos,Bastones clasicos - Mayordomo,Estacional,Medio,Bastones rectos de brocoli,379.9,286.9,223.5,12.324,154
MC1411,False,3.0x400.0x300.0x233.65,Catálogo inicial,1411,Bastones clasicos,Bastones clasicos - Sigilo,Forma estable,Forma,Brocoli ondulado,388.5,283.9,231.2,12.51,154
MC1412,False,3.0x369.8x258.3x256.1,Caja creada en MC,1412,Bastones clasicos,Bastones clasicos - Legumes Frites,Estacional,Medio,Bastones rectos de brocoli,390.0,244.9,239.6,11.106,154
MC1413,False,3.0x393.7x279.2x237.6,Caja creada en MC,1413,Bastones clasicos,Bastones clasicos - Sigilo,Estacional,Medio,Bastones rectos de brocoli,389.8,269.9,232.2,11.765,154
MC1414,False,3.0x412.8x268.8x320.2,Caja creada en MC,1414,Bastones clasicos,Bastones clasicos - Reserva Privada,Estacional,Fino,Bastones rectos de brocoli,394.1,257.4,309.5,12.464,154
MC1415,False,3.0x373.7x257.7x226.6,Caja creada en MC,1415,Bastones clasicos,Bastones clasicos - Sigilo,Forma estable,Forma,Espirales de brocoli,365.4,251.5,218.7,7.045,154
MC1416,False,3.0x400.0x300.0x178.34,Catálogo inicial,1416,Bastones clasicos,Bastones clasicos - Legumes Frites,Estacional,Medio,Bastones rectos de brocoli,380.0,280.1,177.5,10.741,154
MC1417,False,3.0x406.3x311.9x205.6,Caja creada en MC,1417,Bastones clasicos,Bastones clasicos - Sigilo,Forma estable,Forma,Mix crujiente de brocoli,393.9,292.2,207.1,12.42,154
MC1418,False,3.0x399.9x279.8x297.1,Caja creada en MC,1418,Bastones clasicos,Bastones clasicos - Sigilo,Forma estable,Forma,Espirales de brocoli,387.7,292.6,276.2,12.624,154
MC1419,False,3.0x373.2x309.4x177.8,Caja creada en MC,1419,Bastones clasicos,Bastones clasicos - Legumes Frites,Estacional,Corte steak,Bastones rectos de brocoli,369.3,285.6,176.5,12.569,154
MC1420,False,3.0x412.8x309.7x274.4,Caja creada en MC,1420,Bastones clasicos,Bastones clasicos - Legumes Frites,Estacional,Medio,Bastones rectos de brocoli,395.8,293.3,279.8,13.087,154
MC1421,False,3.0x400.0x300.0x178.34,Catálogo inicial,1421,Bastones clasicos,Bastones clasicos - Reserva Privada,Estacional,Corte steak,Bastones rectos de brocoli,406.8,281.5,170.2,12.668,154
MC1422,False,3.0x400.0x300.0x300.0,Catálogo inicial,1422,Bastones clasicos,Bastones clasicos - Reserva Privada,Estacional,Fino,Bastones rectos de brocoli,385.5,299.7,291.6,12.998,154
MC1423,False,3.0x373.3x289.8x197.7,Caja creada en MC,1423,Bastones clasicos,Bastones clasicos - Legumes Frites,Estacional,Medio,Bastones rectos de brocoli,363.8,283.5,184.6,10.881,154
MC1424,True,3.0x409.4x311.9x299.2,Caja nueva,1424,Bastones clasicos,Bastones clasicos - Sigilo,Forma estable,Forma,Espirales de brocoli,403.4,305.9,293.2,12.711,155
MC1425,False,3.0x400.0x240.0x244.29,Catálogo inicial,1425,Bastones clasicos,Bastones clasicos - Sigilo,Estacional,Medio,Bastones rectos de brocoli,373.4,246.8,237.7,12.415,155
MC1426,False,3.0x399.0x281.4x210.9,Caja creada en MC,1426,Bastones clasicos,Bastones clasicos - Legumes Frites,Estacional,Fino,Bastones rectos de brocoli,383.5,274.2,209.9,10.617,155
MC1427,False,3.0x370.3x253.8x286.7,Caja creada en MC,1427,Bastones clasicos,Bastones clasicos - Grado B,Estacional,Fino,Bastones rectos de brocoli,382.5,246.1,264.4,12.681,155
MC1428,False,3.0x400.0x300.0x257.14,Catálogo inicial,1428,Guarniciones,Guarniciones - Tortitas,Forma estable,Forma,Tortitas de brocoli,381.3,298.2,253.1,8.649,155
MC1429,False,3.0x408.5x254.6x267.4,Caja creada en MC,1429,Bastones clasicos,Bastones clasicos - Sigilo,Estacional,Fino,Bastones rectos de brocoli,387.8,255.5,263.9,12.248,155
MC1430,False,3.0x400.0x274.08x225.0,Catálogo inicial,1430,Bastones clasicos,Bastones clasicos - Legumes Frites,Estacional,Medio,Bastones rectos de brocoli,385.9,284.0,210.7,12.687,155
MC1431,False,3.0x400.0x240.0x282.59,Catálogo inicial,1431,Bastones clasicos,Bastones clasicos - Sigilo,Forma estable,Forma,Brocoli en rejilla,385.4,247.2,261.7,6.277,155
MC1432,False,3.0x400.0x300.0x257.14,Catálogo inicial,1432,Bastones clasicos,Bastones clasicos - Sigilo,Forma estable,Forma,Brocoli en rejilla,402.0,284.8,250.3,6.65,155
MC1433,False,3.0x400.0x274.08x291.1,Catálogo inicial,1433,Bastones clasicos,Bastones clasicos - Sigilo,Estacional,Fino,Bastones rectos de brocoli,374.9,281.6,279.8,8.624,155
MC1434,False,3.0x400.0x300.0x269.82,Catálogo inicial,1434,Bastones clasicos,Bastones clasicos - Reserva Privada,Estacional,Medio,Bastones rectos de brocoli,390.1,277.1,280.7,12.935,155
MC1435,False,3.0x372.3x265.2x152.3,Caja creada en MC,1435,Guarniciones,Guarniciones - Legumes Croquetas,Forma estable,Forma,Tortitas de brocoli,383.2,246.8,144.1,4.941,155
MC1436,False,3.0x400.0x277.27x163.63,Catálogo inicial,1436,Snacks y aperitivos,Snacks y aperitivos - Queso,Co-produccion,Forma,Bocados de brocoli con queso cheddar,384.8,266.8,161.0,5.095,155
MC1437,False,3.0x375.8x300.7x170.7,Caja creada en MC,1437,Bastones clasicos,Bastones clasicos - Sigilo,Forma estable,Forma,Gajos de brocoli,376.0,285.3,163.1,12.567,155
MC1438,False,3.0x376.3x311.9x289.9,Caja creada en MC,1438,Bastones clasicos,Bastones clasicos - Reserva Privada,Estacional,Medio,Bastones rectos de brocoli,363.8,291.7,296.3,12.779,155
MC1439,False,3.0x400.0x291.1x174.08,Catálogo inicial,1439,Bastones clasicos,Bastones clasicos - Sigilo,Forma estable,Forma,Gajos de brocoli,389.4,281.4,171.7,9.782,155
MC1440,False,3.0x405.7x249.9x213.0,Caja creada en MC,1440,Bastones clasicos,Bastones clasicos - Sigilo,Forma estable,Forma,Espirales de brocoli,378.9,249.8,212.4,6.413,155
MC1441,False,3.0x384.5x251.0x174.4,Caja creada en MC,1441,Bastones clasicos,Bastones clasicos - Sigilo,Forma estable,Forma,Tiras para dip de brocoli,365.0,254.6,162.3,5.666,155
MC1442,False,3.0x400.0x240.0x196.42,Catálogo inicial,1442,Bastones clasicos,Bastones clasicos - Reserva Privada,Forma estable,Forma,Gajos de brocoli,376.8,235.4,190.2,12.467,155
MC1443,False,3.0x407.8x252.0x245.0,Caja creada en MC,1443,Bastones clasicos,Bastones clasicos - Sigilo,Estacional,Corte steak,Bastones rectos de brocoli,382.4,265.9,230.6,12.796,155
MC1444,False,3.0x406.0x266.1x229.6,Caja creada en MC,1444,Bastones clasicos,Bastones clasicos - Legumes Frites,Forma estable,Forma,Brocoli zigzag,398.0,251.0,228.5,9.952,155
MC1445,True,3.0x372.3x298.4x242.7,Caja nueva,1445,Bastones clasicos,Bastones clasicos - Sigilo,Forma estable,Forma,Brocoli zigzag,366.3,292.4,236.7,9.524,156
MC1446,False,3.0x393.8x256.0x196.6,Caja creada en MC,1446,Bastones clasicos,Bastones clasicos - Sigilo,Forma estable,Forma,Gajos de brocoli,366.4,242.4,187.2,12.157,156
MC1447,False,3.0x400.0x266.63x225.0,Catálogo inicial,1447,Bastones clasicos,Bastones clasicos - Sigilo,Estacional,Medio,Bastones rectos de brocoli,395.8,246.8,222.8,11.216,156
MC1448,False,3.0x400.0x300.0x210.25,Catálogo inicial,1448,Snacks y aperitivos,Snacks y aperitivos - Aros y Vegetales,Co-produccion,Forma,Aros de brocoli,406.8,288.3,197.8,4.955,156
MC1449,False,3.0x400.0x267.7x150.0,Catálogo inicial,1449,Guarniciones,Guarniciones - Legumes Croquetas,Forma estable,Forma,Tortitas de brocoli,371.5,261.3,149.9,5.14,156
MC1450,False,3.0x375.6x286.8x216.9,Caja creada en MC,1450,Bastones clasicos,Bastones clasicos - Reserva Privada,Forma estable,Forma,Gajos de brocoli,372.8,284.6,201.1,12.931,156
MC1451,False,3.0x406.1x308.8x293.7,Caja creada en MC,1451,Bastones clasicos,Bastones clasicos - Sigilo,Estacional,Grueso,Bastones rectos de brocoli,393.1,289.1,304.3,13.399,156
MC1452,False,3.0x375.1x267.5x241.0,Caja creada en MC,1452,Bastones clasicos,Bastones clasicos - Legumes Frites,Estacional,Fino,Bastones rectos de brocoli,365.6,265.4,229.3,12.659,156
MC1453,False,3.0x376.2x309.0x189.7,Caja creada en MC,1453,Bastones clasicos,Bastones clasicos - Legumes Frites,Estacional,Medio,Bastones rectos de brocoli,364.4,295.9,178.8,12.608,156
MC1454,False,3.0x400.0x300.0x257.14,Catálogo inicial,1454,Bastones clasicos,Bastones clasicos - Reserva Privada,Forma estable,Forma,Rodajas de brocoli,382.7,292.6,257.9,8.652,156
MC1455,False,3.0x399.0x281.4x210.9,Caja creada en MC,1455,Bastones clasicos,Bastones clasicos - Mayordomo,Estacional,Medio,Bastones rectos de brocoli,403.9,273.8,199.6,12.587,156
MC1456,False,3.0x376.0x253.6x261.8,Caja creada en MC,1456,Bastones clasicos,Bastones clasicos - Sigilo,Forma estable,Forma,Dippers de brocoli,378.0,242.8,254.6,12.947,156
MC1457,False,3.0x412.8x251.4x284.9,Caja creada en MC,1457,Bastones clasicos,Bastones clasicos - Sigilo,Forma estable,Forma,Brocoli zigzag,394.2,247.3,285.6,12.48,156
MC1458,False,3.0x400.0x274.08x225.0,Catálogo inicial,1458,Bastones clasicos,Bastones clasicos - Reserva Privada,Estacional,Corte steak,Bastones rectos de brocoli,406.4,260.6,218.3,12.699,156
MC1459,False,3.0x400.0x286.85x190.04,Catálogo inicial,1459,Bastones clasicos,Bastones clasicos - Legumes Frites,Estacional,Grueso,Bastones rectos de brocoli,406.8,287.5,173.9,9.764,156
MC1460,False,3.0x400.0x286.85x195.36,Catálogo inicial,1460,Bastones clasicos,Bastones clasicos - Sigilo,Estacional,Fino,Bastones rectos de brocoli,373.4,270.2,204.8,12.547,156
MC1461,False,3.0x369.8x258.3x256.1,Caja creada en MC,1461,Guarniciones,Guarniciones - Legumes Croquetas,Forma estable,Forma,Croquetas de brocoli,394.8,243.6,238.6,13.146,156
MC1462,False,3.0x400.0x240.0x212.38,Catálogo inicial,1462,Bastones clasicos,Bastones clasicos - Legumes Frites,Estacional,Corte steak,Bastones rectos de brocoli,403.9,236.9,197.4,12.951,156
MC1463,False,3.0x400.0x266.63x225.0,Catálogo inicial,1463,Bastones clasicos,Bastones clasicos - Legumes Frites,Estacional,Fino,Bastones rectos de brocoli,375.1,254.6,223.8,12.53,156
MC1464,False,3.0x400.0x300.0x257.14,Catálogo inicial,1464,Bastones clasicos,Bastones clasicos - Sigilo,Forma estable,Forma,Espirales de brocoli,406.8,281.3,246.4,9.813,156
MC1465,False,3.0x375.1x267.5x241.0,Caja creada en MC,1465,Bastones clasicos,Bastones clasicos - Legumes Frites,Estacional,Medio,Bastones rectos de brocoli,368.4,256.0,233.6,10.768,156
MC1466,False,3.0x400.0x300.0x199.61,Catálogo inicial,1466,Bastones clasicos,Bastones clasicos - Legumes Frites,Estacional,Medio,Bastones rectos de brocoli,387.2,289.2,192.5,10.943,156
MC1467,False,3.0x400.0x300.0x225.0,Catálogo inicial,1467,Bastones clasicos,Bastones clasicos - Sigilo,Forma estable,Forma,Dippers de brocoli,383.2,302.4,216.2,12.616,156
MC1468,False,3.0x400.0x269.82x252.8,Catálogo inicial,1468,Bastones clasicos,Bastones clasicos - Sigilo,Forma estable,Forma,Brocoli en rejilla,372.0,254.3,269.7,6.666,156
MC1469,False,3.0x400.4x278.8x230.1,Caja creada en MC,1469,Bastones clasicos,Bastones clasicos - Mayordomo,Estacional,Medio,Bastones rectos de brocoli,376.6,284.3,224.9,12.781,156
MC1470,False,3.0x412.8x269.0x265.6,Caja creada en MC,1470,Bastones clasicos,Bastones clasicos - Grado B,Estacional,Fino,Bastones rectos de brocoli,396.3,261.3,258.2,12.084,156
MC1471,False,3.0x400.0x300.0x238.97,Catálogo inicial,1471,Bastones clasicos,Bastones clasicos - Sigilo,Estacional,Grueso,Bastones rectos de brocoli,406.8,283.6,229.3,14.153,156
MC1472,False,3.0x408.5x254.6x267.4,Caja creada en MC,1472,Bastones clasicos,Bastones clasicos - Sigilo,Forma estable,Forma,Corte rustico de brocoli,391.5,247.6,255.4,12.467,156
MC1473,False,3.0x376.0x253.6x261.8,Caja creada en MC,1473,Bastones clasicos,Bastones clasicos - Sigilo,Forma estable,Forma,Corte rustico de brocoli,383.8,250.5,243.4,12.13,156
MC1474,False,3.0x412.2x275.7x228.2,Caja creada en MC,1474,Bastones clasicos,Bastones clasicos - Sigilo,Forma estable,Forma,Dippers de brocoli,392.6,267.5,230.2,13.001,156
MC1475,False,3.0x400.0x266.63x225.0,Catálogo inicial,1475,Bastones clasicos,Bastones clasicos - Reserva Privada,Estacional,Corte steak,Bastones rectos de brocoli,381.5,254.7,216.8,13.049,156
MC1476,False,3.0x407.8x252.0x245.0,Caja creada en MC,1476,Bastones extra crocantes,Bastones extra crocantes - Muy Crocantes,Estacional,Medio,Bastones rectos de brocoli,401.7,247.2,234.4,12.599,156
MC1477,False,3.0x400.0x300.0x163.44,Catálogo inicial,1477,Snacks y aperitivos,Snacks y aperitivos - Queso,Co-produccion,Forma,Bocados de brocoli con queso cheddar,404.7,296.9,148.1,5.106,156
MC1478,False,3.0x400.0x266.63x225.0,Catálogo inicial,1478,Bastones clasicos,Bastones clasicos - Reserva Privada,Estacional,Corte steak,Bastones rectos de brocoli,406.8,246.8,219.8,12.788,156
MC1479,False,3.0x400.0x269.82x179.4,Catálogo inicial,1479,Snacks y aperitivos,Snacks y aperitivos - Queso,Co-produccion,Forma,Bocados de brocoli con queso cheddar,388.6,258.2,176.2,5.209,156
MC1480,False,3.0x400.0x291.1x174.08,Catálogo inicial,1480,Bastones clasicos,Bastones clasicos - Sigilo,Estacional,Grueso,Bastones rectos de brocoli,382.7,288.2,169.0,12.773,156
MC1481,False,3.0x400.0x300.0x317.7,Catálogo inicial,1481,Bastones clasicos,Bastones clasicos - Reserva Privada,Estacional,Fino,Bastones rectos de brocoli,394.9,298.0,298.9,12.002,156
MC1482,False,3.0x412.8x309.7x274.4,Caja creada en MC,1482,Bastones clasicos,Bastones clasicos - Sigilo,Forma estable,Forma,Brocoli zigzag,395.5,286.1,290.2,13.784,156
MC1483,False,3.0x400.0x266.63x225.0,Catálogo inicial,1483,Bastones clasicos,Bastones clasicos - Legumes Frites,Estacional,Medio,Bastones rectos de brocoli,373.9,246.2,240.6,11.352,156
MC1484,False,3.0x400.0x269.82x179.4,Catálogo inicial,1484,Snacks y aperitivos,Snacks y aperitivos - Queso,Co-produccion,Forma,Bocados de brocoli con queso cheddar,388.2,253.1,169.6,4.924,156
MC1485,False,3.0x369.8x292.4x287.4,Caja creada en MC,1485,Bastones clasicos,Bastones clasicos - Reserva Privada,Estacional,Medio,Bastones rectos de brocoli,392.3,274.5,270.4,12.114,156
MC1486,False,3.0x400.0x274.08x199.61,Catálogo inicial,1486,Bastones clasicos,Bastones clasicos - Reserva Privada,Estacional,Medio,Bastones rectos de brocoli,383.2,258.1,206.0,12.689,156
MC1487,False,3.0x400.0x300.0x300.0,Catálogo inicial,1487,Bastones clasicos,Bastones clasicos - Reserva Privada,Estacional,Fino,Bastones rectos de brocoli,381.2,291.1,302.8,12.396,156
MC1488,False,3.0x400.4x278.8x230.1,Caja creada en MC,1488,Bastones clasicos,Bastones clasicos - Legumes Frites,Estacional,Medio,Bastones rectos de brocoli,381.0,270.7,230.3,11.109,156
MC1489,False,3.0x412.8x303.5x182.8,Caja creada en MC,1489,Bastones clasicos,Bastones clasicos - Sigilo,Estacional,Forma,Bastones rectos de brocoli,406.8,290.5,178.7,5.623,156
MC1490,False,3.0x375.6x286.0x275.7,Caja creada en MC,1490,Bastones clasicos,Bastones clasicos - Sigilo,Forma estable,Forma,Espirales de brocoli,379.0,283.7,258.0,12.288,156
MC1491,False,3.0x400.0x240.0x244.29,Catálogo inicial,1491,Bastones extra crocantes,Bastones extra crocantes - Muy Crocantes,Estacional,Medio,Bastones rectos de brocoli,371.3,250.6,232.4,12.081,156
MC1492,False,3.0x400.0x300.0x233.65,Catálogo inicial,1492,Bastones clasicos,Bastones clasicos - Sigilo,Forma estable,Forma,Brocoli en rejilla,372.3,297.9,230.1,6.575,156
MC1493,False,3.0x400.0x300.0x238.97,Catálogo inicial,1493,Bastones clasicos,Bastones clasicos - Sigilo,Forma estable,Forma,Brocoli en rejilla,371.4,289.3,248.2,6.396,156
MC1494,False,3.0x375.8x300.7x170.7,Caja creada en MC,1494,Bastones clasicos,Bastones clasicos - Sigilo,Forma estable,Forma,Gajos de brocoli,370.8,285.5,168.8,8.788,156
MC1495,False,3.0x400.0x266.63x225.0,Catálogo inicial,1495,Bastones clasicos,Bastones clasicos - Sigilo,Estacional,Corte steak,Bastones rectos de brocoli,391.2,263.3,217.2,11.996,156
MC1496,False,3.0x409.0x311.9x276.3,Caja creada en MC,1496,Bastones clasicos,Bastones clasicos - Sigilo,Forma estable,Forma,Brocoli en rejilla,380.9,290.5,297.6,12.405,156
MC1497,False,3.0x400.0x240.0x244.29,Catálogo inicial,1497,Bastones clasicos,Bastones clasicos - Sigilo,Forma estable,Forma,Brocoli en rejilla,374.9,255.3,224.5,6.895,156
MC1498,False,3.0x373.3x289.8x197.7,Caja creada en MC,1498,Bastones clasicos,Bastones clasicos - Legumes Frites,Estacional,Medio,Bastones rectos de brocoli,372.2,287.6,181.0,12.727,156
MC1499,False,3.0x402.9x251.9x285.6,Caja creada en MC,1499,Bastones clasicos,Bastones clasicos - Sigilo,Forma estable,Forma,Brocoli en rejilla,387.8,254.9,275.4,6.346,156
MC1500,False,3.0x412.8x272.2x150.8,Caja creada en MC,1500,Bastones clasicos,Bastones clasicos - Sigilo,Forma estable,Forma,Dippers de brocoli,406.8,252.6,148.6,4.365,156
MC1501,False,3.0x412.2x275.7x228.2,Caja creada en MC,1501,Bastones clasicos,Bastones clasicos - Reserva Privada,Estacional,Medio,Bastones rectos de brocoli,400.8,273.6,219.9,12.506,156
MC1502,False,3.0x369.8x259.5x209.3,Caja creada en MC,1502,Bastones clasicos,Bastones clasicos - Reserva Privada,Estacional,Medio,Bastones rectos de brocoli,379.2,240.0,205.6,12.71,156
MC1503,False,3.0x400.0x300.0x283.65,Catálogo inicial,1503,Bastones clasicos,Bastones clasicos - Reserva Privada,Estacional,Medio,Bastones rectos de brocoli,373.8,287.5,295.2,12.652,156
MC1504,False,3.0x412.8x268.8x320.2,Caja creada en MC,1504,Bastones clasicos,Bastones clasicos - Reserva Privada,Estacional,Fino,Bastones rectos de brocoli,389.9,258.1,332.5,12.308,156
MC1505,False,3.0x400.0x300.0x210.25,Catálogo inicial,1505,Bastones clasicos,Bastones clasicos - Legumes Frites,Estacional,Fino,Bastones rectos de brocoli,383.7,297.1,202.0,12.612,156
MC1506,False,3.0x399.0x281.4x210.9,Caja creada en MC,1506,Bastones clasicos,Bastones clasicos - Grado B,Estacional,Medio,Bastones rectos de brocoli,399.9,261.8,207.6,13.063,156
MC1507,False,3.0x400.0x240.0x212.38,Catálogo inicial,1507,Bastones clasicos,Bastones clasicos - Legumes Frites Salados,Estacional,Medio,Bastones rectos de brocoli,382.3,249.8,198.1,12.577,156
MC1508,False,3.0x400.0x300.0x269.82,Catálogo inicial,1508,Bastones clasicos,Bastones clasicos - Reserva Privada,Estacional,Medio,Bastones rectos de brocoli,386.4,290.4,265.9,11.888,156
MC1509,False,3.0x369.8x259.5x209.3,Caja creada en MC,1509,Bastones clasicos,Bastones clasicos - Sigilo,Forma estable,Forma,Gajos de brocoli,363.8,249.9,203.7,12.576,156
MC1510,False,3.0x393.7x279.2x237.6,Caja creada en MC,1510,Bastones clasicos,Bastones clasicos - Sigilo,Forma estable,Forma,Brocoli en rejilla,388.5,281.6,223.9,6.899,156
MC1511,False,3.0x412.8x258.5x211.6,Caja creada en MC,1511,Bastones clasicos,Bastones clasicos - Reserva Privada,Estacional,Medio,Bastones rectos de brocoli,387.7,251.6,193.8,12.017,156
MC1512,False,3.0x400.0x300.0x178.34,Catálogo inicial,1512,Bastones clasicos,Bastones clasicos - Sigilo,Estacional,Medio,Bastones rectos de brocoli,380.8,287.3,177.7,12.511,156
MC1513,False,3.0x400.0x300.0x247.48,Catálogo inicial,1513,Bastones clasicos,Bastones clasicos - Sigilo,Forma estable,Forma,Brocoli en rejilla,406.8,287.9,237.5,6.456,156
MC1514,False,3.0x400.0x291.1x174.08,Catálogo inicial,1514,Bastones clasicos,Bastones clasicos - Legumes Frites,Estacional,Medio,Bastones rectos de brocoli,375.8,285.6,175.4,12.536,156
MC1515,False,3.0x400.0x300.0x178.34,Catálogo inicial,1515,Bastones clasicos,Bastones clasicos - Sigilo,Forma estable,Forma,Gajos de brocoli,393.6,295.8,170.2,12.573,156
MC1516,False,3.0x400.0x300.0x238.97,Catálogo inicial,1516,Bastones extra crocantes,Bastones extra crocantes - Muy Crocantes,Estacional,Fino,Bastones rectos de brocoli,385.6,288.0,240.8,12.927,156
MC1517,False,3.0x400.0x240.0x215.57,Catálogo inicial,1517,Bastones clasicos,Bastones clasicos - Legumes Frites,Estacional,Corte steak,Bastones rectos de brocoli,381.8,248.4,203.0,12.532,156
MC1518,False,3.0x373.3x289.8x197.7,Caja creada en MC,1518,Bastones clasicos,Bastones clasicos - Reserva Privada,Estacional,Grueso,Bastones rectos de brocoli,382.7,280.5,180.9,12.979,156
MC1519,False,3.0x409.4x311.9x299.2,Caja creada en MC,1519,Bastones clasicos,Bastones clasicos - Sigilo,Estacional,Medio,Bastones rectos de brocoli,396.3,305.9,290.4,12.456,156
MC1520,False,3.0x400.0x274.08x291.1,Catálogo inicial,1520,Bastones clasicos,Bastones clasicos - Reserva Privada,Estacional,Medio,Bastones rectos de brocoli,395.8,277.0,272.8,12.369,156
MC1521,False,3.0x369.8x265.9x265.9,Caja creada en MC,1521,Bastones clasicos,Bastones clasicos - Reserva Privada,Estacional,Fino,Bastones rectos de brocoli,394.7,249.2,245.2,10.779,156
MC1522,False,3.0x376.3x311.9x289.9,Caja creada en MC,1522,Bastones clasicos,Bastones clasicos - Sigilo,Forma estable,Forma,Brocoli en rejilla,395.0,293.2,273.5,6.146,156
MC1523,False,3.0x412.8x303.5x182.8,Caja creada en MC,1523,Bastones clasicos,Bastones clasicos - Sigilo,Estacional,Grueso,Bastones rectos de brocoli,397.5,303.2,174.1,12.603,156
MC1524,False,3.0x400.0x269.82x344.29,Catálogo inicial,1524,Bastones clasicos,Bastones clasicos - Reserva Privada,Estacional,Fino,Bastones rectos de brocoli,371.0,260.7,358.4,13.27,156
MC1525,False,3.0x400.0x240.0x206.0,Catálogo inicial,1525,Bastones clasicos,Bastones clasicos - Legumes Frites,Estacional,Corte steak,Bastones rectos de brocoli,391.8,242.5,192.5,12.672,156
MC1526,False,3.0x369.8x292.4x287.4,Caja creada en MC,1526,Bastones clasicos,Bastones clasicos - Reserva Privada,Estacional,Medio,Bastones rectos de brocoli,370.3,272.8,288.6,12.758,156
MC1527,False,3.0x400.0x274.08x225.0,Catálogo inicial,1527,Bastones clasicos,Bastones clasicos - Legumes Frites,Forma estable,Forma,Brocoli zigzag,392.4,254.4,228.8,9.629,156
MC1528,False,3.0x400.0x291.1x174.08,Catálogo inicial,1528,Bastones clasicos,Bastones clasicos - Legumes Frites,Estacional,Medio,Bastones rectos de brocoli,406.8,274.2,168.4,12.408,156
MC1529,False,3.0x375.6x286.8x216.9,Caja creada en MC,1529,Bastones clasicos,Bastones clasicos - Grado B,Estacional,Medio,Bastones rectos de brocoli,384.6,281.9,198.8,12.869,156
MC1530,False,3.0x369.8x258.3x256.1,Caja creada en MC,1530,Bastones clasicos,Bastones clasicos - Sigilo,Forma estable,Forma,Tiras para dip de brocoli,367.1,238.5,251.4,13.253,156
MC1531,False,3.0x400.0x300.0x233.65,Catálogo inicial,1531,Bastones clasicos,Bastones clasicos - Sigilo,Estacional,Grueso,Bastones rectos de brocoli,388.5,298.1,227.0,11.752,156
MC1532,False,3.0x412.8x261.3x210.5,Caja creada en MC,1532,Bastones clasicos,Bastones clasicos - Reserva Privada,Forma estable,Forma,Gajos de brocoli,406.8,251.2,207.0,11.266,156
MC1533,False,3.0x412.8x255.2x280.0,Caja creada en MC,1533,Bastones clasicos,Bastones clasicos - Sigilo,Forma estable,Forma,Tiras para dip de brocoli,399.5,243.6,285.3,9.51,156
MC1534,False,3.0x400.0x269.82x344.29,Catálogo inicial,1534,Bastones clasicos,Bastones clasicos - Sigilo,Estacional,Fino,Bastones rectos de brocoli,395.9,263.3,335.0,12.579,156
MC1535,True,3.0x403.7x280.8x270.5,Caja nueva,1535,Bastones clasicos,Bastones clasicos - Sigilo,Forma estable,Forma,Brocoli zigzag,397.7,274.8,264.5,9.53,157
MC1536,False,3.0x373.2x309.4x177.8,Caja creada en MC,1536,Guarniciones,Guarniciones - Cubos,Forma estable,Forma,Cubos de brocoli,391.6,292.8,165.7,11.957,157
MC1537,False,3.0x369.8x258.3x256.1,Caja creada en MC,1537,Bastones clasicos,Bastones clasicos - Legumes Frites,Estacional,Medio,Bastones rectos de brocoli,393.9,246.7,236.1,10.628,157
MC1538,False,3.0x400.0x300.0x238.97,Catálogo inicial,1538,Bastones clasicos,Bastones clasicos - Sigilo,Estacional,Grueso,Bastones rectos de brocoli,396.6,299.7,225.4,13.019,157
MC1539,False,3.0x400.0x274.08x199.61,Catálogo inicial,1539,Guarniciones,Guarniciones - Cubos,Forma estable,Forma,Cubos de brocoli,406.8,260.7,190.7,10.904,157
MC1540,False,3.0x400.0x291.1x174.08,Catálogo inicial,1540,Bastones clasicos,Bastones clasicos - Legumes Frites,Estacional,Corte steak,Bastones rectos de brocoli,392.2,279.3,169.5,11.949,157
MC1541,False,3.0x412.8x258.5x211.6,Caja creada en MC,1541,Bastones clasicos,Bastones clasicos - Legumes Frites,Estacional,Fino,Bastones rectos de brocoli,390.3,274.2,197.1,12.486,157
MC1542,False,3.0x400.4x278.8x230.1,Caja creada en MC,1542,Bastones clasicos,Bastones clasicos - Sigilo,Forma estable,Forma,Tiras para dip de brocoli,389.4,259.6,237.8,12.381,157
MC1543,False,3.0x400.0x300.0x233.65,Catálogo inicial,1543,Bastones clasicos,Bastones clasicos - Sigilo,Forma estable,Forma,Gajos de brocoli,373.1,279.8,246.1,12.06,157
MC1544,False,3.0x412.8x261.3x210.5,Caja creada en MC,1544,Bastones clasicos,Bastones clasicos - Reserva Privada,Estacional,Corte steak,Bastones rectos de brocoli,406.8,253.7,204.7,12.361,157
MC1545,False,3.0x400.0x300.0x300.0,Catálogo inicial,1545,Bastones clasicos,Bastones clasicos - Reserva Privada,Estacional,Fino,Bastones rectos de brocoli,388.5,296.9,291.6,12.38,157
MC1546,False,3.0x400.0x300.0x199.61,Catálogo inicial,1546,Bastones clasicos,Bastones clasicos - Sigilo,Estacional,Grueso,Bastones rectos de brocoli,404.5,289.4,188.2,12.269,157
MC1547,False,3.0x400.0x240.0x233.65,Catálogo inicial,1547,Bastones clasicos,Bastones clasicos - Sigilo,Estacional,Fino,Bastones rectos de brocoli,384.4,248.7,215.8,10.021,157
MC1548,False,3.0x400.0x291.1x174.08,Catálogo inicial,1548,Bastones clasicos,Bastones clasicos - Reserva Privada,Estacional,Grueso,Bastones rectos de brocoli,377.2,292.1,171.2,11.786,157
MC1549,False,3.0x400.0x300.0x163.44,Catálogo inicial,1549,Bastones clasicos,Bastones clasicos - Sigilo,Forma estable,Forma,Gajos de brocoli,388.1,295.0,158.4,9.169,157
MC1550,False,3.0x412.8x311.9x186.6,Caja creada en MC,1550,Bastones clasicos,Bastones clasicos - Sigilo,Estacional,Medio,Bastones rectos de brocoli,406.8,294.6,179.1,12.501,157
MC1551,False,3.0x400.0x266.63x225.0,Catálogo inicial,1551,Bastones clasicos,Bastones clasicos - Legumes Frites,Forma estable,Forma,Brocoli zigzag,386.3,249.8,230.8,9.778,157
MC1552,True,3.0x369.8x241.1x161.0,Caja nueva,1552,Bastones clasicos,Bastones clasicos - Sigilo,Forma estable,Forma,Corte rustico de brocoli,363.8,235.1,155.0,6.832,158
MC1553,False,3.0x400.0x240.0x215.57,Catálogo inicial,1553,Guarniciones,Guarniciones - Cubos,Forma estable,Forma,Cubos de brocoli,390.5,246.9,200.2,10.822,158
MC1554,False,3.0x409.4x311.9x299.2,Caja creada en MC,1554,Brocoli especial,Brocoli especial - Bastones Especiales,Estacional,Fino,Bastones rectos de brocoli,406.8,298.8,292.5,8.509,158
MC1555,False,3.0x412.8x258.5x211.6,Caja creada en MC,1555,Bastones clasicos,Bastones clasicos - Reserva Privada,Estacional,Medio,Bastones rectos de brocoli,390.5,253.9,210.6,12.497,158
MC1556,False,3.0x369.8x302.4x268.1,Caja creada en MC,1556,Bastones clasicos,Bastones clasicos - Sigilo,Forma estable,Forma,Brocoli zigzag,373.7,294.7,254.6,9.621,158
MC1557,False,3.0x412.8x269.0x265.6,Caja creada en MC,1557,Bastones clasicos,Bastones clasicos - Sigilo,Forma estable,Forma,Espirales de brocoli,404.8,255.7,259.6,6.802,158
MC1558,False,3.0x376.2x309.0x189.7,Caja creada en MC,1558,Bastones clasicos,Bastones clasicos - Reserva Privada,Estacional,Corte steak,Bastones rectos de brocoli,403.1,285.5,178.7,12.378,158
MC1559,False,3.0x400.0x300.0x199.61,Catálogo inicial,1559,Bastones clasicos,Bastones clasicos - Sigilo,Estacional,Medio,Bastones rectos de brocoli,385.2,284.0,204.5,12.48,158
MC1560,False,3.0x400.0x286.85x380.46,Catálogo inicial,1560,Bastones clasicos,Bastones clasicos - Sigilo,Forma estable,Forma,Espirales de brocoli,390.6,297.7,356.0,12.891,158
MC1561,False,3.0x397.9x304.6x327.6,Caja creada en MC,1561,Bastones clasicos,Bastones clasicos - Reserva Privada,Forma estable,Forma,Brocoli en rejilla,406.8,289.7,312.5,10.936,158
MC1562,False,3.0x375.6x286.8x216.9,Caja creada en MC,1562,Bastones extra crocantes,Bastones extra crocantes - Atelier Frites,Estacional,Grueso,Bastones rectos de brocoli,384.6,266.0,213.8,12.709,158
MC1563,False,3.0x400.0x300.0x210.25,Catálogo inicial,1563,Bastones clasicos,Bastones clasicos - Grado B,Estacional,Medio,Bastones rectos de brocoli,399.3,293.8,197.3,12.742,158
MC1564,False,3.0x412.8x269.0x265.6,Caja creada en MC,1564,Guarniciones,Guarniciones - Tortitas,Forma estable,Forma,Tortitas de brocoli,399.4,257.2,262.6,12.774,158
MC1565,False,3.0x412.8x268.8x320.2,Caja creada en MC,1565,Bastones clasicos,Bastones clasicos - Sigilo,Forma estable,Forma,Brocoli zigzag,395.9,268.7,295.9,12.609,158
MC1566,False,3.0x400.0x266.63x342.17,Catálogo inicial,1566,Bastones clasicos,Bastones clasicos - Sigilo,Forma estable,Forma,Brocoli en rejilla,387.7,273.1,317.3,11.064,158
MC1567,False,3.0x400.0x269.82x344.29,Catálogo inicial,1567,Bastones clasicos,Bastones clasicos - Reserva Privada,Estacional,Fino,Bastones rectos de brocoli,377.0,267.9,347.2,12.538,158
MC1568,False,3.0x400.0x269.82x252.8,Catálogo inicial,1568,Bastones clasicos,Bastones clasicos - Grado B,Estacional,Medio,Bastones rectos de brocoli,405.3,257.8,239.7,12.284,158
MC1569,False,3.0x400.0x240.0x244.29,Catálogo inicial,1569,Bastones clasicos,Bastones clasicos - Sigilo,Forma estable,Forma,Dippers de brocoli,373.1,241.2,244.1,12.622,158
MC1570,False,3.0x373.8x243.9x189.6,Caja creada en MC,1570,Bastones clasicos,Bastones clasicos - Reserva Privada,Forma estable,Forma,Gajos de brocoli,363.8,248.2,175.8,10.343,158
MC1571,False,3.0x372.3x298.4x242.7,Caja creada en MC,1571,Bastones clasicos,Bastones clasicos - Sigilo,Forma estable,Forma,Brocoli zigzag,393.1,276.5,230.4,12.954,158
MC1572,False,3.0x412.8x309.5x262.5,Caja creada en MC,1572,Snacks y aperitivos,Snacks y aperitivos - Aros y Vegetales,Co-produccion,Forma,Aros de brocoli,400.4,303.2,254.5,5.046,158
MC1573,False,3.0x412.0x252.9x244.0,Caja creada en MC,1573,Bastones clasicos,Bastones clasicos - Sigilo,Estacional,Medio,Bastones rectos de brocoli,398.7,263.1,224.0,12.821,158
MC1574,False,3.0x369.8x265.9x265.9,Caja creada en MC,1574,Guarniciones,Guarniciones - Legumes Croquetas,Forma estable,Forma,Croquetas de brocoli,384.6,254.1,249.8,9.496,158
MC1575,False,3.0x369.8x292.4x287.4,Caja creada en MC,1575,Bastones clasicos,Bastones clasicos - Legumes Frites,Estacional,Fino,Bastones rectos de brocoli,384.3,272.0,278.6,12.402,158
MC1576,False,3.0x400.0x300.0x257.14,Catálogo inicial,1576,Bastones clasicos,Bastones clasicos - Sigilo,Forma estable,Forma,Espirales de brocoli,395.1,277.7,264.1,12.855,158
MC1577,False,3.0x373.8x259.9x219.5,Caja creada en MC,1577,Bastones clasicos,Bastones clasicos - Sigilo,Estacional,Medio,Bastones rectos de brocoli,382.5,252.2,206.3,13.058,158
MC1578,False,3.0x369.8x254.3x263.9,Caja creada en MC,1578,Bastones clasicos,Bastones clasicos - Legumes Frites,Estacional,Medio,Bastones rectos de brocoli,374.4,252.2,244.7,12.699,158
MC1579,False,3.0x404.7x245.8x337.0,Caja creada en MC,1579,Bastones clasicos,Bastones clasicos - Reserva Privada,Estacional,Fino,Bastones rectos de brocoli,391.3,242.7,329.7,12.319,158
MC1580,False,3.0x376.3x311.9x289.9,Caja creada en MC,1580,Bastones clasicos,Bastones clasicos - Legumes Frites,Estacional,Fino,Bastones rectos de brocoli,403.0,292.5,269.0,13.851,158
MC1581,False,3.0x374.7x299.5x214.6,Caja creada en MC,1581,Bastones clasicos,Bastones clasicos - Reserva Privada,Estacional,Fino,Bastones rectos de brocoli,372.5,295.2,205.0,12.536,158
MC1582,False,3.0x375.8x300.7x170.7,Caja creada en MC,1582,Bastones clasicos,Bastones clasicos - Legumes Frites,Estacional,Grueso,Bastones rectos de brocoli,391.8,279.0,164.1,10.283,158
MC1583,False,3.0x376.3x311.9x289.9,Caja creada en MC,1583,Bastones clasicos,Bastones clasicos - Sigilo,Forma estable,Forma,Brocoli en rejilla,366.6,294.5,288.0,8.804,158
MC1584,False,3.0x400.0x300.0x178.34,Catálogo inicial,1584,Bastones clasicos,Bastones clasicos - Legumes Frites,Estacional,Medio,Bastones rectos de brocoli,384.7,280.2,178.0,11.081,158
MC1585,False,3.0x369.8x292.4x287.4,Caja creada en MC,1585,Bastones clasicos,Bastones clasicos - Legumes Frites,Estacional,Fino,Bastones rectos de brocoli,383.0,282.1,270.9,12.385,158
MC1586,False,3.0x372.3x298.4x242.7,Caja creada en MC,1586,Bastones clasicos,Bastones clasicos - Sigilo,Estacional,Medio,Bastones rectos de brocoli,363.8,289.1,238.1,12.853,158
MC1587,False,3.0x400.0x269.82x179.4,Catálogo inicial,1587,Bastones clasicos,Bastones clasicos - Reserva Privada,Forma estable,Forma,Gajos de brocoli,383.4,259.1,178.4,10.147,158
MC1588,False,3.0x376.3x311.9x289.9,Caja creada en MC,1588,Bastones clasicos,Bastones clasicos - Reserva Privada,Estacional,Medio,Bastones rectos de brocoli,381.6,299.9,273.5,12.112,158
MC1589,False,3.0x372.3x298.4x242.7,Caja creada en MC,1589,Bastones clasicos,Bastones clasicos - Sigilo,Forma estable,Forma,Brocoli en rejilla,370.1,299.2,228.2,6.431,158
MC1590,False,3.0x400.0x300.0x219.82,Catálogo inicial,1590,Snacks y aperitivos,Snacks y aperitivos - Aros y Vegetales,Co-produccion,Forma,Aros de brocoli,404.9,300.1,202.6,5.137,158
MC1591,False,3.0x412.8x303.5x182.8,Caja creada en MC,1591,Bastones clasicos,Bastones clasicos - Reserva Privada,Estacional,Corte steak,Bastones rectos de brocoli,406.8,303.0,170.6,12.451,158
MC1592,True,3.0x406.1x280.3x230.9,Caja nueva,1592,Guarniciones,Guarniciones - Tortitas,Forma estable,Forma,Tortitas de brocoli,400.1,274.3,224.9,10.837,159
MC1593,False,3.0x400.0x286.85x190.04,Catálogo inicial,1593,Bastones clasicos,Bastones clasicos - Legumes Frites,Estacional,Medio,Bastones rectos de brocoli,390.2,291.5,179.0,12.879,159
MC1594,False,3.0x386.0x280.6x151.2,Caja creada en MC,1594,Bastones clasicos,Bastones clasicos - Sigilo,Estacional,Medio,Bastones rectos de brocoli,388.5,281.7,136.5,6.715,159
MC1595,False,3.0x406.0x266.1x229.6,Caja creada en MC,1595,Bastones clasicos,Bastones clasicos - Legumes Frites,Estacional,Medio,Bastones rectos de brocoli,406.8,257.4,222.0,10.852,159
MC1596,False,3.0x400.0x300.0x269.82,Catálogo inicial,1596,Bastones clasicos,Bastones clasicos - Sigilo,Forma estable,Forma,Espirales de brocoli,405.5,284.0,259.4,9.812,159
MC1597,False,3.0x400.0x300.0x269.82,Catálogo inicial,1597,Bastones clasicos,Bastones clasicos - Legumes Frites,Estacional,Fino,Bastones rectos de brocoli,392.9,286.2,270.9,12.047,159
MC1598,False,3.0x373.7x257.7x226.6,Caja creada en MC,1598,Bastones clasicos,Bastones clasicos - Sigilo,Forma estable,Forma,Dippers de brocoli,381.9,255.9,207.6,6.325,159
MC1599,False,3.0x400.0x240.0x212.38,Catálogo inicial,1599,Bastones clasicos,Bastones clasicos - Sigilo,Estacional,Medio,Bastones rectos de brocoli,381.3,223.3,219.4,9.786,159
MC1600,False,3.0x412.8x258.5x211.6,Caja creada en MC,1600,Bastones clasicos,Bastones clasicos - Reserva Privada,Estacional,Corte steak,Bastones rectos de brocoli,398.2,256.4,202.7,12.512,159
MC1601,False,3.0x373.5x311.9x210.7,Caja creada en MC,1601,Snacks y aperitivos,Snacks y aperitivos - Aros y Vegetales,Co-produccion,Forma,Aros de brocoli,373.6,301.7,201.7,4.855,159
MC1602,False,3.0x400.0x300.0x233.65,Catálogo inicial,1602,Bastones clasicos,Bastones clasicos - Sigilo,Estacional,Medio,Bastones rectos de brocoli,391.4,289.8,230.1,12.232,159
MC1603,False,3.0x412.8x309.5x262.5,Caja creada en MC,1603,Bastones clasicos,Bastones clasicos - Legumes Frites,Estacional,Fino,Bastones rectos de brocoli,406.8,287.1,267.2,12.101,159
MC1604,False,3.0x408.5x254.6x267.4,Caja creada en MC,1604,Bastones clasicos,Bastones clasicos - Legumes Frites,Estacional,Fino,Bastones rectos de brocoli,387.3,264.4,254.2,12.671,159
MC1605,False,3.0x376.3x311.9x289.9,Caja creada en MC,1605,Bastones clasicos,Bastones clasicos - Legumes Frites,Estacional,Corte steak,Bastones rectos de brocoli,403.1,288.7,274.7,12.938,159
MC1606,False,3.0x400.0x274.08x225.0,Catálogo inicial,1606,Guarniciones,Guarniciones - Legumes Croquetas,Forma estable,Forma,Croquetas de brocoli,382.1,255.3,236.6,9.454,159
MC1607,False,3.0x412.8x268.8x320.2,Caja creada en MC,1607,Bastones clasicos,Bastones clasicos - Reserva Privada,Estacional,Fino,Bastones rectos de brocoli,384.2,263.0,323.5,11.801,159
MC1608,False,3.0x373.3x289.8x197.7,Caja creada en MC,1608,Bastones clasicos,Bastones clasicos - Legumes Frites,Estacional,Medio,Bastones rectos de brocoli,384.3,285.1,180.6,12.657,159
MC1609,False,3.0x400.0x240.0x252.8,Catálogo inicial,1609,Bastones clasicos,Bastones clasicos - Legumes Frites,Estacional,Fino,Bastones rectos de brocoli,370.7,245.2,249.3,11.824,159
MC1610,False,3.0x400.0x240.0x244.29,Catálogo inicial,1610,Bastones clasicos,Bastones clasicos - Sigilo,Forma estable,Forma,Brocoli en rejilla,371.9,229.9,253.9,6.506,159
MC1611,False,3.0x400.0x266.63x225.0,Catálogo inicial,1611,Bastones clasicos,Bastones clasicos - Legumes Frites,Estacional,Corte steak,Bastones rectos de brocoli,394.4,248.4,217.0,10.23,159
MC1612,False,3.0x412.2x275.7x228.2,Caja creada en MC,1612,Bastones clasicos,Bastones clasicos - Legumes Frites,Estacional,Fino,Bastones rectos de brocoli,395.6,288.4,213.1,11.552,159
MC1613,False,3.0x399.0x281.4x210.9,Caja creada en MC,1613,Bastones clasicos,Bastones clasicos - Sigilo,Forma estable,Forma,Gajos de brocoli,376.5,284.9,206.2,11.35,159
MC1614,False,3.0x400.0x300.0x233.65,Catálogo inicial,1614,Bastones clasicos,Bastones clasicos - Mayordomo,Estacional,Medio,Bastones rectos de brocoli,399.3,294.9,216.1,12.612,159
MC1615,False,3.0x400.0x300.0x257.14,Catálogo inicial,1615,Bastones clasicos,Bastones clasicos - Sigilo,Forma estable,Forma,Brocoli en rejilla,394.0,297.3,246.2,6.307,159
MC1616,False,3.0x400.0x269.82x252.8,Catálogo inicial,1616,Bastones clasicos,Bastones clasicos - Sigilo,Estacional,Medio,Bastones rectos de brocoli,397.0,264.9,237.9,12.053,159
MC1617,False,3.0x412.8x303.5x182.8,Caja creada en MC,1617,Bastones clasicos,Bastones clasicos - Sigilo,Estacional,Forma,Bastones rectos de brocoli,400.5,293.4,177.2,5.481,159
MC1618,False,3.0x406.0x266.1x229.6,Caja creada en MC,1618,Bastones clasicos,Bastones clasicos - Legumes Frites,Forma estable,Forma,Brocoli zigzag,391.3,255.5,232.4,12.961,159
MC1619,False,3.0x406.0x266.1x229.6,Caja creada en MC,1619,Bastones clasicos,Bastones clasicos - Sigilo,Forma estable,Forma,Mix crujiente de brocoli,384.0,251.8,239.9,8.398,159
MC1620,False,3.0x406.1x308.8x293.7,Caja creada en MC,1620,Bastones clasicos,Bastones clasicos - Legumes Frites,Estacional,Grueso,Bastones rectos de brocoli,404.4,301.0,280.4,12.232,159
MC1621,False,3.0x403.7x280.8x270.5,Caja creada en MC,1621,Bastones clasicos,Bastones clasicos - Sigilo,Forma estable,Forma,Espirales de brocoli,398.7,280.8,255.0,9.956,159
MC1622,False,3.0x400.0x266.63x225.0,Catálogo inicial,1622,Bastones clasicos,Bastones clasicos - Grado B,Estacional,Medio,Bastones rectos de brocoli,400.4,251.5,219.2,11.659,159
MC1623,False,3.0x376.2x309.0x189.7,Caja creada en MC,1623,Bastones clasicos,Bastones clasicos - Legumes Frites,Estacional,Medio,Bastones rectos de brocoli,376.4,293.3,186.1,10.752,159
MC1624,False,3.0x412.8x258.5x211.6,Caja creada en MC,1624,Guarniciones,Guarniciones - Cubos,Forma estable,Forma,Cubos de brocoli,406.8,266.8,193.5,12.191,159
MC1625,False,3.0x412.8x303.5x182.8,Caja creada en MC,1625,Bastones clasicos,Bastones clasicos - Reserva Privada,Estacional,Corte steak,Bastones rectos de brocoli,400.6,298.1,177.1,12.529,159
MC1626,False,3.0x400.0x300.0x269.82,Catálogo inicial,1626,Bastones clasicos,Bastones clasicos - Sigilo,Forma estable,Forma,Espirales de brocoli,394.3,283.5,262.2,12.424,159
MC1627,True,3.0x372.4x266.8x318.2,Caja nueva,1627,Bastones clasicos,Bastones clasicos - Reserva Privada,Estacional,Fino,Bastones rectos de brocoli,366.4,260.8,312.2,12.447,160
MC1628,False,3.0x400.0x300.0x150.0,Catálogo inicial,1628,Guarniciones,Guarniciones - Cubos,Forma estable,Forma,Cubos de brocoli,378.4,295.5,146.7,12.434,160
MC1629,False,3.0x406.0x266.1x229.6,Caja creada en MC,1629,Bastones clasicos,Bastones clasicos - Legumes Frites,Estacional,Medio,Bastones rectos de brocoli,394.1,249.3,233.3,12.508,160
MC1630,False,3.0x401.7x311.9x241.3,Caja creada en MC,1630,Bastones clasicos,Bastones clasicos - Reserva Privada,Forma estable,Forma,Rodajas de brocoli,389.3,288.8,251.9,8.892,160
MC1631,False,3.0x393.7x279.2x237.6,Caja creada en MC,1631,Bastones clasicos,Bastones clasicos - Grado B,Estacional,Fino,Bastones rectos de brocoli,370.4,264.0,242.4,12.556,160
MC1632,False,3.0x412.8x269.0x265.6,Caja creada en MC,1632,Bastones clasicos,Bastones clasicos - Sigilo,Forma estable,Forma,Tiras para dip de brocoli,405.2,269.5,254.3,12.393,160
MC1633,False,3.0x411.0x305.1x232.5,Caja creada en MC,1633,Bastones clasicos,Bastones clasicos - Sigilo,Estacional,Grueso,Bastones rectos de brocoli,388.6,302.6,229.9,13.916,160
MC1634,False,3.0x400.0x269.82x179.4,Catálogo inicial,1634,Snacks y aperitivos,Snacks y aperitivos - Queso,Co-produccion,Forma,Bocados de brocoli con queso cheddar,406.8,255.3,166.5,5.124,160
MC1635,False,4.1x412.0x258.6x193.5,Caja creada en MC,1635,Bastones clasicos,Bastones clasicos - Sigilo,Estacional,Medio,Bastones rectos de brocoli,392.0,254.6,187.5,8.112,160
MC1636,False,3.0x400.0x274.08x225.0,Catálogo inicial,1636,Bastones clasicos,Bastones clasicos - Legumes Frites,Estacional,Medio,Bastones rectos de brocoli,395.4,259.3,220.5,10.98,160
MC1637,False,3.0x405.7x249.9x213.0,Caja creada en MC,1637,Bastones clasicos,Bastones clasicos - Legumes Frites,Estacional,Corte steak,Bastones rectos de brocoli,396.5,247.1,198.2,12.936,160
MC1638,False,3.0x403.7x280.8x270.5,Caja creada en MC,1638,Bastones clasicos,Bastones clasicos - Sigilo,Forma estable,Forma,Espirales de brocoli,384.4,297.7,249.5,12.086,160
MC1639,False,3.0x400.0x269.82x179.4,Catálogo inicial,1639,Bastones clasicos,Bastones clasicos - Sigilo,Forma estable,Forma,Gajos de brocoli,374.5,276.9,163.3,13.177,160
MC1640,False,3.0x400.0x300.0x269.82,Catálogo inicial,1640,Bastones clasicos,Bastones clasicos - Reserva Privada,Estacional,Medio,Bastones rectos de brocoli,383.7,297.1,257.6,11.998,160
MC1641,False,3.0x406.0x266.1x229.6,Caja creada en MC,1641,Bastones clasicos,Bastones clasicos - Legumes Frites,Estacional,Fino,Bastones rectos de brocoli,402.8,246.3,234.3,12.37,160
MC1642,False,3.0x369.8x258.3x256.1,Caja creada en MC,1642,Bastones clasicos,Bastones clasicos - Sigilo,Forma estable,Forma,Corte rustico de brocoli,377.3,251.7,240.4,12.144,160
MC1643,False,3.0x369.8x273.1x310.3,Caja creada en MC,1643,Bastones clasicos,Bastones clasicos - Reserva Privada,Estacional,Fino,Bastones rectos de brocoli,365.7,255.7,303.4,13.32,160
MC1644,False,3.0x400.0x274.08x225.0,Catálogo inicial,1644,Bastones clasicos,Bastones clasicos - Legumes Frites,Estacional,Medio,Bastones rectos de brocoli,389.4,267.1,218.7,12.311,160
MC1645,False,3.0x400.0x286.85x195.36,Catálogo inicial,1645,Bastones clasicos,Bastones clasicos - Reserva Privada,Forma estable,Forma,Gajos de brocoli,373.1,278.4,201.6,12.805,160
MC1646,False,3.0x400.0x300.0x178.34,Catálogo inicial,1646,Bastones clasicos,Bastones clasicos - Reserva Privada,Estacional,Medio,Bastones rectos de brocoli,383.4,282.2,179.3,12.361,160
MC1647,False,3.0x372.3x298.4x242.7,Caja creada en MC,1647,Guarniciones,Guarniciones - Tortitas,Forma estable,Forma,Tortitas de brocoli,363.8,278.3,240.6,11.032,160
MC1648,False,3.0x400.0x300.0x238.97,Catálogo inicial,1648,Bastones clasicos,Bastones clasicos - Sigilo,Forma estable,Forma,Dippers de brocoli,378.1,300.2,233.0,12.377,160
MC1649,False,3.0x402.9x251.9x285.6,Caja creada en MC,1649,Bastones clasicos,Bastones clasicos - Sigilo,Estacional,Medio,Bastones rectos de brocoli,392.9,233.5,291.7,12.45,160
MC1650,False,3.0x412.8x309.7x274.4,Caja creada en MC,1650,Bastones clasicos,Bastones clasicos - Sigilo,Forma estable,Forma,Brocoli en rejilla,406.0,287.1,279.7,5.812,160
MC1651,False,3.0x400.0x300.0x199.61,Catálogo inicial,1651,Bastones clasicos,Bastones clasicos - Legumes Frites,Estacional,Medio,Bastones rectos de brocoli,377.1,305.9,190.1,11.019,160
MC1652,False,3.0x400.0x269.82x179.4,Catálogo inicial,1652,Guarniciones,Guarniciones - Cubos,Forma estable,Forma,Cubos de brocoli,402.0,252.4,175.8,12.507,160
MC1653,False,3.0x400.0x240.0x336.85,Catálogo inicial,1653,Bastones clasicos,Bastones clasicos - Reserva Privada,Estacional,Fino,Bastones rectos de brocoli,377.1,246.5,326.6,12.889,160
MC1654,False,3.0x412.0x252.9x244.0,Caja creada en MC,1654,Bastones clasicos,Bastones clasicos - Sigilo,Forma estable,Forma,Tiras para dip de brocoli,384.9,254.7,241.8,6.755,160
MC1655,False,3.0x400.0x274.08x225.0,Catálogo inicial,1655,Bastones clasicos,Bastones clasicos - Reserva Privada,Estacional,Corte steak,Bastones rectos de brocoli,406.8,255.5,217.9,12.43,160
MC1656,False,3.0x412.8x269.0x265.6,Caja creada en MC,1656,Bastones clasicos,Bastones clasicos - Sigilo,Forma estable,Forma,Espirales de brocoli,395.5,261.5,268.1,6.659,160
MC1657,False,3.0x409.7x304.3x178.3,Caja creada en MC,1657,Bastones clasicos,Bastones clasicos - Sigilo,Estacional,Medio,Bastones rectos de brocoli,379.6,301.8,180.1,12.087,160
MC1658,False,3.0x407.8x252.0x245.0,Caja creada en MC,1658,Guarniciones,Guarniciones - Legumes Croquetas,Forma estable,Forma,Croquetas de brocoli,378.2,254.9,244.2,9.974,160
MC1659,False,3.0x397.9x304.6x327.6,Caja creada en MC,1659,Bastones clasicos,Bastones clasicos - Reserva Privada,Forma estable,Forma,Brocoli en rejilla,406.8,291.2,305.6,10.811,160
MC1660,False,3.0x400.0x274.08x199.61,Catálogo inicial,1660,Guarniciones,Guarniciones - Cubos,Forma estable,Forma,Cubos de brocoli,406.8,261.0,192.5,10.609,160
MC1661,False,3.0x400.0x274.08x291.1,Catálogo inicial,1661,Bastones clasicos,Bastones clasicos - Reserva Privada,Estacional,Fino,Bastones rectos de brocoli,376.5,280.0,283.4,12.43,160
MC1662,False,3.0x408.5x254.6x267.4,Caja creada en MC,1662,Bastones clasicos,Bastones clasicos - Sigilo,Forma estable,Forma,Brocoli en rejilla,392.5,247.1,264.7,6.773,160
MC1663,False,3.0x393.8x256.0x196.6,Caja creada en MC,1663,Guarniciones,Guarniciones - Cubos,Forma estable,Forma,Cubos de brocoli,394.1,241.5,185.9,12.568,160
MC1664,False,3.0x400.0x240.0x206.0,Catálogo inicial,1664,Bastones clasicos,Bastones clasicos - Sigilo,Forma estable,Forma,Brocoli en rejilla,381.4,243.0,196.9,4.702,160
MC1665,False,3.0x412.8x303.5x182.8,Caja creada en MC,1665,Snacks y aperitivos,Snacks y aperitivos - Aros y Vegetales,Co-produccion,Forma,Aros de brocoli,387.4,280.3,196.3,4.888,160
MC1666,False,3.0x400.0x271.95x163.63,Catálogo inicial,1666,Bastones clasicos,Bastones clasicos - Legumes Frites,Estacional,Medio,Bastones rectos de brocoli,380.1,272.0,156.5,12.893,160
MC1667,False,3.0x412.8x309.7x274.4,Caja creada en MC,1667,Bastones clasicos,Bastones clasicos - Sigilo,Forma estable,Forma,Brocoli en rejilla,399.2,288.7,283.7,12.255,160
MC1668,False,3.0x412.8x247.8x166.8,Caja creada en MC,1668,Bastones clasicos,Bastones clasicos - Sigilo,Forma estable,Forma,Corte rustico de brocoli,396.9,239.1,153.2,6.796,160
MC1669,False,3.0x400.0x269.82x252.8,Catálogo inicial,1669,Bastones clasicos,Bastones clasicos - Legumes Frites,Estacional,Fino,Bastones rectos de brocoli,376.2,255.4,258.5,12.581,160
MC1670,False,3.0x406.3x256.5x230.9,Caja creada en MC,1670,Bastones clasicos,Bastones clasicos - Reserva Privada,Estacional,Fino,Bastones rectos de brocoli,380.5,240.2,245.5,12.748,160
MC1671,False,3.0x408.5x254.6x267.4,Caja creada en MC,1671,Bastones clasicos,Bastones clasicos - Sigilo,Forma estable,Forma,Dippers de brocoli,390.6,244.5,258.7,12.594,160
MC1672,False,3.0x400.0x300.0x269.82,Catálogo inicial,1672,Guarniciones,Guarniciones - Tortitas,Forma estable,Forma,Tortitas de brocoli,388.1,290.6,260.4,8.556,160
MC1673,False,3.0x407.3x297.5x162.7,Caja creada en MC,1673,Bastones clasicos,Bastones clasicos - Legumes Frites,Estacional,Grueso,Bastones rectos de brocoli,386.7,294.9,160.6,12.83,160
MC1674,False,3.0x399.3x249.3x176.7,Caja creada en MC,1674,Snacks y aperitivos,Snacks y aperitivos - Queso,Co-produccion,Forma,Bocados de brocoli con mozzarella,392.0,245.4,166.8,5.26,160
MC1675,False,3.0x400.0x300.0x178.34,Catálogo inicial,1675,Bastones clasicos,Bastones clasicos - Sigilo,Forma estable,Forma,Dippers de brocoli,374.8,293.6,176.0,5.404,160
MC1676,False,3.0x375.1x267.5x241.0,Caja creada en MC,1676,Guarniciones,Guarniciones - Legumes Croquetas,Forma estable,Forma,Croquetas de brocoli,369.1,251.9,237.3,9.213,160
MC1677,False,3.0x400.0x269.82x179.4,Catálogo inicial,1677,Snacks y aperitivos,Snacks y aperitivos - Queso,Co-produccion,Forma,Bocados de brocoli con queso cheddar,406.8,249.7,165.0,5.075,160
MC1678,False,3.0x400.0x266.63x225.0,Catálogo inicial,1678,Bastones clasicos,Bastones clasicos - Grado B,Estacional,Medio,Bastones rectos de brocoli,391.2,248.6,219.1,12.376,160
MC1679,True,3.0x412.8x301.5x165.2,Caja nueva,1679,Bastones clasicos,Bastones clasicos - Sigilo,Forma estable,Forma,Brocoli zigzag,406.8,295.5,159.2,6.723,161
MC1680,False,3.0x412.2x275.7x228.2,Caja creada en MC,1680,Bastones clasicos,Bastones clasicos - Sigilo,Forma estable,Forma,Gajos de brocoli,388.9,289.2,214.6,12.709,161
MC1681,False,3.0x400.0x277.27x298.55,Catálogo inicial,1681,Bastones clasicos,Bastones clasicos - Sigilo,Forma estable,Forma,Brocoli en rejilla,389.4,287.5,277.7,12.329,161
MC1682,False,3.0x400.0x300.0x238.97,Catálogo inicial,1682,Bastones clasicos,Bastones clasicos - Sigilo,Forma estable,Forma,Brocoli zigzag,406.8,284.0,231.8,9.671,161
MC1683,False,3.0x400.0x240.0x252.8,Catálogo inicial,1683,Bastones clasicos,Bastones clasicos - Sigilo,Estacional,Medio,Bastones rectos de brocoli,380.5,247.8,240.8,12.462,161
MC1684,False,3.0x375.6x286.8x216.9,Caja creada en MC,1684,Bastones clasicos,Bastones clasicos - Sigilo,Estacional,Medio,Bastones rectos de brocoli,364.0,294.5,201.1,13.051,161
MC1685,True,3.0x412.8x264.3x185.4,Caja nueva,1685,Bastones clasicos,Bastones clasicos - Reserva Privada,Forma estable,Forma,Espirales de brocoli,406.8,258.3,179.4,4.504,162
MC1686,False,3.0x412.8x247.8x166.8,Caja creada en MC,1686,Snacks y aperitivos,Snacks y aperitivos - Queso,Co-produccion,Forma,Bocados de brocoli con queso cheddar,383.3,251.6,162.5,4.815,162
MC1687,False,3.0x400.0x300.0x210.25,Catálogo inicial,1687,Bastones clasicos,Bastones clasicos - Sigilo,Estacional,Medio,Bastones rectos de brocoli,385.8,287.2,211.7,8.436,162
MC1688,False,3.0x376.1x294.3x230.2,Caja creada en MC,1688,Bastones clasicos,Bastones clasicos - Sigilo,Forma estable,Forma,Gajos de brocoli,381.2,287.3,217.6,12.552,162
MC1689,False,3.0x406.0x266.1x229.6,Caja creada en MC,1689,Bastones clasicos,Bastones clasicos - Sigilo,Forma estable,Forma,Tiras para dip de brocoli,396.2,248.4,232.2,12.076,162
MC1690,False,3.0x408.5x254.6x267.4,Caja creada en MC,1690,Bastones clasicos,Bastones clasicos - Sigilo,Forma estable,Forma,Espirales de brocoli,381.8,255.5,263.3,6.195,162
MC1691,False,3.0x403.7x280.8x270.5,Caja creada en MC,1691,Bastones clasicos,Bastones clasicos - Sigilo,Estacional,Grueso,Bastones rectos de brocoli,392.9,290.5,252.9,13.248,162
MC1692,False,3.0x369.8x292.4x287.4,Caja creada en MC,1692,Bastones clasicos,Bastones clasicos - Sigilo,Forma estable,Forma,Brocoli en rejilla,391.2,277.9,267.6,12.757,162
MC1693,False,3.0x375.8x300.7x170.7,Caja creada en MC,1693,Snacks y aperitivos,Snacks y aperitivos - Queso,Co-produccion,Forma,Bocados de brocoli con queso cheddar,383.1,281.6,156.7,4.945,162
MC1694,False,3.0x400.0x266.63x225.0,Catálogo inicial,1694,Bastones clasicos,Bastones clasicos - Reserva Privada,Estacional,Medio,Bastones rectos de brocoli,384.7,252.3,229.7,12.61,162
MC1695,False,3.0x400.0x269.82x179.4,Catálogo inicial,1695,Bastones clasicos,Bastones clasicos - Sigilo,Forma estable,Forma,Gajos de brocoli,379.0,252.2,187.4,12.571,162
MC1696,False,3.0x400.0x274.08x225.0,Catálogo inicial,1696,Bastones clasicos,Bastones clasicos - Legumes Frites,Estacional,Medio,Bastones rectos de brocoli,371.4,282.0,218.4,12.726,162
MC1697,False,3.0x393.7x279.2x237.6,Caja creada en MC,1697,Guarniciones,Guarniciones - Legumes Croquetas,Forma estable,Forma,Croquetas de brocoli,375.2,271.1,239.7,9.927,162
MC1698,False,3.0x400.0x300.0x210.25,Catálogo inicial,1698,Bastones clasicos,Bastones clasicos - Sigilo,Estacional,Medio,Bastones rectos de brocoli,387.4,293.6,202.4,11.523,162
MC1699,False,3.0x400.0x300.0x179.4,Catálogo inicial,1699,Guarniciones,Guarniciones - Otros,Estacional,Medio,Bastones rectos de brocoli,381.4,297.2,176.8,12.41,162
MC1700,False,3.0x412.8x309.7x274.4,Caja creada en MC,1700,Bastones clasicos,Bastones clasicos - Legumes Frites,Estacional,Grueso,Bastones rectos de brocoli,384.8,294.9,284.8,12.694,162
MC1701,False,3.0x400.0x300.0x269.82,Catálogo inicial,1701,Bastones clasicos,Bastones clasicos - Sigilo,Forma estable,Forma,Espirales de brocoli,385.8,301.9,252.1,12.346,162
MC1702,False,3.0x400.0x240.0x206.0,Catálogo inicial,1702,Bastones clasicos,Bastones clasicos - Sigilo,Forma estable,Forma,Gajos de brocoli,375.5,242.1,198.4,12.514,162
MC1703,False,3.0x400.0x240.0x233.65,Catálogo inicial,1703,Bastones clasicos,Bastones clasicos - Sigilo,Estacional,Medio,Bastones rectos de brocoli,390.9,228.9,227.8,9.97,162
MC1704,False,3.0x400.0x300.0x210.25,Catálogo inicial,1704,Bastones clasicos,Bastones clasicos - Grado B,Estacional,Medio,Bastones rectos de brocoli,402.6,282.2,202.1,12.53,162
MC1705,False,3.0x407.6x306.7x151.0,Caja creada en MC,1705,Bastones clasicos,Bastones clasicos - Sigilo,Forma estable,Forma,Gajos de brocoli,380.6,290.8,158.2,13.065,162
MC1706,False,3.0x400.0x300.0x178.34,Catálogo inicial,1706,Bastones clasicos,Bastones clasicos - Sigilo,Forma estable,Forma,Dippers de brocoli,391.6,287.3,170.2,5.686,162
MC1707,False,3.0x400.0x274.08x225.0,Catálogo inicial,1707,Bastones clasicos,Bastones clasicos - Grado B,Estacional,Medio,Bastones rectos de brocoli,390.2,257.1,226.8,12.456,162
MC1708,False,3.0x373.5x311.9x210.7,Caja creada en MC,1708,Bastones clasicos,Bastones clasicos - Legumes Frites,Estacional,Fino,Bastones rectos de brocoli,390.2,297.3,197.1,12.426,162
MC1709,False,3.0x412.8x258.5x211.6,Caja creada en MC,1709,Bastones clasicos,Bastones clasicos - Reserva Privada,Estacional,Medio,Bastones rectos de brocoli,401.0,250.8,208.1,11.431,162
MC1710,False,3.0x376.2x309.0x189.7,Caja creada en MC,1710,Bastones clasicos,Bastones clasicos - Reserva Privada,Estacional,Medio,Bastones rectos de brocoli,393.9,294.9,176.9,12.378,162
MC1711,False,3.0x369.8x290.1x231.3,Caja creada en MC,1711,Bastones clasicos,Bastones clasicos - Legumes Frites,Estacional,Medio,Bastones rectos de brocoli,367.4,279.9,222.6,11.993,162
MC1712,False,3.0x411.0x305.1x232.5,Caja creada en MC,1712,Bastones clasicos,Bastones clasicos - Sigilo,Estacional,Grueso,Bastones rectos de brocoli,400.4,286.3,235.9,13.841,162
MC1713,False,3.0x412.8x309.7x274.4,Caja creada en MC,1713,Snacks y aperitivos,Snacks y aperitivos - Aros y Vegetales,Co-produccion,Forma,Aros de brocoli,406.8,305.9,261.5,5.023,162
MC1714,False,3.0x374.7x299.5x214.6,Caja creada en MC,1714,Bastones clasicos,Bastones clasicos - Sigilo,Estacional,Fino,Bastones rectos de brocoli,383.4,286.9,204.3,12.761,162
MC1715,False,3.0x400.0x300.0x233.65,Catálogo inicial,1715,Bastones clasicos,Bastones clasicos - Sigilo,Estacional,Grueso,Bastones rectos de brocoli,406.8,290.5,214.7,14.326,162
MC1716,False,3.0x400.0x266.63x225.0,Catálogo inicial,1716,Bastones clasicos,Bastones clasicos - Sigilo,Estacional,Fino,Bastones rectos de brocoli,378.0,280.7,211.4,12.49,162
MC1717,False,3.0x375.8x300.7x170.7,Caja creada en MC,1717,Bastones clasicos,Bastones clasicos - Sigilo,Forma estable,Forma,Gajos de brocoli,368.8,280.4,162.7,13.355,162
MC1718,False,3.0x400.0x274.08x291.1,Catálogo inicial,1718,Bastones clasicos,Bastones clasicos - Sigilo,Forma estable,Forma,Brocoli en rejilla,387.6,279.9,273.1,8.811,162
MC1719,False,3.0x376.2x284.2x182.3,Caja creada en MC,1719,Bastones clasicos,Bastones clasicos - Legumes Frites,Estacional,Grueso,Bastones rectos de brocoli,365.7,275.0,173.2,9.367,162
MC1720,False,3.0x400.0x240.0x244.29,Catálogo inicial,1720,Bastones clasicos,Bastones clasicos - Sigilo,Forma estable,Forma,Tiras para dip de brocoli,390.2,243.5,227.3,12.289,162
MC1721,False,3.0x411.0x305.1x232.5,Caja creada en MC,1721,Snacks y aperitivos,Snacks y aperitivos - Aros y Vegetales,Co-produccion,Forma,Aros de brocoli,406.8,294.3,213.1,4.944,162
MC1722,False,3.0x375.8x300.7x170.7,Caja creada en MC,1722,Bastones clasicos,Bastones clasicos - Sigilo,Forma estable,Forma,Gajos de brocoli,363.9,280.9,173.0,12.722,162
MC1723,False,3.0x403.7x280.8x270.5,Caja creada en MC,1723,Snacks y aperitivos,Snacks y aperitivos - Aros y Vegetales,Co-produccion,Forma,Aros de brocoli,377.9,263.5,288.8,4.858,162
MC1724,False,3.0x369.8x270.1x157.4,Caja creada en MC,1724,Bastones clasicos,Bastones clasicos - Sigilo,Forma estable,Forma,Corte rustico de brocoli,371.1,250.2,156.0,6.69,162
MC1725,False,3.0x373.8x259.9x219.5,Caja creada en MC,1725,Bastones clasicos,Bastones clasicos - Sigilo,Forma estable,Forma,Espirales de brocoli,382.3,250.0,206.1,6.717,162
MC1726,False,3.0x371.5x300.0x317.4,Caja creada en MC,1726,Bastones clasicos,Bastones clasicos - Legumes Frites,Estacional,Medio,Bastones rectos de brocoli,383.7,281.6,298.5,12.332,162
MC1727,False,3.0x412.8x269.0x265.6,Caja creada en MC,1727,Bastones clasicos,Bastones clasicos - Sigilo,Forma estable,Forma,Gajos de brocoli,396.0,281.0,247.2,12.804,162
MC1728,False,3.0x406.3x311.9x205.6,Caja creada en MC,1728,Brocoli especial,Brocoli especial - Bastones Especiales,Estacional,Corte steak,Bastones rectos de brocoli,406.3,295.2,187.7,12.74,162
MC1729,False,3.0x400.0x199.61x150.0,Catálogo inicial,1729,Guarniciones,Guarniciones - Legumes Croquetas,Forma estable,Forma,Rosti de brocoli,380.6,185.9,150.7,5.175,162
MC1730,False,3.0x405.7x249.9x213.0,Caja creada en MC,1730,Bastones clasicos,Bastones clasicos - Sigilo,Forma estable,Forma,Espirales de brocoli,384.7,247.3,211.0,6.683,162
MC1731,False,3.0x408.5x254.6x267.4,Caja creada en MC,1731,Bastones clasicos,Bastones clasicos - Grado B,Estacional,Fino,Bastones rectos de brocoli,397.6,263.3,247.6,12.951,162
MC1732,False,3.0x400.0x300.0x233.65,Catálogo inicial,1732,Bastones clasicos,Bastones clasicos - Sigilo,Estacional,Grueso,Bastones rectos de brocoli,384.8,296.1,230.4,13.187,162
MC1733,False,3.0x411.0x305.1x232.5,Caja creada en MC,1733,Bastones clasicos,Bastones clasicos - Reserva Privada,Estacional,Fino,Bastones rectos de brocoli,405.2,303.0,213.8,11.979,162
MC1734,False,3.0x400.0x300.0x269.82,Catálogo inicial,1734,Bastones clasicos,Bastones clasicos - Sigilo,Forma estable,Forma,Espirales de brocoli,381.8,291.7,273.5,12.045,162
MC1735,False,3.0x400.0x286.85x188.97,Catálogo inicial,1735,Bastones clasicos,Bastones clasicos - Sigilo,Estacional,Medio,Bastones rectos de brocoli,389.5,266.7,184.4,12.503,162
MC1736,False,3.0x412.8x303.0x364.5,Caja creada en MC,1736,Bastones clasicos,Bastones clasicos - Sigilo,Forma estable,Forma,Brocoli zigzag,401.8,290.3,370.1,12.951,162
MC1737,False,3.0x372.3x265.2x152.3,Caja creada en MC,1737,Guarniciones,Guarniciones - Legumes Croquetas,Forma estable,Forma,Tortitas de brocoli,382.4,257.5,139.6,4.91,162
MC1738,False,3.0x412.8x309.5x262.5,Caja creada en MC,1738,Bastones clasicos,Bastones clasicos - Sigilo,Forma estable,Forma,Espirales de brocoli,392.9,301.1,260.0,9.611,162
MC1739,False,3.0x412.0x252.9x244.0,Caja creada en MC,1739,Bastones clasicos,Bastones clasicos - Sigilo,Estacional,Medio,Bastones rectos de brocoli,397.7,258.2,231.5,9.687,162
MC1740,False,3.0x373.8x259.9x219.5,Caja creada en MC,1740,Bastones clasicos,Bastones clasicos - Sigilo,Estacional,Corte steak,Bastones rectos de brocoli,363.8,252.3,216.7,12.715,162
MC1741,False,3.0x373.3x289.8x197.7,Caja creada en MC,1741,Bastones clasicos,Bastones clasicos - Sigilo,Estacional,Medio,Bastones rectos de brocoli,387.5,277.1,183.3,12.321,162
MC1742,False,3.0x400.0x277.27x298.55,Catálogo inicial,1742,Bastones clasicos,Bastones clasicos - Sigilo,Forma estable,Forma,Brocoli zigzag,391.7,259.2,298.9,12.3,162
MC1743,False,3.0x373.2x309.4x177.8,Caja creada en MC,1743,Bastones clasicos,Bastones clasicos - Sigilo,Forma estable,Forma,Gajos de brocoli,385.4,289.7,169.9,9.356,162
MC1744,False,3.0x405.7x249.9x213.0,Caja creada en MC,1744,Bastones clasicos,Bastones clasicos - Reserva Privada,Estacional,Medio,Bastones rectos de brocoli,391.1,243.8,211.4,12.286,162
MC1745,False,3.0x411.0x305.1x232.5,Caja creada en MC,1745,Bastones clasicos,Bastones clasicos - Reserva Privada,Estacional,Fino,Bastones rectos de brocoli,385.1,295.5,240.3,12.942,162
MC1746,False,3.0x376.2x284.2x182.3,Caja creada en MC,1746,Guarniciones,Guarniciones - Cubos,Forma estable,Forma,Cubos de brocoli,372.8,278.4,174.8,12.534,162
MC1747,False,3.0x375.8x300.7x170.7,Caja creada en MC,1747,Bastones clasicos,Bastones clasicos - Sigilo,Forma estable,Forma,Gajos de brocoli,384.4,281.0,159.1,12.223,162
MC1748,False,3.0x400.4x278.8x230.1,Caja creada en MC,1748,Bastones clasicos,Bastones clasicos - Sigilo,Estacional,Fino,Bastones rectos de brocoli,383.8,260.2,239.5,12.964,162
MC1749,False,3.0x369.8x292.4x287.4,Caja creada en MC,1749,Bastones clasicos,Bastones clasicos - Sigilo,Estacional,Medio,Bastones rectos de brocoli,380.3,288.3,267.4,12.281,162
MC1750,False,3.0x400.0x300.0x178.34,Catálogo inicial,1750,Bastones clasicos,Bastones clasicos - Sigilo,Forma estable,Forma,Gajos de brocoli,392.9,288.9,173.3,13.032,162
MC1751,False,3.0x412.8x309.7x274.4,Caja creada en MC,1751,Bastones clasicos,Bastones clasicos - Sigilo,Forma estable,Forma,Brocoli en rejilla,406.8,298.6,269.6,8.337,162
MC1752,False,3.0x401.7x311.9x241.3,Caja creada en MC,1752,Bastones clasicos,Bastones clasicos - Sigilo,Forma estable,Forma,Espirales de brocoli,382.1,297.4,249.7,9.766,162
MC1753,False,3.0x400.0x277.27x163.63,Catálogo inicial,1753,Snacks y aperitivos,Snacks y aperitivos - Queso,Co-produccion,Forma,Bocados de brocoli con queso cheddar,397.1,271.6,154.7,4.775,162
MC1754,False,3.0x400.0x240.0x206.0,Catálogo inicial,1754,Bastones clasicos,Bastones clasicos - Reserva Privada,Forma estable,Forma,Gajos de brocoli,397.8,241.3,190.2,13.359,162
MC1755,False,3.0x369.8x292.4x287.4,Caja creada en MC,1755,Bastones clasicos,Bastones clasicos - Reserva Privada,Estacional,Medio,Bastones rectos de brocoli,363.8,280.6,283.9,12.645,162
MC1756,False,3.0x400.0x300.0x210.25,Catálogo inicial,1756,Bastones clasicos,Bastones clasicos - Sigilo,Estacional,Fino,Bastones rectos de brocoli,390.1,284.9,205.0,12.379,162
MC1757,False,3.0x376.3x311.9x289.9,Caja creada en MC,1757,Bastones clasicos,Bastones clasicos - Reserva Privada,Estacional,Fino,Bastones rectos de brocoli,379.2,288.1,292.0,12.859,162
MC1758,False,3.0x400.0x269.82x252.8,Catálogo inicial,1758,Bastones clasicos,Bastones clasicos - Sigilo,Forma estable,Forma,Gajos de brocoli,375.8,291.6,233.5,12.763,162
MC1759,False,3.0x369.8x258.3x256.1,Caja creada en MC,1759,Snacks y aperitivos,Snacks y aperitivos - Base Brocoli,Forma estable,Forma,Bocaditos inflados de brocoli,367.7,242.6,253.2,11.433,162
MC1760,False,3.0x400.0x274.08x225.0,Catálogo inicial,1760,Bastones clasicos,Bastones clasicos - Sigilo,Forma estable,Forma,Dippers de brocoli,384.0,276.9,212.6,12.252,162
MC1761,False,3.0x400.0x300.0x233.65,Catálogo inicial,1761,Bastones clasicos,Bastones clasicos - Sigilo,Estacional,Medio,Bastones rectos de brocoli,406.8,288.8,220.5,8.834,162
MC1762,False,3.0x372.3x298.4x242.7,Caja creada en MC,1762,Bastones clasicos,Bastones clasicos - Sigilo,Forma estable,Forma,Espirales de brocoli,371.4,283.2,239.9,9.403,162
MC1763,False,3.0x400.0x266.63x342.17,Catálogo inicial,1763,Bastones clasicos,Bastones clasicos - Reserva Privada,Estacional,Fino,Bastones rectos de brocoli,381.1,262.8,339.1,12.75,162
MC1764,False,3.0x400.0x274.08x291.1,Catálogo inicial,1764,Bastones clasicos,Bastones clasicos - Sigilo,Forma estable,Forma,Brocoli en rejilla,370.9,283.5,282.1,12.491,162
MC1765,False,3.0x400.0x286.85x195.36,Catálogo inicial,1765,Bastones clasicos,Bastones clasicos - Reserva Privada,Forma estable,Forma,Gajos de brocoli,402.8,264.7,192.1,12.605,162
MC1766,False,3.0x400.0x286.85x188.97,Catálogo inicial,1766,Bastones clasicos,Bastones clasicos - Sigilo,Forma estable,Forma,Espirales de brocoli,389.5,276.1,186.0,5.476,162
MC1767,False,3.0x400.0x274.08x199.61,Catálogo inicial,1767,Bastones clasicos,Bastones clasicos - Legumes Frites,Estacional,Medio,Bastones rectos de brocoli,380.7,279.7,191.4,12.406,162
MC1768,False,3.0x373.2x309.4x177.8,Caja creada en MC,1768,Bastones clasicos,Bastones clasicos - Mayordomo,Estacional,Grueso,Bastones rectos de brocoli,381.3,286.0,174.5,12.174,162
MC1769,False,3.0x402.9x251.9x285.6,Caja creada en MC,1769,Bastones clasicos,Bastones clasicos - Sigilo,Forma estable,Forma,Brocoli en rejilla,381.9,249.0,284.5,6.654,162
MC1770,False,3.0x400.0x274.08x291.1,Catálogo inicial,1770,Bastones clasicos,Bastones clasicos - Reserva Privada,Estacional,Fino,Bastones rectos de brocoli,377.3,289.6,274.0,13.059,162
MC1771,True,3.0x412.8x299.0x167.1,Caja nueva,1771,Bastones clasicos,Bastones clasicos - Sigilo,Forma estable,Forma,Gajos de brocoli,406.8,293.0,161.1,12.291,163
MC1772,False,3.0x400.0x300.0x233.65,Catálogo inicial,1772,Bastones clasicos,Bastones clasicos - Sigilo,Forma estable,Forma,Brocoli zigzag,402.1,285.6,225.0,12.708,163
MC1773,False,3.0x400.0x300.0x150.0,Catálogo inicial,1773,Snacks y aperitivos,Snacks y aperitivos - Queso,Co-produccion,Forma,Bocados de brocoli con queso cheddar,384.9,293.6,141.9,5.065,163
MC1774,False,3.0x400.0x240.0x215.57,Catálogo inicial,1774,Guarniciones,Guarniciones - Cubos,Forma estable,Forma,Cubos de brocoli,390.4,247.2,197.4,12.503,163
MC1775,False,3.0x400.0x240.0x244.29,Catálogo inicial,1775,Bastones clasicos,Bastones clasicos - Legumes Frites,Estacional,Corte steak,Bastones rectos de brocoli,370.5,251.2,229.5,11.928,163
MC1776,False,3.0x370.7x292.0x270.1,Caja creada en MC,1776,Bastones clasicos,Bastones clasicos - Sigilo,Forma estable,Forma,Brocoli en rejilla,365.4,285.3,249.6,6.246,163
MC1777,False,3.0x400.0x266.63x225.0,Catálogo inicial,1777,Bastones clasicos,Bastones clasicos - Reserva Privada,Estacional,Medio,Bastones rectos de brocoli,405.0,253.6,207.2,12.207,163
MC1778,False,3.0x400.0x300.0x283.65,Catálogo inicial,1778,Bastones clasicos,Bastones clasicos - Sigilo,Estacional,Grueso,Bastones rectos de brocoli,406.8,298.2,262.6,15.207,163
MC1779,False,3.0x409.4x311.9x299.2,Caja creada en MC,1779,Bastones clasicos,Bastones clasicos - Reserva Privada,Forma estable,Forma,Brocoli en rejilla,406.8,302.7,288.3,13.028,163
MC1780,False,3.0x373.8x259.9x219.5,Caja creada en MC,1780,Bastones clasicos,Bastones clasicos - Legumes Frites,Estacional,Medio,Bastones rectos de brocoli,387.5,245.6,208.0,12.638,163
MC1781,False,3.0x370.7x292.0x270.1,Caja creada en MC,1781,Bastones clasicos,Bastones clasicos - Reserva Privada,Estacional,Fino,Bastones rectos de brocoli,378.1,273.1,265.9,12.489,163
MC1782,False,3.0x400.0x274.08x293.23,Catálogo inicial,1782,Bastones clasicos,Bastones clasicos - Sigilo,Forma estable,Forma,Brocoli en rejilla,396.7,272.9,279.9,9.109,163
MC1783,False,3.0x400.0x286.85x190.04,Catálogo inicial,1783,Bastones clasicos,Bastones clasicos - Sigilo,Forma estable,Forma,Gajos de brocoli,390.5,293.4,177.6,9.217,163
MC1784,False,3.0x374.7x299.5x214.6,Caja creada en MC,1784,Bastones clasicos,Bastones clasicos - Legumes Frites,Estacional,Fino,Bastones rectos de brocoli,375.5,284.1,211.1,10.999,163
MC1785,False,3.0x374.7x299.5x214.6,Caja creada en MC,1785,Bastones clasicos,Bastones clasicos - Legumes Frites,Estacional,Fino,Bastones rectos de brocoli,367.3,290.3,196.2,13.239,163
MC1786,False,3.0x412.8x262.5x262.0,Caja creada en MC,1786,Bastones clasicos,Bastones clasicos - Sigilo,Forma estable,Forma,Brocoli en rejilla,394.3,244.1,274.9,6.364,163
MC1787,False,3.0x386.0x280.6x151.2,Caja creada en MC,1787,Guarniciones,Guarniciones - Legumes Croquetas,Forma estable,Forma,Tortitas de brocoli,392.3,265.5,143.7,5.13,163
MC1788,False,3.0x376.2x284.2x182.3,Caja creada en MC,1788,Bastones clasicos,Bastones clasicos - Legumes Frites,Estacional,Medio,Bastones rectos de brocoli,372.1,280.8,173.5,12.32,163
MC1789,False,3.0x375.8x300.7x170.7,Caja creada en MC,1789,Bastones clasicos,Bastones clasicos - Legumes Frites,Estacional,Medio,Bastones rectos de brocoli,387.3,283.4,160.8,12.521,163
MC1790,False,3.0x400.0x277.27x298.55,Catálogo inicial,1790,Bastones clasicos,Bastones clasicos - Reserva Privada,Estacional,Fino,Bastones rectos de brocoli,388.8,261.5,306.5,12.956,163
MC1791,False,3.0x400.0x300.0x269.82,Catálogo inicial,1791,Bastones clasicos,Bastones clasicos - Sigilo,Estacional,Grueso,Bastones rectos de brocoli,403.9,287.2,252.5,12.865,163
MC1792,False,3.0x412.8x303.5x182.8,Caja creada en MC,1792,Bastones clasicos,Bastones clasicos - Reserva Privada,Estacional,Medio,Bastones rectos de brocoli,398.1,283.3,187.3,12.241,163
MC1793,False,3.0x400.0x300.0x233.65,Catálogo inicial,1793,Bastones clasicos,Bastones clasicos - Sigilo,Forma estable,Forma,Espirales de brocoli,386.8,297.6,224.8,6.777,163
MC1794,False,3.0x375.6x286.8x216.9,Caja creada en MC,1794,Bastones clasicos,Bastones clasicos - Legumes Frites Salados,Estacional,Medio,Bastones rectos de brocoli,373.9,276.9,206.6,12.517,163
MC1795,False,3.0x400.0x240.0x223.02,Catálogo inicial,1795,Bastones clasicos,Bastones clasicos - Sigilo,Forma estable,Forma,Tiras para dip de brocoli,376.9,250.2,212.1,6.713,163
MC1796,False,3.0x400.0x300.0x225.0,Catálogo inicial,1796,Bastones clasicos,Bastones clasicos - Sigilo,Forma estable,Forma,Mix crujiente de brocoli,396.3,299.8,212.5,12.243,163
MC1797,False,3.0x402.9x251.9x285.6,Caja creada en MC,1797,Bastones clasicos,Bastones clasicos - Sigilo,Forma estable,Forma,Brocoli en rejilla,386.6,264.2,267.1,6.774,163
MC1798,False,3.0x400.0x274.08x199.61,Catálogo inicial,1798,Bastones clasicos,Bastones clasicos - Legumes Frites Salados,Estacional,Medio,Bastones rectos de brocoli,384.8,257.8,205.0,12.603,163
MC1799,False,3.0x400.0x240.0x206.0,Catálogo inicial,1799,Bastones clasicos,Bastones clasicos - Reserva Privada,Forma estable,Forma,Espirales de brocoli,371.5,247.4,194.3,4.559,163
MC1800,False,3.0x412.8x311.4x178.7,Caja creada en MC,1800,Bastones clasicos,Bastones clasicos - Mayordomo,Estacional,Medio,Bastones rectos de brocoli,406.3,295.1,178.7,12.549,163
MC1801,False,3.0x372.3x298.4x242.7,Caja creada en MC,1801,Bastones clasicos,Bastones clasicos - Legumes Frites,Estacional,Medio,Bastones rectos de brocoli,397.6,275.1,230.6,12.31,163
MC1802,False,3.0x400.0x274.08x291.1,Catálogo inicial,1802,Bastones clasicos,Bastones clasicos - Sigilo,Forma estable,Forma,Brocoli zigzag,402.1,267.2,274.0,12.499,163
MC1803,False,3.0x407.8x252.0x245.0,Caja creada en MC,1803,Bastones clasicos,Bastones clasicos - Reserva Privada,Estacional,Medio,Bastones rectos de brocoli,404.4,256.5,227.5,12.334,163
MC1804,False,3.0x400.0x240.0x250.68,Catálogo inicial,1804,Bastones clasicos,Bastones clasicos - Legumes Frites,Estacional,Medio,Bastones rectos de brocoli,386.6,232.0,249.6,12.86,163
MC1805,False,3.0x405.7x249.9x213.0,Caja creada en MC,1805,Bastones clasicos,Bastones clasicos - Legumes Frites,Estacional,Medio,Bastones rectos de brocoli,390.1,252.4,204.2,12.424,163
MC1806,False,3.0x400.0x300.0x233.65,Catálogo inicial,1806,Bastones clasicos,Bastones clasicos - Sigilo,Estacional,Grueso,Bastones rectos de brocoli,393.1,301.8,222.2,10.745,163
MC1807,False,3.0x400.0x266.63x225.0,Catálogo inicial,1807,Bastones clasicos,Bastones clasicos - Legumes Frites Salados,Estacional,Fino,Bastones rectos de brocoli,388.0,253.2,216.2,11.87,163
MC1808,False,3.0x412.8x269.0x265.6,Caja creada en MC,1808,Bastones clasicos,Bastones clasicos - Sigilo,Forma estable,Forma,Tiras para dip de brocoli,406.8,260.5,253.0,11.852,163
MC1809,False,3.0x400.0x240.0x244.29,Catálogo inicial,1809,Bastones clasicos,Bastones clasicos - Sigilo,Estacional,Medio,Bastones rectos de brocoli,389.4,241.7,228.6,11.204,163
MC1810,False,3.0x375.6x286.8x216.9,Caja creada en MC,1810,Bastones clasicos,Bastones clasicos - Legumes Frites,Estacional,Fino,Bastones rectos de brocoli,380.6,274.8,200.4,12.068,163
MC1811,False,3.0x375.8x300.7x170.7,Caja creada en MC,1811,Bastones clasicos,Bastones clasicos - Sigilo,Forma estable,Forma,Gajos de brocoli,391.4,285.4,157.9,12.613,163
MC1812,False,3.0x400.0x291.1x174.08,Catálogo inicial,1812,Bastones clasicos,Bastones clasicos - Reserva Privada,Forma estable,Forma,Gajos de brocoli,372.4,286.3,174.8,11.045,163
MC1813,False,3.0x400.0x300.0x199.61,Catálogo inicial,1813,Bastones clasicos,Bastones clasicos - Reserva Privada,Estacional,Grueso,Bastones rectos de brocoli,401.3,283.0,190.4,12.476,163
MC1814,False,3.0x400.0x300.0x269.82,Catálogo inicial,1814,Bastones clasicos,Bastones clasicos - Sigilo,Forma estable,Forma,Espirales de brocoli,387.2,305.9,249.8,9.878,163
MC1815,False,3.0x400.0x240.0x244.29,Catálogo inicial,1815,Bastones clasicos,Bastones clasicos - Legumes Frites,Estacional,Medio,Bastones rectos de brocoli,385.7,245.6,226.9,11.052,163
MC1816,False,3.0x373.3x266.4x221.4,Caja creada en MC,1816,Bastones clasicos,Bastones clasicos - Reserva Privada,Estacional,Corte steak,Bastones rectos de brocoli,395.2,250.3,208.2,11.484,163
MC1817,False,3.0x412.2x275.7x228.2,Caja creada en MC,1817,Bastones clasicos,Bastones clasicos - Legumes Frites,Estacional,Medio,Bastones rectos de brocoli,395.5,255.5,237.4,10.398,163
MC1818,False,3.0x394.4x182.5x160.4,Caja creada en MC,1818,Guarniciones,Guarniciones - Legumes Croquetas,Forma estable,Forma,Croquetas de brocoli,376.1,176.5,147.0,5.064,163
MC1819,False,3.0x373.3x289.8x197.7,Caja creada en MC,1819,Bastones clasicos,Bastones clasicos - Reserva Privada,Forma estable,Forma,Gajos de brocoli,380.1,270.8,191.3,13.64,163
MC1820,False,3.0x400.0x240.0x244.29,Catálogo inicial,1820,Guarniciones,Guarniciones - Legumes Croquetas,Forma estable,Forma,Croquetas de brocoli,394.3,245.1,225.5,13.132,163
MC1821,False,3.0x400.0x300.0x225.0,Catálogo inicial,1821,Bastones clasicos,Bastones clasicos - Sigilo,Estacional,Fino,Bastones rectos de brocoli,379.3,303.0,219.0,11.989,163
MC1822,False,3.0x412.8x258.5x211.6,Caja creada en MC,1822,Bastones clasicos,Bastones clasicos - Reserva Privada,Estacional,Corte steak,Bastones rectos de brocoli,387.7,259.4,205.1,12.369,163
MC1823,False,3.0x400.0x300.0x269.82,Catálogo inicial,1823,Bastones clasicos,Bastones clasicos - Reserva Privada,Forma estable,Forma,Espirales de brocoli,406.8,280.7,265.8,11.913,163
MC1824,False,3.0x400.0x240.0x269.82,Catálogo inicial,1824,Bastones clasicos,Bastones clasicos - Sigilo,Forma estable,Forma,Espirales de brocoli,391.7,231.2,262.0,6.796,163
MC1825,False,3.0x400.0x269.82x252.8,Catálogo inicial,1825,Bastones clasicos,Bastones clasicos - Grado B,Estacional,Fino,Bastones rectos de brocoli,383.7,260.6,252.7,12.88,163
MC1826,False,3.0x370.9x189.4x162.6,Caja creada en MC,1826,Guarniciones,Guarniciones - Legumes Croquetas,Forma estable,Forma,Rosti de brocoli,369.2,181.5,148.7,5.053,163
MC1827,False,3.0x408.5x254.6x267.4,Caja creada en MC,1827,Bastones clasicos,Bastones clasicos - Sigilo,Forma estable,Forma,Dippers de brocoli,395.6,256.5,253.5,12.562,163
MC1828,False,3.0x400.0x266.63x225.0,Catálogo inicial,1828,Bastones clasicos,Bastones clasicos - Legumes Frites Salados,Estacional,Medio,Bastones rectos de brocoli,401.0,248.3,221.0,13.018,163
MC1829,False,3.0x400.0x286.85x188.97,Catálogo inicial,1829,Bastones clasicos,Bastones clasicos - Sigilo,Forma estable,Forma,Dippers de brocoli,392.5,289.0,177.1,5.7,163
MC1830,False,3.0x399.0x281.4x210.9,Caja creada en MC,1830,Bastones clasicos,Bastones clasicos - Sigilo,Estacional,Medio,Bastones rectos de brocoli,383.0,293.3,194.2,12.934,163
MC1831,False,3.0x400.0x300.0x199.61,Catálogo inicial,1831,Bastones clasicos,Bastones clasicos - Sigilo,Estacional,Medio,Bastones rectos de brocoli,401.8,292.0,184.9,12.671,163
MC1832,False,3.0x371.5x300.0x317.4,Caja creada en MC,1832,Bastones clasicos,Bastones clasicos - Reserva Privada,Estacional,Fino,Bastones rectos de brocoli,378.5,282.3,301.1,12.369,163
MC1833,False,3.0x375.5x304.2x171.8,Caja creada en MC,1833,Bastones clasicos,Bastones clasicos - Mayordomo,Estacional,Medio,Bastones rectos de brocoli,383.0,286.2,166.6,12.788,163
MC1834,False,3.0x400.0x300.0x178.34,Catálogo inicial,1834,Bastones clasicos,Bastones clasicos - Sigilo,Forma estable,Forma,Gajos de brocoli,397.2,290.7,169.2,8.964,163
MC1835,False,3.0x411.7x273.0x231.1,Caja creada en MC,1835,Guarniciones,Guarniciones - Legumes Croquetas,Forma estable,Forma,Croquetas de brocoli,390.0,251.9,244.1,12.429,163
MC1836,False,3.0x376.1x294.3x230.2,Caja creada en MC,1836,Bastones clasicos,Bastones clasicos - Sigilo,Forma estable,Forma,Gajos de brocoli,376.6,296.4,212.8,12.368,163
MC1837,False,3.0x403.7x280.8x270.5,Caja creada en MC,1837,Bastones clasicos,Bastones clasicos - Sigilo,Forma estable,Forma,Espirales de brocoli,384.9,291.9,255.0,10.081,163
MC1838,False,3.0x406.3x256.5x230.9,Caja creada en MC,1838,Bastones clasicos,Bastones clasicos - Reserva Privada,Estacional,Medio,Bastones rectos de brocoli,394.3,244.8,221.0,13.124,163
MC1839,False,3.0x400.0x286.85x195.36,Catálogo inicial,1839,Guarniciones,Guarniciones - Cubos,Forma estable,Forma,Cubos de brocoli,406.8,270.1,190.0,12.219,163
MC1840,False,3.0x384.5x251.0x174.4,Caja creada en MC,1840,Snacks y aperitivos,Snacks y aperitivos - Queso,Co-produccion,Forma,Bocados de brocoli con queso crema,370.4,250.4,164.2,4.96,163
MC1841,False,3.0x405.7x249.9x213.0,Caja creada en MC,1841,Bastones clasicos,Bastones clasicos - Reserva Privada,Forma estable,Forma,Gajos de brocoli,396.3,250.7,198.5,12.632,163
MC1842,False,3.0x400.0x240.0x336.85,Catálogo inicial,1842,Bastones clasicos,Bastones clasicos - Sigilo,Estacional,Fino,Bastones rectos de brocoli,376.8,254.5,317.2,12.682,163
MC1843,False,3.0x400.0x277.27x254.93,Catálogo inicial,1843,Bastones clasicos,Bastones clasicos - Sigilo,Forma estable,Forma,Espirales de brocoli,385.5,255.5,267.8,6.398,163
MC1844,False,3.0x400.0x291.1x174.08,Catálogo inicial,1844,Bastones clasicos,Bastones clasicos - Sigilo,Estacional,Medio,Bastones rectos de brocoli,379.8,280.7,176.5,13.206,163
MC1845,False,3.0x400.0x274.08x199.61,Catálogo inicial,1845,Bastones clasicos,Bastones clasicos - Reserva Privada,Forma estable,Forma,Gajos de brocoli,388.0,254.9,194.3,12.658,163
MC1846,False,3.0x372.5x304.0x149.7,Caja creada en MC,1846,Snacks y aperitivos,Snacks y aperitivos - Queso,Co-produccion,Forma,Bocados de brocoli con queso cheddar,381.8,287.7,139.4,5.08,163
MC1847,False,3.0x400.0x274.08x199.61,Catálogo inicial,1847,Bastones clasicos,Bastones clasicos - Sigilo,Forma estable,Forma,Brocoli en rejilla,393.1,256.3,200.5,4.737,163
MC1848,False,3.0x400.0x240.0x196.42,Catálogo inicial,1848,Bastones clasicos,Bastones clasicos - Reserva Privada,Forma estable,Forma,Espirales de brocoli,386.7,237.0,184.2,4.439,163
MC1849,False,3.0x375.6x286.8x216.9,Caja creada en MC,1849,Bastones clasicos,Bastones clasicos - Legumes Frites,Estacional,Medio,Bastones rectos de brocoli,375.8,269.4,215.5,10.971,163
MC1850,False,3.0x411.0x305.1x232.5,Caja creada en MC,1850,Bastones clasicos,Bastones clasicos - Mayordomo,Estacional,Corte steak,Bastones rectos de brocoli,404.2,294.7,213.6,12.03,163
MC1851,True,3.0x409.9x307.2x308.2,Caja nueva,1851,Bastones clasicos,Bastones clasicos - Reserva Privada,Forma estable,Forma,Brocoli en rejilla,403.9,301.2,302.2,10.943,164
MC1852,False,3.0x412.8x255.2x280.0,Caja creada en MC,1852,Bastones clasicos,Bastones clasicos - Sigilo,Forma estable,Forma,Brocoli zigzag,402.9,244.5,280.7,11.942,164
MC1853,False,3.0x373.7x257.7x226.6,Caja creada en MC,1853,Bastones clasicos,Bastones clasicos - Reserva Privada,Estacional,Medio,Bastones rectos de brocoli,374.8,251.4,213.2,12.78,164
MC1854,False,3.0x372.3x265.2x152.3,Caja creada en MC,1854,Guarniciones,Guarniciones - Legumes Croquetas,Forma estable,Forma,Rosti de brocoli,383.4,246.9,139.7,5.063,164
MC1855,False,3.0x412.8x309.7x274.4,Caja creada en MC,1855,Bastones clasicos,Bastones clasicos - Sigilo,Forma estable,Forma,Espirales de brocoli,403.0,305.9,262.2,9.669,164
MC1856,False,3.0x375.8x300.7x170.7,Caja creada en MC,1856,Bastones clasicos,Bastones clasicos - Sigilo,Forma estable,Forma,Gajos de brocoli,374.1,281.0,169.2,12.462,164
MC1857,False,3.0x412.8x268.8x320.2,Caja creada en MC,1857,Bastones clasicos,Bastones clasicos - Reserva Privada,Estacional,Fino,Bastones rectos de brocoli,385.1,260.8,320.6,12.786,164
MC1858,False,3.0x400.0x240.0x196.42,Catálogo inicial,1858,Bastones clasicos,Bastones clasicos - Sigilo,Forma estable,Forma,Espirales de brocoli,391.6,250.0,179.1,4.365,164
MC1859,False,3.0x400.0x300.0x257.14,Catálogo inicial,1859,Snacks y aperitivos,Snacks y aperitivos - Aros y Vegetales,Co-produccion,Forma,Aros de brocoli,406.8,293.0,241.7,5.031,164
MC1860,False,3.0x406.3x311.9x205.6,Caja creada en MC,1860,Snacks y aperitivos,Snacks y aperitivos - Aros y Vegetales,Co-produccion,Forma,Aros de brocoli,406.8,293.8,188.3,5.105,164
MC1861,False,3.0x370.7x292.0x270.1,Caja creada en MC,1861,Bastones clasicos,Bastones clasicos - Legumes Frites,Estacional,Fino,Bastones rectos de brocoli,363.8,292.9,252.9,12.305,164
MC1862,False,3.0x400.0x240.0x233.65,Catálogo inicial,1862,Bastones clasicos,Bastones clasicos - Sigilo,Estacional,Fino,Bastones rectos de brocoli,406.8,233.9,219.5,9.95,164
MC1863,False,3.0x400.0x277.27x254.93,Catálogo inicial,1863,Bastones clasicos,Bastones clasicos - Sigilo,Forma estable,Forma,Espirales de brocoli,375.4,274.7,254.2,11.872,164
MC1864,False,3.0x399.0x281.4x210.9,Caja creada en MC,1864,Guarniciones,Guarniciones - Tortitas,Forma estable,Forma,Tortitas de brocoli,394.3,268.4,207.3,10.961,164
MC1865,False,3.0x408.8x296.2x163.0,Caja creada en MC,1865,Bastones clasicos,Bastones clasicos - Sigilo,Forma estable,Forma,Gajos de brocoli,391.1,272.8,171.6,10.616,164
MC1866,False,3.0x373.3x266.4x221.4,Caja creada en MC,1866,Bastones clasicos,Bastones clasicos - Legumes Frites,Estacional,Medio,Bastones rectos de brocoli,368.6,245.9,227.0,11.472,164
MC1867,False,3.0x406.0x266.1x229.6,Caja creada en MC,1867,Bastones clasicos,Bastones clasicos - Sigilo,Estacional,Fino,Bastones rectos de brocoli,392.7,273.1,216.6,12.066,164
MC1868,False,3.0x400.0x300.0x233.65,Catálogo inicial,1868,Bastones clasicos,Bastones clasicos - Sigilo,Forma estable,Forma,Brocoli en rejilla,393.7,289.5,224.1,6.178,164
MC1869,False,3.0x408.5x254.6x267.4,Caja creada en MC,1869,Bastones clasicos,Bastones clasicos - Sigilo,Forma estable,Forma,Espirales de brocoli,399.5,239.6,267.8,6.526,164
MC1870,False,3.0x408.5x254.6x267.4,Caja creada en MC,1870,Bastones clasicos,Bastones clasicos - Sigilo,Forma estable,Forma,Espirales de brocoli,395.7,247.2,255.9,6.419,164
MC1871,False,3.0x400.0x269.82x252.8,Catálogo inicial,1871,Bastones clasicos,Bastones clasicos - Sigilo,Forma estable,Forma,Corte rustico de brocoli,396.7,256.9,248.9,11.936,164
MC1872,False,3.0x410.1x294.0x332.0,Caja creada en MC,1872,Bastones clasicos,Bastones clasicos - Reserva Privada,Estacional,Fino,Bastones rectos de brocoli,379.9,271.2,361.9,12.697,164
MC1873,False,3.0x400.0x300.0x238.97,Catálogo inicial,1873,Bastones clasicos,Bastones clasicos - Sigilo,Forma estable,Forma,Gajos de brocoli,393.0,297.7,225.4,11.753,164
MC1874,False,3.0x374.7x299.5x214.6,Caja creada en MC,1874,Bastones clasicos,Bastones clasicos - Sigilo,Estacional,Medio,Bastones rectos de brocoli,398.7,277.4,204.0,8.478,164
MC1875,False,3.0x406.3x256.5x230.9,Caja creada en MC,1875,Bastones clasicos,Bastones clasicos - Legumes Frites,Forma estable,Forma,Brocoli zigzag,386.6,240.4,240.2,12.284,164
MC1876,False,3.0x369.8x259.5x209.3,Caja creada en MC,1876,Bastones clasicos,Bastones clasicos - Reserva Privada,Estacional,Corte steak,Bastones rectos de brocoli,391.4,239.5,198.6,12.801,164
MC1877,False,3.0x369.8x302.4x268.1,Caja creada en MC,1877,Bastones clasicos,Bastones clasicos - Sigilo,Forma estable,Forma,Brocoli zigzag,387.1,293.6,247.5,10.129,164
MC1878,False,3.0x373.5x311.9x210.7,Caja creada en MC,1878,Bastones clasicos,Bastones clasicos - Legumes Frites,Estacional,Fino,Bastones rectos de brocoli,368.1,289.3,216.0,11.364,164
MC1879,False,3.0x372.3x265.2x152.3,Caja creada en MC,1879,Guarniciones,Guarniciones - Legumes Croquetas,Forma estable,Forma,Tortitas de brocoli,373.5,258.8,142.7,4.977,164
MC1880,False,3.0x399.0x281.4x210.9,Caja creada en MC,1880,Bastones clasicos,Bastones clasicos - Sigilo,Forma estable,Forma,Dippers de brocoli,378.8,291.4,196.9,11.59,164
MC1881,True,3.0x408.3x255.4x195.8,Caja nueva,1881,Bastones clasicos,Bastones clasicos - Reserva Privada,Estacional,Corte steak,Bastones rectos de brocoli,402.3,249.4,189.8,12.647,165
MC1882,False,3.0x400.0x269.82x179.4,Catálogo inicial,1882,Snacks y aperitivos,Snacks y aperitivos - Queso,Co-produccion,Forma,Bocados de brocoli con queso crema,404.5,255.2,174.4,5.221,165
MC1883,False,3.0x402.9x251.9x285.6,Caja creada en MC,1883,Bastones clasicos,Bastones clasicos - Sigilo,Forma estable,Forma,Espirales de brocoli,391.2,252.5,274.8,6.741,165
MC1884,False,3.0x412.8x261.3x210.5,Caja creada en MC,1884,Bastones clasicos,Bastones clasicos - Reserva Privada,Forma estable,Forma,Gajos de brocoli,406.8,253.5,205.0,12.674,165
MC1885,False,3.0x412.8x309.5x262.5,Caja creada en MC,1885,Bastones clasicos,Bastones clasicos - Sigilo,Forma estable,Forma,Espirales de brocoli,401.8,303.5,252.9,12.054,165
MC1886,False,3.0x400.0x277.27x163.63,Catálogo inicial,1886,Bastones clasicos,Bastones clasicos - Sigilo,Forma estable,Forma,Gajos de brocoli,390.8,272.8,157.6,9.596,165
MC1887,False,3.0x400.0x300.0x269.82,Catálogo inicial,1887,Bastones clasicos,Bastones clasicos - Sigilo,Forma estable,Forma,Brocoli en rejilla,376.5,284.0,284.4,9.258,165
MC1888,False,3.0x409.7x304.3x178.3,Caja creada en MC,1888,Bastones clasicos,Bastones clasicos - Mayordomo,Estacional,Medio,Bastones rectos de brocoli,404.2,296.4,171.1,11.969,165
MC1889,False,3.0x373.7x257.7x226.6,Caja creada en MC,1889,Bastones clasicos,Bastones clasicos - Sigilo,Estacional,Medio,Bastones rectos de brocoli,392.3,243.8,212.4,12.07,165
MC1890,True,3.0x400.5x256.1x289.4,Caja nueva,1890,Bastones clasicos,Bastones clasicos - Sigilo,Forma estable,Forma,Brocoli en rejilla,394.5,250.1,283.4,6.684,166
MC1891,False,3.0x400.0x274.08x225.0,Catálogo inicial,1891,Bastones clasicos,Bastones clasicos - Legumes Frites,Estacional,Fino,Bastones rectos de brocoli,382.1,281.5,214.5,12.338,166
MC1892,False,3.0x400.0x300.0x233.65,Catálogo inicial,1892,Bastones clasicos,Bastones clasicos - Sigilo,Estacional,Grueso,Bastones rectos de brocoli,384.5,294.0,227.2,13.263,166
MC1893,False,3.0x369.8x254.3x263.9,Caja creada en MC,1893,Bastones clasicos,Bastones clasicos - Reserva Privada,Estacional,Fino,Bastones rectos de brocoli,363.8,234.2,250.9,11.504,166
MC1894,False,3.0x394.4x182.5x160.4,Caja creada en MC,1894,Guarniciones,Guarniciones - Legumes Croquetas,Forma estable,Forma,Croquetas de brocoli,382.1,185.3,146.1,5.069,166
MC1895,False,3.0x400.0x300.0x269.82,Catálogo inicial,1895,Bastones clasicos,Bastones clasicos - Sigilo,Forma estable,Forma,Espirales de brocoli,385.7,301.9,256.4,9.638,166
MC1896,False,3.0x400.0x300.0x300.0,Catálogo inicial,1896,Bastones clasicos,Bastones clasicos - Sigilo,Forma estable,Forma,Brocoli en rejilla,406.8,290.4,283.6,12.07,166
MC1897,False,3.0x373.3x289.8x197.7,Caja creada en MC,1897,Bastones clasicos,Bastones clasicos - Sigilo,Estacional,Medio,Bastones rectos de brocoli,373.4,278.5,182.4,13.268,166
MC1898,False,3.0x375.5x304.2x171.8,Caja creada en MC,1898,Bastones clasicos,Bastones clasicos - Sigilo,Estacional,Medio,Bastones rectos de brocoli,370.5,285.7,172.5,12.491,166
MC1899,False,3.0x412.8x269.0x265.6,Caja creada en MC,1899,Bastones clasicos,Bastones clasicos - Reserva Privada,Estacional,Fino,Bastones rectos de brocoli,385.8,274.4,261.3,13.024,166
MC1900,False,3.0x408.3x255.4x195.8,Caja creada en MC,1900,Bastones clasicos,Bastones clasicos - Sigilo,Estacional,Medio,Bastones rectos de brocoli,406.8,252.5,184.8,8.471,166
MC1901,False,3.0x386.0x280.6x151.2,Caja creada en MC,1901,Bastones clasicos,Bastones clasicos - Sigilo,Forma estable,Forma,Dippers de brocoli,393.8,271.5,141.6,4.43,166
MC1902,False,3.0x400.0x300.0x269.82,Catálogo inicial,1902,Bastones clasicos,Bastones clasicos - Sigilo,Estacional,Medio,Bastones rectos de brocoli,385.5,281.8,279.8,12.308,166
MC1903,False,3.0x370.1x249.2x243.8,Caja creada en MC,1903,Bastones extra crocantes,Bastones extra crocantes - Atelier Frites,Estacional,Grueso,Bastones rectos de brocoli,369.4,245.9,229.3,13.042,166
MC1904,False,3.0x400.0x300.0x238.97,Catálogo inicial,1904,Bastones clasicos,Bastones clasicos - Sigilo,Forma estable,Forma,Brocoli en rejilla,378.2,287.5,247.3,6.785,166
MC1905,False,3.0x400.0x286.85x195.36,Catálogo inicial,1905,Bastones clasicos,Bastones clasicos - Legumes Frites,Estacional,Fino,Bastones rectos de brocoli,373.6,274.4,199.8,11.796,166
MC1906,False,3.0x370.7x292.0x270.1,Caja creada en MC,1906,Bastones clasicos,Bastones clasicos - Legumes Frites,Estacional,Fino,Bastones rectos de brocoli,363.8,271.9,255.0,13.214,166
MC1907,False,3.0x405.7x249.9x213.0,Caja creada en MC,1907,Bastones clasicos,Bastones clasicos - Reserva Privada,Estacional,Medio,Bastones rectos de brocoli,394.4,247.0,206.2,12.455,166
MC1908,False,3.0x370.7x292.0x270.1,Caja creada en MC,1908,Bastones clasicos,Bastones clasicos - Sigilo,Forma estable,Forma,Brocoli zigzag,363.8,282.2,249.6,9.448,166
MC1909,False,3.0x374.7x299.5x214.6,Caja creada en MC,1909,Bastones clasicos,Bastones clasicos - Sigilo,Forma estable,Forma,Gajos de brocoli,372.6,296.1,203.5,12.598,166
MC1910,False,3.0x409.3x311.9x147.1,Caja creada en MC,1910,Bastones clasicos,Bastones clasicos - Mayordomo,Estacional,Grueso,Bastones rectos de brocoli,379.8,291.0,156.7,11.994,166
MC1911,False,3.0x401.7x311.9x241.3,Caja creada en MC,1911,Bastones clasicos,Bastones clasicos - Sigilo,Estacional,Grueso,Bastones rectos de brocoli,385.1,300.6,245.0,12.818,166
MC1912,False,3.0x400.0x300.0x269.82,Catálogo inicial,1912,Bastones clasicos,Bastones clasicos - Sigilo,Forma estable,Forma,Espirales de brocoli,399.7,286.2,260.9,9.516,166
MC1913,False,3.0x400.0x240.0x269.82,Catálogo inicial,1913,Bastones clasicos,Bastones clasicos - Sigilo,Forma estable,Forma,Brocoli en rejilla,386.5,244.0,254.3,6.403,166
MC1914,False,3.0x412.8x309.7x274.4,Caja creada en MC,1914,Bastones clasicos,Bastones clasicos - Reserva Privada,Forma estable,Forma,Rodajas de brocoli,405.6,298.4,268.1,8.731,166
MC1915,False,3.0x373.2x309.4x177.8,Caja creada en MC,1915,Bastones clasicos,Bastones clasicos - Sigilo,Forma estable,Forma,Tiras para dip de brocoli,403.9,290.4,161.8,6.544,166
MC1916,False,3.0x412.2x275.7x228.2,Caja creada en MC,1916,Guarniciones,Guarniciones - Legumes Croquetas,Forma estable,Forma,Rosti de brocoli,393.0,284.6,216.5,11.519,166
MC1917,False,3.0x412.0x252.9x244.0,Caja creada en MC,1917,Bastones extra crocantes,Bastones extra crocantes - Muy Crocantes,Estacional,Medio,Bastones rectos de brocoli,393.0,258.4,233.4,12.685,166
MC1918,False,3.0x400.0x266.63x225.0,Catálogo inicial,1918,Bastones clasicos,Bastones clasicos - Sigilo,Estacional,Medio,Bastones rectos de brocoli,396.6,252.3,220.1,13.173,166
MC1919,False,3.0x412.8x272.2x150.8,Caja creada en MC,1919,Bastones clasicos,Bastones clasicos - Sigilo,Forma estable,Forma,Dippers de brocoli,399.0,256.7,147.4,4.478,166
MC1920,False,3.0x400.0x300.0x150.0,Catálogo inicial,1920,Snacks y aperitivos,Snacks y aperitivos - Queso,Co-produccion,Forma,Bocados de brocoli con mozzarella,389.6,301.8,139.5,4.918,166
MC1921,False,3.0x408.3x255.4x195.8,Caja creada en MC,1921,Bastones clasicos,Bastones clasicos - Sigilo,Forma estable,Forma,Brocoli zigzag,378.4,246.7,178.8,7.106,166
MC1922,False,3.0x400.0x300.0x247.48,Catálogo inicial,1922,Bastones clasicos,Bastones clasicos - Sigilo,Estacional,Medio,Bastones rectos de brocoli,382.2,296.1,246.1,12.283,166
MC1923,False,3.0x376.2x309.0x189.7,Caja creada en MC,1923,Bastones clasicos,Bastones clasicos - Cielo,Estacional,Medio,Bastones rectos de brocoli,376.5,290.8,187.9,12.433,166
MC1924,False,3.0x393.7x279.2x237.6,Caja creada en MC,1924,Bastones clasicos,Bastones clasicos - Sigilo,Forma estable,Forma,Brocoli zigzag,390.9,273.4,229.4,12.77,166
MC1925,False,3.0x400.0x240.0x223.02,Catálogo inicial,1925,Bastones clasicos,Bastones clasicos - Legumes Frites,Estacional,Medio,Bastones rectos de brocoli,378.9,243.7,216.6,12.036,166
MC1926,False,3.0x399.0x281.4x210.9,Caja creada en MC,1926,Bastones clasicos,Bastones clasicos - Sigilo,Estacional,Medio,Bastones rectos de brocoli,378.3,278.8,209.8,12.767,166
MC1927,False,3.0x400.0x240.0x250.68,Catálogo inicial,1927,Bastones clasicos,Bastones clasicos - Legumes Frites,Estacional,Fino,Bastones rectos de brocoli,372.5,245.5,244.3,12.719,166
MC1928,False,3.0x401.7x311.9x241.3,Caja creada en MC,1928,Bastones clasicos,Bastones clasicos - Sigilo,Forma estable,Forma,Espirales de brocoli,380.7,295.2,253.4,12.976,166
MC1929,False,3.0x406.3x311.9x205.6,Caja creada en MC,1929,Bastones clasicos,Bastones clasicos - Sigilo,Estacional,Medio,Bastones rectos de brocoli,406.6,301.5,194.5,12.834,166
MC1930,False,3.0x406.1x280.3x230.9,Caja creada en MC,1930,Bastones clasicos,Bastones clasicos - Sigilo,Forma estable,Forma,Tiras para dip de brocoli,393.9,264.6,236.2,12.987,166
MC1931,False,3.0x400.0x266.63x225.0,Catálogo inicial,1931,Bastones clasicos,Bastones clasicos - Legumes Frites Salados,Estacional,Fino,Bastones rectos de brocoli,382.8,257.4,217.1,12.459,166
MC1932,False,3.0x399.0x281.4x210.9,Caja creada en MC,1932,Guarniciones,Guarniciones - Tortitas,Forma estable,Forma,Tortitas de brocoli,392.3,281.2,197.0,10.715,166
MC1933,False,3.0x400.0x269.82x179.4,Catálogo inicial,1933,Bastones clasicos,Bastones clasicos - Sigilo,Forma estable,Forma,Gajos de brocoli,379.5,268.1,168.4,10.367,166
MC1934,False,3.0x375.1x267.5x241.0,Caja creada en MC,1934,Bastones clasicos,Bastones clasicos - Legumes Frites,Estacional,Fino,Bastones rectos de brocoli,364.0,252.5,237.3,9.303,166
MC1935,False,3.0x412.8x258.5x211.6,Caja creada en MC,1935,Bastones clasicos,Bastones clasicos - Reserva Privada,Estacional,Medio,Bastones rectos de brocoli,405.0,255.2,199.5,11.965,166
MC1936,False,3.0x400.0x277.27x179.4,Catálogo inicial,1936,Guarniciones,Guarniciones - Cubos,Forma estable,Forma,Cubos de brocoli,381.7,289.6,166.3,12.712,166
MC1937,False,3.0x400.0x291.1x174.08,Catálogo inicial,1937,Guarniciones,Guarniciones - Cubos,Forma estable,Forma,Cubos de brocoli,388.2,271.1,179.4,13.109,166
MC1938,False,3.0x407.8x252.0x245.0,Caja creada en MC,1938,Bastones clasicos,Bastones clasicos - Sigilo,Estacional,Medio,Bastones rectos de brocoli,383.5,257.2,239.3,11.063,166
MC1939,False,3.0x407.8x252.0x245.0,Caja creada en MC,1939,Bastones clasicos,Bastones clasicos - Sigilo,Forma estable,Forma,Corte rustico de brocoli,396.1,253.8,231.6,12.875,166
MC1940,False,3.0x400.0x266.63x225.0,Catálogo inicial,1940,Bastones clasicos,Bastones clasicos - Legumes Frites,Estacional,Medio,Bastones rectos de brocoli,393.2,247.6,219.3,10.341,166
MC1941,False,3.0x371.5x300.0x317.4,Caja creada en MC,1941,Bastones clasicos,Bastones clasicos - Reserva Privada,Forma estable,Forma,Brocoli en rejilla,380.8,291.4,301.5,10.835,166
MC1942,False,3.0x399.0x281.4x210.9,Caja creada en MC,1942,Bastones clasicos,Bastones clasicos - Sigilo,Estacional,Medio,Bastones rectos de brocoli,392.3,285.2,196.8,11.797,166
MC1943,False,3.0x400.0x300.0x233.65,Catálogo inicial,1943,Bastones clasicos,Bastones clasicos - Sigilo,Forma estable,Forma,Brocoli en rejilla,389.3,289.1,228.2,6.652,166
MC1944,False,3.0x400.0x300.0x199.61,Catálogo inicial,1944,Brocoli especial,Brocoli especial - Bastones Especiales,Estacional,Corte steak,Bastones rectos de brocoli,406.8,292.3,185.6,11.92,166
MC1945,False,3.0x406.3x256.5x230.9,Caja creada en MC,1945,Bastones clasicos,Bastones clasicos - Sigilo,Forma estable,Forma,Rodajas de brocoli,380.0,254.7,232.7,9.376,166
MC1946,False,3.0x369.8x290.1x231.3,Caja creada en MC,1946,Bastones clasicos,Bastones clasicos - Sigilo,Forma estable,Forma,Espirales de brocoli,363.8,276.7,227.7,6.6,166
MC1947,False,3.0x400.0x300.0x225.0,Catálogo inicial,1947,Bastones clasicos,Bastones clasicos - Grado B,Estacional,Fino,Bastones rectos de brocoli,390.1,296.3,217.8,12.898,166
MC1948,False,3.0x406.1x308.8x293.7,Caja creada en MC,1948,Bastones clasicos,Bastones clasicos - Reserva Privada,Estacional,Fino,Bastones rectos de brocoli,406.8,286.9,295.3,12.44,166
MC1949,False,3.0x400.0x277.27x298.55,Catálogo inicial,1949,Bastones clasicos,Bastones clasicos - Reserva Privada,Estacional,Medio,Bastones rectos de brocoli,396.9,270.2,286.9,12.714,166
MC1950,False,3.0x400.0x266.63x225.0,Catálogo inicial,1950,Bastones clasicos,Bastones clasicos - Grado B,Estacional,Medio,Bastones rectos de brocoli,406.8,254.6,211.3,12.702,166
MC1951,False,3.0x400.0x277.27x298.55,Catálogo inicial,1951,Bastones clasicos,Bastones clasicos - Reserva Privada,Estacional,Fino,Bastones rectos de brocoli,374.2,288.4,285.1,12.419,166
MC1952,False,3.0x373.2x309.4x177.8,Caja creada en MC,1952,Bastones clasicos,Bastones clasicos - Mayordomo,Estacional,Medio,Bastones rectos de brocoli,396.6,294.3,162.4,12.089,166
MC1953,False,3.0x375.6x286.8x216.9,Caja creada en MC,1953,Bastones clasicos,Bastones clasicos - Legumes Frites,Estacional,Fino,Bastones rectos de brocoli,379.6,285.1,202.2,12.712,166
MC1954,False,3.0x400.0x240.0x244.29,Catálogo inicial,1954,Bastones clasicos,Bastones clasicos - Sigilo,Estacional,Medio,Bastones rectos de brocoli,385.6,254.2,224.0,12.73,166
MC1955,False,3.0x374.7x299.5x214.6,Caja creada en MC,1955,Guarniciones,Guarniciones - Tortitas,Forma estable,Forma,Rosti de brocoli,368.4,286.6,209.7,11.295,166
MC1956,False,3.0x400.0x240.0x206.0,Catálogo inicial,1956,Bastones clasicos,Bastones clasicos - Sigilo,Forma estable,Forma,Brocoli zigzag,385.4,244.9,189.8,6.813,166
MC1957,False,3.0x400.0x240.0x159.19,Catálogo inicial,1957,Bastones clasicos,Bastones clasicos - Sigilo,Forma estable,Forma,Corte rustico de brocoli,375.2,237.5,153.9,6.513,166
MC1958,False,3.0x400.0x300.0x269.82,Catálogo inicial,1958,Bastones clasicos,Bastones clasicos - Sigilo,Forma estable,Forma,Espirales de brocoli,396.4,295.6,248.5,12.759,166
MC1959,False,3.0x412.8x269.0x265.6,Caja creada en MC,1959,Bastones clasicos,Bastones clasicos - Sigilo,Forma estable,Forma,Brocoli en rejilla,402.4,264.1,259.1,6.5,166
MC1960,False,3.0x412.0x252.9x244.0,Caja creada en MC,1960,Guarniciones,Guarniciones - Legumes Croquetas,Forma estable,Forma,Croquetas de brocoli,383.2,254.4,243.3,9.609,166
MC1961,False,3.0x375.1x267.5x241.0,Caja creada en MC,1961,Bastones clasicos,Bastones clasicos - Sigilo,Forma estable,Forma,Mix crujiente de brocoli,367.5,259.1,228.7,8.177,166
MC1962,False,3.0x400.0x266.63x225.0,Catálogo inicial,1962,Bastones clasicos,Bastones clasicos - Reserva Privada,Forma estable,Forma,Gajos de brocoli,376.4,260.0,229.4,9.548,166
MC1963,False,3.0x412.8x254.4x281.9,Caja creada en MC,1963,Bastones clasicos,Bastones clasicos - Sigilo,Estacional,Medio,Bastones rectos de brocoli,384.2,260.2,278.8,12.833,166
MC1964,False,3.0x412.8x268.8x320.2,Caja creada en MC,1964,Bastones clasicos,Bastones clasicos - Sigilo,Estacional,Fino,Bastones rectos de brocoli,403.3,248.0,328.8,11.968,166
MC1965,True,3.0x412.8x311.9x210.7,Caja nueva,1965,Snacks y aperitivos,Snacks y aperitivos - Aros y Vegetales,Co-produccion,Forma,Aros de brocoli,406.8,305.9,204.7,4.851,167
MC1966,False,3.0x400.0x300.0x269.82,Catálogo inicial,1966,Bastones clasicos,Bastones clasicos - Sigilo,Forma estable,Forma,Espirales de brocoli,398.2,290.6,257.5,12.377,167
MC1967,False,3.0x406.1x280.3x230.9,Caja creada en MC,1967,Bastones clasicos,Bastones clasicos - Legumes Frites,Estacional,Medio,Bastones rectos de brocoli,379.2,284.7,228.5,13.105,167
MC1968,False,3.0x375.1x267.5x241.0,Caja creada en MC,1968,Guarniciones,Guarniciones - Legumes Croquetas,Forma estable,Forma,Croquetas de brocoli,363.8,246.9,241.8,10.058,167
MC1969,False,3.0x375.8x300.7x170.7,Caja creada en MC,1969,Guarniciones,Guarniciones - Cubos,Forma estable,Forma,Cubos de brocoli,365.5,288.2,158.5,11.885,167
MC1970,False,3.0x412.8x268.8x320.2,Caja creada en MC,1970,Bastones clasicos,Bastones clasicos - Sigilo,Estacional,Medio,Bastones rectos de brocoli,396.2,267.9,300.0,13.007,167
MC1971,False,3.0x400.0x266.63x225.0,Catálogo inicial,1971,Bastones clasicos,Bastones clasicos - Grado B,Estacional,Medio,Bastones rectos de brocoli,378.4,253.2,222.7,13.006,167
MC1972,False,3.0x400.0x240.0x206.0,Catálogo inicial,1972,Bastones clasicos,Bastones clasicos - Sigilo,Forma estable,Forma,Gajos de brocoli,374.4,240.9,203.4,12.06,167
MC1973,False,3.0x412.2x275.7x228.2,Caja creada en MC,1973,Bastones clasicos,Bastones clasicos - Reserva Privada,Estacional,Fino,Bastones rectos de brocoli,398.7,285.1,209.6,11.554,167
MC1974,False,3.0x400.0x269.82x252.8,Catálogo inicial,1974,Guarniciones,Guarniciones - Tortitas,Forma estable,Forma,Rosti de brocoli,406.8,251.0,244.2,12.473,167
MC1975,False,3.0x406.3x256.5x230.9,Caja creada en MC,1975,Bastones clasicos,Bastones clasicos - Legumes Frites,Estacional,Fino,Bastones rectos de brocoli,393.3,253.0,226.1,12.921,167
MC1976,False,3.0x400.0x300.0x178.34,Catálogo inicial,1976,Bastones clasicos,Bastones clasicos - Sigilo,Forma estable,Forma,Gajos de brocoli,387.6,285.4,173.9,13.097,167
MC1977,False,3.0x400.0x300.0x178.34,Catálogo inicial,1977,Bastones clasicos,Bastones clasicos - Reserva Privada,Estacional,Medio,Bastones rectos de brocoli,386.5,286.6,179.7,12.173,167
MC1978,False,3.0x400.0x300.0x199.61,Catálogo inicial,1978,Bastones clasicos,Bastones clasicos - Mayordomo,Estacional,Medio,Bastones rectos de brocoli,388.6,302.2,185.4,13.157,167
MC1979,False,3.0x412.8x269.0x265.6,Caja creada en MC,1979,Bastones clasicos,Bastones clasicos - Sigilo,Estacional,Medio,Bastones rectos de brocoli,406.8,265.6,248.8,11.665,167
MC1980,False,3.0x412.8x309.7x274.4,Caja creada en MC,1980,Bastones clasicos,Bastones clasicos - Sigilo,Forma estable,Forma,Brocoli en rejilla,390.9,289.0,289.4,12.362,167
MC1981,False,3.0x373.8x259.9x219.5,Caja creada en MC,1981,Bastones clasicos,Bastones clasicos - Legumes Frites,Estacional,Corte steak,Bastones rectos de brocoli,391.3,247.8,202.0,12.344,167
MC1982,False,3.0x400.0x269.82x252.8,Catálogo inicial,1982,Bastones clasicos,Bastones clasicos - Sigilo,Estacional,Medio,Bastones rectos de brocoli,406.8,261.5,240.4,12.932,167
MC1983,False,3.0x373.2x309.4x177.8,Caja creada en MC,1983,Bastones clasicos,Bastones clasicos - Legumes Frites,Estacional,Medio,Bastones rectos de brocoli,366.7,291.6,171.4,12.987,167
MC1984,False,3.0x400.0x300.0x210.25,Catálogo inicial,1984,Bastones clasicos,Bastones clasicos - Sigilo,Estacional,Medio,Bastones rectos de brocoli,396.8,280.8,204.8,12.858,167
MC1985,False,3.0x412.2x275.7x228.2,Caja creada en MC,1985,Bastones clasicos,Bastones clasicos - Sigilo,Estacional,Medio,Bastones rectos de brocoli,389.5,254.4,241.7,11.994,167
MC1986,True,3.0x369.8x272.6x317.5,Caja nueva,1986,Bastones clasicos,Bastones clasicos - Sigilo,Estacional,Medio,Bastones rectos de brocoli,363.8,266.6,311.5,12.823,168
MC1987,False,3.0x373.8x259.9x219.5,Caja creada en MC,1987,Bastones clasicos,Bastones clasicos - Reserva Privada,Estacional,Medio,Bastones rectos de brocoli,363.8,256.4,207.7,12.691,168
MC1988,False,3.0x399.0x281.4x210.9,Caja creada en MC,1988,Bastones clasicos,Bastones clasicos - Reserva Privada,Estacional,Medio,Bastones rectos de brocoli,371.3,263.4,213.7,11.873,168
MC1989,False,3.0x400.0x266.63x225.0,Catálogo inicial,1989,Bastones clasicos,Bastones clasicos - Grado B,Estacional,Medio,Bastones rectos de brocoli,399.3,255.6,216.8,11.725,168
MC1990,True,3.0x400.3x244.7x156.8,Caja nueva,1990,Bastones clasicos,Bastones clasicos - Sigilo,Forma estable,Forma,Dippers de brocoli,394.3,238.7,150.8,4.64,169
MC1991,False,3.0x374.7x299.5x214.6,Caja creada en MC,1991,Bastones clasicos,Bastones clasicos - Sigilo,Forma estable,Forma,Mix crujiente de brocoli,388.1,291.2,199.6,12.432,169
MC1992,False,3.0x412.8x303.0x364.5,Caja creada en MC,1992,Bastones clasicos,Bastones clasicos - Sigilo,Forma estable,Forma,Espirales de brocoli,406.8,288.0,350.0,11.537,169
MC1993,False,3.0x373.3x289.8x197.7,Caja creada en MC,1993,Bastones clasicos,Bastones clasicos - Sigilo,Estacional,Medio,Bastones rectos de brocoli,373.2,282.3,180.3,12.422,169
MC1994,False,3.0x400.0x291.1x174.08,Catálogo inicial,1994,Bastones clasicos,Bastones clasicos - Legumes Frites,Estacional,Medio,Bastones rectos de brocoli,379.7,287.3,171.4,12.637,169
MC1995,False,3.0x400.0x300.0x300.0,Catálogo inicial,1995,Bastones clasicos,Bastones clasicos - Reserva Privada,Estacional,Fino,Bastones rectos de brocoli,389.5,288.2,301.0,12.469,169
MC1996,False,3.0x409.0x311.9x276.3,Caja creada en MC,1996,Bastones clasicos,Bastones clasicos - Sigilo,Forma estable,Forma,Brocoli en rejilla,386.3,291.7,295.0,11.918,169
MC1997,False,3.0x409.7x304.3x178.3,Caja creada en MC,1997,Bastones clasicos,Bastones clasicos - Reserva Privada,Estacional,Corte steak,Bastones rectos de brocoli,395.3,290.2,180.6,13.207,169
MC1998,False,3.0x400.0x286.85x195.36,Catálogo inicial,1998,Bastones clasicos,Bastones clasicos - Sigilo,Estacional,Medio,Bastones rectos de brocoli,376.0,297.1,185.7,12.877,169
MC1999,False,3.0x400.0x300.0x210.25,Catálogo inicial,1999,Bastones clasicos,Bastones clasicos - Sigilo,Estacional,Medio,Bastones rectos de brocoli,406.8,292.4,192.0,12.374,169
