codigo_producto,es_caja_nueva,box_id_asignado,destino,orden,categoria,subcategoria,tipo_proyecto,tamaño_corte,ingrediente_forma,largo,ancho,alto,peso_neto_caja,n_tipos_acumulado
MC0000,False,3.0x400.0x240.0x254.93,Catálogo inicial,0,Bastones clasicos,Bastones clasicos - Sigilo,Forma estable,Forma,Tiras para dip de brocoli,384.2,249.8,236.8,12.034,41
MC0001,False,3.0x400.0x277.27x256.0,Catálogo inicial,1,Bastones clasicos,Bastones clasicos - Sigilo,Forma estable,Forma,Espirales de brocoli,393.6,263.1,255.4,6.967,41
MC0002,False,3.0x400.0x300.0x288.97,Catálogo inicial,2,Bastones clasicos,Bastones clasicos - Sigilo,Forma estable,Forma,Brocoli en rejilla,386.4,285.7,285.9,10.068,41
MC0003,False,3.0x400.0x300.0x212.38,Catálogo inicial,3,Bastones clasicos,Bastones clasicos - Sigilo,Forma estable,Forma,Mix crujiente de brocoli,382.7,294.8,202.9,12.578,41
MC0004,False,3.0x400.0x274.08x225.0,Catálogo inicial,4,Bastones clasicos,Bastones clasicos - Sigilo,Estacional,Corte steak,Bastones rectos de brocoli,391.7,254.6,209.7,13.034,41
MC0005,False,3.0x400.0x300.0x174.08,Catálogo inicial,5,Bastones clasicos,Bastones clasicos - Sigilo,Forma estable,Forma,Gajos de brocoli,388.6,285.7,168.9,12.062,41
MC0006,True,3.0x406.3x256.5x230.9,Caja nueva,6,Bastones clasicos,Bastones clasicos - Sigilo,Estacional,Medio,Bastones rectos de brocoli,400.3,250.5,224.9,12.392,42
MC0007,False,3.0x400.0x300.0x225.0,Catálogo inicial,7,Bastones clasicos,Bastones clasicos - Sigilo,Forma estable,Forma,Brocoli en rejilla,383.2,297.1,221.0,6.782,42
MC0008,False,3.0x400.0x267.7x199.61,Catálogo inicial,8,Bastones clasicos,Bastones clasicos - Sigilo,Forma estable,Forma,Tiras para dip de brocoli,371.0,250.4,210.0,6.136,42
MC0009,False,3.0x400.0x266.63x256.0,Catálogo inicial,9,Bastones clasicos,Bastones clasicos - Sigilo,Forma estable,Forma,Tiras para dip de brocoli,406.0,249.0,236.0,12.71,42
MC0010,False,3.0x400.0x267.7x199.61,Catálogo inicial,10,Bastones clasicos,Bastones clasicos - Sigilo,Forma estable,Forma,Brocoli en rejilla,388.1,254.0,202.4,4.572,42
MC0011,True,3.0x375.6x286.8x216.9,Caja nueva,11,Bastones clasicos,Bastones clasicos - Sigilo,Forma estable,Forma,Mix crujiente de brocoli,369.6,280.8,210.9,13.238,43
MC0012,True,3.0x406.3x311.9x205.6,Caja nueva,12,Snacks y aperitivos,Snacks y aperitivos - Aros y Vegetales,Co-produccion,Forma,Aros de brocoli,400.3,305.9,199.6,4.763,44
MC0013,False,3.0x400.0x240.0x265.57,Catálogo inicial,13,Bastones clasicos,Bastones clasicos - Reserva Privada,Estacional,Fino,Bastones rectos de brocoli,388.3,247.3,248.3,13.104,44
MC0014,False,3.0x400.0x277.27x163.63,Catálogo inicial,14,Snacks y aperitivos,Snacks y aperitivos - Queso,Co-produccion,Forma,Bocados de brocoli con mozzarella,375.0,261.6,169.0,4.916,44
MC0015,False,3.0x406.3x256.5x230.9,Caja creada en MC,15,Bastones clasicos,Bastones clasicos - Sigilo,Forma estable,Forma,Brocoli en rejilla,385.6,246.5,212.5,6.659,44
MC0016,True,3.0x409.7x304.3x178.3,Caja nueva,16,Bastones clasicos,Bastones clasicos - Sigilo,Forma estable,Forma,Brocoli zigzag,403.7,298.3,172.3,6.503,45
MC0017,False,3.0x400.0x240.0x233.65,Catálogo inicial,17,Bastones clasicos,Bastones clasicos - Legumes Frites,Estacional,Medio,Bastones rectos de brocoli,384.3,242.0,224.9,12.092,45
MC0018,False,3.0x400.0x240.0x265.57,Catálogo inicial,18,Guarniciones,Guarniciones - Legumes Croquetas,Forma estable,Forma,Croquetas de brocoli,387.2,248.6,248.1,9.868,45
MC0019,False,3.0x406.3x256.5x230.9,Caja creada en MC,19,Bastones clasicos,Bastones clasicos - Sigilo,Estacional,Medio,Bastones rectos de brocoli,376.4,256.6,221.6,12.083,45
MC0020,False,3.0x409.7x304.3x178.3,Caja creada en MC,20,Bastones clasicos,Bastones clasicos - Reserva Privada,Estacional,Grueso,Bastones rectos de brocoli,391.9,301.7,170.4,12.778,45
MC0021,False,3.0x400.0x300.0x257.14,Catálogo inicial,21,Bastones clasicos,Bastones clasicos - Sigilo,Forma estable,Forma,Espirales de brocoli,382.5,287.9,252.2,12.251,45
MC0022,False,3.0x400.0x300.0x288.97,Catálogo inicial,22,Bastones clasicos,Bastones clasicos - Sigilo,Forma estable,Forma,Espirales de brocoli,389.3,305.9,266.5,12.045,45
MC0023,False,3.0x400.0x266.63x256.0,Catálogo inicial,23,Bastones clasicos,Bastones clasicos - Sigilo,Estacional,Fino,Bastones rectos de brocoli,403.3,259.9,238.3,12.302,45
MC0024,True,3.0x406.0x266.1x229.6,Caja nueva,24,Bastones clasicos,Bastones clasicos - Sigilo,Forma estable,Forma,Brocoli en rejilla,400.0,260.1,223.6,6.818,46
MC0025,False,3.0x400.0x300.0x244.29,Catálogo inicial,25,Bastones clasicos,Bastones clasicos - Sigilo,Forma estable,Forma,Brocoli zigzag,406.8,287.5,235.0,9.669,46
MC0026,True,3.0x409.3x311.9x147.1,Caja nueva,26,Snacks y aperitivos,Snacks y aperitivos - Queso,Co-produccion,Forma,Bocados de brocoli con queso cheddar,403.3,305.9,141.1,5.005,47
MC0027,False,3.0x400.0x300.0x234.72,Catálogo inicial,27,Bastones clasicos,Bastones clasicos - Sigilo,Estacional,Medio,Bastones rectos de brocoli,384.7,281.8,242.1,12.761,47
MC0028,False,3.0x400.0x300.0x150.0,Catálogo inicial,28,Bastones clasicos,Bastones clasicos - Sigilo,Estacional,Medio,Bastones rectos de brocoli,399.2,289.2,142.5,6.969,47
MC0029,False,3.0x400.0x300.0x200.0,Catálogo inicial,29,Brocoli especial,Brocoli especial - Bastones Especiales,Estacional,Corte steak,Bastones rectos de brocoli,404.1,281.4,192.0,12.384,47
MC0030,True,3.0x400.4x278.8x230.1,Caja nueva,30,Bastones clasicos,Bastones clasicos - Sigilo,Estacional,Medio,Bastones rectos de brocoli,394.4,272.8,224.1,12.108,48
MC0031,False,3.0x400.0x267.7x199.61,Catálogo inicial,31,Bastones clasicos,Bastones clasicos - Reserva Privada,Estacional,Medio,Bastones rectos de brocoli,380.5,252.0,197.3,12.529,48
MC0032,False,3.0x406.0x266.1x229.6,Caja creada en MC,32,Bastones clasicos,Bastones clasicos - Sigilo,Forma estable,Forma,Tiras para dip de brocoli,402.7,252.4,228.7,12.676,48
MC0033,False,3.0x400.0x267.7x199.61,Catálogo inicial,33,Guarniciones,Guarniciones - Cubos,Forma estable,Forma,Cubos de brocoli,392.3,264.6,182.6,11.952,48
MC0034,False,3.0x400.0x300.0x257.14,Catálogo inicial,34,Bastones clasicos,Bastones clasicos - Sigilo,Estacional,Grueso,Bastones rectos de brocoli,386.4,302.1,242.8,12.653,48
MC0035,False,3.0x400.0x300.0x225.0,Catálogo inicial,35,Bastones clasicos,Bastones clasicos - Mayordomo,Estacional,Medio,Bastones rectos de brocoli,381.2,302.9,212.5,12.23,48
MC0036,False,3.0x400.0x277.27x180.0,Catálogo inicial,36,Bastones clasicos,Bastones clasicos - Sigilo,Forma estable,Forma,Gajos de brocoli,393.3,272.7,166.1,12.422,48
MC0037,False,3.0x400.0x300.0x288.97,Catálogo inicial,37,Bastones clasicos,Bastones clasicos - Sigilo,Estacional,Medio,Bastones rectos de brocoli,380.0,279.8,307.1,12.215,48
MC0038,False,3.0x406.3x311.9x205.6,Caja creada en MC,38,Bastones clasicos,Bastones clasicos - Sigilo,Forma estable,Forma,Espirales de brocoli,399.0,291.9,208.5,6.638,48
MC0039,True,3.0x398.7x245.9x308.2,Caja nueva,39,Bastones clasicos,Bastones clasicos - Sigilo,Estacional,Fino,Bastones rectos de brocoli,392.7,239.9,302.2,11.898,49
MC0040,False,3.0x400.0x274.08x225.0,Catálogo inicial,40,Bastones clasicos,Bastones clasicos - Legumes Frites,Estacional,Medio,Bastones rectos de brocoli,388.6,263.1,221.8,10.479,49
MC0041,False,3.0x400.0x277.27x163.63,Catálogo inicial,41,Bastones clasicos,Bastones clasicos - Legumes Frites,Estacional,Grueso,Bastones rectos de brocoli,388.6,279.7,154.1,12.375,49
MC0042,False,3.0x409.3x311.9x147.1,Caja creada en MC,42,Bastones clasicos,Bastones clasicos - Sigilo,Estacional,Medio,Bastones rectos de brocoli,392.4,294.4,145.3,6.466,49
MC0043,False,3.0x400.0x300.0x200.0,Catálogo inicial,43,Bastones clasicos,Bastones clasicos - Sigilo,Estacional,Medio,Bastones rectos de brocoli,371.7,305.9,196.5,11.955,49
MC0044,False,3.0x400.0x277.27x180.0,Catálogo inicial,44,Bastones clasicos,Bastones clasicos - Mayordomo,Forma estable,Forma,Gajos de brocoli,396.4,279.0,165.4,12.272,49
MC0045,False,3.0x400.0x240.0x233.65,Catálogo inicial,45,Bastones clasicos,Bastones clasicos - Sigilo,Estacional,Medio,Bastones rectos de brocoli,377.2,244.9,224.1,12.35,49
MC0046,False,3.0x400.0x266.63x256.0,Catálogo inicial,46,Bastones clasicos,Bastones clasicos - Sigilo,Forma estable,Forma,Corte rustico de brocoli,373.5,255.9,257.3,12.353,49
MC0047,False,3.0x400.0x300.0x271.95,Catálogo inicial,47,Bastones clasicos,Bastones clasicos - Sigilo,Forma estable,Forma,Brocoli zigzag,382.6,302.7,252.6,9.794,49
MC0048,False,3.0x400.0x269.82x300.0,Catálogo inicial,48,Bastones clasicos,Bastones clasicos - Sigilo,Forma estable,Forma,Brocoli en rejilla,374.2,281.1,279.4,12.252,49
MC0049,True,3.0x389.6x249.3x214.0,Caja nueva,49,Bastones clasicos,Bastones clasicos - Sigilo,Forma estable,Forma,Espirales de brocoli,383.6,243.3,208.0,7.049,50
MC0050,False,3.0x400.4x278.8x230.1,Caja creada en MC,50,Bastones clasicos,Bastones clasicos - Sigilo,Estacional,Fino,Bastones rectos de brocoli,383.8,296.1,210.7,12.683,50
MC0051,False,3.0x400.0x266.63x256.0,Catálogo inicial,51,Bastones clasicos,Bastones clasicos - Sigilo,Forma estable,Forma,Espirales de brocoli,389.0,257.9,255.5,6.343,50
MC0052,False,3.0x400.4x278.8x230.1,Caja creada en MC,52,Bastones clasicos,Bastones clasicos - Sigilo,Estacional,Fino,Bastones rectos de brocoli,395.2,270.3,219.7,12.535,50
MC0053,False,3.0x400.0x267.7x199.61,Catálogo inicial,53,Bastones clasicos,Bastones clasicos - Legumes Frites,Estacional,Medio,Bastones rectos de brocoli,384.9,272.6,183.6,12.547,50
MC0054,False,3.0x409.7x304.3x178.3,Caja creada en MC,54,Bastones clasicos,Bastones clasicos - Reserva Privada,Estacional,Grueso,Bastones rectos de brocoli,391.7,301.0,174.5,12.956,50
MC0055,False,3.0x400.0x277.27x256.0,Catálogo inicial,55,Bastones clasicos,Bastones clasicos - Sigilo,Forma estable,Forma,Espirales de brocoli,397.8,258.1,256.9,6.383,50
MC0056,False,3.0x400.0x300.0x174.08,Catálogo inicial,56,Bastones clasicos,Bastones clasicos - Sigilo,Estacional,Fino,Bastones rectos de brocoli,402.3,289.2,162.7,6.905,50
MC0057,True,3.0x369.8x290.5x165.9,Caja nueva,57,Guarniciones,Guarniciones - Cubos,Forma estable,Forma,Cubos de brocoli,363.8,284.5,159.9,12.516,51
MC0058,False,3.0x400.0x300.0x163.44,Catálogo inicial,58,Bastones clasicos,Bastones clasicos - Sigilo,Estacional,Medio,Bastones rectos de brocoli,379.8,284.1,164.9,13.059,51
MC0059,False,3.0x389.6x249.3x214.0,Caja creada en MC,59,Bastones clasicos,Bastones clasicos - Sigilo,Forma estable,Forma,Gajos de brocoli,363.8,253.5,203.3,12.984,51
MC0060,False,3.0x400.0x240.0x233.65,Catálogo inicial,60,Bastones clasicos,Bastones clasicos - Grado B,Estacional,Medio,Bastones rectos de brocoli,383.4,237.9,222.9,12.574,51
MC0061,False,3.0x400.0x267.7x199.61,Catálogo inicial,61,Bastones clasicos,Bastones clasicos - Sigilo,Estacional,Medio,Bastones rectos de brocoli,383.9,278.8,183.4,12.402,51
MC0062,False,3.0x400.0x300.0x200.0,Catálogo inicial,62,Bastones clasicos,Bastones clasicos - Sigilo,Forma estable,Forma,Corte rustico de brocoli,398.1,288.3,192.5,12.69,51
MC0063,False,3.0x397.0x298.0x322.0,Catálogo inicial,63,Bastones clasicos,Bastones clasicos - Sigilo,Forma estable,Forma,Brocoli en rejilla,399.8,285.1,313.6,10.94,51
MC0064,False,3.0x400.0x300.0x174.08,Catálogo inicial,64,Bastones clasicos,Bastones clasicos - Sigilo,Forma estable,Forma,Gajos de brocoli,388.3,290.9,168.0,9.191,51
MC0065,False,3.0x400.0x240.0x159.19,Catálogo inicial,65,Guarniciones,Guarniciones - Legumes Croquetas,Forma estable,Forma,Rosti de brocoli,374.3,242.7,149.4,5.012,51
MC0066,False,3.0x400.4x278.8x230.1,Caja creada en MC,66,Bastones clasicos,Bastones clasicos - Grado B,Estacional,Medio,Bastones rectos de brocoli,398.7,257.7,229.6,12.348,51
MC0067,False,3.0x400.0x300.0x271.95,Catálogo inicial,67,Bastones clasicos,Bastones clasicos - Sigilo,Forma estable,Forma,Espirales de brocoli,379.9,295.4,263.8,12.328,51
MC0068,False,3.0x400.0x300.0x179.4,Catálogo inicial,68,Bastones clasicos,Bastones clasicos - Mayordomo,Estacional,Medio,Bastones rectos de brocoli,388.0,292.2,175.9,10.6,51
MC0069,False,3.0x400.0x300.0x234.72,Catálogo inicial,69,Bastones clasicos,Bastones clasicos - Legumes Frites,Estacional,Medio,Bastones rectos de brocoli,399.5,289.2,223.7,12.709,51
MC0070,False,3.0x400.0x274.08x225.0,Catálogo inicial,70,Bastones clasicos,Bastones clasicos - Sigilo,Estacional,Medio,Bastones rectos de brocoli,386.4,254.3,229.6,12.192,51
MC0071,False,3.0x399.0x261.0x276.0,Catálogo inicial,71,Bastones clasicos,Bastones clasicos - Sigilo,Forma estable,Forma,Tiras para dip de brocoli,402.5,248.6,261.4,9.813,51
MC0072,False,3.0x400.0x300.0x271.95,Catálogo inicial,72,Bastones clasicos,Bastones clasicos - Sigilo,Estacional,Grueso,Bastones rectos de brocoli,395.9,287.4,259.0,12.015,51
MC0073,True,3.0x375.1x267.5x241.0,Caja nueva,73,Bastones clasicos,Bastones clasicos - Legumes Frites,Estacional,Corte steak,Bastones rectos de brocoli,369.1,261.5,235.0,12.548,52
MC0074,False,3.0x400.0x300.0x200.0,Catálogo inicial,74,Bastones clasicos,Bastones clasicos - Sigilo,Estacional,Grueso,Bastones rectos de brocoli,406.5,294.9,184.3,12.931,52
MC0075,False,3.0x400.0x300.0x174.08,Catálogo inicial,75,Bastones clasicos,Bastones clasicos - Legumes Frites,Estacional,Corte steak,Bastones rectos de brocoli,396.1,280.3,170.9,11.693,52
MC0076,False,3.0x400.0x300.0x271.95,Catálogo inicial,76,Bastones clasicos,Bastones clasicos - Reserva Privada,Forma estable,Forma,Rodajas de brocoli,396.2,291.6,255.4,9.28,52
MC0077,False,3.0x400.0x267.7x199.61,Catálogo inicial,77,Bastones clasicos,Bastones clasicos - Reserva Privada,Estacional,Medio,Bastones rectos de brocoli,384.0,256.5,191.0,12.341,52
MC0078,False,3.0x400.0x266.63x256.0,Catálogo inicial,78,Bastones clasicos,Bastones clasicos - Sigilo,Forma estable,Forma,Dippers de brocoli,373.1,245.2,263.4,12.553,52
MC0079,False,3.0x400.0x274.08x225.0,Catálogo inicial,79,Bastones clasicos,Bastones clasicos - Legumes Frites,Estacional,Fino,Bastones rectos de brocoli,373.9,286.1,215.7,11.189,52
MC0080,False,3.0x400.0x300.0x212.38,Catálogo inicial,80,Bastones clasicos,Bastones clasicos - Sigilo,Forma estable,Forma,Gajos de brocoli,394.3,292.5,202.4,12.772,52
MC0081,False,3.0x400.0x269.82x300.0,Catálogo inicial,81,Bastones clasicos,Bastones clasicos - Sigilo,Forma estable,Forma,Brocoli zigzag,381.7,261.8,286.0,12.603,52
MC0082,False,3.0x400.4x278.8x230.1,Caja creada en MC,82,Bastones clasicos,Bastones clasicos - Reserva Privada,Estacional,Medio,Bastones rectos de brocoli,398.2,265.9,220.5,12.874,52
MC0083,True,3.0x374.7x299.5x214.6,Caja nueva,83,Guarniciones,Guarniciones - Tortitas,Forma estable,Forma,Tortitas de brocoli,368.7,293.5,208.6,11.171,53
MC0084,False,3.0x400.0x300.0x257.14,Catálogo inicial,84,Bastones clasicos,Bastones clasicos - Sigilo,Forma estable,Forma,Espirales de brocoli,392.6,287.7,251.1,10.265,53
MC0085,False,3.0x400.0x271.95x163.63,Catálogo inicial,85,Bastones clasicos,Bastones clasicos - Sigilo,Estacional,Medio,Bastones rectos de brocoli,389.3,280.2,148.7,6.602,53
MC0086,False,3.0x400.0x267.7x199.61,Catálogo inicial,86,Bastones clasicos,Bastones clasicos - Reserva Privada,Forma estable,Forma,Gajos de brocoli,406.8,254.4,189.7,13.237,53
MC0087,False,3.0x400.0x240.0x244.29,Catálogo inicial,87,Guarniciones,Guarniciones - Legumes Croquetas,Forma estable,Forma,Croquetas de brocoli,378.7,241.7,230.2,12.838,53
MC0088,False,3.0x400.0x300.0x244.29,Catálogo inicial,88,Bastones clasicos,Bastones clasicos - Sigilo,Estacional,Fino,Bastones rectos de brocoli,406.8,285.9,234.9,11.823,53
MC0089,False,3.0x400.0x300.0x200.0,Catálogo inicial,89,Guarniciones,Guarniciones - Tortitas,Forma estable,Forma,Tortitas de brocoli,384.7,281.2,204.3,11.862,53
MC0090,False,3.0x394.0x294.0x195.0,Catálogo inicial,90,Bastones clasicos,Bastones clasicos - Cielo,Estacional,Medio,Bastones rectos de brocoli,390.8,281.9,191.7,12.285,53
MC0091,False,3.0x400.0x240.0x265.57,Catálogo inicial,91,Bastones clasicos,Bastones clasicos - Sigilo,Estacional,Fino,Bastones rectos de brocoli,384.4,243.0,248.5,13.061,53
MC0092,True,3.0x404.2x258.6x276.3,Caja nueva,92,Bastones clasicos,Bastones clasicos - Sigilo,Forma estable,Forma,Brocoli en rejilla,398.2,252.6,270.3,6.505,54
MC0093,False,3.0x400.0x300.0x150.0,Catálogo inicial,93,Guarniciones,Guarniciones - Cubos,Forma estable,Forma,Cubos de brocoli,386.2,298.2,144.3,12.898,54
MC0094,False,3.0x400.0x277.27x256.0,Catálogo inicial,94,Bastones clasicos,Bastones clasicos - Grado B,Estacional,Fino,Bastones rectos de brocoli,406.8,256.5,256.0,12.242,54
MC0095,False,3.0x400.0x300.0x288.97,Catálogo inicial,95,Bastones clasicos,Bastones clasicos - Sigilo,Forma estable,Forma,Brocoli zigzag,380.7,305.9,269.9,13.244,54
MC0096,True,3.0x412.8x303.5x182.8,Caja nueva,96,Bastones clasicos,Bastones clasicos - Legumes Frites,Estacional,Medio,Bastones rectos de brocoli,406.8,297.5,176.8,12.405,55
MC0097,False,3.0x389.6x249.3x214.0,Caja creada en MC,97,Bastones clasicos,Bastones clasicos - Sigilo,Forma estable,Forma,Gajos de brocoli,375.6,245.8,202.2,13.092,55
MC0098,False,3.0x400.0x277.27x200.0,Catálogo inicial,98,Bastones clasicos,Bastones clasicos - Legumes Frites,Estacional,Medio,Bastones rectos de brocoli,385.3,286.0,186.0,11.145,55
MC0099,True,3.0x373.8x259.9x219.5,Caja nueva,99,Bastones clasicos,Bastones clasicos - Legumes Frites,Forma estable,Forma,Brocoli zigzag,367.8,253.9,213.5,10.024,56
MC0100,False,3.0x400.0x300.0x212.38,Catálogo inicial,100,Guarniciones,Guarniciones - Tortitas,Forma estable,Forma,Tortitas de brocoli,388.2,288.7,211.5,10.286,56
MC0101,False,3.0x400.4x278.8x230.1,Caja creada en MC,101,Bastones clasicos,Bastones clasicos - Sigilo,Estacional,Medio,Bastones rectos de brocoli,399.6,263.5,224.3,9.725,56
MC0102,False,3.0x400.0x240.0x265.57,Catálogo inicial,102,Bastones clasicos,Bastones clasicos - Sigilo,Estacional,Fino,Bastones rectos de brocoli,382.1,241.7,257.1,12.654,56
MC0103,False,3.0x400.0x300.0x234.72,Catálogo inicial,103,Bastones clasicos,Bastones clasicos - Sigilo,Estacional,Grueso,Bastones rectos de brocoli,392.7,303.6,220.8,11.325,56
MC0104,False,3.0x394.0x294.0x195.0,Catálogo inicial,104,Bastones clasicos,Bastones clasicos - Sigilo,Estacional,Medio,Bastones rectos de brocoli,367.3,283.8,191.7,12.86,56
MC0105,False,3.0x399.0x261.0x276.0,Catálogo inicial,105,Bastones clasicos,Bastones clasicos - Sigilo,Estacional,Fino,Bastones rectos de brocoli,390.3,243.0,269.6,12.363,56
MC0106,False,3.0x375.1x267.5x241.0,Caja creada en MC,106,Bastones clasicos,Bastones clasicos - Sigilo,Forma estable,Forma,Brocoli en rejilla,364.7,253.7,222.1,6.76,56
MC0107,False,3.0x400.0x300.0x234.72,Catálogo inicial,107,Guarniciones,Guarniciones - Tortitas,Forma estable,Forma,Tortitas de brocoli,370.6,293.8,237.5,11.39,56
MC0108,False,3.0x400.0x277.27x180.0,Catálogo inicial,108,Bastones clasicos,Bastones clasicos - Legumes Frites,Estacional,Medio,Bastones rectos de brocoli,388.6,278.6,171.2,11.645,56
MC0109,False,3.0x400.0x300.0x234.72,Catálogo inicial,109,Bastones clasicos,Bastones clasicos - Sigilo,Estacional,Grueso,Bastones rectos de brocoli,401.3,285.9,221.7,13.23,56
MC0110,False,3.0x400.0x300.0x225.0,Catálogo inicial,110,Bastones clasicos,Bastones clasicos - Sigilo,Forma estable,Forma,Espirales de brocoli,406.8,280.7,219.5,6.435,56
MC0111,False,3.0x400.0x240.0x233.65,Catálogo inicial,111,Bastones clasicos,Bastones clasicos - Sigilo,Forma estable,Forma,Brocoli en rejilla,376.3,238.6,229.7,6.565,56
MC0112,True,3.0x412.8x269.0x265.6,Caja nueva,112,Guarniciones,Guarniciones - Tortitas,Forma estable,Forma,Tortitas de brocoli,406.8,263.0,259.6,12.626,57
MC0113,False,3.0x400.0x300.0x288.97,Catálogo inicial,113,Brocoli especial,Brocoli especial - Bastones Especiales,Estacional,Fino,Bastones rectos de brocoli,397.9,291.9,277.6,9.072,57
MC0114,False,3.0x400.0x300.0x200.0,Catálogo inicial,114,Bastones clasicos,Bastones clasicos - Sigilo,Forma estable,Forma,Espirales de brocoli,393.2,286.2,190.3,5.671,57
MC0115,False,3.0x400.0x266.63x256.0,Catálogo inicial,115,Bastones clasicos,Bastones clasicos - Sigilo,Forma estable,Forma,Dippers de brocoli,388.0,249.7,253.8,12.449,57
MC0116,False,3.0x400.0x300.0x234.72,Catálogo inicial,116,Bastones clasicos,Bastones clasicos - Sigilo,Forma estable,Forma,Brocoli zigzag,386.7,281.5,242.4,10.006,57
MC0117,False,3.0x400.0x240.0x248.55,Catálogo inicial,117,Bastones clasicos,Bastones clasicos - Legumes Frites,Forma estable,Forma,Brocoli zigzag,381.3,248.4,232.9,10.004,57
MC0118,False,3.0x400.0x300.0x212.38,Catálogo inicial,118,Bastones clasicos,Bastones clasicos - Legumes Frites,Estacional,Fino,Bastones rectos de brocoli,381.3,292.3,208.9,12.467,57
MC0119,True,3.0x370.1x249.2x243.8,Caja nueva,119,Bastones clasicos,Bastones clasicos - Legumes Frites,Estacional,Medio,Bastones rectos de brocoli,364.1,243.2,237.8,12.73,58
MC0120,False,3.0x394.0x294.0x195.0,Catálogo inicial,120,Bastones clasicos,Bastones clasicos - Sigilo,Forma estable,Forma,Mix crujiente de brocoli,368.1,278.2,199.5,12.262,58
MC0121,False,3.0x400.0x300.0x225.0,Catálogo inicial,121,Bastones clasicos,Bastones clasicos - Sigilo,Forma estable,Forma,Dippers de brocoli,395.6,289.3,217.2,11.276,58
MC0122,False,3.0x400.0x300.0x300.0,Catálogo inicial,122,Bastones clasicos,Bastones clasicos - Sigilo,Forma estable,Forma,Brocoli en rejilla,382.8,294.3,300.2,9.738,58
MC0123,False,3.0x400.0x300.0x174.08,Catálogo inicial,123,Bastones clasicos,Bastones clasicos - Legumes Frites,Estacional,Medio,Bastones rectos de brocoli,379.1,296.6,172.6,12.108,58
MC0124,False,3.0x375.6x286.8x216.9,Caja creada en MC,124,Bastones clasicos,Bastones clasicos - Sigilo,Estacional,Medio,Bastones rectos de brocoli,386.1,280.3,201.9,11.868,58
MC0125,False,3.0x400.0x266.63x256.0,Catálogo inicial,125,Bastones clasicos,Bastones clasicos - Sigilo,Forma estable,Forma,Dippers de brocoli,392.1,255.0,242.8,12.812,58
MC0126,False,3.0x400.0x240.0x196.42,Catálogo inicial,126,Bastones clasicos,Bastones clasicos - Reserva Privada,Forma estable,Forma,Gajos de brocoli,381.1,240.2,182.0,9.59,58
MC0127,False,3.0x400.0x300.0x244.29,Catálogo inicial,127,Bastones clasicos,Bastones clasicos - Sigilo,Estacional,Fino,Bastones rectos de brocoli,378.4,301.7,232.5,12.624,58
MC0128,False,3.0x400.0x277.27x298.55,Catálogo inicial,128,Bastones clasicos,Bastones clasicos - Sigilo,Forma estable,Forma,Brocoli en rejilla,400.2,276.3,280.9,12.965,58
MC0129,False,3.0x406.3x311.9x205.6,Caja creada en MC,129,Bastones clasicos,Bastones clasicos - Legumes Frites,Estacional,Medio,Bastones rectos de brocoli,404.3,297.4,189.9,10.568,58
MC0130,False,3.0x399.0x261.0x276.0,Catálogo inicial,130,Bastones clasicos,Bastones clasicos - Sigilo,Forma estable,Forma,Dippers de brocoli,388.7,243.1,270.5,12.483,58
MC0131,True,3.0x410.5x276.4x184.8,Caja nueva,131,Guarniciones,Guarniciones - Cubos,Forma estable,Forma,Cubos de brocoli,404.5,270.4,178.8,12.436,59
MC0132,False,3.0x400.0x266.63x256.0,Catálogo inicial,132,Bastones clasicos,Bastones clasicos - Sigilo,Forma estable,Forma,Tiras para dip de brocoli,406.8,259.5,237.5,12.642,59
MC0133,False,3.0x400.0x266.63x256.0,Catálogo inicial,133,Guarniciones,Guarniciones - Tortitas,Forma estable,Forma,Rosti de brocoli,406.3,247.2,253.2,12.965,59
MC0134,False,3.0x400.0x266.63x256.0,Catálogo inicial,134,Bastones clasicos,Bastones clasicos - Sigilo,Estacional,Medio,Bastones rectos de brocoli,400.2,251.0,246.3,12.001,59
MC0135,False,3.0x406.3x256.5x230.9,Caja creada en MC,135,Bastones clasicos,Bastones clasicos - Legumes Frites,Estacional,Medio,Bastones rectos de brocoli,400.1,261.0,215.5,12.714,59
MC0136,False,3.0x400.0x300.0x342.17,Catálogo inicial,136,Bastones clasicos,Bastones clasicos - Reserva Privada,Estacional,Fino,Bastones rectos de brocoli,384.9,276.5,361.5,12.887,59
MC0137,False,3.0x400.0x300.0x234.72,Catálogo inicial,137,Bastones clasicos,Bastones clasicos - Sigilo,Forma estable,Forma,Brocoli zigzag,373.3,285.4,244.3,9.695,59
MC0138,False,3.0x400.0x300.0x212.38,Catálogo inicial,138,Bastones clasicos,Bastones clasicos - Sigilo,Estacional,Fino,Bastones rectos de brocoli,396.2,288.4,208.8,12.448,59
MC0139,False,3.0x400.0x269.82x300.0,Catálogo inicial,139,Bastones clasicos,Bastones clasicos - Sigilo,Forma estable,Forma,Brocoli zigzag,377.0,260.8,293.6,12.657,59
MC0140,False,3.0x400.0x300.0x174.08,Catálogo inicial,140,Bastones clasicos,Bastones clasicos - Sigilo,Forma estable,Forma,Dippers de brocoli,376.8,287.1,177.0,5.557,59
MC0141,False,3.0x400.0x266.63x256.0,Catálogo inicial,141,Bastones clasicos,Bastones clasicos - Reserva Privada,Estacional,Fino,Bastones rectos de brocoli,406.8,245.1,248.0,12.718,59
MC0142,False,3.0x400.0x300.0x234.72,Catálogo inicial,142,Bastones clasicos,Bastones clasicos - Sigilo,Forma estable,Forma,Espirales de brocoli,405.0,288.8,223.0,6.609,59
MC0143,False,3.0x406.3x311.9x205.6,Caja creada en MC,143,Bastones clasicos,Bastones clasicos - Sigilo,Estacional,Medio,Bastones rectos de brocoli,403.2,288.0,207.8,8.492,59
MC0144,False,3.0x400.0x274.08x225.0,Catálogo inicial,144,Bastones clasicos,Bastones clasicos - Sigilo,Forma estable,Forma,Mix crujiente de brocoli,379.9,257.0,232.4,8.495,59
MC0145,False,3.0x375.1x267.5x241.0,Caja creada en MC,145,Bastones clasicos,Bastones clasicos - Legumes Frites,Forma estable,Forma,Brocoli zigzag,366.9,264.2,228.1,10.091,59
MC0146,False,3.0x400.0x300.0x257.14,Catálogo inicial,146,Bastones clasicos,Bastones clasicos - Sigilo,Forma estable,Forma,Brocoli zigzag,383.2,292.7,249.8,9.804,59
MC0147,True,3.0x390.2x256.1x214.8,Caja nueva,147,Bastones clasicos,Bastones clasicos - Reserva Privada,Estacional,Corte steak,Bastones rectos de brocoli,384.2,250.1,208.8,11.94,60
MC0148,False,3.0x400.0x300.0x342.17,Catálogo inicial,148,Bastones clasicos,Bastones clasicos - Sigilo,Estacional,Medio,Bastones rectos de brocoli,391.9,298.6,321.6,12.457,60
MC0149,False,3.0x400.0x277.27x200.0,Catálogo inicial,149,Bastones clasicos,Bastones clasicos - Mayordomo,Estacional,Medio,Bastones rectos de brocoli,399.1,280.3,183.3,12.573,60
MC0150,False,3.0x400.0x300.0x200.0,Catálogo inicial,150,Bastones clasicos,Bastones clasicos - Sigilo,Estacional,Medio,Bastones rectos de brocoli,381.8,284.7,197.8,12.071,60
MC0151,False,3.0x400.0x274.08x225.0,Catálogo inicial,151,Guarniciones,Guarniciones - Legumes Croquetas,Forma estable,Forma,Rosti de brocoli,384.0,279.9,214.3,10.881,60
MC0152,False,3.0x400.4x278.8x230.1,Caja creada en MC,152,Bastones clasicos,Bastones clasicos - Grado B,Estacional,Fino,Bastones rectos de brocoli,374.6,275.3,233.5,11.971,60
MC0153,False,3.0x400.0x300.0x200.0,Catálogo inicial,153,Bastones clasicos,Bastones clasicos - Reserva Privada,Forma estable,Forma,Gajos de brocoli,385.1,284.8,203.0,13.237,60
MC0154,False,3.0x400.0x277.27x200.0,Catálogo inicial,154,Bastones clasicos,Bastones clasicos - Cielo,Estacional,Medio,Bastones rectos de brocoli,386.0,287.6,185.7,12.562,60
MC0155,False,3.0x400.0x300.0x257.14,Catálogo inicial,155,Bastones clasicos,Bastones clasicos - Sigilo,Forma estable,Forma,Espirales de brocoli,377.3,291.9,253.5,11.883,60
MC0156,False,3.0x400.0x240.0x265.57,Catálogo inicial,156,Bastones clasicos,Bastones clasicos - Legumes Frites,Estacional,Fino,Bastones rectos de brocoli,377.3,256.1,244.4,12.632,60
MC0157,False,3.0x400.0x277.27x256.0,Catálogo inicial,157,Guarniciones,Guarniciones - Tortitas,Forma estable,Forma,Tortitas de brocoli,390.8,256.9,260.9,12.479,60
MC0158,False,3.0x400.0x300.0x212.38,Catálogo inicial,158,Bastones clasicos,Bastones clasicos - Sigilo,Forma estable,Forma,Espirales de brocoli,391.8,300.9,202.6,5.585,60
MC0159,False,3.0x406.3x256.5x230.9,Caja creada en MC,159,Bastones clasicos,Bastones clasicos - Sigilo,Forma estable,Forma,Espirales de brocoli,403.4,247.7,217.1,6.671,60
MC0160,False,3.0x406.3x256.5x230.9,Caja creada en MC,160,Bastones clasicos,Bastones clasicos - Reserva Privada,Estacional,Medio,Bastones rectos de brocoli,391.8,258.2,212.4,12.199,60
MC0161,False,3.0x400.0x300.0x225.0,Catálogo inicial,161,Guarniciones,Guarniciones - Tortitas,Forma estable,Forma,Tortitas de brocoli,378.2,276.8,230.8,10.746,60
MC0162,False,3.0x374.7x299.5x214.6,Caja creada en MC,162,Bastones clasicos,Bastones clasicos - Sigilo,Estacional,Medio,Bastones rectos de brocoli,363.8,289.2,209.5,8.609,60
MC0163,False,3.0x400.0x300.0x225.0,Catálogo inicial,163,Bastones clasicos,Bastones clasicos - Sigilo,Forma estable,Forma,Dippers de brocoli,375.6,291.7,222.6,8.755,60
MC0164,True,3.0x395.9x255.9x174.1,Caja nueva,164,Snacks y aperitivos,Snacks y aperitivos - Queso,Co-produccion,Forma,Bocados de brocoli con mozzarella,389.9,249.9,168.1,5.022,61
MC0165,False,3.0x400.0x274.08x225.0,Catálogo inicial,165,Bastones clasicos,Bastones clasicos - Sigilo,Estacional,Medio,Bastones rectos de brocoli,384.9,255.4,235.1,12.428,61
MC0166,False,3.0x400.0x300.0x271.95,Catálogo inicial,166,Bastones clasicos,Bastones clasicos - Reserva Privada,Estacional,Medio,Bastones rectos de brocoli,394.7,279.7,277.1,12.341,61
MC0167,False,3.0x406.3x256.5x230.9,Caja creada en MC,167,Bastones clasicos,Bastones clasicos - Legumes Frites,Estacional,Medio,Bastones rectos de brocoli,391.1,251.0,215.5,10.884,61
MC0168,False,3.0x400.0x277.27x256.0,Catálogo inicial,168,Bastones clasicos,Bastones clasicos - Sigilo,Forma estable,Forma,Brocoli en rejilla,400.9,276.3,236.7,6.989,61
MC0169,False,3.0x400.0x300.0x174.08,Catálogo inicial,169,Bastones clasicos,Bastones clasicos - Sigilo,Forma estable,Forma,Gajos de brocoli,386.7,296.9,166.0,9.525,61
MC0170,False,3.0x400.0x269.82x150.0,Catálogo inicial,170,Guarniciones,Guarniciones - Legumes Croquetas,Forma estable,Forma,Rosti de brocoli,380.4,260.1,146.0,4.916,61
MC0171,False,3.0x400.0x266.63x256.0,Catálogo inicial,171,Bastones clasicos,Bastones clasicos - Sigilo,Forma estable,Forma,Tiras para dip de brocoli,392.0,259.1,240.7,13.735,61
MC0172,True,3.0x399.0x276.1x274.7,Caja nueva,172,Bastones clasicos,Bastones clasicos - Sigilo,Forma estable,Forma,Espirales de brocoli,393.0,270.1,268.7,6.582,62
MC0173,False,3.0x400.0x300.0x271.95,Catálogo inicial,173,Bastones clasicos,Bastones clasicos - Reserva Privada,Estacional,Medio,Bastones rectos de brocoli,405.9,284.4,256.6,11.983,62
MC0174,True,3.0x373.5x311.9x210.7,Caja nueva,174,Bastones clasicos,Bastones clasicos - Sigilo,Forma estable,Forma,Brocoli en rejilla,367.5,305.9,204.7,6.664,63
MC0175,True,3.0x370.7x292.0x270.1,Caja nueva,175,Bastones clasicos,Bastones clasicos - Sigilo,Estacional,Grueso,Bastones rectos de brocoli,364.7,286.0,264.1,12.159,64
MC0176,True,2.7x392.0x257.3x178.8,Caja nueva,176,Snacks y aperitivos,Snacks y aperitivos - Queso,Co-produccion,Forma,Bocados de brocoli con mozzarella,386.6,251.9,173.4,5.136,65
MC0177,True,3.0x399.2x258.0x209.2,Caja nueva,177,Bastones clasicos,Bastones clasicos - Reserva Privada,Estacional,Medio,Bastones rectos de brocoli,393.2,252.0,203.2,12.421,66
MC0178,False,3.0x400.0x277.27x256.0,Catálogo inicial,178,Bastones clasicos,Bastones clasicos - Grado B,Estacional,Fino,Bastones rectos de brocoli,401.1,257.8,250.8,12.335,66
MC0179,False,3.0x409.7x304.3x178.3,Caja creada en MC,179,Bastones clasicos,Bastones clasicos - Reserva Privada,Estacional,Grueso,Bastones rectos de brocoli,393.5,295.2,177.0,13.103,66
MC0180,False,3.0x400.0x240.0x196.42,Catálogo inicial,180,Bastones clasicos,Bastones clasicos - Sigilo,Forma estable,Forma,Gajos de brocoli,378.6,247.2,184.7,12.712,66
MC0181,False,3.0x400.0x300.0x174.08,Catálogo inicial,181,Guarniciones,Guarniciones - Cubos,Forma estable,Forma,Cubos de brocoli,397.8,301.2,162.0,12.865,66
MC0182,False,3.0x400.0x300.0x174.08,Catálogo inicial,182,Bastones clasicos,Bastones clasicos - Reserva Privada,Estacional,Grueso,Bastones rectos de brocoli,400.0,290.1,162.4,12.663,66
MC0183,True,2.7x402.59999999999997x303.79999999999995x240.3,Caja nueva,183,Bastones clasicos,Bastones clasicos - Sigilo,Forma estable,Forma,Brocoli en rejilla,397.2,298.4,234.9,6.413,67
MC0184,False,3.0x400.0x277.27x200.0,Catálogo inicial,184,Bastones clasicos,Bastones clasicos - Reserva Privada,Estacional,Grueso,Bastones rectos de brocoli,395.1,278.2,183.5,12.729,67
MC0185,False,3.0x400.0x266.63x256.0,Catálogo inicial,185,Bastones clasicos,Bastones clasicos - Sigilo,Forma estable,Forma,Corte rustico de brocoli,396.2,258.2,245.3,12.953,67
MC0186,False,3.0x406.3x256.5x230.9,Caja creada en MC,186,Bastones clasicos,Bastones clasicos - Legumes Frites,Estacional,Medio,Bastones rectos de brocoli,386.4,254.0,227.9,11.044,67
MC0187,False,3.0x400.0x300.0x200.0,Catálogo inicial,187,Brocoli especial,Brocoli especial - Bastones Especiales,Estacional,Corte steak,Bastones rectos de brocoli,396.1,282.7,192.8,13.176,67
MC0188,False,3.0x400.0x277.27x180.0,Catálogo inicial,188,Bastones clasicos,Bastones clasicos - Legumes Frites,Estacional,Medio,Bastones rectos de brocoli,381.3,275.4,170.4,12.819,67
MC0189,True,2.7x398.4x280.79999999999995x210.3,Caja nueva,189,Bastones clasicos,Bastones clasicos - Reserva Privada,Estacional,Corte steak,Bastones rectos de brocoli,393.0,275.4,204.9,12.579,68
MC0190,True,2.7x405.29999999999995x251.4x212.4,Caja nueva,190,Bastones clasicos,Bastones clasicos - Sigilo,Forma estable,Forma,Gajos de brocoli,399.9,246.0,207.0,12.594,69
MC0191,True,2.7x369.2x249.3x317.4,Caja nueva,191,Bastones clasicos,Bastones clasicos - Sigilo,Estacional,Fino,Bastones rectos de brocoli,363.8,243.9,312.0,12.551,70
MC0192,False,3.0x399.0x276.1x274.7,Caja creada en MC,192,Bastones clasicos,Bastones clasicos - Reserva Privada,Estacional,Fino,Bastones rectos de brocoli,369.6,280.0,269.7,12.031,70
MC0193,False,3.0x400.0x300.0x225.0,Catálogo inicial,193,Bastones clasicos,Bastones clasicos - Sigilo,Forma estable,Forma,Brocoli zigzag,372.3,285.6,231.6,12.466,70
MC0194,False,3.0x406.3x256.5x230.9,Caja creada en MC,194,Bastones clasicos,Bastones clasicos - Sigilo,Estacional,Medio,Bastones rectos de brocoli,378.8,252.1,223.6,11.073,70
MC0195,False,3.0x400.0x266.63x256.0,Catálogo inicial,195,Bastones clasicos,Bastones clasicos - Sigilo,Forma estable,Forma,Tiras para dip de brocoli,390.0,259.2,246.4,12.344,70
MC0196,False,3.0x400.0x300.0x179.4,Catálogo inicial,196,Bastones clasicos,Bastones clasicos - Reserva Privada,Estacional,Medio,Bastones rectos de brocoli,370.5,293.8,179.9,12.627,70
MC0197,False,3.0x375.1x267.5x241.0,Caja creada en MC,197,Bastones clasicos,Bastones clasicos - Sigilo,Forma estable,Forma,Rodajas de brocoli,368.8,247.1,221.8,9.756,70
MC0198,False,3.0x370.7x292.0x270.1,Caja creada en MC,198,Bastones clasicos,Bastones clasicos - Reserva Privada,Estacional,Fino,Bastones rectos de brocoli,370.2,284.9,260.4,12.79,70
MC0199,False,3.0x400.0x300.0x174.08,Catálogo inicial,199,Guarniciones,Guarniciones - Otros,Estacional,Medio,Bastones rectos de brocoli,406.8,278.5,168.9,12.749,70
MC0200,False,3.0x374.7x299.5x214.6,Caja creada en MC,200,Bastones clasicos,Bastones clasicos - Sigilo,Forma estable,Forma,Corte rustico de brocoli,406.8,280.7,197.3,12.563,70
MC0201,False,3.0x400.0x240.0x254.93,Catálogo inicial,201,Bastones clasicos,Bastones clasicos - Grado B,Estacional,Medio,Bastones rectos de brocoli,388.1,248.0,237.0,11.987,70
MC0202,False,3.0x400.0x277.27x200.0,Catálogo inicial,202,Bastones clasicos,Bastones clasicos - Reserva Privada,Estacional,Grueso,Bastones rectos de brocoli,379.8,275.8,196.3,13.172,70
MC0203,False,3.0x400.0x300.0x244.29,Catálogo inicial,203,Bastones clasicos,Bastones clasicos - Sigilo,Estacional,Grueso,Bastones rectos de brocoli,381.4,305.5,228.9,13.691,70
MC0204,False,3.0x400.0x300.0x288.97,Catálogo inicial,204,Brocoli especial,Brocoli especial - Bastones Especiales,Estacional,Fino,Bastones rectos de brocoli,372.4,302.1,285.2,8.729,70
MC0205,False,3.0x400.0x300.0x288.97,Catálogo inicial,205,Bastones clasicos,Bastones clasicos - Legumes Frites,Estacional,Grueso,Bastones rectos de brocoli,386.6,296.4,274.4,12.372,70
MC0206,False,3.0x400.0x300.0x212.38,Catálogo inicial,206,Bastones clasicos,Bastones clasicos - Sigilo,Estacional,Fino,Bastones rectos de brocoli,374.4,286.3,222.4,12.317,70
MC0207,False,3.0x400.0x300.0x342.17,Catálogo inicial,207,Bastones clasicos,Bastones clasicos - Sigilo,Forma estable,Forma,Brocoli en rejilla,385.0,292.7,321.7,11.51,70
MC0208,False,3.0x389.6x249.3x214.0,Caja creada en MC,208,Bastones clasicos,Bastones clasicos - Reserva Privada,Estacional,Corte steak,Bastones rectos de brocoli,374.1,241.5,207.8,13.02,70
MC0209,False,3.0x400.0x240.0x244.29,Catálogo inicial,209,Bastones clasicos,Bastones clasicos - Sigilo,Forma estable,Forma,Espirales de brocoli,374.2,254.4,227.6,6.84,70
MC0210,False,3.0x406.3x256.5x230.9,Caja creada en MC,210,Bastones clasicos,Bastones clasicos - Reserva Privada,Estacional,Medio,Bastones rectos de brocoli,394.8,256.4,212.5,12.46,70
MC0211,False,3.0x395.9x255.9x174.1,Caja creada en MC,211,Snacks y aperitivos,Snacks y aperitivos - Queso,Co-produccion,Forma,Bocados de brocoli con mozzarella,397.3,254.7,159.2,5.093,70
MC0212,False,3.0x400.0x266.63x256.0,Catálogo inicial,212,Bastones clasicos,Bastones clasicos - Sigilo,Estacional,Fino,Bastones rectos de brocoli,397.9,257.9,249.9,12.528,70
MC0213,False,3.0x406.3x256.5x230.9,Caja creada en MC,213,Bastones clasicos,Bastones clasicos - Sigilo,Forma estable,Forma,Corte rustico de brocoli,377.4,247.4,240.1,12.429,70
MC0214,False,3.0x400.0x300.0x212.38,Catálogo inicial,214,Snacks y aperitivos,Snacks y aperitivos - Aros y Vegetales,Co-produccion,Forma,Aros de brocoli,405.1,282.7,203.5,5.051,70
MC0215,False,3.0x400.0x300.0x163.44,Catálogo inicial,215,Bastones clasicos,Bastones clasicos - Sigilo,Forma estable,Forma,Gajos de brocoli,376.7,279.9,163.7,12.335,70
MC0216,False,3.0x389.6x249.3x214.0,Caja creada en MC,216,Bastones clasicos,Bastones clasicos - Reserva Privada,Forma estable,Forma,Gajos de brocoli,386.2,250.2,198.4,9.824,70
MC0217,False,3.0x410.5x276.4x184.8,Caja creada en MC,217,Bastones clasicos,Bastones clasicos - Reserva Privada,Forma estable,Forma,Gajos de brocoli,392.9,260.3,187.7,12.577,70
MC0218,False,3.0x400.0x240.0x254.93,Catálogo inicial,218,Bastones clasicos,Bastones clasicos - Sigilo,Forma estable,Forma,Corte rustico de brocoli,376.8,244.5,246.7,12.726,70
MC0219,False,3.0x400.0x266.63x256.0,Catálogo inicial,219,Bastones clasicos,Bastones clasicos - Grado B,Estacional,Fino,Bastones rectos de brocoli,389.3,247.5,254.6,12.268,70
MC0220,False,3.0x400.0x240.0x248.55,Catálogo inicial,220,Bastones clasicos,Bastones clasicos - Legumes Frites,Estacional,Medio,Bastones rectos de brocoli,384.2,246.5,235.0,12.766,70
MC0221,False,3.0x400.0x269.82x300.0,Catálogo inicial,221,Bastones clasicos,Bastones clasicos - Sigilo,Forma estable,Forma,Brocoli zigzag,400.2,252.3,286.9,12.16,70
MC0222,False,3.0x400.0x269.82x150.0,Catálogo inicial,222,Bastones clasicos,Bastones clasicos - Sigilo,Estacional,Medio,Bastones rectos de brocoli,384.4,274.3,139.5,6.388,70
MC0223,False,3.0x400.0x240.0x233.65,Catálogo inicial,223,Bastones clasicos,Bastones clasicos - Sigilo,Forma estable,Forma,Tiras para dip de brocoli,400.6,237.4,214.7,6.397,70
MC0224,False,3.0x400.0x300.0x257.14,Catálogo inicial,224,Bastones clasicos,Bastones clasicos - Reserva Privada,Estacional,Medio,Bastones rectos de brocoli,397.7,278.9,262.0,12.098,70
MC0225,False,3.0x400.0x300.0x271.95,Catálogo inicial,225,Bastones clasicos,Bastones clasicos - Sigilo,Forma estable,Forma,Espirales de brocoli,392.0,296.8,252.5,10.047,70
MC0226,False,3.0x400.0x266.63x256.0,Catálogo inicial,226,Bastones clasicos,Bastones clasicos - Sigilo,Estacional,Medio,Bastones rectos de brocoli,401.8,246.0,239.0,12.137,70
MC0227,False,3.0x400.0x240.0x265.57,Catálogo inicial,227,Guarniciones,Guarniciones - Tortitas,Forma estable,Forma,Rosti de brocoli,399.9,244.1,245.0,10.769,70
MC0228,True,2.7x412.2x310.79999999999995x178.1,Caja nueva,228,Bastones clasicos,Bastones clasicos - Sigilo,Estacional,Fino,Bastones rectos de brocoli,406.8,305.4,172.7,7.004,71
MC0229,False,3.0x395.9x255.9x174.1,Caja creada en MC,229,Snacks y aperitivos,Snacks y aperitivos - Queso,Co-produccion,Forma,Bocados de brocoli con queso crema,378.5,245.0,168.4,4.914,71
MC0230,False,3.0x399.0x276.1x274.7,Caja creada en MC,230,Bastones clasicos,Bastones clasicos - Sigilo,Estacional,Grueso,Bastones rectos de brocoli,377.2,286.2,258.6,12.429,71
MC0231,False,3.0x400.0x300.0x212.38,Catálogo inicial,231,Bastones clasicos,Bastones clasicos - Sigilo,Estacional,Medio,Bastones rectos de brocoli,403.2,294.8,195.4,12.12,71
MC0232,False,3.0x400.0x300.0x174.08,Catálogo inicial,232,Bastones clasicos,Bastones clasicos - Legumes Frites,Estacional,Medio,Bastones rectos de brocoli,373.7,282.4,177.8,12.812,71
MC0233,False,3.0x369.8x290.5x165.9,Caja creada en MC,233,Bastones clasicos,Bastones clasicos - Legumes Frites,Estacional,Grueso,Bastones rectos de brocoli,364.9,277.1,159.2,12.818,71
MC0234,False,3.0x400.0x300.0x179.4,Catálogo inicial,234,Bastones clasicos,Bastones clasicos - Reserva Privada,Estacional,Grueso,Bastones rectos de brocoli,378.4,293.9,176.4,12.777,71
MC0235,False,3.0x399.0x276.1x274.7,Caja creada en MC,235,Bastones clasicos,Bastones clasicos - Sigilo,Estacional,Medio,Bastones rectos de brocoli,383.8,278.4,263.4,12.702,71
MC0236,False,3.0x400.0x300.0x225.0,Catálogo inicial,236,Guarniciones,Guarniciones - Tortitas,Forma estable,Forma,Tortitas de brocoli,379.8,292.4,220.8,11.024,71
MC0237,False,3.0x400.0x277.27x200.0,Catálogo inicial,237,Bastones clasicos,Bastones clasicos - Sigilo,Estacional,Corte steak,Bastones rectos de brocoli,385.3,258.3,208.2,12.303,71
MC0238,False,3.0x400.0x300.0x271.95,Catálogo inicial,238,Bastones clasicos,Bastones clasicos - Sigilo,Estacional,Grueso,Bastones rectos de brocoli,387.0,293.0,258.2,15.853,71
MC0239,True,3.0x380.8x257.6x181.9,Caja nueva,239,Bastones clasicos,Bastones clasicos - Reserva Privada,Forma estable,Forma,Gajos de brocoli,374.8,251.6,175.9,12.984,72
MC0240,False,3.0x375.1x267.5x241.0,Caja creada en MC,240,Bastones clasicos,Bastones clasicos - Legumes Frites,Forma estable,Forma,Brocoli zigzag,370.0,254.4,221.2,9.974,72
MC0241,True,2.7x412.2x268.2x319.59999999999997,Caja nueva,241,Bastones clasicos,Bastones clasicos - Reserva Privada,Estacional,Fino,Bastones rectos de brocoli,406.8,262.8,314.2,12.24,73
MC0242,False,3.0x406.3x256.5x230.9,Caja creada en MC,242,Bastones clasicos,Bastones clasicos - Sigilo,Forma estable,Forma,Tiras para dip de brocoli,396.5,250.8,225.6,12.515,73
MC0243,False,3.0x400.0x300.0x174.08,Catálogo inicial,243,Bastones clasicos,Bastones clasicos - Sigilo,Forma estable,Forma,Gajos de brocoli,398.3,288.4,165.9,9.662,73
MC0244,False,3.0x400.0x300.0x271.95,Catálogo inicial,244,Bastones clasicos,Bastones clasicos - Sigilo,Forma estable,Forma,Espirales de brocoli,389.2,295.5,255.6,9.42,73
MC0245,False,3.0x400.0x266.63x256.0,Catálogo inicial,245,Bastones clasicos,Bastones clasicos - Sigilo,Estacional,Medio,Bastones rectos de brocoli,390.8,260.4,241.0,12.567,73
MC0246,False,3.0x400.0x271.95x163.63,Catálogo inicial,246,Bastones clasicos,Bastones clasicos - Legumes Frites,Estacional,Grueso,Bastones rectos de brocoli,371.9,273.3,155.9,12.344,73
MC0247,False,3.0x380.8x257.6x181.9,Caja creada en MC,247,Snacks y aperitivos,Snacks y aperitivos - Queso,Co-produccion,Forma,Bocados de brocoli con queso cheddar,363.8,262.8,170.7,4.857,73
MC0248,False,3.0x400.0x266.63x256.0,Catálogo inicial,248,Bastones clasicos,Bastones clasicos - Sigilo,Estacional,Fino,Bastones rectos de brocoli,376.8,258.6,249.5,11.945,73
MC0249,True,2.7x370.4x280.09999999999997x286.59999999999997,Caja nueva,249,Bastones clasicos,Bastones clasicos - Sigilo,Estacional,Grueso,Bastones rectos de brocoli,365.0,274.7,281.2,12.39,74
MC0250,True,2.7x369.2x301.79999999999995x267.5,Caja nueva,250,Bastones clasicos,Bastones clasicos - Sigilo,Forma estable,Forma,Espirales de brocoli,363.8,296.4,262.1,12.361,75
MC0251,False,3.0x394.0x294.0x195.0,Catálogo inicial,251,Bastones clasicos,Bastones clasicos - Reserva Privada,Estacional,Grueso,Bastones rectos de brocoli,370.2,303.0,183.7,12.468,75
MC0252,False,3.0x400.0x269.82x300.0,Catálogo inicial,252,Bastones clasicos,Bastones clasicos - Sigilo,Forma estable,Forma,Tiras para dip de brocoli,406.8,262.7,280.0,9.251,75
MC0253,False,3.0x400.0x300.0x300.0,Catálogo inicial,253,Bastones clasicos,Bastones clasicos - Reserva Privada,Forma estable,Forma,Rodajas de brocoli,394.5,305.9,277.5,8.921,75
MC0254,False,2.7x402.59999999999997x303.79999999999995x240.3,Caja creada en MC,254,Bastones clasicos,Bastones clasicos - Sigilo,Forma estable,Forma,Espirales de brocoli,400.9,286.7,240.8,12.475,75
MC0255,False,3.0x400.0x240.0x244.29,Catálogo inicial,255,Bastones clasicos,Bastones clasicos - Legumes Frites,Estacional,Corte steak,Bastones rectos de brocoli,384.7,239.4,237.3,9.919,75
MC0256,False,3.0x400.0x277.27x298.55,Catálogo inicial,256,Bastones clasicos,Bastones clasicos - Sigilo,Forma estable,Forma,Brocoli en rejilla,395.1,270.2,286.3,12.431,75
MC0257,True,2.7x370.29999999999995x188.8x162.0,Caja nueva,257,Guarniciones,Guarniciones - Legumes Croquetas,Forma estable,Forma,Rosti de brocoli,364.9,183.4,156.6,4.882,76
MC0258,False,3.0x400.0x300.0x271.95,Catálogo inicial,258,Bastones clasicos,Bastones clasicos - Sigilo,Forma estable,Forma,Espirales de brocoli,401.2,290.7,263.0,9.783,76
MC0259,False,3.0x400.0x269.82x344.29,Catálogo inicial,259,Bastones clasicos,Bastones clasicos - Reserva Privada,Estacional,Fino,Bastones rectos de brocoli,403.6,256.8,330.5,12.026,76
MC0260,False,3.0x400.0x274.08x225.0,Catálogo inicial,260,Bastones clasicos,Bastones clasicos - Sigilo,Estacional,Medio,Bastones rectos de brocoli,386.2,254.5,233.1,12.702,76
MC0261,False,3.0x400.0x300.0x174.08,Catálogo inicial,261,Bastones clasicos,Bastones clasicos - Sigilo,Estacional,Grueso,Bastones rectos de brocoli,394.5,293.3,165.8,9.476,76
MC0262,False,2.7x405.29999999999995x251.4x212.4,Caja creada en MC,262,Bastones clasicos,Bastones clasicos - Reserva Privada,Estacional,Corte steak,Bastones rectos de brocoli,399.7,243.9,207.0,12.844,76
MC0263,False,3.0x400.0x266.63x256.0,Catálogo inicial,263,Bastones clasicos,Bastones clasicos - Sigilo,Estacional,Fino,Bastones rectos de brocoli,386.5,251.6,256.5,12.373,76
MC0264,False,2.7x398.4x280.79999999999995x210.3,Caja creada en MC,264,Bastones clasicos,Bastones clasicos - Sigilo,Forma estable,Forma,Mix crujiente de brocoli,370.1,259.2,222.9,8.513,76
MC0265,False,3.0x370.1x249.2x243.8,Caja creada en MC,265,Snacks y aperitivos,Snacks y aperitivos - Base Brocoli,Forma estable,Forma,Bocaditos inflados de brocoli,364.6,237.1,241.0,10.63,76
MC0266,False,3.0x399.0x261.0x276.0,Catálogo inicial,266,Bastones clasicos,Bastones clasicos - Sigilo,Forma estable,Forma,Corte rustico de brocoli,394.0,261.7,260.0,12.246,76
MC0267,False,3.0x400.0x300.0x212.38,Catálogo inicial,267,Bastones clasicos,Bastones clasicos - Sigilo,Estacional,Fino,Bastones rectos de brocoli,391.8,283.8,210.0,12.643,76
MC0268,False,3.0x400.0x240.0x254.93,Catálogo inicial,268,Bastones clasicos,Bastones clasicos - Sigilo,Forma estable,Forma,Corte rustico de brocoli,373.9,252.1,242.3,12.939,76
MC0269,False,3.0x400.0x300.0x288.97,Catálogo inicial,269,Bastones clasicos,Bastones clasicos - Reserva Privada,Estacional,Fino,Bastones rectos de brocoli,386.3,295.4,280.4,13.125,76
MC0270,False,3.0x373.5x311.9x210.7,Caja creada en MC,270,Bastones clasicos,Bastones clasicos - Reserva Privada,Forma estable,Forma,Gajos de brocoli,386.5,288.3,204.0,13.016,76
MC0271,False,3.0x400.0x300.0x174.08,Catálogo inicial,271,Bastones clasicos,Bastones clasicos - Sigilo,Forma estable,Forma,Gajos de brocoli,393.2,293.8,160.4,10.288,76
MC0272,False,3.0x400.0x300.0x174.08,Catálogo inicial,272,Bastones clasicos,Bastones clasicos - Sigilo,Estacional,Grueso,Bastones rectos de brocoli,406.1,278.1,168.1,12.391,76
MC0273,False,3.0x400.0x266.63x256.0,Catálogo inicial,273,Bastones clasicos,Bastones clasicos - Sigilo,Estacional,Medio,Bastones rectos de brocoli,397.7,256.3,240.0,11.363,76
MC0274,False,3.0x395.9x255.9x174.1,Caja creada en MC,274,Snacks y aperitivos,Snacks y aperitivos - Queso,Co-produccion,Forma,Bocados de brocoli con mozzarella,381.2,248.5,164.5,4.859,76
MC0275,False,3.0x400.4x278.8x230.1,Caja creada en MC,275,Bastones clasicos,Bastones clasicos - Legumes Frites Salados,Estacional,Fino,Bastones rectos de brocoli,406.8,257.0,229.3,12.658,76
MC0276,False,3.0x400.0x277.27x200.0,Catálogo inicial,276,Bastones clasicos,Bastones clasicos - Legumes Frites,Estacional,Medio,Bastones rectos de brocoli,374.9,285.2,192.6,11.622,76
MC0277,False,3.0x406.3x256.5x230.9,Caja creada en MC,277,Bastones clasicos,Bastones clasicos - Sigilo,Forma estable,Forma,Espirales de brocoli,395.0,251.6,220.8,6.523,76
MC0278,False,3.0x406.3x311.9x205.6,Caja creada en MC,278,Bastones clasicos,Bastones clasicos - Mayordomo,Estacional,Medio,Bastones rectos de brocoli,386.8,288.9,217.9,12.675,76
MC0279,False,3.0x400.0x300.0x174.08,Catálogo inicial,279,Bastones clasicos,Bastones clasicos - Legumes Frites,Estacional,Medio,Bastones rectos de brocoli,379.3,278.8,178.8,12.008,76
MC0280,False,3.0x370.7x292.0x270.1,Caja creada en MC,280,Bastones clasicos,Bastones clasicos - Sigilo,Forma estable,Forma,Espirales de brocoli,365.1,274.4,264.1,12.66,76
MC0281,False,3.0x373.5x311.9x210.7,Caja creada en MC,281,Bastones extra crocantes,Bastones extra crocantes - Muy Crocantes,Estacional,Medio,Bastones rectos de brocoli,384.0,293.5,200.9,12.84,76
MC0282,False,3.0x375.6x286.8x216.9,Caja creada en MC,282,Bastones clasicos,Bastones clasicos - Legumes Frites,Estacional,Fino,Bastones rectos de brocoli,363.8,283.6,204.5,10.835,76
MC0283,True,2.7x409.79999999999995x269.2x239.70000000000002,Caja nueva,283,Bastones extra crocantes,Bastones extra crocantes - Muy Crocantes,Estacional,Medio,Bastones rectos de brocoli,404.4,263.8,234.3,12.137,77
MC0284,False,2.7x412.2x268.2x319.59999999999997,Caja creada en MC,284,Bastones clasicos,Bastones clasicos - Cielo,Estacional,Medio,Bastones rectos de brocoli,406.8,254.7,303.5,12.322,77
MC0285,False,3.0x389.6x249.3x214.0,Caja creada en MC,285,Bastones clasicos,Bastones clasicos - Sigilo,Forma estable,Forma,Gajos de brocoli,373.8,237.5,198.7,12.138,77
MC0286,False,3.0x406.0x266.1x229.6,Caja creada en MC,286,Bastones clasicos,Bastones clasicos - Reserva Privada,Estacional,Medio,Bastones rectos de brocoli,396.6,262.4,223.5,12.462,77
MC0287,False,2.7x402.59999999999997x303.79999999999995x240.3,Caja creada en MC,287,Bastones clasicos,Bastones clasicos - Reserva Privada,Forma estable,Forma,Rodajas de brocoli,377.6,282.8,259.0,8.777,77
MC0288,False,3.0x410.5x276.4x184.8,Caja creada en MC,288,Bastones clasicos,Bastones clasicos - Sigilo,Forma estable,Forma,Brocoli en rejilla,385.6,257.6,191.5,4.459,77
MC0289,False,3.0x400.0x300.0x234.72,Catálogo inicial,289,Bastones clasicos,Bastones clasicos - Legumes Frites,Estacional,Corte steak,Bastones rectos de brocoli,404.2,290.3,217.1,13.128,77
MC0290,False,3.0x400.0x274.08x225.0,Catálogo inicial,290,Bastones clasicos,Bastones clasicos - Sigilo,Estacional,Medio,Bastones rectos de brocoli,392.5,267.6,215.7,12.23,77
MC0291,False,3.0x400.0x300.0x271.95,Catálogo inicial,291,Bastones clasicos,Bastones clasicos - Legumes Frites,Estacional,Grueso,Bastones rectos de brocoli,406.8,280.4,265.6,13.022,77
MC0292,False,3.0x400.0x300.0x174.08,Catálogo inicial,292,Bastones clasicos,Bastones clasicos - Sigilo,Forma estable,Forma,Gajos de brocoli,380.4,283.1,175.2,9.445,77
MC0293,False,2.7x402.59999999999997x303.79999999999995x240.3,Caja creada en MC,293,Bastones clasicos,Bastones clasicos - Sigilo,Forma estable,Forma,Brocoli en rejilla,397.6,286.9,242.8,6.514,77
MC0294,False,3.0x400.0x300.0x150.0,Catálogo inicial,294,Bastones clasicos,Bastones clasicos - Sigilo,Estacional,Medio,Bastones rectos de brocoli,396.2,286.3,141.7,6.99,77
MC0295,False,3.0x410.5x276.4x184.8,Caja creada en MC,295,Bastones clasicos,Bastones clasicos - Reserva Privada,Forma estable,Forma,Espirales de brocoli,402.4,257.5,186.7,4.653,77
MC0296,False,3.0x400.0x274.08x225.0,Catálogo inicial,296,Bastones clasicos,Bastones clasicos - Sigilo,Estacional,Fino,Bastones rectos de brocoli,377.9,260.0,232.7,9.627,77
MC0297,False,2.7x398.4x280.79999999999995x210.3,Caja creada en MC,297,Bastones clasicos,Bastones clasicos - Sigilo,Forma estable,Forma,Mix crujiente de brocoli,385.4,281.8,198.0,12.708,77
MC0298,False,3.0x400.0x291.1x360.0,Catálogo inicial,298,Bastones clasicos,Bastones clasicos - Sigilo,Forma estable,Forma,Brocoli en rejilla,386.7,291.4,346.9,12.152,77
MC0299,False,3.0x400.0x271.95x163.63,Catálogo inicial,299,Bastones clasicos,Bastones clasicos - Sigilo,Forma estable,Forma,Gajos de brocoli,376.3,262.4,156.6,9.592,77
MC0300,False,3.0x373.5x311.9x210.7,Caja creada en MC,300,Bastones clasicos,Bastones clasicos - Sigilo,Estacional,Fino,Bastones rectos de brocoli,395.7,287.7,201.1,12.731,77
MC0301,False,3.0x400.0x300.0x244.29,Catálogo inicial,301,Bastones clasicos,Bastones clasicos - Sigilo,Estacional,Medio,Bastones rectos de brocoli,393.5,283.3,244.3,13.198,77
MC0302,False,3.0x400.0x300.0x244.29,Catálogo inicial,302,Bastones clasicos,Bastones clasicos - Sigilo,Forma estable,Forma,Espirales de brocoli,392.9,279.0,247.3,9.888,77
MC0303,True,2.7x412.2x308.9x261.9,Caja nueva,303,Bastones clasicos,Bastones clasicos - Sigilo,Forma estable,Forma,Brocoli zigzag,406.8,303.5,256.5,9.916,78
MC0304,True,3.0x412.8x258.5x211.6,Caja nueva,304,Bastones clasicos,Bastones clasicos - Sigilo,Forma estable,Forma,Brocoli en rejilla,406.8,252.5,205.6,4.591,79
MC0305,False,3.0x375.1x267.5x241.0,Caja creada en MC,305,Bastones clasicos,Bastones clasicos - Legumes Frites,Forma estable,Forma,Brocoli zigzag,375.7,250.7,223.8,9.323,79
MC0306,False,3.0x406.3x256.5x230.9,Caja creada en MC,306,Bastones clasicos,Bastones clasicos - Legumes Frites,Estacional,Medio,Bastones rectos de brocoli,397.4,252.1,212.7,12.673,79
MC0307,False,3.0x400.0x240.0x196.42,Catálogo inicial,307,Guarniciones,Guarniciones - Cubos,Forma estable,Forma,Cubos de brocoli,385.6,240.3,180.4,12.119,79
MC0308,False,3.0x370.7x292.0x270.1,Caja creada en MC,308,Bastones clasicos,Bastones clasicos - Sigilo,Estacional,Medio,Bastones rectos de brocoli,386.3,276.3,253.2,13.507,79
MC0309,False,3.0x400.0x240.0x159.19,Catálogo inicial,309,Guarniciones,Guarniciones - Legumes Croquetas,Forma estable,Forma,Rosti de brocoli,373.2,259.3,144.5,5.324,79
MC0310,False,3.0x400.0x300.0x257.14,Catálogo inicial,310,Snacks y aperitivos,Snacks y aperitivos - Aros y Vegetales,Co-produccion,Forma,Aros de brocoli,406.8,277.3,251.4,6.451,79
MC0311,False,3.0x400.0x300.0x163.44,Catálogo inicial,311,Bastones clasicos,Bastones clasicos - Reserva Privada,Forma estable,Forma,Gajos de brocoli,388.2,279.4,164.8,10.756,79
MC0312,False,3.0x400.0x240.0x254.93,Catálogo inicial,312,Bastones clasicos,Bastones clasicos - Sigilo,Forma estable,Forma,Rodajas de brocoli,377.5,249.0,241.5,10.087,79
MC0313,False,3.0x400.0x300.0x225.0,Catálogo inicial,313,Guarniciones,Guarniciones - Legumes Croquetas,Forma estable,Forma,Rosti de brocoli,393.6,302.0,209.0,10.687,79
MC0314,False,3.0x375.6x286.8x216.9,Caja creada en MC,314,Bastones clasicos,Bastones clasicos - Legumes Frites,Estacional,Fino,Bastones rectos de brocoli,363.8,292.6,203.3,12.332,79
MC0315,False,3.0x370.7x292.0x270.1,Caja creada en MC,315,Bastones clasicos,Bastones clasicos - Sigilo,Forma estable,Forma,Espirales de brocoli,363.8,281.2,255.2,10.115,79
MC0316,False,3.0x400.0x300.0x179.4,Catálogo inicial,316,Bastones clasicos,Bastones clasicos - Reserva Privada,Forma estable,Forma,Gajos de brocoli,393.2,297.2,171.6,11.014,79
MC0317,False,3.0x406.3x256.5x230.9,Caja creada en MC,317,Bastones clasicos,Bastones clasicos - Legumes Frites,Estacional,Fino,Bastones rectos de brocoli,380.7,275.7,213.9,10.485,79
MC0318,False,3.0x410.5x276.4x184.8,Caja creada en MC,318,Bastones clasicos,Bastones clasicos - Sigilo,Forma estable,Forma,Gajos de brocoli,385.9,255.5,191.2,12.704,79
MC0319,False,3.0x395.9x255.9x174.1,Caja creada en MC,319,Guarniciones,Guarniciones - Cubos,Forma estable,Forma,Cubos de brocoli,367.8,237.9,183.6,12.351,79
MC0320,False,3.0x400.0x277.27x298.55,Catálogo inicial,320,Bastones clasicos,Bastones clasicos - Reserva Privada,Estacional,Medio,Bastones rectos de brocoli,378.7,290.0,282.4,13.077,79
MC0321,False,3.0x400.0x269.82x150.0,Catálogo inicial,321,Guarniciones,Guarniciones - Legumes Croquetas,Forma estable,Forma,Rosti de brocoli,402.8,248.9,148.0,4.909,79
MC0322,False,3.0x406.3x256.5x230.9,Caja creada en MC,322,Bastones clasicos,Bastones clasicos - Legumes Frites Salados,Estacional,Medio,Bastones rectos de brocoli,402.7,247.1,220.1,12.894,79
MC0323,False,3.0x400.0x300.0x234.72,Catálogo inicial,323,Bastones clasicos,Bastones clasicos - Grado B,Estacional,Fino,Bastones rectos de brocoli,388.0,284.1,232.3,13.166,79
MC0324,False,3.0x375.6x286.8x216.9,Caja creada en MC,324,Bastones clasicos,Bastones clasicos - Sigilo,Forma estable,Forma,Mix crujiente de brocoli,380.9,288.4,198.5,12.181,79
MC0325,False,3.0x412.8x258.5x211.6,Caja creada en MC,325,Bastones clasicos,Bastones clasicos - Reserva Privada,Estacional,Corte steak,Bastones rectos de brocoli,388.3,251.2,211.1,12.428,79
MC0326,True,3.0x369.8x292.7x200.2,Caja nueva,326,Bastones clasicos,Bastones clasicos - Legumes Frites,Estacional,Medio,Bastones rectos de brocoli,363.8,286.7,194.2,12.646,80
MC0327,False,3.0x400.0x300.0x244.29,Catálogo inicial,327,Bastones clasicos,Bastones clasicos - Sigilo,Forma estable,Forma,Brocoli zigzag,389.0,281.0,244.7,9.499,80
MC0328,False,3.0x400.4x278.8x230.1,Caja creada en MC,328,Bastones clasicos,Bastones clasicos - Reserva Privada,Forma estable,Forma,Gajos de brocoli,389.6,256.7,238.0,9.829,80
MC0329,False,3.0x400.0x240.0x196.42,Catálogo inicial,329,Guarniciones,Guarniciones - Cubos,Forma estable,Forma,Cubos de brocoli,374.4,258.4,179.9,12.416,80
MC0330,False,3.0x400.0x300.0x174.08,Catálogo inicial,330,Bastones clasicos,Bastones clasicos - Sigilo,Estacional,Fino,Bastones rectos de brocoli,387.2,295.5,167.8,6.7,80
MC0331,False,3.0x370.7x292.0x270.1,Caja creada en MC,331,Bastones clasicos,Bastones clasicos - Sigilo,Forma estable,Forma,Espirales de brocoli,372.6,282.2,260.8,12.518,80
MC0332,False,3.0x400.0x240.0x244.29,Catálogo inicial,332,Guarniciones,Guarniciones - Legumes Croquetas,Forma estable,Forma,Croquetas de brocoli,383.6,246.1,232.7,11.024,80
MC0333,False,3.0x400.0x300.0x257.14,Catálogo inicial,333,Bastones clasicos,Bastones clasicos - Sigilo,Estacional,Medio,Bastones rectos de brocoli,395.6,300.9,239.4,12.561,80
MC0334,True,2.7x375.7x311.29999999999995x289.29999999999995,Caja nueva,334,Bastones clasicos,Bastones clasicos - Sigilo,Estacional,Medio,Bastones rectos de brocoli,370.3,305.9,283.9,12.275,81
MC0335,False,3.0x400.0x266.63x256.0,Catálogo inicial,335,Bastones clasicos,Bastones clasicos - Sigilo,Estacional,Medio,Bastones rectos de brocoli,400.2,262.2,242.0,12.292,81
MC0336,True,2.7x400.09999999999997x299.79999999999995x319.2,Caja nueva,336,Bastones clasicos,Bastones clasicos - Sigilo,Forma estable,Forma,Brocoli en rejilla,394.7,294.4,313.8,12.456,82
MC0337,False,3.0x400.0x300.0x300.0,Catálogo inicial,337,Bastones clasicos,Bastones clasicos - Legumes Frites,Estacional,Fino,Bastones rectos de brocoli,385.1,305.9,285.4,12.483,82
MC0338,False,3.0x370.1x249.2x243.8,Caja creada en MC,338,Bastones clasicos,Bastones clasicos - Sigilo,Forma estable,Forma,Tiras para dip de brocoli,363.8,251.8,225.6,6.414,82
MC0339,False,3.0x400.0x300.0x200.0,Catálogo inicial,339,Bastones clasicos,Bastones clasicos - Sigilo,Estacional,Medio,Bastones rectos de brocoli,383.2,300.3,194.8,12.621,82
MC0340,False,3.0x400.0x300.0x190.04,Catálogo inicial,340,Bastones clasicos,Bastones clasicos - Legumes Frites,Estacional,Medio,Bastones rectos de brocoli,400.3,292.0,182.3,10.401,82
MC0341,True,2.7x369.2x292.4x371.7,Caja nueva,341,Bastones clasicos,Bastones clasicos - Sigilo,Forma estable,Forma,Espirales de brocoli,363.8,287.0,366.3,11.737,83
MC0342,False,3.0x389.6x249.3x214.0,Caja creada en MC,342,Bastones clasicos,Bastones clasicos - Legumes Frites,Estacional,Corte steak,Bastones rectos de brocoli,379.0,244.7,198.2,12.395,83
MC0343,False,3.0x400.0x300.0x163.44,Catálogo inicial,343,Bastones clasicos,Bastones clasicos - Sigilo,Forma estable,Forma,Brocoli zigzag,381.0,291.5,158.2,6.577,83
MC0344,False,3.0x400.4x278.8x230.1,Caja creada en MC,344,Bastones clasicos,Bastones clasicos - Grado B,Estacional,Medio,Bastones rectos de brocoli,402.5,260.0,222.9,13.111,83
MC0345,False,3.0x397.0x298.0x322.0,Catálogo inicial,345,Bastones clasicos,Bastones clasicos - Sigilo,Forma estable,Forma,Espirales de brocoli,387.0,294.5,310.5,13.007,83
MC0346,False,3.0x406.3x256.5x230.9,Caja creada en MC,346,Bastones clasicos,Bastones clasicos - Sigilo,Forma estable,Forma,Mix crujiente de brocoli,387.6,249.0,232.8,8.294,83
MC0347,False,3.0x410.5x276.4x184.8,Caja creada en MC,347,Bastones clasicos,Bastones clasicos - Reserva Privada,Forma estable,Forma,Gajos de brocoli,389.5,256.1,193.8,12.319,83
MC0348,True,2.7x412.2x309.09999999999997x273.79999999999995,Caja nueva,348,Bastones clasicos,Bastones clasicos - Sigilo,Forma estable,Forma,Espirales de brocoli,406.8,303.7,268.4,12.494,84
MC0349,False,3.0x406.3x256.5x230.9,Caja creada en MC,349,Bastones clasicos,Bastones clasicos - Legumes Frites,Estacional,Medio,Bastones rectos de brocoli,390.6,253.8,224.0,10.599,84
MC0350,False,3.0x395.9x255.9x174.1,Caja creada en MC,350,Bastones clasicos,Bastones clasicos - Sigilo,Forma estable,Forma,Corte rustico de brocoli,387.3,243.0,160.1,6.716,84
MC0351,False,3.0x400.0x267.7x199.61,Catálogo inicial,351,Bastones clasicos,Bastones clasicos - Legumes Frites,Estacional,Medio,Bastones rectos de brocoli,375.5,263.7,192.2,12.149,84
MC0352,False,3.0x400.0x300.0x212.38,Catálogo inicial,352,Bastones clasicos,Bastones clasicos - Reserva Privada,Forma estable,Forma,Gajos de brocoli,393.6,288.5,203.5,12.892,84
MC0353,False,2.7x405.29999999999995x251.4x212.4,Caja creada en MC,353,Bastones clasicos,Bastones clasicos - Cielo,Estacional,Medio,Bastones rectos de brocoli,377.2,272.2,198.0,11.54,84
MC0354,False,3.0x400.0x277.27x298.55,Catálogo inicial,354,Bastones clasicos,Bastones clasicos - Sigilo,Forma estable,Forma,Brocoli en rejilla,379.5,283.3,289.1,10.628,84
MC0355,False,3.0x400.0x240.0x244.29,Catálogo inicial,355,Bastones clasicos,Bastones clasicos - Sigilo,Forma estable,Forma,Mix crujiente de brocoli,382.7,249.2,229.4,8.612,84
MC0356,True,3.0x375.8x300.7x170.7,Caja nueva,356,Bastones clasicos,Bastones clasicos - Sigilo,Estacional,Grueso,Bastones rectos de brocoli,369.8,294.7,164.7,12.811,85
MC0357,False,3.0x400.0x300.0x271.95,Catálogo inicial,357,Bastones clasicos,Bastones clasicos - Legumes Frites,Estacional,Corte steak,Bastones rectos de brocoli,388.6,293.8,263.2,14.294,85
MC0358,False,3.0x399.0x261.0x276.0,Catálogo inicial,358,Bastones clasicos,Bastones clasicos - Sigilo,Forma estable,Forma,Tiras para dip de brocoli,404.4,257.2,257.0,13.02,85
MC0359,False,3.0x409.7x304.3x178.3,Caja creada en MC,359,Bastones clasicos,Bastones clasicos - Sigilo,Estacional,Medio,Bastones rectos de brocoli,388.4,290.0,180.3,12.752,85
MC0360,False,3.0x400.0x266.63x256.0,Catálogo inicial,360,Bastones clasicos,Bastones clasicos - Sigilo,Forma estable,Forma,Espirales de brocoli,374.3,255.5,258.5,6.412,85
MC0361,False,3.0x400.0x300.0x257.14,Catálogo inicial,361,Bastones clasicos,Bastones clasicos - Legumes Frites,Estacional,Corte steak,Bastones rectos de brocoli,384.6,280.2,267.2,13.322,85
MC0362,False,3.0x406.0x266.1x229.6,Caja creada en MC,362,Bastones clasicos,Bastones clasicos - Reserva Privada,Estacional,Medio,Bastones rectos de brocoli,401.7,253.0,227.8,12.93,85
MC0363,False,2.7x369.2x301.79999999999995x267.5,Caja creada en MC,363,Bastones clasicos,Bastones clasicos - Sigilo,Forma estable,Forma,Brocoli zigzag,372.7,294.2,252.9,9.769,85
MC0364,True,3.0x373.7x257.7x226.6,Caja nueva,364,Bastones clasicos,Bastones clasicos - Sigilo,Forma estable,Forma,Rodajas de brocoli,367.7,251.7,220.6,13.435,86
MC0365,False,3.0x400.0x300.0x163.44,Catálogo inicial,365,Bastones clasicos,Bastones clasicos - Sigilo,Forma estable,Forma,Tiras para dip de brocoli,405.4,279.3,159.4,6.676,86
MC0366,False,3.0x400.0x300.0x234.72,Catálogo inicial,366,Bastones clasicos,Bastones clasicos - Legumes Frites,Estacional,Medio,Bastones rectos de brocoli,391.1,284.6,230.1,13.24,86
MC0367,False,3.0x400.0x277.27x298.55,Catálogo inicial,367,Bastones clasicos,Bastones clasicos - Sigilo,Estacional,Medio,Bastones rectos de brocoli,390.8,286.5,276.9,13.685,86
MC0368,False,3.0x400.0x300.0x174.08,Catálogo inicial,368,Bastones clasicos,Bastones clasicos - Sigilo,Forma estable,Forma,Gajos de brocoli,406.8,283.6,158.8,10.141,86
MC0369,False,3.0x412.8x269.0x265.6,Caja creada en MC,369,Bastones clasicos,Bastones clasicos - Sigilo,Forma estable,Forma,Espirales de brocoli,398.5,253.1,271.3,6.831,86
MC0370,False,3.0x400.0x300.0x342.17,Catálogo inicial,370,Bastones clasicos,Bastones clasicos - Sigilo,Forma estable,Forma,Brocoli en rejilla,393.6,290.2,326.5,10.662,86
MC0371,False,3.0x400.0x300.0x257.14,Catálogo inicial,371,Bastones clasicos,Bastones clasicos - Sigilo,Forma estable,Forma,Espirales de brocoli,406.8,276.7,258.4,12.318,86
MC0372,False,3.0x400.0x277.27x180.0,Catálogo inicial,372,Bastones clasicos,Bastones clasicos - Sigilo,Forma estable,Forma,Gajos de brocoli,383.5,272.0,169.6,8.479,86
MC0373,False,3.0x375.8x300.7x170.7,Caja creada en MC,373,Guarniciones,Guarniciones - Cubos,Forma estable,Forma,Cubos de brocoli,378.7,285.0,164.9,12.039,86
MC0374,True,2.7x405.5x308.2x293.09999999999997,Caja nueva,374,Bastones clasicos,Bastones clasicos - Sigilo,Forma estable,Forma,Brocoli en rejilla,400.1,302.8,287.7,8.16,87
MC0375,False,3.0x400.0x266.63x256.0,Catálogo inicial,375,Bastones clasicos,Bastones clasicos - Sigilo,Forma estable,Forma,Tiras para dip de brocoli,398.2,267.9,235.9,12.426,87
MC0376,False,3.0x406.3x311.9x205.6,Caja creada en MC,376,Snacks y aperitivos,Snacks y aperitivos - Aros y Vegetales,Co-produccion,Forma,Aros de brocoli,388.8,302.9,191.6,5.008,87
MC0377,False,3.0x400.0x277.27x180.0,Catálogo inicial,377,Bastones clasicos,Bastones clasicos - Sigilo,Estacional,Medio,Bastones rectos de brocoli,372.1,273.4,178.6,12.709,87
MC0378,False,3.0x400.0x300.0x200.0,Catálogo inicial,378,Brocoli especial,Brocoli especial - Bastones Especiales,Estacional,Corte steak,Bastones rectos de brocoli,406.8,286.0,185.2,11.803,87
MC0379,False,3.0x400.0x277.27x200.0,Catálogo inicial,379,Bastones clasicos,Bastones clasicos - Reserva Privada,Estacional,Corte steak,Bastones rectos de brocoli,396.9,257.0,201.6,12.983,87
MC0380,False,3.0x400.0x300.0x174.08,Catálogo inicial,380,Bastones clasicos,Bastones clasicos - Sigilo,Forma estable,Forma,Gajos de brocoli,379.5,289.5,171.1,9.648,87
MC0381,False,3.0x400.0x267.7x199.61,Catálogo inicial,381,Bastones clasicos,Bastones clasicos - Sigilo,Forma estable,Forma,Gajos de brocoli,393.5,252.0,191.9,12.7,87
MC0382,False,3.0x400.0x300.0x288.97,Catálogo inicial,382,Bastones clasicos,Bastones clasicos - Sigilo,Estacional,Fino,Bastones rectos de brocoli,384.7,278.1,297.7,12.733,87
MC0383,False,3.0x409.7x304.3x178.3,Caja creada en MC,383,Bastones clasicos,Bastones clasicos - Legumes Frites,Estacional,Medio,Bastones rectos de brocoli,392.0,296.6,175.0,13.014,87
MC0384,False,3.0x400.0x300.0x257.14,Catálogo inicial,384,Bastones clasicos,Bastones clasicos - Sigilo,Forma estable,Forma,Brocoli zigzag,392.5,289.6,246.2,9.719,87
MC0385,False,3.0x375.1x267.5x241.0,Caja creada en MC,385,Bastones clasicos,Bastones clasicos - Reserva Privada,Forma estable,Forma,Gajos de brocoli,365.3,258.2,224.5,11.704,87
MC0386,False,3.0x400.0x300.0x163.44,Catálogo inicial,386,Bastones clasicos,Bastones clasicos - Mayordomo,Estacional,Grueso,Bastones rectos de brocoli,390.1,279.1,166.8,12.521,87
MC0387,False,2.7x412.2x308.9x261.9,Caja creada en MC,387,Bastones clasicos,Bastones clasicos - Sigilo,Estacional,Medio,Bastones rectos de brocoli,406.8,292.9,245.0,12.575,87
MC0388,False,3.0x412.8x269.0x265.6,Caja creada en MC,388,Bastones clasicos,Bastones clasicos - Legumes Frites,Estacional,Corte steak,Bastones rectos de brocoli,391.4,262.8,269.8,13.323,87
MC0389,False,3.0x400.0x271.95x163.63,Catálogo inicial,389,Guarniciones,Guarniciones - Cubos,Forma estable,Forma,Cubos de brocoli,381.6,280.7,152.6,12.555,87
MC0390,False,3.0x400.0x300.0x174.08,Catálogo inicial,390,Bastones clasicos,Bastones clasicos - Sigilo,Estacional,Medio,Bastones rectos de brocoli,378.2,281.5,178.7,12.365,87
MC0391,False,3.0x400.0x300.0x234.72,Catálogo inicial,391,Bastones clasicos,Bastones clasicos - Sigilo,Forma estable,Forma,Espirales de brocoli,381.2,277.3,249.7,11.996,87
MC0392,False,3.0x400.0x300.0x200.0,Catálogo inicial,392,Bastones clasicos,Bastones clasicos - Sigilo,Forma estable,Forma,Corte rustico de brocoli,383.1,287.4,203.2,12.752,87
MC0393,False,2.7x412.2x268.2x319.59999999999997,Caja creada en MC,393,Bastones clasicos,Bastones clasicos - Reserva Privada,Estacional,Fino,Bastones rectos de brocoli,390.5,263.6,325.0,12.289,87
MC0394,False,3.0x412.8x269.0x265.6,Caja creada en MC,394,Bastones clasicos,Bastones clasicos - Sigilo,Estacional,Medio,Bastones rectos de brocoli,389.4,262.0,272.1,12.348,87
MC0395,False,3.0x394.0x294.0x195.0,Catálogo inicial,395,Bastones clasicos,Bastones clasicos - Sigilo,Estacional,Medio,Bastones rectos de brocoli,365.9,287.8,194.6,12.327,87
MC0396,False,2.7x405.29999999999995x251.4x212.4,Caja creada en MC,396,Bastones clasicos,Bastones clasicos - Legumes Frites,Estacional,Medio,Bastones rectos de brocoli,403.2,247.9,202.0,12.963,87
MC0397,False,3.0x399.0x261.0x276.0,Catálogo inicial,397,Bastones clasicos,Bastones clasicos - Sigilo,Forma estable,Forma,Espirales de brocoli,388.5,258.7,267.3,6.492,87
MC0398,False,2.7x398.4x280.79999999999995x210.3,Caja creada en MC,398,Bastones clasicos,Bastones clasicos - Sigilo,Estacional,Medio,Bastones rectos de brocoli,399.5,284.6,195.0,12.53,87
MC0399,False,3.0x400.0x240.0x244.29,Catálogo inicial,399,Guarniciones,Guarniciones - Legumes Croquetas,Forma estable,Forma,Croquetas de brocoli,381.6,245.2,226.2,10.855,87
MC0400,False,2.7x409.79999999999995x269.2x239.70000000000002,Caja creada en MC,400,Bastones clasicos,Bastones clasicos - Reserva Privada,Estacional,Medio,Bastones rectos de brocoli,406.8,252.8,236.2,12.674,87
MC0401,False,3.0x399.0x261.0x276.0,Catálogo inicial,401,Bastones clasicos,Bastones clasicos - Sigilo,Forma estable,Forma,Brocoli en rejilla,397.3,250.3,268.0,6.763,87
MC0402,False,2.7x412.2x268.2x319.59999999999997,Caja creada en MC,402,Bastones clasicos,Bastones clasicos - Reserva Privada,Estacional,Medio,Bastones rectos de brocoli,389.9,282.1,304.4,12.743,87
MC0403,False,3.0x375.1x267.5x241.0,Caja creada en MC,403,Bastones clasicos,Bastones clasicos - Sigilo,Estacional,Medio,Bastones rectos de brocoli,365.6,246.1,239.3,12.758,87
MC0404,False,3.0x410.5x276.4x184.8,Caja creada en MC,404,Bastones clasicos,Bastones clasicos - Reserva Privada,Estacional,Grueso,Bastones rectos de brocoli,397.7,274.7,170.6,12.727,87
MC0405,False,3.0x400.0x277.27x180.0,Catálogo inicial,405,Bastones clasicos,Bastones clasicos - Reserva Privada,Estacional,Grueso,Bastones rectos de brocoli,392.7,275.2,168.7,11.982,87
MC0406,False,3.0x369.8x292.7x200.2,Caja creada en MC,406,Bastones clasicos,Bastones clasicos - Cielo,Estacional,Medio,Bastones rectos de brocoli,367.4,281.0,190.4,12.171,87
MC0407,False,3.0x400.0x240.0x244.29,Catálogo inicial,407,Bastones clasicos,Bastones clasicos - Legumes Frites,Estacional,Corte steak,Bastones rectos de brocoli,379.7,251.9,228.5,9.69,87
MC0408,False,3.0x400.0x267.7x199.61,Catálogo inicial,408,Bastones clasicos,Bastones clasicos - Reserva Privada,Forma estable,Forma,Gajos de brocoli,397.3,250.3,199.2,10.76,87
MC0409,False,3.0x400.0x300.0x288.97,Catálogo inicial,409,Bastones clasicos,Bastones clasicos - Sigilo,Forma estable,Forma,Brocoli en rejilla,392.4,291.4,285.9,12.101,87
MC0410,False,3.0x400.0x300.0x271.95,Catálogo inicial,410,Bastones clasicos,Bastones clasicos - Sigilo,Forma estable,Forma,Espirales de brocoli,397.1,293.5,257.5,9.202,87
MC0411,False,2.7x405.29999999999995x251.4x212.4,Caja creada en MC,411,Bastones clasicos,Bastones clasicos - Reserva Privada,Estacional,Corte steak,Bastones rectos de brocoli,396.4,247.6,207.4,11.995,87
MC0412,False,3.0x406.3x311.9x205.6,Caja creada en MC,412,Bastones clasicos,Bastones clasicos - Sigilo,Estacional,Medio,Bastones rectos de brocoli,406.8,293.5,189.5,12.404,87
MC0413,False,2.7x409.79999999999995x269.2x239.70000000000002,Caja creada en MC,413,Bastones clasicos,Bastones clasicos - Legumes Frites,Estacional,Medio,Bastones rectos de brocoli,394.0,253.7,234.3,12.474,87
MC0414,True,2.7x369.2x294.2x185.70000000000002,Caja nueva,414,Bastones clasicos,Bastones clasicos - Legumes Frites,Estacional,Medio,Bastones rectos de brocoli,363.8,288.8,180.3,10.738,88
MC0415,False,2.7x375.7x311.29999999999995x289.29999999999995,Caja creada en MC,415,Bastones clasicos,Bastones clasicos - Sigilo,Forma estable,Forma,Brocoli en rejilla,382.3,302.1,277.3,12.53,88
MC0416,False,3.0x400.0x277.27x315.57,Catálogo inicial,416,Bastones clasicos,Bastones clasicos - Sigilo,Forma estable,Forma,Brocoli en rejilla,384.1,280.3,306.4,10.857,88
MC0417,False,3.0x370.1x249.2x243.8,Caja creada en MC,417,Bastones clasicos,Bastones clasicos - Reserva Privada,Forma estable,Forma,Gajos de brocoli,363.8,251.4,228.0,12.909,88
MC0418,False,3.0x400.0x300.0x257.14,Catálogo inicial,418,Bastones clasicos,Bastones clasicos - Legumes Frites,Estacional,Fino,Bastones rectos de brocoli,381.1,285.6,264.8,12.937,88
MC0419,False,3.0x409.7x304.3x178.3,Caja creada en MC,419,Bastones clasicos,Bastones clasicos - Sigilo,Estacional,Forma,Bastones rectos de brocoli,406.8,295.8,171.3,5.615,88
MC0420,False,3.0x400.0x267.7x199.61,Catálogo inicial,420,Bastones clasicos,Bastones clasicos - Sigilo,Forma estable,Forma,Gajos de brocoli,380.2,251.2,192.5,12.576,88
MC0421,False,3.0x400.0x300.0x174.08,Catálogo inicial,421,Bastones clasicos,Bastones clasicos - Sigilo,Estacional,Grueso,Bastones rectos de brocoli,399.0,282.2,168.2,9.34,88
MC0422,False,3.0x400.0x300.0x234.72,Catálogo inicial,422,Bastones clasicos,Bastones clasicos - Sigilo,Estacional,Fino,Bastones rectos de brocoli,384.1,291.5,233.1,12.466,88
MC0423,False,3.0x400.0x240.0x254.93,Catálogo inicial,423,Snacks y aperitivos,Snacks y aperitivos - Base Brocoli,Forma estable,Forma,Bocaditos inflados de brocoli,370.4,237.1,256.8,10.592,88
MC0424,False,3.0x395.9x255.9x174.1,Caja creada en MC,424,Snacks y aperitivos,Snacks y aperitivos - Queso,Co-produccion,Forma,Bocados de brocoli con mozzarella,406.8,241.8,160.8,4.984,88
MC0425,False,3.0x373.8x259.9x219.5,Caja creada en MC,425,Bastones clasicos,Bastones clasicos - Sigilo,Estacional,Medio,Bastones rectos de brocoli,376.8,242.1,217.9,9.532,88
MC0426,False,3.0x400.0x300.0x225.0,Catálogo inicial,426,Bastones clasicos,Bastones clasicos - Reserva Privada,Estacional,Fino,Bastones rectos de brocoli,400.5,286.7,213.6,12.643,88
MC0427,True,3.0x369.8x258.3x256.1,Caja nueva,427,Bastones clasicos,Bastones clasicos - Sigilo,Estacional,Fino,Bastones rectos de brocoli,363.8,252.3,250.1,11.997,89
MC0428,False,2.7x405.5x308.2x293.09999999999997,Caja creada en MC,428,Bastones clasicos,Bastones clasicos - Sigilo,Forma estable,Forma,Brocoli en rejilla,406.8,293.2,288.3,9.754,89
MC0429,False,3.0x400.0x240.0x159.19,Catálogo inicial,429,Guarniciones,Guarniciones - Legumes Croquetas,Forma estable,Forma,Rosti de brocoli,386.9,245.2,145.9,6.103,89
MC0430,False,3.0x400.0x266.63x256.0,Catálogo inicial,430,Bastones clasicos,Bastones clasicos - Sigilo,Estacional,Medio,Bastones rectos de brocoli,390.8,253.0,253.6,12.84,89
MC0431,False,2.7x398.4x280.79999999999995x210.3,Caja creada en MC,431,Snacks y aperitivos,Snacks y aperitivos - Aros y Vegetales,Co-produccion,Forma,Aros de brocoli,401.8,279.5,193.2,4.885,89
MC0432,False,2.7x369.2x301.79999999999995x267.5,Caja creada en MC,432,Bastones clasicos,Bastones clasicos - Sigilo,Estacional,Medio,Bastones rectos de brocoli,369.7,281.8,247.5,12.507,89
MC0433,False,2.7x409.79999999999995x269.2x239.70000000000002,Caja creada en MC,433,Bastones clasicos,Bastones clasicos - Legumes Frites,Estacional,Corte steak,Bastones rectos de brocoli,393.5,255.0,232.8,12.569,89
MC0434,False,3.0x400.0x300.0x200.0,Catálogo inicial,434,Bastones clasicos,Bastones clasicos - Cielo,Estacional,Medio,Bastones rectos de brocoli,382.2,293.1,198.3,13.08,89
MC0435,False,3.0x373.8x259.9x219.5,Caja creada en MC,435,Bastones clasicos,Bastones clasicos - Reserva Privada,Forma estable,Forma,Gajos de brocoli,377.7,246.6,209.3,11.945,89
MC0436,False,3.0x400.0x266.63x256.0,Catálogo inicial,436,Bastones clasicos,Bastones clasicos - Sigilo,Forma estable,Forma,Dippers de brocoli,377.4,255.8,253.0,12.158,89
MC0437,False,3.0x399.2x258.0x209.2,Caja creada en MC,437,Bastones clasicos,Bastones clasicos - Sigilo,Forma estable,Forma,Gajos de brocoli,386.2,243.4,195.4,13.552,89
MC0438,False,3.0x400.0x300.0x234.72,Catálogo inicial,438,Bastones clasicos,Bastones clasicos - Mayordomo,Estacional,Corte steak,Bastones rectos de brocoli,403.2,284.9,221.4,12.398,89
MC0439,False,3.0x400.0x300.0x200.0,Catálogo inicial,439,Snacks y aperitivos,Snacks y aperitivos - Aros y Vegetales,Co-produccion,Forma,Aros de brocoli,391.0,294.1,189.5,4.716,89
MC0440,False,2.7x412.2x309.09999999999997x273.79999999999995,Caja creada en MC,440,Bastones clasicos,Bastones clasicos - Sigilo,Forma estable,Forma,Brocoli en rejilla,387.4,296.1,286.3,8.597,89
MC0441,False,3.0x400.0x277.27x200.0,Catálogo inicial,441,Bastones clasicos,Bastones clasicos - Reserva Privada,Estacional,Corte steak,Bastones rectos de brocoli,392.9,258.8,202.2,11.462,89
MC0442,False,3.0x400.0x240.0x248.55,Catálogo inicial,442,Bastones clasicos,Bastones clasicos - Legumes Frites,Estacional,Medio,Bastones rectos de brocoli,385.9,251.7,229.4,12.59,89
MC0443,False,3.0x400.0x277.27x200.0,Catálogo inicial,443,Bastones extra crocantes,Bastones extra crocantes - Muy Crocantes,Estacional,Medio,Bastones rectos de brocoli,381.1,267.2,203.6,12.804,89
MC0444,False,3.0x394.0x294.0x195.0,Catálogo inicial,444,Bastones clasicos,Bastones clasicos - Sigilo,Forma estable,Forma,Brocoli en rejilla,406.8,278.0,184.9,4.377,89
MC0445,True,2.7x369.2x289.5x230.70000000000002,Caja nueva,445,Guarniciones,Guarniciones - Tortitas,Forma estable,Forma,Tortitas de brocoli,363.8,284.1,225.3,10.845,90
MC0446,True,2.7x412.2x247.8x241.8,Caja nueva,446,Guarniciones,Guarniciones - Legumes Croquetas,Forma estable,Forma,Croquetas de brocoli,406.8,242.4,236.4,12.846,91
MC0447,True,2.7x404.09999999999997x245.20000000000002x336.4,Caja nueva,447,Bastones clasicos,Bastones clasicos - Sigilo,Estacional,Fino,Bastones rectos de brocoli,398.7,239.8,331.0,11.844,92
MC0448,False,3.0x400.0x277.27x180.0,Catálogo inicial,448,Bastones clasicos,Bastones clasicos - Reserva Privada,Forma estable,Forma,Espirales de brocoli,383.0,255.5,174.9,4.365,92
MC0449,True,2.7x412.2x302.4x363.9,Caja nueva,449,Bastones clasicos,Bastones clasicos - Sigilo,Forma estable,Forma,Espirales de brocoli,406.8,297.0,358.5,11.918,93
MC0450,False,3.0x400.0x300.0x200.0,Catálogo inicial,450,Guarniciones,Guarniciones - Otros,Estacional,Medio,Bastones rectos de brocoli,397.5,294.1,184.1,12.218,93
MC0451,False,3.0x406.3x256.5x230.9,Caja creada en MC,451,Bastones clasicos,Bastones clasicos - Grado B,Estacional,Medio,Bastones rectos de brocoli,404.4,256.0,217.3,12.39,93
MC0452,False,3.0x400.0x300.0x174.08,Catálogo inicial,452,Bastones clasicos,Bastones clasicos - Reserva Privada,Estacional,Grueso,Bastones rectos de brocoli,388.3,298.6,162.9,12.026,93
MC0453,False,3.0x400.0x300.0x288.97,Catálogo inicial,453,Bastones clasicos,Bastones clasicos - Sigilo,Forma estable,Forma,Brocoli en rejilla,385.5,288.1,291.0,9.813,93
MC0454,False,2.7x404.09999999999997x245.20000000000002x336.4,Caja creada en MC,454,Bastones clasicos,Bastones clasicos - Reserva Privada,Estacional,Fino,Bastones rectos de brocoli,382.6,254.1,316.2,12.444,93
MC0455,False,3.0x412.8x269.0x265.6,Caja creada en MC,455,Guarniciones,Guarniciones - Tortitas,Forma estable,Forma,Tortitas de brocoli,397.6,263.1,263.6,12.706,93
MC0456,False,3.0x400.0x240.0x265.57,Catálogo inicial,456,Guarniciones,Guarniciones - Legumes Croquetas,Forma estable,Forma,Croquetas de brocoli,396.0,244.6,244.7,9.809,93
MC0457,False,3.0x400.0x300.0x200.0,Catálogo inicial,457,Bastones clasicos,Bastones clasicos - Legumes Frites,Estacional,Medio,Bastones rectos de brocoli,388.1,305.9,182.8,12.578,93
MC0458,False,3.0x400.0x277.27x256.0,Catálogo inicial,458,Bastones clasicos,Bastones clasicos - Sigilo,Forma estable,Forma,Brocoli en rejilla,382.3,257.9,264.9,6.218,93
MC0459,False,3.0x400.0x269.82x150.0,Catálogo inicial,459,Guarniciones,Guarniciones - Legumes Croquetas,Forma estable,Forma,Rosti de brocoli,389.4,254.9,141.0,5.074,93
MC0460,False,3.0x400.0x300.0x271.95,Catálogo inicial,460,Bastones clasicos,Bastones clasicos - Reserva Privada,Estacional,Medio,Bastones rectos de brocoli,396.7,290.5,258.8,12.376,93
MC0461,False,2.7x409.79999999999995x269.2x239.70000000000002,Caja creada en MC,461,Bastones clasicos,Bastones clasicos - Legumes Frites,Forma estable,Forma,Brocoli zigzag,387.5,266.2,234.9,9.701,93
MC0462,False,3.0x394.0x294.0x195.0,Catálogo inicial,462,Bastones clasicos,Bastones clasicos - Sigilo,Estacional,Medio,Bastones rectos de brocoli,393.6,291.8,181.7,12.893,93
MC0463,False,3.0x395.9x255.9x174.1,Caja creada en MC,463,Snacks y aperitivos,Snacks y aperitivos - Queso,Co-produccion,Forma,Bocados de brocoli con mozzarella,389.8,242.7,160.4,4.892,93
MC0464,False,3.0x400.0x300.0x174.08,Catálogo inicial,464,Bastones clasicos,Bastones clasicos - Sigilo,Forma estable,Forma,Gajos de brocoli,377.2,300.1,165.6,10.145,93
MC0465,False,3.0x370.7x292.0x270.1,Caja creada en MC,465,Bastones clasicos,Bastones clasicos - Sigilo,Forma estable,Forma,Espirales de brocoli,375.9,283.1,254.4,13.042,93
MC0466,False,3.0x400.0x240.0x244.29,Catálogo inicial,466,Bastones clasicos,Bastones clasicos - Legumes Frites,Estacional,Medio,Bastones rectos de brocoli,373.7,255.8,225.7,11.248,93
MC0467,False,2.7x404.09999999999997x245.20000000000002x336.4,Caja creada en MC,467,Bastones clasicos,Bastones clasicos - Reserva Privada,Estacional,Fino,Bastones rectos de brocoli,387.7,245.2,318.8,12.132,93
MC0468,False,3.0x400.0x300.0x271.95,Catálogo inicial,468,Bastones clasicos,Bastones clasicos - Sigilo,Forma estable,Forma,Espirales de brocoli,394.0,300.7,254.7,11.68,93
MC0469,False,3.0x400.0x267.7x199.61,Catálogo inicial,469,Bastones clasicos,Bastones clasicos - Reserva Privada,Forma estable,Forma,Gajos de brocoli,387.8,250.0,190.6,11.356,93
MC0470,False,3.0x374.7x299.5x214.6,Caja creada en MC,470,Snacks y aperitivos,Snacks y aperitivos - Aros y Vegetales,Co-produccion,Forma,Aros de brocoli,363.8,296.9,203.5,5.017,93
MC0471,False,3.0x369.8x258.3x256.1,Caja creada en MC,471,Bastones clasicos,Bastones clasicos - Sigilo,Estacional,Fino,Bastones rectos de brocoli,368.7,245.9,250.4,12.221,93
MC0472,False,2.7x409.79999999999995x269.2x239.70000000000002,Caja creada en MC,472,Bastones clasicos,Bastones clasicos - Sigilo,Estacional,Corte steak,Bastones rectos de brocoli,406.2,269.7,222.2,12.94,93
MC0473,False,3.0x394.0x294.0x195.0,Catálogo inicial,473,Bastones clasicos,Bastones clasicos - Legumes Frites,Estacional,Medio,Bastones rectos de brocoli,373.4,299.8,188.0,12.177,93
MC0474,False,3.0x400.0x300.0x174.08,Catálogo inicial,474,Bastones clasicos,Bastones clasicos - Legumes Frites,Estacional,Medio,Bastones rectos de brocoli,390.2,286.4,171.9,12.341,93
MC0475,False,3.0x370.1x249.2x243.8,Caja creada en MC,475,Bastones clasicos,Bastones clasicos - Sigilo,Forma estable,Forma,Brocoli en rejilla,367.0,248.5,228.9,6.856,93
MC0476,False,3.0x404.2x258.6x276.3,Caja creada en MC,476,Bastones clasicos,Bastones clasicos - Sigilo,Forma estable,Forma,Espirales de brocoli,406.8,252.1,264.6,6.283,93
MC0477,False,3.0x400.0x300.0x200.0,Catálogo inicial,477,Bastones clasicos,Bastones clasicos - Legumes Frites,Estacional,Medio,Bastones rectos de brocoli,384.3,295.5,190.4,10.964,93
MC0478,False,2.7x409.79999999999995x269.2x239.70000000000002,Caja creada en MC,478,Guarniciones,Guarniciones - Tortitas,Forma estable,Forma,Tortitas de brocoli,384.3,280.2,224.1,11.359,93
MC0479,False,3.0x400.0x269.82x150.0,Catálogo inicial,479,Guarniciones,Guarniciones - Legumes Croquetas,Forma estable,Forma,Rosti de brocoli,406.5,248.8,137.1,5.032,93
MC0480,True,2.7x412.2x310.09999999999997x357.0,Caja nueva,480,Bastones clasicos,Bastones clasicos - Sigilo,Forma estable,Forma,Espirales de brocoli,406.8,304.7,351.6,12.449,94
MC0481,False,3.0x400.0x300.0x257.14,Catálogo inicial,481,Bastones clasicos,Bastones clasicos - Sigilo,Estacional,Medio,Bastones rectos de brocoli,391.4,291.2,254.5,12.925,94
MC0482,False,3.0x375.1x267.5x241.0,Caja creada en MC,482,Bastones extra crocantes,Bastones extra crocantes - Atelier Frites,Estacional,Grueso,Bastones rectos de brocoli,384.0,254.7,231.1,12.503,94
MC0483,False,3.0x400.0x267.7x199.61,Catálogo inicial,483,Bastones clasicos,Bastones clasicos - Sigilo,Estacional,Medio,Bastones rectos de brocoli,376.3,268.6,190.8,11.624,94
MC0484,False,3.0x400.0x300.0x271.95,Catálogo inicial,484,Bastones clasicos,Bastones clasicos - Sigilo,Estacional,Grueso,Bastones rectos de brocoli,393.9,294.1,261.0,12.085,94
MC0485,False,2.7x398.4x280.79999999999995x210.3,Caja creada en MC,485,Bastones clasicos,Bastones clasicos - Reserva Privada,Estacional,Corte steak,Bastones rectos de brocoli,381.8,262.4,209.5,12.786,94
MC0486,False,3.0x400.0x300.0x234.72,Catálogo inicial,486,Bastones clasicos,Bastones clasicos - Sigilo,Forma estable,Forma,Brocoli en rejilla,381.4,292.2,231.6,6.198,94
MC0487,True,2.7x412.2x271.59999999999997x150.20000000000002,Caja nueva,487,Bastones clasicos,Bastones clasicos - Sigilo,Forma estable,Forma,Dippers de brocoli,406.8,266.2,144.8,4.456,95
MC0488,False,2.7x409.79999999999995x269.2x239.70000000000002,Caja creada en MC,488,Bastones clasicos,Bastones clasicos - Sigilo,Estacional,Fino,Bastones rectos de brocoli,384.7,278.7,232.9,12.627,95
MC0489,False,3.0x400.0x291.1x360.0,Catálogo inicial,489,Bastones clasicos,Bastones clasicos - Reserva Privada,Estacional,Fino,Bastones rectos de brocoli,405.1,269.9,338.1,13.051,95
MC0490,False,3.0x373.8x259.9x219.5,Caja creada en MC,490,Bastones clasicos,Bastones clasicos - Reserva Privada,Forma estable,Forma,Gajos de brocoli,394.1,247.8,201.4,10.81,95
MC0491,False,3.0x394.0x294.0x195.0,Catálogo inicial,491,Bastones clasicos,Bastones clasicos - Reserva Privada,Estacional,Grueso,Bastones rectos de brocoli,406.7,284.0,182.4,12.259,95
MC0492,False,3.0x400.0x277.27x180.0,Catálogo inicial,492,Bastones clasicos,Bastones clasicos - Legumes Frites,Estacional,Medio,Bastones rectos de brocoli,384.1,288.5,167.4,12.48,95
MC0493,False,3.0x400.0x291.1x360.0,Catálogo inicial,493,Bastones clasicos,Bastones clasicos - Reserva Privada,Estacional,Fino,Bastones rectos de brocoli,389.9,268.8,369.1,12.632,95
MC0494,False,3.0x400.0x269.82x300.0,Catálogo inicial,494,Bastones clasicos,Bastones clasicos - Sigilo,Forma estable,Forma,Brocoli zigzag,377.6,273.9,276.7,12.94,95
MC0495,False,3.0x400.0x269.82x300.0,Catálogo inicial,495,Bastones clasicos,Bastones clasicos - Sigilo,Forma estable,Forma,Brocoli en rejilla,376.1,274.7,278.8,9.025,95
MC0496,False,3.0x400.0x240.0x244.29,Catálogo inicial,496,Bastones clasicos,Bastones clasicos - Sigilo,Forma estable,Forma,Rodajas de brocoli,385.2,241.6,227.0,9.516,95
MC0497,False,3.0x400.0x300.0x174.08,Catálogo inicial,497,Guarniciones,Guarniciones - Cubos,Forma estable,Forma,Cubos de brocoli,399.5,292.2,159.2,12.545,95
MC0498,False,3.0x370.7x292.0x270.1,Caja creada en MC,498,Bastones clasicos,Bastones clasicos - Sigilo,Estacional,Fino,Bastones rectos de brocoli,393.5,270.8,253.6,12.667,95
MC0499,False,3.0x400.0x277.27x180.0,Catálogo inicial,499,Snacks y aperitivos,Snacks y aperitivos - Queso,Co-produccion,Forma,Bocados de brocoli con queso crema,377.8,265.4,172.1,4.94,95
MC0500,False,3.0x369.8x258.3x256.1,Caja creada en MC,500,Bastones clasicos,Bastones clasicos - Legumes Frites,Estacional,Medio,Bastones rectos de brocoli,364.5,237.7,255.9,13.327,95
MC0501,True,3.0x375.5x304.2x171.8,Caja nueva,501,Bastones clasicos,Bastones clasicos - Sigilo,Forma estable,Forma,Gajos de brocoli,369.5,298.2,165.8,12.556,96
MC0502,True,2.7x370.9x299.4x316.79999999999995,Caja nueva,502,Bastones clasicos,Bastones clasicos - Sigilo,Forma estable,Forma,Brocoli en rejilla,365.5,294.0,311.4,12.796,97
MC0503,False,3.0x410.5x276.4x184.8,Caja creada en MC,503,Bastones clasicos,Bastones clasicos - Reserva Privada,Estacional,Grueso,Bastones rectos de brocoli,387.3,272.7,177.4,12.573,97
MC0504,False,3.0x400.0x300.0x257.14,Catálogo inicial,504,Bastones clasicos,Bastones clasicos - Sigilo,Forma estable,Forma,Espirales de brocoli,399.0,283.4,252.3,12.641,97
MC0505,False,3.0x373.8x259.9x219.5,Caja creada en MC,505,Bastones clasicos,Bastones clasicos - Sigilo,Estacional,Grueso,Bastones rectos de brocoli,382.8,256.2,201.8,12.263,97
MC0506,True,2.7x371.7x264.59999999999997x151.70000000000002,Caja nueva,506,Bastones clasicos,Bastones clasicos - Sigilo,Forma estable,Forma,Dippers de brocoli,366.3,259.2,146.3,4.415,98
MC0507,False,3.0x410.5x276.4x184.8,Caja creada en MC,507,Bastones clasicos,Bastones clasicos - Legumes Frites,Estacional,Medio,Bastones rectos de brocoli,383.8,274.8,180.4,12.959,98
MC0508,False,2.7x412.2x308.9x261.9,Caja creada en MC,508,Guarniciones,Guarniciones - Tortitas,Forma estable,Forma,Tortitas de brocoli,393.1,301.4,246.9,8.917,98
MC0509,False,3.0x400.0x277.27x180.0,Catálogo inicial,509,Bastones clasicos,Bastones clasicos - Legumes Frites,Estacional,Medio,Bastones rectos de brocoli,403.9,263.9,170.4,12.116,98
MC0510,False,3.0x400.0x300.0x179.4,Catálogo inicial,510,Bastones clasicos,Bastones clasicos - Reserva Privada,Estacional,Corte steak,Bastones rectos de brocoli,377.7,294.0,176.3,12.568,98
MC0511,False,3.0x400.0x277.27x200.0,Catálogo inicial,511,Bastones clasicos,Bastones clasicos - Sigilo,Estacional,Medio,Bastones rectos de brocoli,379.5,295.8,183.8,11.61,98
MC0512,False,3.0x412.8x269.0x265.6,Caja creada en MC,512,Bastones clasicos,Bastones clasicos - Sigilo,Forma estable,Forma,Brocoli en rejilla,406.8,255.1,262.0,6.388,98
MC0513,False,2.7x412.2x268.2x319.59999999999997,Caja creada en MC,513,Bastones clasicos,Bastones clasicos - Sigilo,Estacional,Fino,Bastones rectos de brocoli,398.3,251.2,327.5,12.86,98
MC0514,False,3.0x400.0x274.08x225.0,Catálogo inicial,514,Bastones clasicos,Bastones clasicos - Sigilo,Estacional,Medio,Bastones rectos de brocoli,389.5,254.6,230.3,10.959,98
MC0515,True,2.7x381.7x192.70000000000002x157.5,Caja nueva,515,Guarniciones,Guarniciones - Legumes Croquetas,Forma estable,Forma,Rosti de brocoli,376.3,187.3,152.1,5.018,99
MC0516,False,3.0x400.0x300.0x271.95,Catálogo inicial,516,Bastones clasicos,Bastones clasicos - Sigilo,Estacional,Grueso,Bastones rectos de brocoli,398.9,305.9,250.2,11.824,99
MC0517,False,3.0x409.7x304.3x178.3,Caja creada en MC,517,Bastones clasicos,Bastones clasicos - Mayordomo,Estacional,Grueso,Bastones rectos de brocoli,395.0,293.5,175.1,12.353,99
MC0518,False,3.0x400.0x300.0x179.4,Catálogo inicial,518,Bastones clasicos,Bastones clasicos - Legumes Frites,Estacional,Corte steak,Bastones rectos de brocoli,378.6,297.3,173.0,12.627,99
MC0519,True,2.7x400.5x266.0x352.2,Caja nueva,519,Bastones clasicos,Bastones clasicos - Reserva Privada,Estacional,Fino,Bastones rectos de brocoli,395.1,260.6,346.8,12.674,100
MC0520,True,2.7x375.5x293.7x229.6,Caja nueva,520,Bastones clasicos,Bastones clasicos - Sigilo,Forma estable,Forma,Brocoli zigzag,370.1,288.3,224.2,12.861,101
MC0521,False,3.0x406.3x256.5x230.9,Caja creada en MC,521,Bastones clasicos,Bastones clasicos - Legumes Frites,Estacional,Fino,Bastones rectos de brocoli,383.7,252.7,221.3,9.688,101
MC0522,False,3.0x400.0x300.0x271.95,Catálogo inicial,522,Bastones clasicos,Bastones clasicos - Sigilo,Forma estable,Forma,Espirales de brocoli,397.1,293.9,254.4,6.468,101
MC0523,False,3.0x400.0x266.63x256.0,Catálogo inicial,523,Bastones clasicos,Bastones clasicos - Sigilo,Estacional,Medio,Bastones rectos de brocoli,378.9,275.6,237.2,12.0,101
MC0524,False,2.7x370.4x280.09999999999997x286.59999999999997,Caja creada en MC,524,Bastones clasicos,Bastones clasicos - Reserva Privada,Estacional,Medio,Bastones rectos de brocoli,378.7,272.9,268.6,12.423,101
MC0525,False,3.0x400.0x240.0x244.29,Catálogo inicial,525,Guarniciones,Guarniciones - Legumes Croquetas,Forma estable,Forma,Croquetas de brocoli,387.6,242.9,228.6,10.584,101
MC0526,False,3.0x406.3x256.5x230.9,Caja creada en MC,526,Bastones clasicos,Bastones clasicos - Grado B,Estacional,Medio,Bastones rectos de brocoli,380.4,256.8,215.4,11.807,101
MC0527,False,3.0x400.0x274.08x225.0,Catálogo inicial,527,Bastones clasicos,Bastones clasicos - Legumes Frites,Estacional,Corte steak,Bastones rectos de brocoli,376.0,262.9,233.4,9.433,101
MC0528,False,3.0x400.0x240.0x233.65,Catálogo inicial,528,Bastones clasicos,Bastones clasicos - Grado B,Estacional,Medio,Bastones rectos de brocoli,380.0,254.7,216.3,13.066,101
MC0529,False,3.0x406.3x256.5x230.9,Caja creada en MC,529,Bastones clasicos,Bastones clasicos - Grado B,Estacional,Medio,Bastones rectos de brocoli,386.7,255.5,220.0,12.399,101
MC0530,False,3.0x400.0x269.82x344.29,Catálogo inicial,530,Bastones clasicos,Bastones clasicos - Reserva Privada,Estacional,Fino,Bastones rectos de brocoli,381.4,272.5,335.8,12.582,101
MC0531,False,3.0x400.0x274.08x225.0,Catálogo inicial,531,Bastones clasicos,Bastones clasicos - Legumes Frites,Estacional,Medio,Bastones rectos de brocoli,401.4,253.2,223.8,10.831,101
MC0532,False,3.0x400.4x278.8x230.1,Caja creada en MC,532,Bastones clasicos,Bastones clasicos - Sigilo,Forma estable,Forma,Tiras para dip de brocoli,379.1,259.5,244.2,6.151,101
MC0533,False,3.0x400.0x300.0x342.17,Catálogo inicial,533,Bastones clasicos,Bastones clasicos - Sigilo,Forma estable,Forma,Brocoli en rejilla,381.4,285.9,342.9,12.337,101
MC0534,False,3.0x400.0x277.27x256.0,Catálogo inicial,534,Bastones clasicos,Bastones clasicos - Sigilo,Forma estable,Forma,Espirales de brocoli,378.8,297.3,236.1,11.685,101
MC0535,True,3.0x407.3x297.5x162.7,Caja nueva,535,Guarniciones,Guarniciones - Cubos,Forma estable,Forma,Cubos de brocoli,401.3,291.5,156.7,12.292,102
MC0536,True,2.7x402.29999999999995x251.3x285.0,Caja nueva,536,Bastones clasicos,Bastones clasicos - Sigilo,Forma estable,Forma,Brocoli zigzag,396.9,245.9,279.6,12.48,103
MC0537,False,3.0x400.0x240.0x233.65,Catálogo inicial,537,Bastones clasicos,Bastones clasicos - Sigilo,Forma estable,Forma,Rodajas de brocoli,377.6,253.2,218.5,12.586,103
MC0538,False,3.0x410.5x276.4x184.8,Caja creada en MC,538,Bastones clasicos,Bastones clasicos - Sigilo,Estacional,Fino,Bastones rectos de brocoli,398.9,267.6,178.8,6.603,103
MC0539,False,3.0x375.8x300.7x170.7,Caja creada en MC,539,Bastones clasicos,Bastones clasicos - Sigilo,Forma estable,Forma,Gajos de brocoli,363.8,284.4,161.5,9.212,103
MC0540,False,3.0x389.6x249.3x214.0,Caja creada en MC,540,Bastones clasicos,Bastones clasicos - Sigilo,Estacional,Medio,Bastones rectos de brocoli,378.5,249.3,204.2,9.516,103
MC0541,False,2.7x409.79999999999995x269.2x239.70000000000002,Caja creada en MC,541,Bastones clasicos,Bastones clasicos - Sigilo,Estacional,Medio,Bastones rectos de brocoli,406.8,259.2,236.2,12.219,103
MC0542,False,3.0x399.0x261.0x276.0,Catálogo inicial,542,Bastones clasicos,Bastones clasicos - Sigilo,Forma estable,Forma,Espirales de brocoli,394.6,247.1,268.4,6.349,103
MC0543,False,2.7x412.2x308.9x261.9,Caja creada en MC,543,Bastones clasicos,Bastones clasicos - Sigilo,Forma estable,Forma,Espirales de brocoli,395.8,300.5,263.1,10.034,103
MC0544,False,3.0x400.0x300.0x257.14,Catálogo inicial,544,Bastones clasicos,Bastones clasicos - Sigilo,Estacional,Medio,Bastones rectos de brocoli,401.5,283.6,245.1,12.045,103
MC0545,False,3.0x395.9x255.9x174.1,Caja creada en MC,545,Guarniciones,Guarniciones - Cubos,Forma estable,Forma,Cubos de brocoli,393.3,243.3,170.7,12.613,103
MC0546,False,3.0x400.0x300.0x244.29,Catálogo inicial,546,Brocoli especial,Brocoli especial - Bastones Especiales,Estacional,Corte steak,Bastones rectos de brocoli,371.3,301.4,240.4,12.559,103
MC0547,False,2.7x375.7x311.29999999999995x289.29999999999995,Caja creada en MC,547,Bastones clasicos,Bastones clasicos - Reserva Privada,Estacional,Fino,Bastones rectos de brocoli,366.5,289.1,284.5,12.86,103
MC0548,False,3.0x400.0x277.27x180.0,Catálogo inicial,548,Bastones clasicos,Bastones clasicos - Legumes Frites,Estacional,Grueso,Bastones rectos de brocoli,388.4,283.4,167.0,9.711,103
MC0549,False,3.0x400.0x240.0x233.65,Catálogo inicial,549,Guarniciones,Guarniciones - Pure,Co-produccion,Forma,Pure de brocoli,386.5,248.3,214.5,12.797,103
MC0550,False,3.0x394.0x294.0x195.0,Catálogo inicial,550,Bastones clasicos,Bastones clasicos - Sigilo,Estacional,Grueso,Bastones rectos de brocoli,401.2,285.5,181.4,12.435,103
MC0551,False,3.0x400.0x300.0x163.44,Catálogo inicial,551,Snacks y aperitivos,Snacks y aperitivos - Queso,Co-produccion,Forma,Bocados de brocoli con queso cheddar,391.3,296.1,151.6,5.065,103
MC0552,False,2.7x375.7x311.29999999999995x289.29999999999995,Caja creada en MC,552,Bastones clasicos,Bastones clasicos - Sigilo,Estacional,Medio,Bastones rectos de brocoli,363.8,287.6,296.0,11.936,103
MC0553,False,3.0x400.0x269.82x300.0,Catálogo inicial,553,Bastones clasicos,Bastones clasicos - Legumes Frites,Estacional,Fino,Bastones rectos de brocoli,373.2,281.7,278.6,11.511,103
MC0554,True,2.7x369.2x253.70000000000002x263.29999999999995,Caja nueva,554,Bastones clasicos,Bastones clasicos - Sigilo,Forma estable,Forma,Dippers de brocoli,363.8,248.3,257.9,12.642,104
MC0555,False,3.0x400.0x300.0x200.0,Catálogo inicial,555,Bastones clasicos,Bastones clasicos - Sigilo,Forma estable,Forma,Espirales de brocoli,392.2,293.2,189.3,5.571,104
MC0556,False,3.0x400.0x300.0x212.38,Catálogo inicial,556,Snacks y aperitivos,Snacks y aperitivos - Aros y Vegetales,Co-produccion,Forma,Aros de brocoli,392.8,281.9,209.2,5.071,104
MC0557,False,3.0x400.0x300.0x174.08,Catálogo inicial,557,Bastones clasicos,Bastones clasicos - Sigilo,Estacional,Medio,Bastones rectos de brocoli,381.1,278.1,183.1,12.303,104
MC0558,False,2.7x409.79999999999995x269.2x239.70000000000002,Caja creada en MC,558,Bastones clasicos,Bastones clasicos - Sigilo,Estacional,Medio,Bastones rectos de brocoli,405.7,267.0,225.1,13.059,104
MC0559,False,2.7x412.2x308.9x261.9,Caja creada en MC,559,Bastones clasicos,Bastones clasicos - Sigilo,Forma estable,Forma,Espirales de brocoli,406.8,299.4,248.3,9.615,104
MC0560,False,3.0x395.9x255.9x174.1,Caja creada en MC,560,Bastones clasicos,Bastones clasicos - Sigilo,Forma estable,Forma,Brocoli zigzag,381.0,238.2,180.2,6.835,104
MC0561,False,2.7x369.2x253.70000000000002x263.29999999999995,Caja creada en MC,561,Bastones clasicos,Bastones clasicos - Sigilo,Forma estable,Forma,Espirales de brocoli,367.8,243.2,258.2,6.616,104
MC0562,False,3.0x400.0x300.0x179.4,Catálogo inicial,562,Bastones clasicos,Bastones clasicos - Reserva Privada,Estacional,Grueso,Bastones rectos de brocoli,391.1,283.0,178.8,13.145,104
MC0563,False,2.7x412.2x308.9x261.9,Caja creada en MC,563,Bastones clasicos,Bastones clasicos - Sigilo,Forma estable,Forma,Espirales de brocoli,401.6,305.9,254.4,12.381,104
MC0564,False,2.7x412.2x308.9x261.9,Caja creada en MC,564,Bastones clasicos,Bastones clasicos - Sigilo,Estacional,Grueso,Bastones rectos de brocoli,398.7,294.3,249.5,12.745,104
MC0565,False,3.0x400.0x300.0x179.4,Catálogo inicial,565,Bastones clasicos,Bastones clasicos - Legumes Frites,Estacional,Medio,Bastones rectos de brocoli,391.2,293.1,174.8,11.938,104
MC0566,False,3.0x389.6x249.3x214.0,Caja creada en MC,566,Bastones clasicos,Bastones clasicos - Reserva Privada,Estacional,Medio,Bastones rectos de brocoli,365.8,248.6,198.0,13.082,104
MC0567,False,2.7x409.79999999999995x269.2x239.70000000000002,Caja creada en MC,567,Bastones extra crocantes,Bastones extra crocantes - Atelier Frites,Estacional,Grueso,Bastones rectos de brocoli,406.8,258.6,232.5,12.658,104
MC0568,False,3.0x400.4x278.8x230.1,Caja creada en MC,568,Bastones clasicos,Bastones clasicos - Sigilo,Forma estable,Forma,Brocoli zigzag,376.8,276.5,230.7,9.883,104
MC0569,False,3.0x400.0x300.0x244.29,Catálogo inicial,569,Bastones clasicos,Bastones clasicos - Sigilo,Forma estable,Forma,Gajos de brocoli,388.5,289.9,244.3,13.669,104
MC0570,True,2.7x373.79999999999995x290.5x279.0,Caja nueva,570,Bastones clasicos,Bastones clasicos - Legumes Frites,Estacional,Medio,Bastones rectos de brocoli,368.4,285.1,273.6,12.622,105
MC0571,False,3.0x400.0x277.27x180.0,Catálogo inicial,571,Snacks y aperitivos,Snacks y aperitivos - Queso,Co-produccion,Forma,Bocados de brocoli con queso cheddar,382.0,261.6,170.8,4.805,105
MC0572,False,2.7x375.5x293.7x229.6,Caja creada en MC,572,Guarniciones,Guarniciones - Legumes Croquetas,Forma estable,Forma,Rosti de brocoli,397.3,280.0,211.0,10.935,105
MC0573,False,3.0x400.0x274.08x225.0,Catálogo inicial,573,Bastones clasicos,Bastones clasicos - Legumes Frites,Estacional,Fino,Bastones rectos de brocoli,389.9,256.4,230.9,12.134,105
MC0574,False,3.0x400.0x300.0x244.29,Catálogo inicial,574,Bastones clasicos,Bastones clasicos - Sigilo,Estacional,Grueso,Bastones rectos de brocoli,405.0,299.1,226.5,11.116,105
MC0575,False,3.0x400.0x300.0x174.08,Catálogo inicial,575,Guarniciones,Guarniciones - Cubos,Forma estable,Forma,Cubos de brocoli,390.8,286.7,167.0,12.349,105
MC0576,False,2.7x409.79999999999995x269.2x239.70000000000002,Caja creada en MC,576,Bastones clasicos,Bastones clasicos - Sigilo,Estacional,Fino,Bastones rectos de brocoli,391.8,258.1,241.0,12.28,105
MC0577,True,3.0x412.8x259.0x178.7,Caja nueva,577,Bastones clasicos,Bastones clasicos - Sigilo,Forma estable,Forma,Espirales de brocoli,406.8,253.0,172.7,4.365,106
MC0578,False,3.0x400.0x300.0x271.95,Catálogo inicial,578,Bastones clasicos,Bastones clasicos - Sigilo,Forma estable,Forma,Brocoli zigzag,392.2,288.3,262.5,10.216,106
MC0579,True,2.7x369.2x269.5x156.8,Caja nueva,579,Guarniciones,Guarniciones - Legumes Croquetas,Forma estable,Forma,Tortitas de brocoli,363.8,264.1,151.4,5.045,107
MC0580,False,2.7x409.79999999999995x269.2x239.70000000000002,Caja creada en MC,580,Bastones clasicos,Bastones clasicos - Sigilo,Forma estable,Forma,Tiras para dip de brocoli,383.5,263.0,242.0,12.415,107
MC0581,False,3.0x374.7x299.5x214.6,Caja creada en MC,581,Guarniciones,Guarniciones - Tortitas,Forma estable,Forma,Tortitas de brocoli,389.3,278.5,208.1,11.25,107
MC0582,False,2.7x371.7x264.59999999999997x151.70000000000002,Caja creada en MC,582,Guarniciones,Guarniciones - Legumes Croquetas,Forma estable,Forma,Rosti de brocoli,384.5,256.3,139.7,5.071,107
MC0583,False,3.0x380.8x257.6x181.9,Caja creada en MC,583,Guarniciones,Guarniciones - Cubos,Forma estable,Forma,Cubos de brocoli,365.0,242.5,182.9,12.603,107
MC0584,False,3.0x400.0x277.27x163.63,Catálogo inicial,584,Bastones clasicos,Bastones clasicos - Sigilo,Forma estable,Forma,Gajos de brocoli,371.7,272.0,166.2,11.226,107
MC0585,False,3.0x375.1x267.5x241.0,Caja creada en MC,585,Bastones clasicos,Bastones clasicos - Grado B,Estacional,Medio,Bastones rectos de brocoli,386.1,262.9,222.7,12.55,107
MC0586,False,3.0x400.0x300.0x271.95,Catálogo inicial,586,Bastones clasicos,Bastones clasicos - Sigilo,Forma estable,Forma,Espirales de brocoli,390.7,280.9,269.8,8.161,107
MC0587,False,2.7x371.7x264.59999999999997x151.70000000000002,Caja creada en MC,587,Guarniciones,Guarniciones - Legumes Croquetas,Forma estable,Forma,Tortitas de brocoli,364.3,259.0,143.3,5.113,107
MC0588,False,3.0x400.0x269.82x300.0,Catálogo inicial,588,Bastones clasicos,Bastones clasicos - Sigilo,Estacional,Medio,Bastones rectos de brocoli,385.6,253.1,292.4,12.561,107
MC0589,False,3.0x390.2x256.1x214.8,Caja creada en MC,589,Bastones clasicos,Bastones clasicos - Sigilo,Forma estable,Forma,Dippers de brocoli,384.4,253.4,205.5,6.457,107
MC0590,False,3.0x412.8x258.5x211.6,Caja creada en MC,590,Bastones clasicos,Bastones clasicos - Sigilo,Estacional,Medio,Bastones rectos de brocoli,391.9,251.0,212.1,13.074,107
MC0591,False,3.0x400.0x266.63x256.0,Catálogo inicial,591,Bastones clasicos,Bastones clasicos - Grado B,Estacional,Fino,Bastones rectos de brocoli,402.5,259.4,245.7,12.321,107
MC0592,False,3.0x400.0x300.0x174.08,Catálogo inicial,592,Bastones clasicos,Bastones clasicos - Legumes Frites,Estacional,Medio,Bastones rectos de brocoli,393.3,288.7,170.8,12.647,107
MC0593,False,2.7x369.2x301.79999999999995x267.5,Caja creada en MC,593,Bastones clasicos,Bastones clasicos - Reserva Privada,Estacional,Fino,Bastones rectos de brocoli,381.5,292.2,250.6,12.655,107
MC0594,False,2.7x370.9x299.4x316.79999999999995,Caja creada en MC,594,Bastones clasicos,Bastones clasicos - Reserva Privada,Estacional,Medio,Bastones rectos de brocoli,380.6,282.0,310.6,12.271,107
MC0595,False,3.0x400.0x277.27x180.0,Catálogo inicial,595,Bastones clasicos,Bastones clasicos - Sigilo,Estacional,Grueso,Bastones rectos de brocoli,376.5,275.2,176.3,12.197,107
MC0596,False,3.0x373.7x257.7x226.6,Caja creada en MC,596,Guarniciones,Guarniciones - Tortitas,Forma estable,Forma,Rosti de brocoli,365.0,243.8,225.7,10.883,107
MC0597,False,3.0x399.2x258.0x209.2,Caja creada en MC,597,Bastones clasicos,Bastones clasicos - Sigilo,Forma estable,Forma,Espirales de brocoli,372.2,258.3,209.0,6.65,107
MC0598,False,3.0x400.0x300.0x271.95,Catálogo inicial,598,Bastones clasicos,Bastones clasicos - Sigilo,Forma estable,Forma,Espirales de brocoli,387.5,305.9,253.8,9.323,107
MC0599,False,3.0x370.7x292.0x270.1,Caja creada en MC,599,Bastones clasicos,Bastones clasicos - Sigilo,Forma estable,Forma,Brocoli zigzag,374.5,294.2,248.6,9.559,107
MC0600,True,3.0x400.9x251.9x192.9,Caja nueva,600,Bastones clasicos,Bastones clasicos - Reserva Privada,Forma estable,Forma,Gajos de brocoli,394.9,245.9,186.9,12.6,108
MC0601,False,3.0x412.8x258.5x211.6,Caja creada en MC,601,Bastones clasicos,Bastones clasicos - Sigilo,Forma estable,Forma,Espirales de brocoli,391.4,251.7,213.2,7.006,108
MC0602,False,3.0x400.0x300.0x212.38,Catálogo inicial,602,Snacks y aperitivos,Snacks y aperitivos - Aros y Vegetales,Co-produccion,Forma,Aros de brocoli,376.2,303.6,205.2,5.083,108
MC0603,True,2.7x380.7x191.4x161.3,Caja nueva,603,Guarniciones,Guarniciones - Legumes Croquetas,Forma estable,Forma,Croquetas de brocoli,375.3,186.0,155.9,4.61,109
MC0604,False,3.0x400.0x277.27x256.0,Catálogo inicial,604,Bastones clasicos,Bastones clasicos - Sigilo,Estacional,Medio,Bastones rectos de brocoli,383.5,292.7,236.5,12.74,109
MC0605,False,3.0x400.0x277.27x180.0,Catálogo inicial,605,Bastones clasicos,Bastones clasicos - Sigilo,Estacional,Medio,Bastones rectos de brocoli,397.0,257.8,175.4,8.112,109
MC0606,False,3.0x400.0x300.0x288.97,Catálogo inicial,606,Bastones clasicos,Bastones clasicos - Reserva Privada,Estacional,Medio,Bastones rectos de brocoli,378.9,284.4,294.4,12.67,109
MC0607,False,3.0x400.0x277.27x180.0,Catálogo inicial,607,Bastones clasicos,Bastones clasicos - Sigilo,Forma estable,Forma,Brocoli zigzag,377.8,290.6,168.5,6.747,109
MC0608,False,3.0x400.0x277.27x256.0,Catálogo inicial,608,Bastones clasicos,Bastones clasicos - Sigilo,Forma estable,Forma,Espirales de brocoli,371.4,269.7,262.3,12.428,109
MC0609,False,3.0x400.0x277.27x180.0,Catálogo inicial,609,Bastones clasicos,Bastones clasicos - Sigilo,Forma estable,Forma,Gajos de brocoli,386.3,288.9,166.0,12.462,109
MC0610,False,3.0x400.0x300.0x212.38,Catálogo inicial,610,Guarniciones,Guarniciones - Tortitas,Forma estable,Forma,Tortitas de brocoli,394.8,286.6,203.1,10.993,109
MC0611,False,2.7x369.2x301.79999999999995x267.5,Caja creada en MC,611,Bastones clasicos,Bastones clasicos - Sigilo,Estacional,Grueso,Bastones rectos de brocoli,363.8,292.8,261.2,13.004,109
MC0612,False,2.7x405.29999999999995x251.4x212.4,Caja creada en MC,612,Bastones clasicos,Bastones clasicos - Sigilo,Forma estable,Forma,Espirales de brocoli,387.0,238.0,220.6,6.746,109
MC0613,False,3.0x400.0x300.0x225.0,Catálogo inicial,613,Bastones clasicos,Bastones clasicos - Sigilo,Forma estable,Forma,Dippers de brocoli,399.8,291.5,216.5,12.907,109
MC0614,False,2.7x400.09999999999997x299.79999999999995x319.2,Caja creada en MC,614,Bastones clasicos,Bastones clasicos - Reserva Privada,Forma estable,Forma,Brocoli en rejilla,393.2,305.9,295.3,12.852,109
MC0615,False,3.0x400.0x300.0x212.38,Catálogo inicial,615,Bastones clasicos,Bastones clasicos - Sigilo,Estacional,Medio,Bastones rectos de brocoli,392.4,286.7,208.0,9.945,109
MC0616,False,3.0x406.3x256.5x230.9,Caja creada en MC,616,Bastones extra crocantes,Bastones extra crocantes - Atelier Frites,Estacional,Grueso,Bastones rectos de brocoli,382.8,254.5,222.7,11.83,109
MC0617,False,3.0x400.0x300.0x271.95,Catálogo inicial,617,Bastones clasicos,Bastones clasicos - Legumes Frites,Estacional,Grueso,Bastones rectos de brocoli,386.6,290.7,273.4,12.919,109
MC0618,True,3.0x373.2x309.4x177.8,Caja nueva,618,Bastones clasicos,Bastones clasicos - Mayordomo,Estacional,Medio,Bastones rectos de brocoli,367.2,303.4,171.8,12.328,110
MC0619,False,3.0x373.8x259.9x219.5,Caja creada en MC,619,Bastones clasicos,Bastones clasicos - Legumes Frites,Forma estable,Forma,Brocoli zigzag,363.8,244.3,224.1,9.959,110
MC0620,False,3.0x373.5x311.9x210.7,Caja creada en MC,620,Bastones clasicos,Bastones clasicos - Cielo,Estacional,Medio,Bastones rectos de brocoli,396.9,287.7,198.6,12.135,110
MC0621,False,3.0x373.8x259.9x219.5,Caja creada en MC,621,Bastones clasicos,Bastones clasicos - Legumes Frites Salados,Estacional,Medio,Bastones rectos de brocoli,381.4,248.9,207.8,12.056,110
MC0622,False,3.0x412.8x258.5x211.6,Caja creada en MC,622,Bastones clasicos,Bastones clasicos - Legumes Frites,Estacional,Medio,Bastones rectos de brocoli,387.6,250.8,212.5,11.652,110
MC0623,False,3.0x395.9x255.9x174.1,Caja creada en MC,623,Snacks y aperitivos,Snacks y aperitivos - Queso,Co-produccion,Forma,Bocados de brocoli con mozzarella,376.7,254.6,168.3,4.856,110
MC0624,False,2.7x369.2x292.4x371.7,Caja creada en MC,624,Bastones clasicos,Bastones clasicos - Reserva Privada,Estacional,Fino,Bastones rectos de brocoli,363.8,278.8,364.9,12.93,110
MC0625,False,3.0x400.0x277.27x200.0,Catálogo inicial,625,Bastones clasicos,Bastones clasicos - Reserva Privada,Estacional,Corte steak,Bastones rectos de brocoli,381.0,261.4,204.6,12.544,110
MC0626,False,2.7x373.79999999999995x290.5x279.0,Caja creada en MC,626,Bastones clasicos,Bastones clasicos - Reserva Privada,Estacional,Fino,Bastones rectos de brocoli,371.7,285.8,269.1,12.342,110
MC0627,False,3.0x400.0x274.08x225.0,Catálogo inicial,627,Bastones clasicos,Bastones clasicos - Sigilo,Forma estable,Forma,Corte rustico de brocoli,390.4,282.8,206.8,12.483,110
MC0628,False,3.0x406.3x311.9x205.6,Caja creada en MC,628,Bastones clasicos,Bastones clasicos - Sigilo,Forma estable,Forma,Espirales de brocoli,400.4,305.9,195.9,5.285,110
MC0629,False,3.0x400.0x300.0x200.0,Catálogo inicial,629,Bastones clasicos,Bastones clasicos - Sigilo,Forma estable,Forma,Corte rustico de brocoli,389.7,282.3,202.8,12.495,110
MC0630,False,3.0x400.0x300.0x212.38,Catálogo inicial,630,Snacks y aperitivos,Snacks y aperitivos - Aros y Vegetales,Co-produccion,Forma,Aros de brocoli,397.8,290.9,199.6,4.838,110
MC0631,False,3.0x400.0x240.0x159.19,Catálogo inicial,631,Guarniciones,Guarniciones - Legumes Croquetas,Forma estable,Forma,Rosti de brocoli,398.0,238.6,145.2,4.941,110
MC0632,False,3.0x400.0x300.0x200.0,Catálogo inicial,632,Bastones clasicos,Bastones clasicos - Cielo,Estacional,Medio,Bastones rectos de brocoli,373.6,298.0,192.1,12.847,110
MC0633,False,3.0x373.5x311.9x210.7,Caja creada en MC,633,Brocoli especial,Brocoli especial - Bastones Especiales,Estacional,Corte steak,Bastones rectos de brocoli,387.4,296.4,198.6,12.595,110
MC0634,False,3.0x400.0x277.27x298.55,Catálogo inicial,634,Bastones clasicos,Bastones clasicos - Sigilo,Forma estable,Forma,Espirales de brocoli,406.4,273.5,275.7,6.211,110
MC0635,False,2.7x400.09999999999997x299.79999999999995x319.2,Caja creada en MC,635,Bastones clasicos,Bastones clasicos - Reserva Privada,Forma estable,Forma,Brocoli en rejilla,406.8,283.7,296.5,12.819,110
MC0636,False,3.0x369.8x292.7x200.2,Caja creada en MC,636,Bastones clasicos,Bastones clasicos - Legumes Frites,Estacional,Medio,Bastones rectos de brocoli,363.8,294.3,183.1,12.497,110
MC0637,False,3.0x370.7x292.0x270.1,Caja creada en MC,637,Bastones clasicos,Bastones clasicos - Legumes Frites,Estacional,Fino,Bastones rectos de brocoli,376.4,282.6,255.3,12.789,110
MC0638,False,3.0x400.4x278.8x230.1,Caja creada en MC,638,Bastones clasicos,Bastones clasicos - Sigilo,Estacional,Medio,Bastones rectos de brocoli,406.8,261.2,226.1,12.78,110
MC0639,False,3.0x400.0x277.27x315.57,Catálogo inicial,639,Bastones clasicos,Bastones clasicos - Legumes Frites,Estacional,Medio,Bastones rectos de brocoli,393.9,273.8,291.1,12.437,110
MC0640,False,3.0x400.0x300.0x212.38,Catálogo inicial,640,Bastones clasicos,Bastones clasicos - Legumes Frites,Estacional,Fino,Bastones rectos de brocoli,382.2,294.4,210.6,10.615,110
MC0641,False,3.0x400.0x300.0x234.72,Catálogo inicial,641,Bastones clasicos,Bastones clasicos - Grado B,Estacional,Fino,Bastones rectos de brocoli,383.5,292.7,230.6,13.193,110
MC0642,False,3.0x400.0x240.0x244.29,Catálogo inicial,642,Bastones clasicos,Bastones clasicos - Legumes Frites,Forma estable,Forma,Brocoli zigzag,375.6,251.7,231.2,9.745,110
MC0643,False,3.0x400.4x278.8x230.1,Caja creada en MC,643,Bastones clasicos,Bastones clasicos - Legumes Frites Salados,Estacional,Fino,Bastones rectos de brocoli,396.4,259.9,230.2,12.469,110
MC0644,False,3.0x400.0x240.0x196.42,Catálogo inicial,644,Guarniciones,Guarniciones - Cubos,Forma estable,Forma,Cubos de brocoli,380.1,242.3,185.1,12.348,110
MC0645,False,3.0x400.0x300.0x271.95,Catálogo inicial,645,Bastones clasicos,Bastones clasicos - Reserva Privada,Forma estable,Forma,Rodajas de brocoli,394.5,290.9,264.5,9.06,110
MC0646,False,3.0x397.0x298.0x322.0,Catálogo inicial,646,Bastones clasicos,Bastones clasicos - Sigilo,Estacional,Medio,Bastones rectos de brocoli,395.9,291.9,303.7,12.303,110
MC0647,False,3.0x400.0x240.0x196.42,Catálogo inicial,647,Bastones clasicos,Bastones clasicos - Sigilo,Estacional,Medio,Bastones rectos de brocoli,385.0,240.8,188.3,7.868,110
MC0648,False,3.0x409.7x304.3x178.3,Caja creada en MC,648,Guarniciones,Guarniciones - Otros,Estacional,Medio,Bastones rectos de brocoli,392.2,293.4,176.9,12.245,110
MC0649,False,3.0x400.4x278.8x230.1,Caja creada en MC,649,Bastones clasicos,Bastones clasicos - Sigilo,Estacional,Fino,Bastones rectos de brocoli,406.8,256.9,228.3,10.138,110
MC0650,False,3.0x394.0x294.0x195.0,Catálogo inicial,650,Bastones extra crocantes,Bastones extra crocantes - Muy Crocantes,Estacional,Medio,Bastones rectos de brocoli,365.4,280.0,198.4,12.812,110
MC0651,False,3.0x400.0x277.27x180.0,Catálogo inicial,651,Bastones clasicos,Bastones clasicos - Sigilo,Forma estable,Forma,Gajos de brocoli,389.8,289.0,164.2,12.404,110
MC0652,False,3.0x390.2x256.1x214.8,Caja creada en MC,652,Bastones clasicos,Bastones clasicos - Sigilo,Forma estable,Forma,Tiras para dip de brocoli,374.3,246.0,217.0,6.768,110
MC0653,False,3.0x399.0x261.0x276.0,Catálogo inicial,653,Bastones clasicos,Bastones clasicos - Sigilo,Estacional,Fino,Bastones rectos de brocoli,389.6,250.4,266.9,12.78,110
MC0654,False,3.0x400.0x267.7x199.61,Catálogo inicial,654,Guarniciones,Guarniciones - Cubos,Forma estable,Forma,Cubos de brocoli,393.5,250.2,185.0,12.4,110
MC0655,True,2.7x397.2x246.8x162.5,Caja nueva,655,Bastones clasicos,Bastones clasicos - Sigilo,Forma estable,Forma,Corte rustico de brocoli,391.8,241.4,157.1,6.716,111
MC0656,False,2.7x402.59999999999997x303.79999999999995x240.3,Caja creada en MC,656,Bastones clasicos,Bastones clasicos - Sigilo,Estacional,Fino,Bastones rectos de brocoli,406.8,305.3,223.1,12.623,111
MC0657,False,3.0x410.5x276.4x184.8,Caja creada en MC,657,Bastones clasicos,Bastones clasicos - Legumes Frites,Estacional,Medio,Bastones rectos de brocoli,388.2,285.5,176.4,12.188,111
MC0658,False,3.0x400.0x300.0x190.04,Catálogo inicial,658,Bastones clasicos,Bastones clasicos - Mayordomo,Estacional,Medio,Bastones rectos de brocoli,399.1,303.3,175.2,12.502,111
MC0659,True,2.7x369.2x291.79999999999995x286.79999999999995,Caja nueva,659,Bastones clasicos,Bastones clasicos - Sigilo,Forma estable,Forma,Brocoli zigzag,363.8,286.4,281.4,13.12,112
MC0660,True,2.7x412.2x253.3x151.3,Caja nueva,660,Snacks y aperitivos,Snacks y aperitivos - Queso,Co-produccion,Forma,Bocados de brocoli con queso crema,406.8,247.9,145.9,4.747,113
MC0661,False,2.7x412.2x309.09999999999997x273.79999999999995,Caja creada en MC,661,Snacks y aperitivos,Snacks y aperitivos - Aros y Vegetales,Co-produccion,Forma,Aros de brocoli,397.4,305.9,262.2,4.972,113
MC0662,False,3.0x400.0x300.0x271.95,Catálogo inicial,662,Bastones clasicos,Bastones clasicos - Sigilo,Forma estable,Forma,Brocoli zigzag,398.5,291.4,258.0,9.661,113
MC0663,False,3.0x389.6x249.3x214.0,Caja creada en MC,663,Bastones clasicos,Bastones clasicos - Sigilo,Forma estable,Forma,Tiras para dip de brocoli,369.0,253.4,201.2,6.7,113
MC0664,False,2.7x369.2x292.4x371.7,Caja creada en MC,664,Bastones clasicos,Bastones clasicos - Reserva Privada,Estacional,Fino,Bastones rectos de brocoli,385.2,273.4,345.0,11.808,113
MC0665,False,3.0x375.5x304.2x171.8,Caja creada en MC,665,Bastones clasicos,Bastones clasicos - Sigilo,Estacional,Grueso,Bastones rectos de brocoli,396.7,290.2,158.6,9.638,113
MC0666,False,3.0x400.0x300.0x376.21,Catálogo inicial,666,Bastones clasicos,Bastones clasicos - Sigilo,Forma estable,Forma,Brocoli zigzag,387.8,286.9,362.9,12.319,113
MC0667,False,3.0x400.0x300.0x271.95,Catálogo inicial,667,Bastones clasicos,Bastones clasicos - Sigilo,Forma estable,Forma,Espirales de brocoli,398.4,294.5,259.9,12.86,113
MC0668,False,3.0x400.0x277.27x200.0,Catálogo inicial,668,Bastones clasicos,Bastones clasicos - Grado B,Estacional,Medio,Bastones rectos de brocoli,398.6,274.9,185.0,12.484,113
MC0669,False,3.0x370.1x249.2x243.8,Caja creada en MC,669,Bastones clasicos,Bastones clasicos - Legumes Frites,Estacional,Medio,Bastones rectos de brocoli,363.8,250.0,229.0,13.174,113
MC0670,True,2.7x411.9x311.29999999999995x206.1,Caja nueva,670,Bastones clasicos,Bastones clasicos - Sigilo,Estacional,Medio,Bastones rectos de brocoli,406.5,305.9,200.7,12.748,114
MC0671,False,3.0x400.0x274.08x225.0,Catálogo inicial,671,Bastones clasicos,Bastones clasicos - Legumes Frites Salados,Estacional,Medio,Bastones rectos de brocoli,393.1,256.8,211.3,12.346,114
MC0672,False,3.0x400.0x267.7x199.61,Catálogo inicial,672,Bastones clasicos,Bastones clasicos - Legumes Frites,Estacional,Medio,Bastones rectos de brocoli,383.6,274.5,187.2,11.079,114
MC0673,False,3.0x400.0x240.0x244.29,Catálogo inicial,673,Bastones clasicos,Bastones clasicos - Sigilo,Forma estable,Forma,Tiras para dip de brocoli,375.7,243.1,232.1,12.367,114
MC0674,False,3.0x400.0x277.27x180.0,Catálogo inicial,674,Bastones clasicos,Bastones clasicos - Legumes Frites,Estacional,Corte steak,Bastones rectos de brocoli,388.8,260.4,183.2,12.822,114
MC0675,False,3.0x370.7x292.0x270.1,Caja creada en MC,675,Bastones clasicos,Bastones clasicos - Legumes Frites,Estacional,Fino,Bastones rectos de brocoli,363.8,281.2,266.4,12.0,114
MC0676,False,3.0x369.8x258.3x256.1,Caja creada en MC,676,Guarniciones,Guarniciones - Tortitas,Forma estable,Forma,Rosti de brocoli,385.4,240.2,247.3,10.728,114
MC0677,False,3.0x400.0x266.63x256.0,Catálogo inicial,677,Bastones clasicos,Bastones clasicos - Sigilo,Estacional,Medio,Bastones rectos de brocoli,375.4,252.9,253.3,12.671,114
MC0678,False,3.0x395.9x255.9x174.1,Caja creada en MC,678,Bastones clasicos,Bastones clasicos - Sigilo,Forma estable,Forma,Espirales de brocoli,393.6,243.7,162.7,4.665,114
MC0679,False,3.0x400.0x277.27x180.0,Catálogo inicial,679,Bastones clasicos,Bastones clasicos - Reserva Privada,Forma estable,Forma,Gajos de brocoli,381.6,258.6,185.2,11.674,114
MC0680,False,3.0x400.0x300.0x257.14,Catálogo inicial,680,Bastones clasicos,Bastones clasicos - Reserva Privada,Estacional,Medio,Bastones rectos de brocoli,399.5,282.6,251.5,13.015,114
MC0681,False,3.0x406.0x266.1x229.6,Caja creada en MC,681,Guarniciones,Guarniciones - Legumes Croquetas,Forma estable,Forma,Croquetas de brocoli,378.0,262.3,233.3,12.447,114
MC0682,False,3.0x400.0x240.0x244.29,Catálogo inicial,682,Bastones clasicos,Bastones clasicos - Sigilo,Estacional,Medio,Bastones rectos de brocoli,375.0,248.4,234.3,10.378,114
MC0683,False,3.0x400.0x274.08x225.0,Catálogo inicial,683,Bastones clasicos,Bastones clasicos - Sigilo,Estacional,Medio,Bastones rectos de brocoli,377.2,258.6,236.8,10.009,114
MC0684,True,2.7x408.2x295.59999999999997x162.4,Caja nueva,684,Bastones clasicos,Bastones clasicos - Sigilo,Estacional,Grueso,Bastones rectos de brocoli,402.8,290.2,157.0,9.303,115
MC0685,False,3.0x406.3x256.5x230.9,Caja creada en MC,685,Bastones clasicos,Bastones clasicos - Sigilo,Estacional,Medio,Bastones rectos de brocoli,389.2,254.3,213.9,12.493,115
MC0686,False,3.0x400.0x300.0x234.72,Catálogo inicial,686,Bastones clasicos,Bastones clasicos - Sigilo,Forma estable,Forma,Dippers de brocoli,381.5,292.2,233.1,8.733,115
MC0687,False,3.0x400.0x277.27x315.57,Catálogo inicial,687,Bastones clasicos,Bastones clasicos - Reserva Privada,Estacional,Fino,Bastones rectos de brocoli,382.3,259.8,322.6,12.737,115
MC0688,False,3.0x400.4x278.8x230.1,Caja creada en MC,688,Bastones clasicos,Bastones clasicos - Sigilo,Forma estable,Forma,Corte rustico de brocoli,374.5,257.7,243.7,12.294,115
MC0689,False,3.0x389.6x249.3x214.0,Caja creada en MC,689,Bastones clasicos,Bastones clasicos - Sigilo,Forma estable,Forma,Espirales de brocoli,387.5,246.3,201.5,6.526,115
MC0690,False,3.0x400.0x277.27x200.0,Catálogo inicial,690,Bastones clasicos,Bastones clasicos - Reserva Privada,Estacional,Medio,Bastones rectos de brocoli,372.3,269.7,202.0,12.345,115
MC0691,False,2.7x409.79999999999995x269.2x239.70000000000002,Caja creada en MC,691,Bastones clasicos,Bastones clasicos - Sigilo,Estacional,Medio,Bastones rectos de brocoli,401.9,248.1,235.1,12.513,115
MC0692,False,3.0x400.0x300.0x179.4,Catálogo inicial,692,Bastones clasicos,Bastones clasicos - Sigilo,Forma estable,Forma,Gajos de brocoli,392.5,292.0,172.9,12.587,115
MC0693,False,3.0x400.0x300.0x225.0,Catálogo inicial,693,Bastones clasicos,Bastones clasicos - Sigilo,Forma estable,Forma,Gajos de brocoli,406.8,286.1,211.4,12.204,115
MC0694,False,3.0x400.0x266.63x256.0,Catálogo inicial,694,Bastones clasicos,Bastones clasicos - Sigilo,Forma estable,Forma,Tiras para dip de brocoli,380.0,258.1,246.8,12.838,115
MC0695,False,2.7x405.5x308.2x293.09999999999997,Caja creada en MC,695,Bastones clasicos,Bastones clasicos - Reserva Privada,Forma estable,Forma,Brocoli en rejilla,393.8,292.2,298.6,10.795,115
MC0696,False,3.0x400.0x300.0x271.95,Catálogo inicial,696,Bastones clasicos,Bastones clasicos - Reserva Privada,Estacional,Medio,Bastones rectos de brocoli,406.8,288.7,260.2,12.174,115
MC0697,False,3.0x400.0x300.0x300.0,Catálogo inicial,697,Bastones clasicos,Bastones clasicos - Reserva Privada,Estacional,Fino,Bastones rectos de brocoli,399.8,284.6,296.7,12.297,115
MC0698,False,3.0x400.0x240.0x244.29,Catálogo inicial,698,Bastones clasicos,Bastones clasicos - Legumes Frites,Estacional,Fino,Bastones rectos de brocoli,384.8,242.9,229.3,12.903,115
MC0699,False,2.7x409.79999999999995x269.2x239.70000000000002,Caja creada en MC,699,Bastones clasicos,Bastones clasicos - Sigilo,Forma estable,Forma,Tiras para dip de brocoli,395.6,255.1,237.2,12.45,115
MC0700,False,3.0x412.8x259.0x178.7,Caja creada en MC,700,Bastones clasicos,Bastones clasicos - Reserva Privada,Forma estable,Forma,Espirales de brocoli,393.0,246.6,183.0,4.406,115
MC0701,True,3.0x402.3x247.7x196.2,Caja nueva,701,Bastones clasicos,Bastones clasicos - Reserva Privada,Forma estable,Forma,Gajos de brocoli,396.3,241.7,190.2,12.847,116
MC0702,False,3.0x406.3x256.5x230.9,Caja creada en MC,702,Bastones clasicos,Bastones clasicos - Legumes Frites,Estacional,Medio,Bastones rectos de brocoli,384.8,256.0,222.4,11.707,116
MC0703,False,3.0x400.0x300.0x257.14,Catálogo inicial,703,Bastones clasicos,Bastones clasicos - Sigilo,Forma estable,Forma,Brocoli en rejilla,393.9,300.3,240.9,6.541,116
MC0704,False,3.0x375.1x267.5x241.0,Caja creada en MC,704,Bastones clasicos,Bastones clasicos - Legumes Frites,Estacional,Corte steak,Bastones rectos de brocoli,363.8,256.0,237.7,12.963,116
MC0705,False,2.7x409.79999999999995x269.2x239.70000000000002,Caja creada en MC,705,Bastones clasicos,Bastones clasicos - Sigilo,Forma estable,Forma,Dippers de brocoli,384.6,252.2,253.2,12.889,116
MC0706,False,2.7x409.79999999999995x269.2x239.70000000000002,Caja creada en MC,706,Bastones clasicos,Bastones clasicos - Sigilo,Estacional,Grueso,Bastones rectos de brocoli,400.3,278.8,222.0,11.046,116
MC0707,False,3.0x400.0x277.27x256.0,Catálogo inicial,707,Bastones clasicos,Bastones clasicos - Reserva Privada,Forma estable,Forma,Rodajas de brocoli,383.4,274.3,250.5,8.757,116
MC0708,False,3.0x373.2x309.4x177.8,Caja creada en MC,708,Bastones clasicos,Bastones clasicos - Legumes Frites,Estacional,Corte steak,Bastones rectos de brocoli,369.2,305.1,166.4,12.019,116
MC0709,False,3.0x400.0x277.27x200.0,Catálogo inicial,709,Bastones clasicos,Bastones clasicos - Legumes Frites,Estacional,Fino,Bastones rectos de brocoli,399.5,279.0,184.4,12.423,116
MC0710,False,3.0x406.3x256.5x230.9,Caja creada en MC,710,Guarniciones,Guarniciones - Pure,Co-produccion,Forma,Pure de brocoli,399.3,249.5,216.5,12.265,116
MC0711,False,2.7x392.0x257.3x178.8,Caja creada en MC,711,Bastones clasicos,Bastones clasicos - Sigilo,Forma estable,Forma,Espirales de brocoli,384.4,249.7,174.2,4.446,116
MC0712,False,2.7x369.2x289.5x230.70000000000002,Caja creada en MC,712,Bastones clasicos,Bastones clasicos - Legumes Frites,Estacional,Fino,Bastones rectos de brocoli,376.8,282.7,217.4,10.753,116
MC0713,False,2.7x375.5x293.7x229.6,Caja creada en MC,713,Bastones clasicos,Bastones clasicos - Sigilo,Estacional,Fino,Bastones rectos de brocoli,368.6,280.6,225.3,12.392,116
MC0714,False,3.0x373.5x311.9x210.7,Caja creada en MC,714,Bastones clasicos,Bastones clasicos - Grado B,Estacional,Medio,Bastones rectos de brocoli,374.1,290.8,210.3,12.7,116
MC0715,False,3.0x389.6x249.3x214.0,Caja creada en MC,715,Bastones clasicos,Bastones clasicos - Sigilo,Estacional,Medio,Bastones rectos de brocoli,376.8,249.0,206.6,12.455,116
MC0716,False,2.7x408.2x295.59999999999997x162.4,Caja creada en MC,716,Bastones clasicos,Bastones clasicos - Sigilo,Forma estable,Forma,Tiras para dip de brocoli,406.8,292.0,153.9,6.372,116
MC0717,False,3.0x400.0x277.27x180.0,Catálogo inicial,717,Bastones clasicos,Bastones clasicos - Reserva Privada,Estacional,Grueso,Bastones rectos de brocoli,376.6,275.1,173.7,12.22,116
MC0718,False,2.7x369.2x294.2x185.70000000000002,Caja creada en MC,718,Bastones clasicos,Bastones clasicos - Legumes Frites,Estacional,Medio,Bastones rectos de brocoli,387.3,284.3,171.6,11.93,116
MC0719,False,3.0x400.0x269.82x344.29,Catálogo inicial,719,Bastones clasicos,Bastones clasicos - Reserva Privada,Estacional,Fino,Bastones rectos de brocoli,388.6,254.4,345.2,12.592,116
MC0720,False,2.7x412.2x247.8x241.8,Caja creada en MC,720,Bastones clasicos,Bastones clasicos - Legumes Frites,Forma estable,Forma,Brocoli zigzag,382.8,255.2,237.4,9.897,116
MC0721,False,3.0x400.0x300.0x190.04,Catálogo inicial,721,Bastones clasicos,Bastones clasicos - Sigilo,Forma estable,Forma,Gajos de brocoli,389.3,305.9,175.1,12.596,116
MC0722,False,3.0x375.6x286.8x216.9,Caja creada en MC,722,Bastones clasicos,Bastones clasicos - Sigilo,Forma estable,Forma,Dippers de brocoli,403.3,265.3,198.5,6.346,116
MC0723,False,3.0x400.0x240.0x265.57,Catálogo inicial,723,Bastones clasicos,Bastones clasicos - Legumes Frites,Forma estable,Forma,Brocoli zigzag,373.9,257.4,247.8,12.593,116
MC0724,False,3.0x390.2x256.1x214.8,Caja creada en MC,724,Bastones clasicos,Bastones clasicos - Sigilo,Forma estable,Forma,Brocoli en rejilla,364.9,247.4,221.6,6.655,116
MC0725,False,3.0x390.2x256.1x214.8,Caja creada en MC,725,Bastones clasicos,Bastones clasicos - Sigilo,Forma estable,Forma,Rodajas de brocoli,364.2,237.3,226.2,9.417,116
MC0726,False,3.0x399.0x276.1x274.7,Caja creada en MC,726,Bastones clasicos,Bastones clasicos - Sigilo,Estacional,Medio,Bastones rectos de brocoli,373.0,269.9,282.7,12.778,116
MC0727,False,3.0x400.4x278.8x230.1,Caja creada en MC,727,Bastones clasicos,Bastones clasicos - Sigilo,Forma estable,Forma,Tiras para dip de brocoli,378.3,264.8,239.6,12.807,116
MC0728,False,2.7x369.2x289.5x230.70000000000002,Caja creada en MC,728,Bastones extra crocantes,Bastones extra crocantes - Muy Crocantes,Estacional,Medio,Bastones rectos de brocoli,390.8,279.2,212.1,12.856,116
MC0729,False,3.0x400.0x269.82x300.0,Catálogo inicial,729,Bastones clasicos,Bastones clasicos - Sigilo,Forma estable,Forma,Brocoli en rejilla,380.6,280.0,285.1,12.272,116
MC0730,False,3.0x400.0x300.0x174.08,Catálogo inicial,730,Bastones clasicos,Bastones clasicos - Reserva Privada,Forma estable,Forma,Gajos de brocoli,406.8,284.6,165.0,11.389,116
MC0731,False,3.0x395.9x255.9x174.1,Caja creada en MC,731,Snacks y aperitivos,Snacks y aperitivos - Queso,Co-produccion,Forma,Bocados de brocoli con mozzarella,372.5,246.9,164.9,4.926,116
MC0732,False,3.0x373.8x259.9x219.5,Caja creada en MC,732,Bastones clasicos,Bastones clasicos - Grado B,Estacional,Medio,Bastones rectos de brocoli,385.3,238.9,211.6,12.745,116
MC0733,False,3.0x399.0x261.0x276.0,Catálogo inicial,733,Bastones clasicos,Bastones clasicos - Sigilo,Forma estable,Forma,Espirales de brocoli,370.0,247.6,255.8,6.4,116
MC0734,False,3.0x406.3x256.5x230.9,Caja creada en MC,734,Bastones clasicos,Bastones clasicos - Sigilo,Forma estable,Forma,Corte rustico de brocoli,377.3,241.4,247.2,12.416,116
MC0735,False,3.0x406.3x256.5x230.9,Caja creada en MC,735,Bastones clasicos,Bastones clasicos - Legumes Frites,Estacional,Fino,Bastones rectos de brocoli,381.6,275.7,213.8,10.201,116
MC0736,False,3.0x375.8x300.7x170.7,Caja creada en MC,736,Bastones clasicos,Bastones clasicos - Reserva Privada,Forma estable,Forma,Gajos de brocoli,363.8,279.3,167.1,10.9,116
MC0737,False,3.0x400.0x300.0x234.72,Catálogo inicial,737,Bastones clasicos,Bastones clasicos - Sigilo,Forma estable,Forma,Brocoli en rejilla,388.7,290.5,231.9,6.518,116
MC0738,False,2.7x411.9x311.29999999999995x206.1,Caja creada en MC,738,Snacks y aperitivos,Snacks y aperitivos - Aros y Vegetales,Co-produccion,Forma,Aros de brocoli,406.8,293.9,205.4,4.938,116
MC0739,False,3.0x400.0x266.63x256.0,Catálogo inicial,739,Bastones clasicos,Bastones clasicos - Grado B,Estacional,Fino,Bastones rectos de brocoli,387.7,253.6,257.6,13.159,116
MC0740,False,2.7x412.2x268.2x319.59999999999997,Caja creada en MC,740,Bastones clasicos,Bastones clasicos - Sigilo,Estacional,Fino,Bastones rectos de brocoli,396.1,259.6,325.1,12.064,116
MC0741,False,3.0x400.0x240.0x265.57,Catálogo inicial,741,Bastones clasicos,Bastones clasicos - Reserva Privada,Estacional,Fino,Bastones rectos de brocoli,394.8,246.9,245.2,12.289,116
MC0742,False,3.0x400.0x300.0x174.08,Catálogo inicial,742,Bastones clasicos,Bastones clasicos - Legumes Frites,Estacional,Medio,Bastones rectos de brocoli,384.1,283.6,174.7,12.161,116
MC0743,False,2.7x375.7x311.29999999999995x289.29999999999995,Caja creada en MC,743,Bastones clasicos,Bastones clasicos - Sigilo,Forma estable,Forma,Brocoli en rejilla,379.3,290.0,290.4,12.289,116
MC0744,False,3.0x373.7x257.7x226.6,Caja creada en MC,744,Bastones clasicos,Bastones clasicos - Sigilo,Estacional,Medio,Bastones rectos de brocoli,366.2,260.1,212.9,12.887,116
MC0745,False,3.0x400.0x300.0x225.0,Catálogo inicial,745,Bastones clasicos,Bastones clasicos - Sigilo,Estacional,Fino,Bastones rectos de brocoli,395.5,286.7,216.5,13.054,116
MC0746,False,3.0x395.9x255.9x174.1,Caja creada en MC,746,Bastones clasicos,Bastones clasicos - Sigilo,Forma estable,Forma,Corte rustico de brocoli,381.7,248.6,165.9,6.608,116
MC0747,False,3.0x399.0x261.0x276.0,Catálogo inicial,747,Bastones clasicos,Bastones clasicos - Sigilo,Estacional,Medio,Bastones rectos de brocoli,374.3,279.3,255.9,13.452,116
MC0748,False,3.0x400.0x240.0x244.29,Catálogo inicial,748,Guarniciones,Guarniciones - Legumes Croquetas,Forma estable,Forma,Croquetas de brocoli,396.5,238.7,228.3,12.066,116
MC0749,False,2.7x375.5x293.7x229.6,Caja creada en MC,749,Bastones clasicos,Bastones clasicos - Sigilo,Forma estable,Forma,Espirales de brocoli,379.2,292.6,213.9,6.755,116
MC0750,False,3.0x400.0x300.0x174.08,Catálogo inicial,750,Guarniciones,Guarniciones - Otros,Estacional,Medio,Bastones rectos de brocoli,379.9,289.8,176.5,12.92,116
MC0751,False,2.7x409.79999999999995x269.2x239.70000000000002,Caja creada en MC,751,Guarniciones,Guarniciones - Legumes Croquetas,Forma estable,Forma,Croquetas de brocoli,386.9,255.4,252.6,9.719,116
MC0752,False,3.0x400.4x278.8x230.1,Caja creada en MC,752,Bastones clasicos,Bastones clasicos - Sigilo,Estacional,Medio,Bastones rectos de brocoli,377.2,257.1,248.5,11.976,116
MC0753,False,3.0x400.0x267.7x199.61,Catálogo inicial,753,Bastones clasicos,Bastones clasicos - Reserva Privada,Forma estable,Forma,Gajos de brocoli,395.0,248.3,194.9,12.01,116
MC0754,False,3.0x400.0x277.27x180.0,Catálogo inicial,754,Guarniciones,Guarniciones - Cubos,Forma estable,Forma,Cubos de brocoli,376.5,260.3,188.4,12.564,116
MC0755,False,3.0x400.0x269.82x300.0,Catálogo inicial,755,Bastones clasicos,Bastones clasicos - Sigilo,Forma estable,Forma,Brocoli zigzag,385.2,262.2,286.1,12.706,116
MC0756,False,2.7x402.59999999999997x303.79999999999995x240.3,Caja creada en MC,756,Snacks y aperitivos,Snacks y aperitivos - Aros y Vegetales,Co-produccion,Forma,Aros de brocoli,406.8,304.1,223.5,4.69,116
MC0757,False,3.0x400.0x300.0x234.72,Catálogo inicial,757,Guarniciones,Guarniciones - Tortitas,Forma estable,Forma,Tortitas de brocoli,396.0,284.1,227.0,10.894,116
MC0758,False,3.0x400.4x278.8x230.1,Caja creada en MC,758,Bastones clasicos,Bastones clasicos - Legumes Frites,Estacional,Medio,Bastones rectos de brocoli,381.1,262.5,236.4,13.107,116
MC0759,False,3.0x375.8x300.7x170.7,Caja creada en MC,759,Bastones clasicos,Bastones clasicos - Reserva Privada,Forma estable,Forma,Gajos de brocoli,373.2,288.0,158.4,10.928,116
MC0760,False,2.7x392.0x257.3x178.8,Caja creada en MC,760,Snacks y aperitivos,Snacks y aperitivos - Queso,Co-produccion,Forma,Bocados de brocoli con queso crema,386.8,259.8,165.3,5.223,116
MC0761,False,3.0x410.5x276.4x184.8,Caja creada en MC,761,Guarniciones,Guarniciones - Cubos,Forma estable,Forma,Cubos de brocoli,393.9,257.2,190.3,12.743,116
MC0762,False,2.7x375.7x311.29999999999995x289.29999999999995,Caja creada en MC,762,Bastones clasicos,Bastones clasicos - Legumes Frites,Estacional,Medio,Bastones rectos de brocoli,388.4,290.1,281.3,12.093,116
MC0763,False,3.0x400.0x240.0x196.42,Catálogo inicial,763,Bastones clasicos,Bastones clasicos - Reserva Privada,Forma estable,Forma,Gajos de brocoli,382.0,242.5,181.4,12.39,116
MC0764,False,3.0x400.0x300.0x234.72,Catálogo inicial,764,Bastones clasicos,Bastones clasicos - Sigilo,Forma estable,Forma,Brocoli zigzag,385.6,292.0,232.2,12.452,116
MC0765,False,3.0x400.4x278.8x230.1,Caja creada en MC,765,Bastones clasicos,Bastones clasicos - Sigilo,Forma estable,Forma,Brocoli en rejilla,380.5,269.2,233.2,6.557,116
MC0766,False,3.0x369.8x258.3x256.1,Caja creada en MC,766,Bastones clasicos,Bastones clasicos - Sigilo,Forma estable,Forma,Corte rustico de brocoli,366.4,245.2,244.3,12.136,116
MC0767,False,3.0x400.0x277.27x200.0,Catálogo inicial,767,Bastones clasicos,Bastones clasicos - Legumes Frites Salados,Estacional,Medio,Bastones rectos de brocoli,386.9,255.5,206.9,13.065,116
MC0768,False,3.0x400.0x240.0x233.65,Catálogo inicial,768,Bastones clasicos,Bastones clasicos - Legumes Frites,Forma estable,Forma,Brocoli zigzag,390.4,248.6,215.3,9.464,116
MC0769,False,3.0x375.8x300.7x170.7,Caja creada en MC,769,Bastones clasicos,Bastones clasicos - Sigilo,Forma estable,Forma,Gajos de brocoli,370.2,281.8,166.2,12.904,116
MC0770,False,3.0x400.0x300.0x174.08,Catálogo inicial,770,Bastones clasicos,Bastones clasicos - Sigilo,Forma estable,Forma,Gajos de brocoli,383.8,299.3,167.3,12.336,116
MC0771,False,3.0x375.8x300.7x170.7,Caja creada en MC,771,Guarniciones,Guarniciones - Cubos,Forma estable,Forma,Cubos de brocoli,376.5,280.2,169.4,12.49,116
MC0772,False,2.7x369.2x294.2x185.70000000000002,Caja creada en MC,772,Bastones clasicos,Bastones clasicos - Sigilo,Forma estable,Forma,Gajos de brocoli,389.3,283.9,169.6,9.914,116
MC0773,False,3.0x395.9x255.9x174.1,Caja creada en MC,773,Snacks y aperitivos,Snacks y aperitivos - Queso,Co-produccion,Forma,Bocados de brocoli con mozzarella,388.4,238.1,171.9,4.91,116
MC0774,True,2.7x412.2x254.6x279.4,Caja nueva,774,Bastones clasicos,Bastones clasicos - Sigilo,Forma estable,Forma,Espirales de brocoli,406.8,249.2,274.0,6.611,117
MC0775,False,3.0x400.0x300.0x200.0,Catálogo inicial,775,Bastones clasicos,Bastones clasicos - Sigilo,Estacional,Medio,Bastones rectos de brocoli,401.0,280.8,197.4,11.733,117
MC0776,False,3.0x369.8x290.5x165.9,Caja creada en MC,776,Snacks y aperitivos,Snacks y aperitivos - Queso,Co-produccion,Forma,Bocados de brocoli con queso suizo,368.9,291.4,150.9,5.066,117
MC0777,False,2.7x409.79999999999995x269.2x239.70000000000002,Caja creada en MC,777,Bastones clasicos,Bastones clasicos - Sigilo,Forma estable,Forma,Rodajas de brocoli,387.7,273.2,231.6,9.028,117
MC0778,False,3.0x400.0x277.27x298.55,Catálogo inicial,778,Bastones clasicos,Bastones clasicos - Sigilo,Forma estable,Forma,Brocoli en rejilla,377.0,282.9,290.4,12.415,117
MC0779,False,3.0x400.0x300.0x225.0,Catálogo inicial,779,Bastones clasicos,Bastones clasicos - Sigilo,Forma estable,Forma,Espirales de brocoli,388.2,281.2,231.6,10.0,117
MC0780,False,2.7x412.2x308.9x261.9,Caja creada en MC,780,Bastones clasicos,Bastones clasicos - Reserva Privada,Forma estable,Forma,Espirales de brocoli,398.7,304.0,248.3,12.733,117
MC0781,False,3.0x400.0x277.27x200.0,Catálogo inicial,781,Bastones clasicos,Bastones clasicos - Sigilo,Estacional,Medio,Bastones rectos de brocoli,382.3,281.7,189.7,12.013,117
MC0782,False,3.0x406.3x256.5x230.9,Caja creada en MC,782,Bastones clasicos,Bastones clasicos - Reserva Privada,Forma estable,Forma,Gajos de brocoli,390.2,261.8,217.2,12.061,117
MC0783,False,3.0x400.0x240.0x233.65,Catálogo inicial,783,Bastones clasicos,Bastones clasicos - Reserva Privada,Forma estable,Forma,Gajos de brocoli,371.2,249.9,220.5,12.242,117
MC0784,False,2.7x405.29999999999995x251.4x212.4,Caja creada en MC,784,Bastones clasicos,Bastones clasicos - Legumes Frites Salados,Estacional,Medio,Bastones rectos de brocoli,385.7,250.2,211.0,12.57,117
MC0785,False,3.0x400.0x300.0x288.97,Catálogo inicial,785,Bastones clasicos,Bastones clasicos - Reserva Privada,Estacional,Fino,Bastones rectos de brocoli,378.4,284.5,297.7,11.738,117
MC0786,False,2.7x369.2x301.79999999999995x267.5,Caja creada en MC,786,Bastones clasicos,Bastones clasicos - Sigilo,Forma estable,Forma,Brocoli zigzag,379.4,292.5,252.4,9.746,117
MC0787,False,3.0x400.0x300.0x300.0,Catálogo inicial,787,Bastones clasicos,Bastones clasicos - Reserva Privada,Forma estable,Forma,Brocoli en rejilla,406.8,294.0,283.4,12.617,117
MC0788,False,3.0x400.0x300.0x150.0,Catálogo inicial,788,Bastones clasicos,Bastones clasicos - Sigilo,Estacional,Medio,Bastones rectos de brocoli,402.5,291.6,139.0,6.693,117
MC0789,False,3.0x400.0x300.0x288.97,Catálogo inicial,789,Bastones clasicos,Bastones clasicos - Sigilo,Forma estable,Forma,Brocoli en rejilla,405.8,284.3,278.7,12.697,117
MC0790,True,2.7x412.2x250.70000000000002x239.1,Caja nueva,790,Bastones clasicos,Bastones clasicos - Sigilo,Forma estable,Forma,Tiras para dip de brocoli,406.8,245.3,233.7,12.584,118
MC0791,False,3.0x389.6x249.3x214.0,Caja creada en MC,791,Bastones clasicos,Bastones clasicos - Sigilo,Estacional,Grueso,Bastones rectos de brocoli,371.2,251.0,200.9,12.297,118
MC0792,False,2.7x409.79999999999995x269.2x239.70000000000002,Caja creada en MC,792,Bastones clasicos,Bastones clasicos - Reserva Privada,Estacional,Medio,Bastones rectos de brocoli,386.8,270.7,231.6,11.774,118
MC0793,False,3.0x399.0x261.0x276.0,Catálogo inicial,793,Bastones clasicos,Bastones clasicos - Sigilo,Estacional,Medio,Bastones rectos de brocoli,372.4,282.2,256.3,12.55,118
MC0794,False,3.0x406.3x256.5x230.9,Caja creada en MC,794,Bastones clasicos,Bastones clasicos - Sigilo,Estacional,Corte steak,Bastones rectos de brocoli,383.8,260.8,222.7,12.143,118
MC0795,False,3.0x400.0x277.27x256.0,Catálogo inicial,795,Bastones clasicos,Bastones clasicos - Legumes Frites,Estacional,Fino,Bastones rectos de brocoli,372.8,284.6,251.4,12.774,118
MC0796,False,3.0x400.0x269.82x344.29,Catálogo inicial,796,Bastones clasicos,Bastones clasicos - Sigilo,Forma estable,Forma,Brocoli en rejilla,373.8,291.1,320.5,11.158,118
MC0797,False,2.7x375.7x311.29999999999995x289.29999999999995,Caja creada en MC,797,Brocoli especial,Brocoli especial - Bastones Especiales,Estacional,Fino,Bastones rectos de brocoli,382.5,295.4,283.0,9.122,118
MC0798,False,3.0x400.0x300.0x271.95,Catálogo inicial,798,Bastones clasicos,Bastones clasicos - Sigilo,Estacional,Medio,Bastones rectos de brocoli,384.3,296.0,269.1,13.734,118
MC0799,False,3.0x398.7x245.9x308.2,Caja creada en MC,799,Bastones clasicos,Bastones clasicos - Cielo,Estacional,Medio,Bastones rectos de brocoli,378.7,262.1,286.7,12.708,118
MC0800,False,2.7x405.5x308.2x293.09999999999997,Caja creada en MC,800,Bastones clasicos,Bastones clasicos - Sigilo,Forma estable,Forma,Brocoli en rejilla,395.8,289.8,300.2,11.958,118
MC0801,False,2.7x398.4x280.79999999999995x210.3,Caja creada en MC,801,Bastones clasicos,Bastones clasicos - Reserva Privada,Estacional,Corte steak,Bastones rectos de brocoli,382.2,262.1,208.3,12.592,118
MC0802,False,3.0x409.7x304.3x178.3,Caja creada en MC,802,Bastones clasicos,Bastones clasicos - Legumes Frites,Estacional,Grueso,Bastones rectos de brocoli,406.8,292.4,169.8,9.732,118
MC0803,False,2.7x398.4x280.79999999999995x210.3,Caja creada en MC,803,Bastones clasicos,Bastones clasicos - Grado B,Estacional,Medio,Bastones rectos de brocoli,380.8,282.2,206.2,12.961,118
MC0804,False,3.0x400.0x300.0x212.38,Catálogo inicial,804,Snacks y aperitivos,Snacks y aperitivos - Aros y Vegetales,Co-produccion,Forma,Aros de brocoli,395.9,284.1,207.6,4.919,118
MC0805,False,3.0x370.1x249.2x243.8,Caja creada en MC,805,Bastones clasicos,Bastones clasicos - Sigilo,Forma estable,Forma,Brocoli en rejilla,368.1,251.1,223.6,6.701,118
MC0806,True,2.7x412.2x306.2x148.0,Caja nueva,806,Bastones clasicos,Bastones clasicos - Sigilo,Estacional,Medio,Bastones rectos de brocoli,406.8,300.8,142.6,6.964,119
MC0807,False,3.0x400.0x277.27x256.0,Catálogo inicial,807,Bastones clasicos,Bastones clasicos - Legumes Frites,Estacional,Medio,Bastones rectos de brocoli,392.8,260.2,252.9,10.97,119
MC0808,False,3.0x400.0x277.27x200.0,Catálogo inicial,808,Guarniciones,Guarniciones - Tortitas,Forma estable,Forma,Mini tortitas de brocoli,386.4,277.0,192.8,12.084,119
MC0809,False,3.0x389.6x249.3x214.0,Caja creada en MC,809,Bastones clasicos,Bastones clasicos - Reserva Privada,Estacional,Medio,Bastones rectos de brocoli,377.1,248.1,204.7,13.457,119
MC0810,False,3.0x400.0x277.27x256.0,Catálogo inicial,810,Bastones clasicos,Bastones clasicos - Sigilo,Forma estable,Forma,Espirales de brocoli,395.5,258.5,261.3,6.29,119
MC0811,False,3.0x400.0x300.0x234.72,Catálogo inicial,811,Bastones clasicos,Bastones clasicos - Sigilo,Estacional,Grueso,Bastones rectos de brocoli,381.7,295.4,232.8,13.723,119
MC0812,False,3.0x400.0x300.0x288.97,Catálogo inicial,812,Bastones clasicos,Bastones clasicos - Reserva Privada,Forma estable,Forma,Brocoli en rejilla,406.8,279.3,285.8,12.63,119
MC0813,False,2.7x412.2x302.4x363.9,Caja creada en MC,813,Bastones clasicos,Bastones clasicos - Sigilo,Forma estable,Forma,Brocoli en rejilla,397.4,291.2,345.1,12.096,119
MC0814,False,3.0x389.6x249.3x214.0,Caja creada en MC,814,Bastones clasicos,Bastones clasicos - Sigilo,Forma estable,Forma,Espirales de brocoli,384.1,234.2,204.1,6.712,119
MC0815,True,2.7x369.7x253.20000000000002x286.09999999999997,Caja nueva,815,Bastones clasicos,Bastones clasicos - Sigilo,Estacional,Medio,Bastones rectos de brocoli,364.3,247.8,280.7,12.431,120
MC0816,False,3.0x400.0x277.27x256.0,Catálogo inicial,816,Bastones clasicos,Bastones clasicos - Sigilo,Forma estable,Forma,Espirales de brocoli,381.4,265.3,256.0,6.454,120
MC0817,False,3.0x400.0x269.82x150.0,Catálogo inicial,817,Guarniciones,Guarniciones - Legumes Croquetas,Forma estable,Forma,Rosti de brocoli,387.8,265.8,143.8,4.833,120
MC0818,False,3.0x400.0x300.0x288.97,Catálogo inicial,818,Snacks y aperitivos,Snacks y aperitivos - Aros y Vegetales,Co-produccion,Forma,Aros de brocoli,406.8,285.2,268.5,6.919,120
MC0819,False,2.7x409.79999999999995x269.2x239.70000000000002,Caja creada en MC,819,Bastones clasicos,Bastones clasicos - Reserva Privada,Estacional,Medio,Bastones rectos de brocoli,406.1,252.5,227.6,12.418,120
MC0820,False,2.7x375.7x311.29999999999995x289.29999999999995,Caja creada en MC,820,Bastones clasicos,Bastones clasicos - Sigilo,Forma estable,Forma,Brocoli en rejilla,369.5,288.4,275.3,9.925,120
MC0821,False,2.7x412.2x308.9x261.9,Caja creada en MC,821,Snacks y aperitivos,Snacks y aperitivos - Aros y Vegetales,Co-produccion,Forma,Aros de brocoli,398.6,305.9,249.4,6.435,120
MC0822,False,2.7x409.79999999999995x269.2x239.70000000000002,Caja creada en MC,822,Guarniciones,Guarniciones - Legumes Croquetas,Forma estable,Forma,Croquetas de brocoli,391.6,248.3,255.1,12.367,120
MC0823,False,3.0x375.8x300.7x170.7,Caja creada en MC,823,Bastones clasicos,Bastones clasicos - Sigilo,Forma estable,Forma,Gajos de brocoli,368.7,283.9,169.5,9.617,120
MC0824,False,3.0x400.0x267.7x199.61,Catálogo inicial,824,Bastones clasicos,Bastones clasicos - Legumes Frites,Estacional,Medio,Bastones rectos de brocoli,382.9,259.5,199.2,11.919,120
MC0825,False,2.7x409.79999999999995x269.2x239.70000000000002,Caja creada en MC,825,Bastones clasicos,Bastones clasicos - Sigilo,Forma estable,Forma,Tiras para dip de brocoli,396.2,252.1,241.7,12.44,120
MC0826,False,3.0x406.3x256.5x230.9,Caja creada en MC,826,Guarniciones,Guarniciones - Pure,Co-produccion,Forma,Pure de brocoli,391.4,250.3,221.2,12.347,120
MC0827,False,3.0x400.0x240.0x244.29,Catálogo inicial,827,Bastones clasicos,Bastones clasicos - Grado B,Estacional,Fino,Bastones rectos de brocoli,371.2,243.7,242.6,12.939,120
MC0828,False,3.0x400.0x300.0x271.95,Catálogo inicial,828,Bastones clasicos,Bastones clasicos - Reserva Privada,Estacional,Medio,Bastones rectos de brocoli,382.2,284.5,276.2,12.051,120
MC0829,False,3.0x400.0x300.0x234.72,Catálogo inicial,829,Bastones clasicos,Bastones clasicos - Sigilo,Forma estable,Forma,Brocoli en rejilla,391.1,281.3,239.3,6.387,120
MC0830,False,3.0x400.0x300.0x174.08,Catálogo inicial,830,Bastones clasicos,Bastones clasicos - Legumes Frites,Estacional,Medio,Bastones rectos de brocoli,384.3,276.9,180.1,12.163,120
MC0831,False,3.0x409.7x304.3x178.3,Caja creada en MC,831,Bastones clasicos,Bastones clasicos - Legumes Frites,Estacional,Medio,Bastones rectos de brocoli,388.3,303.5,173.9,13.041,120
MC0832,False,3.0x389.6x249.3x214.0,Caja creada en MC,832,Bastones clasicos,Bastones clasicos - Sigilo,Estacional,Grueso,Bastones rectos de brocoli,377.9,247.6,201.4,12.174,120
MC0833,False,3.0x400.0x240.0x244.29,Catálogo inicial,833,Bastones clasicos,Bastones clasicos - Legumes Frites,Estacional,Corte steak,Bastones rectos de brocoli,379.5,249.6,224.8,9.914,120
MC0834,False,3.0x400.0x240.0x233.65,Catálogo inicial,834,Bastones clasicos,Bastones clasicos - Legumes Frites,Forma estable,Forma,Brocoli zigzag,385.0,246.3,218.5,10.034,120
MC0835,False,3.0x400.0x266.63x256.0,Catálogo inicial,835,Bastones clasicos,Bastones clasicos - Sigilo,Forma estable,Forma,Brocoli en rejilla,379.5,246.4,273.6,6.472,120
MC0836,False,2.7x409.79999999999995x269.2x239.70000000000002,Caja creada en MC,836,Bastones clasicos,Bastones clasicos - Sigilo,Estacional,Medio,Bastones rectos de brocoli,388.2,257.3,242.9,11.984,120
MC0837,False,2.7x412.2x254.6x279.4,Caja creada en MC,837,Bastones clasicos,Bastones clasicos - Sigilo,Forma estable,Forma,Brocoli en rejilla,394.1,262.5,267.5,6.234,120
MC0838,False,2.7x369.2x291.79999999999995x286.79999999999995,Caja creada en MC,838,Bastones clasicos,Bastones clasicos - Sigilo,Forma estable,Forma,Brocoli en rejilla,372.2,272.7,287.7,10.001,120
MC0839,False,3.0x406.3x256.5x230.9,Caja creada en MC,839,Bastones clasicos,Bastones clasicos - Grado B,Estacional,Medio,Bastones rectos de brocoli,398.6,248.6,223.4,12.027,120
MC0840,False,3.0x400.0x300.0x271.95,Catálogo inicial,840,Bastones clasicos,Bastones clasicos - Sigilo,Forma estable,Forma,Brocoli zigzag,386.0,287.4,276.7,13.153,120
MC0841,False,3.0x400.0x300.0x271.95,Catálogo inicial,841,Bastones clasicos,Bastones clasicos - Sigilo,Forma estable,Forma,Brocoli en rejilla,386.5,285.2,278.2,12.543,120
MC0842,False,2.7x412.2x247.8x241.8,Caja creada en MC,842,Bastones clasicos,Bastones clasicos - Grado B,Estacional,Medio,Bastones rectos de brocoli,404.3,258.1,223.0,12.641,120
MC0843,False,3.0x370.7x292.0x270.1,Caja creada en MC,843,Bastones clasicos,Bastones clasicos - Sigilo,Forma estable,Forma,Brocoli zigzag,363.8,288.3,257.9,9.888,120
MC0844,False,3.0x375.8x300.7x170.7,Caja creada en MC,844,Bastones clasicos,Bastones clasicos - Sigilo,Forma estable,Forma,Gajos de brocoli,365.0,285.4,166.3,9.477,120
MC0845,False,3.0x400.0x277.27x180.0,Catálogo inicial,845,Bastones clasicos,Bastones clasicos - Sigilo,Forma estable,Forma,Gajos de brocoli,391.2,283.4,166.8,9.465,120
MC0846,False,3.0x400.0x266.63x256.0,Catálogo inicial,846,Bastones clasicos,Bastones clasicos - Sigilo,Forma estable,Forma,Tiras para dip de brocoli,392.9,253.1,256.6,6.639,120
MC0847,False,3.0x400.9x251.9x192.9,Caja creada en MC,847,Guarniciones,Guarniciones - Cubos,Forma estable,Forma,Cubos de brocoli,385.0,256.5,183.1,12.264,120
MC0848,False,2.7x405.5x308.2x293.09999999999997,Caja creada en MC,848,Bastones clasicos,Bastones clasicos - Sigilo,Estacional,Medio,Bastones rectos de brocoli,385.6,285.6,312.1,11.469,120
MC0849,True,2.7x392.0x272.9x366.29999999999995,Caja nueva,849,Bastones clasicos,Bastones clasicos - Reserva Privada,Estacional,Fino,Bastones rectos de brocoli,386.6,267.5,360.9,12.743,121
MC0850,False,3.0x400.0x300.0x244.29,Catálogo inicial,850,Bastones clasicos,Bastones clasicos - Reserva Privada,Estacional,Fino,Bastones rectos de brocoli,396.8,287.6,237.1,12.111,121
MC0851,False,3.0x409.7x304.3x178.3,Caja creada en MC,851,Bastones clasicos,Bastones clasicos - Sigilo,Estacional,Grueso,Bastones rectos de brocoli,391.6,299.4,176.3,12.675,121
MC0852,False,2.7x370.9x299.4x316.79999999999995,Caja creada en MC,852,Bastones clasicos,Bastones clasicos - Sigilo,Forma estable,Forma,Brocoli en rejilla,383.0,283.4,306.1,13.022,121
MC0853,False,3.0x375.5x304.2x171.8,Caja creada en MC,853,Bastones clasicos,Bastones clasicos - Legumes Frites,Estacional,Medio,Bastones rectos de brocoli,363.8,290.1,173.0,12.506,121
MC0854,False,2.7x412.2x302.4x363.9,Caja creada en MC,854,Bastones clasicos,Bastones clasicos - Sigilo,Forma estable,Forma,Espirales de brocoli,404.1,305.9,338.0,12.358,121
MC0855,False,3.0x375.1x267.5x241.0,Caja creada en MC,855,Bastones clasicos,Bastones clasicos - Sigilo,Estacional,Fino,Bastones rectos de brocoli,397.0,247.5,230.0,9.795,121
MC0856,False,3.0x400.0x300.0x200.0,Catálogo inicial,856,Bastones clasicos,Bastones clasicos - Legumes Frites,Estacional,Fino,Bastones rectos de brocoli,393.5,284.2,199.8,13.095,121
MC0857,False,3.0x400.0x300.0x163.44,Catálogo inicial,857,Bastones clasicos,Bastones clasicos - Mayordomo,Estacional,Medio,Bastones rectos de brocoli,375.8,283.2,168.8,12.102,121
MC0858,False,3.0x400.0x300.0x234.72,Catálogo inicial,858,Bastones clasicos,Bastones clasicos - Sigilo,Forma estable,Forma,Dippers de brocoli,395.8,285.8,230.5,10.997,121
MC0859,False,3.0x394.0x294.0x195.0,Catálogo inicial,859,Bastones clasicos,Bastones clasicos - Sigilo,Estacional,Grueso,Bastones rectos de brocoli,396.0,293.3,179.0,12.752,121
MC0860,False,3.0x400.0x300.0x342.17,Catálogo inicial,860,Bastones clasicos,Bastones clasicos - Sigilo,Forma estable,Forma,Brocoli en rejilla,404.1,288.0,326.0,10.937,121
MC0861,False,3.0x410.5x276.4x184.8,Caja creada en MC,861,Bastones clasicos,Bastones clasicos - Sigilo,Forma estable,Forma,Gajos de brocoli,382.7,256.8,191.7,12.932,121
MC0862,False,3.0x400.0x240.0x244.29,Catálogo inicial,862,Bastones clasicos,Bastones clasicos - Legumes Frites,Forma estable,Forma,Brocoli zigzag,377.4,243.5,231.2,12.338,121
MC0863,False,3.0x400.0x266.63x256.0,Catálogo inicial,863,Bastones clasicos,Bastones clasicos - Sigilo,Forma estable,Forma,Espirales de brocoli,401.8,247.6,256.2,6.904,121
MC0864,False,3.0x399.0x276.1x274.7,Caja creada en MC,864,Bastones clasicos,Bastones clasicos - Sigilo,Forma estable,Forma,Espirales de brocoli,393.7,271.4,266.7,6.914,121
MC0865,False,3.0x400.0x300.0x225.0,Catálogo inicial,865,Bastones clasicos,Bastones clasicos - Sigilo,Estacional,Grueso,Bastones rectos de brocoli,381.8,294.4,225.4,13.866,121
MC0866,False,2.7x405.5x308.2x293.09999999999997,Caja creada en MC,866,Bastones clasicos,Bastones clasicos - Sigilo,Estacional,Medio,Bastones rectos de brocoli,395.9,285.2,308.3,12.707,121
MC0867,False,3.0x400.0x277.27x298.55,Catálogo inicial,867,Bastones clasicos,Bastones clasicos - Sigilo,Estacional,Medio,Bastones rectos de brocoli,399.8,265.9,289.5,12.947,121
MC0868,False,3.0x400.4x278.8x230.1,Caja creada en MC,868,Bastones clasicos,Bastones clasicos - Sigilo,Forma estable,Forma,Corte rustico de brocoli,394.0,257.2,230.5,12.055,121
MC0869,False,2.7x412.2x268.2x319.59999999999997,Caja creada en MC,869,Bastones clasicos,Bastones clasicos - Sigilo,Estacional,Grueso,Bastones rectos de brocoli,388.5,291.0,296.0,12.488,121
MC0870,False,2.7x412.2x254.6x279.4,Caja creada en MC,870,Bastones clasicos,Bastones clasicos - Sigilo,Forma estable,Forma,Brocoli zigzag,389.9,253.9,279.4,12.971,121
MC0871,False,3.0x412.8x258.5x211.6,Caja creada en MC,871,Bastones clasicos,Bastones clasicos - Sigilo,Forma estable,Forma,Tiras para dip de brocoli,400.0,245.6,213.8,6.553,121
MC0872,False,3.0x375.1x267.5x241.0,Caja creada en MC,872,Bastones clasicos,Bastones clasicos - Legumes Frites,Estacional,Medio,Bastones rectos de brocoli,369.7,250.7,234.5,12.912,121
MC0873,False,3.0x400.0x240.0x244.29,Catálogo inicial,873,Bastones clasicos,Bastones clasicos - Legumes Frites,Estacional,Fino,Bastones rectos de brocoli,373.3,241.5,240.7,12.504,121
MC0874,False,3.0x400.0x300.0x234.72,Catálogo inicial,874,Bastones clasicos,Bastones clasicos - Sigilo,Forma estable,Forma,Brocoli en rejilla,395.1,295.2,222.1,6.035,121
MC0875,False,3.0x406.3x311.9x205.6,Caja creada en MC,875,Bastones clasicos,Bastones clasicos - Sigilo,Forma estable,Forma,Espirales de brocoli,405.4,298.6,193.9,5.469,121
MC0876,False,3.0x400.0x267.7x199.61,Catálogo inicial,876,Bastones clasicos,Bastones clasicos - Sigilo,Estacional,Fino,Bastones rectos de brocoli,375.3,269.2,186.6,6.598,121
MC0877,False,3.0x369.8x292.7x200.2,Caja creada en MC,877,Bastones clasicos,Bastones clasicos - Sigilo,Estacional,Medio,Bastones rectos de brocoli,368.9,286.7,186.7,12.844,121
MC0878,True,2.7x369.2x271.4x267.0,Caja nueva,878,Bastones clasicos,Bastones clasicos - Sigilo,Forma estable,Forma,Espirales de brocoli,363.8,266.0,261.6,12.873,122
MC0879,False,2.7x412.2x268.2x319.59999999999997,Caja creada en MC,879,Bastones clasicos,Bastones clasicos - Sigilo,Estacional,Fino,Bastones rectos de brocoli,385.4,254.3,327.2,12.716,122
MC0880,False,3.0x399.0x261.0x276.0,Catálogo inicial,880,Bastones clasicos,Bastones clasicos - Sigilo,Estacional,Medio,Bastones rectos de brocoli,379.8,276.0,255.6,12.648,122
MC0881,False,2.7x412.2x308.9x261.9,Caja creada en MC,881,Bastones clasicos,Bastones clasicos - Sigilo,Forma estable,Forma,Espirales de brocoli,390.4,303.7,249.2,9.312,122
MC0882,False,2.7x409.79999999999995x269.2x239.70000000000002,Caja creada en MC,882,Bastones clasicos,Bastones clasicos - Sigilo,Forma estable,Forma,Corte rustico de brocoli,400.8,248.8,244.7,12.721,122
MC0883,False,3.0x400.0x277.27x256.0,Catálogo inicial,883,Bastones clasicos,Bastones clasicos - Sigilo,Forma estable,Forma,Tiras para dip de brocoli,385.4,259.5,257.6,6.623,122
MC0884,False,2.7x409.79999999999995x269.2x239.70000000000002,Caja creada en MC,884,Bastones clasicos,Bastones clasicos - Sigilo,Estacional,Medio,Bastones rectos de brocoli,395.7,249.3,242.6,12.967,122
MC0885,False,3.0x400.0x300.0x257.14,Catálogo inicial,885,Snacks y aperitivos,Snacks y aperitivos - Aros y Vegetales,Co-produccion,Forma,Aros de brocoli,389.5,284.9,262.0,5.318,122
MC0886,False,3.0x380.8x257.6x181.9,Caja creada en MC,886,Guarniciones,Guarniciones - Cubos,Forma estable,Forma,Cubos de brocoli,390.7,245.4,171.2,11.865,122
MC0887,False,3.0x400.0x300.0x271.95,Catálogo inicial,887,Bastones clasicos,Bastones clasicos - Sigilo,Forma estable,Forma,Espirales de brocoli,400.6,296.8,253.4,6.424,122
MC0888,False,3.0x400.0x277.27x298.55,Catálogo inicial,888,Bastones clasicos,Bastones clasicos - Sigilo,Forma estable,Forma,Brocoli en rejilla,386.8,279.4,288.6,9.533,122
MC0889,False,3.0x400.0x277.27x298.55,Catálogo inicial,889,Bastones clasicos,Bastones clasicos - Sigilo,Forma estable,Forma,Brocoli en rejilla,384.0,276.1,289.6,12.565,122
MC0890,False,2.7x369.2x269.5x156.8,Caja creada en MC,890,Guarniciones,Guarniciones - Legumes Croquetas,Forma estable,Forma,Tortitas de brocoli,391.9,252.1,143.9,5.002,122
MC0891,False,3.0x399.0x261.0x276.0,Catálogo inicial,891,Bastones clasicos,Bastones clasicos - Reserva Privada,Estacional,Fino,Bastones rectos de brocoli,383.5,243.0,259.6,10.923,122
MC0892,False,3.0x400.0x240.0x196.42,Catálogo inicial,892,Bastones clasicos,Bastones clasicos - Sigilo,Forma estable,Forma,Espirales de brocoli,376.5,258.0,179.8,4.639,122
MC0893,False,3.0x412.8x269.0x265.6,Caja creada en MC,893,Bastones clasicos,Bastones clasicos - Reserva Privada,Estacional,Fino,Bastones rectos de brocoli,393.6,275.6,247.6,12.087,122
MC0894,False,3.0x375.8x300.7x170.7,Caja creada en MC,894,Bastones clasicos,Bastones clasicos - Legumes Frites,Estacional,Medio,Bastones rectos de brocoli,367.6,288.0,168.9,12.11,122
MC0895,False,3.0x369.8x258.3x256.1,Caja creada en MC,895,Bastones clasicos,Bastones clasicos - Sigilo,Forma estable,Forma,Corte rustico de brocoli,399.2,239.2,236.4,12.116,122
MC0896,True,2.7x412.2x311.29999999999995x186.0,Caja nueva,896,Bastones clasicos,Bastones clasicos - Sigilo,Forma estable,Forma,Brocoli en rejilla,406.8,305.9,180.6,4.451,123
MC0897,False,3.0x400.0x240.0x248.55,Catálogo inicial,897,Bastones clasicos,Bastones clasicos - Sigilo,Estacional,Medio,Bastones rectos de brocoli,396.4,241.9,230.7,12.039,123
MC0898,True,3.0x387.8x278.8x169.5,Caja nueva,898,Bastones clasicos,Bastones clasicos - Mayordomo,Forma estable,Forma,Gajos de brocoli,381.8,272.8,163.5,12.482,124
MC0899,False,3.0x410.5x276.4x184.8,Caja creada en MC,899,Bastones clasicos,Bastones clasicos - Reserva Privada,Forma estable,Forma,Gajos de brocoli,390.5,258.2,192.3,12.438,124
MC0900,True,2.7x408.4x311.29999999999995x275.7,Caja nueva,900,Bastones clasicos,Bastones clasicos - Sigilo,Forma estable,Forma,Espirales de brocoli,403.0,305.9,270.3,9.52,125
MC0901,False,3.0x400.0x277.27x256.0,Catálogo inicial,901,Bastones clasicos,Bastones clasicos - Sigilo,Forma estable,Forma,Espirales de brocoli,388.6,257.4,263.6,6.67,125
MC0902,False,2.7x402.29999999999995x251.3x285.0,Caja creada en MC,902,Bastones clasicos,Bastones clasicos - Reserva Privada,Estacional,Fino,Bastones rectos de brocoli,395.8,259.3,265.1,12.478,125
MC0903,False,3.0x400.0x300.0x271.95,Catálogo inicial,903,Bastones clasicos,Bastones clasicos - Sigilo,Forma estable,Forma,Espirales de brocoli,405.3,296.2,251.3,10.061,125
MC0904,False,2.7x405.5x308.2x293.09999999999997,Caja creada en MC,904,Brocoli especial,Brocoli especial - Bastones Especiales,Estacional,Fino,Bastones rectos de brocoli,388.3,286.9,307.0,8.699,125
MC0905,False,3.0x389.6x249.3x214.0,Caja creada en MC,905,Bastones clasicos,Bastones clasicos - Sigilo,Estacional,Medio,Bastones rectos de brocoli,372.0,242.4,213.1,9.743,125
MC0906,False,2.7x392.0x257.3x178.8,Caja creada en MC,906,Bastones clasicos,Bastones clasicos - Sigilo,Forma estable,Forma,Gajos de brocoli,372.2,275.6,164.1,8.602,125
MC0907,False,3.0x400.0x266.63x256.0,Catálogo inicial,907,Bastones clasicos,Bastones clasicos - Sigilo,Forma estable,Forma,Brocoli en rejilla,382.4,284.6,235.6,6.499,125
MC0908,False,2.7x370.4x280.09999999999997x286.59999999999997,Caja creada en MC,908,Bastones clasicos,Bastones clasicos - Sigilo,Forma estable,Forma,Espirales de brocoli,364.8,289.4,264.5,12.767,125
MC0909,False,2.7x412.2x247.8x241.8,Caja creada en MC,909,Bastones clasicos,Bastones clasicos - Sigilo,Forma estable,Forma,Tiras para dip de brocoli,401.6,246.4,231.5,12.346,125
MC0910,False,3.0x400.0x267.7x199.61,Catálogo inicial,910,Guarniciones,Guarniciones - Cubos,Forma estable,Forma,Cubos de brocoli,403.8,250.4,185.3,12.694,125
MC0911,False,2.7x412.2x254.6x279.4,Caja creada en MC,911,Bastones clasicos,Bastones clasicos - Sigilo,Forma estable,Forma,Espirales de brocoli,406.8,245.0,275.2,6.342,125
MC0912,False,3.0x375.5x304.2x171.8,Caja creada en MC,912,Bastones clasicos,Bastones clasicos - Sigilo,Forma estable,Forma,Gajos de brocoli,367.2,288.5,169.7,12.785,125
MC0913,False,3.0x400.0x300.0x244.29,Catálogo inicial,913,Bastones clasicos,Bastones clasicos - Reserva Privada,Estacional,Fino,Bastones rectos de brocoli,394.4,281.8,247.1,12.283,125
MC0914,False,2.7x405.5x308.2x293.09999999999997,Caja creada en MC,914,Bastones clasicos,Bastones clasicos - Reserva Privada,Estacional,Fino,Bastones rectos de brocoli,402.5,298.1,284.9,12.819,125
MC0915,False,2.7x408.4x311.29999999999995x275.7,Caja creada en MC,915,Brocoli especial,Brocoli especial - Bastones Especiales,Estacional,Fino,Bastones rectos de brocoli,389.6,298.9,285.6,8.766,125
MC0916,False,3.0x400.0x277.27x200.0,Catálogo inicial,916,Bastones clasicos,Bastones clasicos - Sigilo,Forma estable,Forma,Brocoli en rejilla,394.2,264.5,198.6,4.705,125
MC0917,False,3.0x389.6x249.3x214.0,Caja creada en MC,917,Bastones clasicos,Bastones clasicos - Sigilo,Forma estable,Forma,Espirales de brocoli,363.8,242.4,219.0,6.516,125
MC0918,True,2.7x403.59999999999997x301.9x320.4,Caja nueva,918,Bastones clasicos,Bastones clasicos - Reserva Privada,Forma estable,Forma,Brocoli en rejilla,398.2,296.5,315.0,10.513,126
MC0919,False,3.0x400.0x300.0x174.08,Catálogo inicial,919,Bastones clasicos,Bastones clasicos - Legumes Frites,Estacional,Medio,Bastones rectos de brocoli,373.7,277.6,186.0,10.797,126
MC0920,False,3.0x400.0x274.08x225.0,Catálogo inicial,920,Bastones clasicos,Bastones clasicos - Sigilo,Estacional,Medio,Bastones rectos de brocoli,388.3,282.5,210.8,11.981,126
MC0921,False,3.0x370.7x292.0x270.1,Caja creada en MC,921,Bastones clasicos,Bastones clasicos - Reserva Privada,Forma estable,Forma,Rodajas de brocoli,367.9,283.8,259.8,8.387,126
MC0922,False,2.7x409.79999999999995x269.2x239.70000000000002,Caja creada en MC,922,Bastones clasicos,Bastones clasicos - Sigilo,Forma estable,Forma,Corte rustico de brocoli,399.4,249.4,243.3,12.733,126
MC0923,False,3.0x400.0x240.0x248.55,Catálogo inicial,923,Bastones clasicos,Bastones clasicos - Legumes Frites,Estacional,Corte steak,Bastones rectos de brocoli,391.7,242.8,233.7,9.749,126
MC0924,False,3.0x406.3x256.5x230.9,Caja creada en MC,924,Bastones extra crocantes,Bastones extra crocantes - Atelier Frites,Estacional,Grueso,Bastones rectos de brocoli,381.8,244.2,241.8,12.32,126
MC0925,False,2.7x398.4x280.79999999999995x210.3,Caja creada en MC,925,Bastones clasicos,Bastones clasicos - Sigilo,Forma estable,Forma,Gajos de brocoli,372.8,265.9,221.5,12.355,126
MC0926,False,3.0x389.6x249.3x214.0,Caja creada en MC,926,Bastones clasicos,Bastones clasicos - Sigilo,Forma estable,Forma,Brocoli en rejilla,367.6,246.9,206.1,4.419,126
MC0927,False,2.7x398.4x280.79999999999995x210.3,Caja creada en MC,927,Bastones clasicos,Bastones clasicos - Reserva Privada,Estacional,Corte steak,Bastones rectos de brocoli,389.9,259.8,209.2,13.119,126
MC0928,False,3.0x395.9x255.9x174.1,Caja creada en MC,928,Snacks y aperitivos,Snacks y aperitivos - Queso,Co-produccion,Forma,Bocados de brocoli con mozzarella,386.1,242.8,166.9,4.89,126
MC0929,False,3.0x370.7x292.0x270.1,Caja creada en MC,929,Bastones clasicos,Bastones clasicos - Sigilo,Forma estable,Forma,Espirales de brocoli,368.0,274.3,257.4,12.004,126
MC0930,False,3.0x410.5x276.4x184.8,Caja creada en MC,930,Bastones clasicos,Bastones clasicos - Sigilo,Forma estable,Forma,Brocoli zigzag,388.2,261.3,188.0,6.911,126
MC0931,False,3.0x400.0x300.0x234.72,Catálogo inicial,931,Bastones clasicos,Bastones clasicos - Sigilo,Estacional,Grueso,Bastones rectos de brocoli,389.7,290.3,226.9,13.661,126
MC0932,False,3.0x397.0x298.0x322.0,Catálogo inicial,932,Bastones clasicos,Bastones clasicos - Sigilo,Forma estable,Forma,Espirales de brocoli,382.3,298.9,310.2,13.795,126
MC0933,False,3.0x400.0x277.27x180.0,Catálogo inicial,933,Bastones clasicos,Bastones clasicos - Sigilo,Forma estable,Forma,Gajos de brocoli,381.5,293.5,164.3,9.596,126
MC0934,False,3.0x406.3x311.9x205.6,Caja creada en MC,934,Brocoli especial,Brocoli especial - Bastones Especiales,Estacional,Corte steak,Bastones rectos de brocoli,406.8,297.8,192.1,12.817,126
MC0935,False,3.0x400.0x274.08x225.0,Catálogo inicial,935,Bastones clasicos,Bastones clasicos - Sigilo,Forma estable,Forma,Gajos de brocoli,395.0,274.8,208.0,12.906,126
MC0936,False,2.7x375.5x293.7x229.6,Caja creada en MC,936,Bastones clasicos,Bastones clasicos - Sigilo,Forma estable,Forma,Espirales de brocoli,384.5,284.0,214.9,6.398,126
MC0937,False,3.0x400.0x240.0x265.57,Catálogo inicial,937,Guarniciones,Guarniciones - Legumes Croquetas,Forma estable,Forma,Croquetas de brocoli,387.1,239.8,257.6,9.533,126
MC0938,False,3.0x400.0x300.0x271.95,Catálogo inicial,938,Bastones clasicos,Bastones clasicos - Sigilo,Estacional,Grueso,Bastones rectos de brocoli,374.5,305.9,266.1,12.778,126
MC0939,False,3.0x400.0x300.0x179.4,Catálogo inicial,939,Bastones clasicos,Bastones clasicos - Sigilo,Forma estable,Forma,Brocoli en rejilla,395.4,281.8,178.3,4.578,126
MC0940,False,2.7x369.2x289.5x230.70000000000002,Caja creada en MC,940,Bastones clasicos,Bastones clasicos - Sigilo,Forma estable,Forma,Gajos de brocoli,389.7,278.9,213.3,11.492,126
MC0941,False,3.0x400.0x277.27x180.0,Catálogo inicial,941,Bastones clasicos,Bastones clasicos - Sigilo,Forma estable,Forma,Gajos de brocoli,374.6,273.2,170.6,10.628,126
MC0942,False,3.0x406.3x256.5x230.9,Caja creada en MC,942,Bastones clasicos,Bastones clasicos - Grado B,Estacional,Medio,Bastones rectos de brocoli,398.1,243.6,222.8,11.549,126
MC0943,False,3.0x400.0x300.0x234.72,Catálogo inicial,943,Bastones clasicos,Bastones clasicos - Legumes Frites,Estacional,Corte steak,Bastones rectos de brocoli,385.8,305.9,224.4,12.723,126
MC0944,False,2.7x409.79999999999995x269.2x239.70000000000002,Caja creada en MC,944,Bastones clasicos,Bastones clasicos - Legumes Frites,Estacional,Corte steak,Bastones rectos de brocoli,385.8,270.3,236.4,12.402,126
MC0945,False,3.0x400.0x240.0x248.55,Catálogo inicial,945,Bastones clasicos,Bastones clasicos - Sigilo,Forma estable,Forma,Rodajas de brocoli,386.3,248.4,231.9,9.703,126
MC0946,False,2.7x370.4x280.09999999999997x286.59999999999997,Caja creada en MC,946,Bastones clasicos,Bastones clasicos - Sigilo,Forma estable,Forma,Brocoli en rejilla,363.8,270.8,284.7,8.306,126
MC0947,False,2.7x381.7x192.70000000000002x157.5,Caja creada en MC,947,Guarniciones,Guarniciones - Legumes Croquetas,Forma estable,Forma,Croquetas de brocoli,388.4,176.5,154.4,4.835,126
MC0948,False,2.7x370.9x299.4x316.79999999999995,Caja creada en MC,948,Bastones clasicos,Bastones clasicos - Sigilo,Estacional,Fino,Bastones rectos de brocoli,363.8,283.9,300.8,12.321,126
MC0949,False,2.7x411.9x311.29999999999995x206.1,Caja creada en MC,949,Bastones clasicos,Bastones clasicos - Sigilo,Forma estable,Forma,Espirales de brocoli,387.7,293.2,219.4,6.369,126
MC0950,False,2.7x409.79999999999995x269.2x239.70000000000002,Caja creada en MC,950,Bastones clasicos,Bastones clasicos - Sigilo,Forma estable,Forma,Tiras para dip de brocoli,405.1,250.0,236.0,12.544,126
MC0951,False,3.0x400.0x300.0x271.95,Catálogo inicial,951,Bastones clasicos,Bastones clasicos - Sigilo,Forma estable,Forma,Espirales de brocoli,391.2,298.0,253.4,9.921,126
MC0952,False,3.0x399.2x258.0x209.2,Caja creada en MC,952,Bastones clasicos,Bastones clasicos - Legumes Frites Salados,Estacional,Medio,Bastones rectos de brocoli,375.7,258.0,207.2,13.351,126
MC0953,False,3.0x395.9x255.9x174.1,Caja creada en MC,953,Snacks y aperitivos,Snacks y aperitivos - Queso,Co-produccion,Forma,Bocados de brocoli con queso cheddar,380.1,257.5,166.8,4.997,126
MC0954,False,3.0x369.8x258.3x256.1,Caja creada en MC,954,Bastones clasicos,Bastones clasicos - Sigilo,Forma estable,Forma,Brocoli en rejilla,394.8,245.6,235.5,6.976,126
MC0955,False,2.7x370.9x299.4x316.79999999999995,Caja creada en MC,955,Bastones clasicos,Bastones clasicos - Reserva Privada,Estacional,Fino,Bastones rectos de brocoli,363.8,276.5,311.4,12.189,126
MC0956,False,3.0x400.0x300.0x150.0,Catálogo inicial,956,Snacks y aperitivos,Snacks y aperitivos - Queso,Co-produccion,Forma,Bocados de brocoli con queso cheddar,401.1,293.8,138.8,4.749,126
MC0957,False,3.0x373.2x309.4x177.8,Caja creada en MC,957,Bastones clasicos,Bastones clasicos - Legumes Frites,Estacional,Medio,Bastones rectos de brocoli,385.4,286.1,172.2,12.368,126
MC0958,False,3.0x375.1x267.5x241.0,Caja creada en MC,958,Bastones clasicos,Bastones clasicos - Sigilo,Estacional,Medio,Bastones rectos de brocoli,369.3,254.6,227.3,11.901,126
MC0959,False,2.7x408.2x295.59999999999997x162.4,Caja creada en MC,959,Bastones clasicos,Bastones clasicos - Sigilo,Forma estable,Forma,Gajos de brocoli,379.2,292.8,163.5,8.754,126
MC0960,False,3.0x400.0x277.27x180.0,Catálogo inicial,960,Guarniciones,Guarniciones - Cubos,Forma estable,Forma,Cubos de brocoli,374.2,273.8,166.4,12.207,126
MC0961,False,2.7x369.2x289.5x230.70000000000002,Caja creada en MC,961,Bastones clasicos,Bastones clasicos - Sigilo,Estacional,Medio,Bastones rectos de brocoli,396.0,273.7,212.7,8.237,126
MC0962,False,3.0x400.0x240.0x265.57,Catálogo inicial,962,Guarniciones,Guarniciones - Legumes Croquetas,Forma estable,Forma,Croquetas de brocoli,388.3,246.3,246.3,10.258,126
MC0963,False,3.0x400.0x300.0x225.0,Catálogo inicial,963,Bastones clasicos,Bastones clasicos - Reserva Privada,Estacional,Fino,Bastones rectos de brocoli,372.7,284.7,227.6,12.298,126
MC0964,False,3.0x400.0x300.0x288.97,Catálogo inicial,964,Bastones clasicos,Bastones clasicos - Legumes Frites,Estacional,Medio,Bastones rectos de brocoli,383.3,294.5,286.9,11.886,126
MC0965,False,3.0x400.0x277.27x298.55,Catálogo inicial,965,Bastones clasicos,Bastones clasicos - Reserva Privada,Estacional,Fino,Bastones rectos de brocoli,376.0,289.0,285.9,12.837,126
MC0966,True,2.7x412.2x278.09999999999997x335.2,Caja nueva,966,Bastones clasicos,Bastones clasicos - Reserva Privada,Estacional,Fino,Bastones rectos de brocoli,406.8,272.7,329.8,12.227,127
MC0967,False,2.7x369.2x301.79999999999995x267.5,Caja creada en MC,967,Bastones clasicos,Bastones clasicos - Legumes Frites,Estacional,Fino,Bastones rectos de brocoli,372.3,291.4,260.0,12.909,127
MC0968,False,3.0x406.3x256.5x230.9,Caja creada en MC,968,Bastones clasicos,Bastones clasicos - Grado B,Estacional,Medio,Bastones rectos de brocoli,401.4,249.6,216.2,12.225,127
MC0969,False,3.0x400.0x300.0x244.29,Catálogo inicial,969,Bastones clasicos,Bastones clasicos - Sigilo,Forma estable,Forma,Brocoli zigzag,385.6,296.3,235.8,9.592,127
MC0970,False,3.0x375.6x286.8x216.9,Caja creada en MC,970,Bastones clasicos,Bastones clasicos - Reserva Privada,Forma estable,Forma,Gajos de brocoli,366.8,286.0,206.6,13.134,127
MC0971,False,2.7x392.0x257.3x178.8,Caja creada en MC,971,Snacks y aperitivos,Snacks y aperitivos - Queso,Co-produccion,Forma,Bocados de brocoli con mozzarella,385.0,255.5,169.2,5.089,127
MC0972,False,3.0x400.0x300.0x179.4,Catálogo inicial,972,Bastones clasicos,Bastones clasicos - Legumes Frites,Estacional,Corte steak,Bastones rectos de brocoli,378.7,300.8,172.1,12.788,127
MC0973,False,3.0x373.5x311.9x210.7,Caja creada en MC,973,Bastones clasicos,Bastones clasicos - Legumes Frites,Estacional,Corte steak,Bastones rectos de brocoli,379.9,297.0,202.2,12.466,127
MC0974,False,3.0x400.0x240.0x248.55,Catálogo inicial,974,Guarniciones,Guarniciones - Legumes Croquetas,Forma estable,Forma,Croquetas de brocoli,381.1,249.7,234.1,9.905,127
MC0975,False,3.0x373.8x259.9x219.5,Caja creada en MC,975,Bastones clasicos,Bastones clasicos - Reserva Privada,Estacional,Medio,Bastones rectos de brocoli,378.5,248.6,208.1,12.78,127
MC0976,True,2.7x372.7x265.79999999999995x220.8,Caja nueva,976,Bastones clasicos,Bastones clasicos - Sigilo,Forma estable,Forma,Tiras para dip de brocoli,367.3,260.4,215.4,12.575,128
MC0977,False,3.0x400.0x300.0x271.95,Catálogo inicial,977,Bastones clasicos,Bastones clasicos - Reserva Privada,Forma estable,Forma,Rodajas de brocoli,381.6,296.6,262.3,8.713,128
MC0978,False,2.7x369.2x294.2x185.70000000000002,Caja creada en MC,978,Bastones clasicos,Bastones clasicos - Sigilo,Estacional,Medio,Bastones rectos de brocoli,367.0,287.6,178.7,11.958,128
MC0979,False,2.7x369.2x271.4x267.0,Caja creada en MC,979,Bastones clasicos,Bastones clasicos - Sigilo,Forma estable,Forma,Dippers de brocoli,374.4,257.7,259.4,12.725,128
MC0980,False,3.0x399.0x276.1x274.7,Caja creada en MC,980,Bastones clasicos,Bastones clasicos - Reserva Privada,Estacional,Fino,Bastones rectos de brocoli,375.5,269.1,280.3,12.516,128
MC0981,False,3.0x400.0x271.95x163.63,Catálogo inicial,981,Bastones clasicos,Bastones clasicos - Sigilo,Estacional,Medio,Bastones rectos de brocoli,377.9,287.5,148.5,6.419,128
MC0982,False,2.7x412.2x311.29999999999995x186.0,Caja creada en MC,982,Bastones clasicos,Bastones clasicos - Sigilo,Estacional,Fino,Bastones rectos de brocoli,406.8,295.6,184.2,7.009,128
MC0983,False,3.0x400.0x277.27x256.0,Catálogo inicial,983,Bastones clasicos,Bastones clasicos - Sigilo,Estacional,Fino,Bastones rectos de brocoli,386.7,279.8,245.1,12.443,128
MC0984,False,3.0x400.0x300.0x342.17,Catálogo inicial,984,Bastones clasicos,Bastones clasicos - Reserva Privada,Estacional,Fino,Bastones rectos de brocoli,397.9,282.9,336.9,13.117,128
MC0985,False,3.0x369.8x290.5x165.9,Caja creada en MC,985,Bastones clasicos,Bastones clasicos - Sigilo,Forma estable,Forma,Gajos de brocoli,365.4,285.4,155.1,12.492,128
MC0986,False,3.0x389.6x249.3x214.0,Caja creada en MC,986,Bastones clasicos,Bastones clasicos - Reserva Privada,Forma estable,Forma,Gajos de brocoli,385.3,251.9,196.5,12.619,128
MC0987,False,3.0x400.0x300.0x271.95,Catálogo inicial,987,Bastones clasicos,Bastones clasicos - Legumes Frites,Estacional,Fino,Bastones rectos de brocoli,390.5,288.2,271.3,12.352,128
MC0988,False,3.0x400.9x251.9x192.9,Caja creada en MC,988,Bastones clasicos,Bastones clasicos - Legumes Frites,Estacional,Medio,Bastones rectos de brocoli,374.1,268.8,179.7,11.875,128
MC0989,False,2.7x409.79999999999995x269.2x239.70000000000002,Caja creada en MC,989,Bastones clasicos,Bastones clasicos - Sigilo,Estacional,Fino,Bastones rectos de brocoli,403.7,249.2,248.0,12.448,128
MC0990,False,3.0x400.0x277.27x200.0,Catálogo inicial,990,Bastones clasicos,Bastones clasicos - Reserva Privada,Estacional,Medio,Bastones rectos de brocoli,374.0,296.5,183.2,12.626,128
MC0991,False,3.0x400.0x300.0x234.72,Catálogo inicial,991,Bastones clasicos,Bastones clasicos - Sigilo,Forma estable,Forma,Espirales de brocoli,382.7,280.6,244.9,12.754,128
MC0992,False,3.0x399.0x261.0x276.0,Catálogo inicial,992,Bastones clasicos,Bastones clasicos - Sigilo,Forma estable,Forma,Brocoli en rejilla,386.1,248.7,280.1,6.461,128
MC0993,False,3.0x400.0x274.08x225.0,Catálogo inicial,993,Bastones clasicos,Bastones clasicos - Sigilo,Estacional,Corte steak,Bastones rectos de brocoli,394.9,265.0,216.3,11.678,128
MC0994,False,2.7x412.2x253.3x151.3,Caja creada en MC,994,Bastones clasicos,Bastones clasicos - Sigilo,Forma estable,Forma,Dippers de brocoli,385.4,265.3,141.8,4.365,128
MC0995,False,3.0x400.0x267.7x199.61,Catálogo inicial,995,Bastones clasicos,Bastones clasicos - Reserva Privada,Forma estable,Forma,Gajos de brocoli,379.9,251.8,192.8,13.27,128
MC0996,False,3.0x400.0x267.7x199.61,Catálogo inicial,996,Bastones clasicos,Bastones clasicos - Sigilo,Forma estable,Forma,Brocoli en rejilla,390.2,251.5,198.6,4.365,128
MC0997,False,3.0x400.0x300.0x234.72,Catálogo inicial,997,Bastones clasicos,Bastones clasicos - Sigilo,Forma estable,Forma,Brocoli zigzag,377.5,283.9,245.3,13.035,128
MC0998,False,3.0x400.0x277.27x200.0,Catálogo inicial,998,Guarniciones,Guarniciones - Otros,Estacional,Medio,Bastones rectos de brocoli,391.6,279.1,185.6,12.15,128
MC0999,False,3.0x395.9x255.9x174.1,Caja creada en MC,999,Bastones clasicos,Bastones clasicos - Sigilo,Forma estable,Forma,Tiras para dip de brocoli,395.8,247.4,164.0,5.47,128
MC1000,False,3.0x400.0x240.0x254.93,Catálogo inicial,1000,Bastones clasicos,Bastones clasicos - Sigilo,Estacional,Medio,Bastones rectos de brocoli,392.0,247.0,234.4,12.734,128
MC1001,False,3.0x400.0x300.0x212.38,Catálogo inicial,1001,Snacks y aperitivos,Snacks y aperitivos - Aros y Vegetales,Co-produccion,Forma,Aros de brocoli,389.9,290.5,204.7,4.877,128
MC1002,False,3.0x399.0x261.0x276.0,Catálogo inicial,1002,Guarniciones,Guarniciones - Tortitas,Forma estable,Forma,Rosti de brocoli,402.4,247.1,271.9,13.097,128
MC1003,False,3.0x400.0x300.0x288.97,Catálogo inicial,1003,Bastones clasicos,Bastones clasicos - Sigilo,Forma estable,Forma,Brocoli en rejilla,392.2,282.1,289.8,8.018,128
MC1004,False,3.0x375.1x267.5x241.0,Caja creada en MC,1004,Bastones clasicos,Bastones clasicos - Legumes Frites,Estacional,Medio,Bastones rectos de brocoli,376.5,253.7,236.2,12.673,128
MC1005,False,3.0x406.3x256.5x230.9,Caja creada en MC,1005,Bastones clasicos,Bastones clasicos - Grado B,Estacional,Medio,Bastones rectos de brocoli,384.2,249.7,222.7,12.4,128
MC1006,False,2.7x412.2x308.9x261.9,Caja creada en MC,1006,Bastones clasicos,Bastones clasicos - Sigilo,Forma estable,Forma,Espirales de brocoli,406.8,305.9,244.6,9.943,128
MC1007,False,2.7x398.4x280.79999999999995x210.3,Caja creada en MC,1007,Bastones clasicos,Bastones clasicos - Sigilo,Forma estable,Forma,Espirales de brocoli,379.1,290.1,201.6,5.761,128
MC1008,False,2.7x412.2x308.9x261.9,Caja creada en MC,1008,Snacks y aperitivos,Snacks y aperitivos - Aros y Vegetales,Co-produccion,Forma,Aros de brocoli,402.1,299.6,257.0,4.98,128
MC1009,False,3.0x400.0x240.0x196.42,Catálogo inicial,1009,Bastones clasicos,Bastones clasicos - Reserva Privada,Forma estable,Forma,Espirales de brocoli,370.7,257.4,181.8,4.734,128
MC1010,False,3.0x400.0x300.0x271.95,Catálogo inicial,1010,Guarniciones,Guarniciones - Tortitas,Forma estable,Forma,Tortitas de brocoli,397.6,293.7,250.7,8.589,128
MC1011,False,3.0x412.8x258.5x211.6,Caja creada en MC,1011,Bastones clasicos,Bastones clasicos - Sigilo,Estacional,Medio,Bastones rectos de brocoli,401.1,253.5,205.5,12.787,128
MC1012,False,3.0x400.0x300.0x179.4,Catálogo inicial,1012,Bastones clasicos,Bastones clasicos - Legumes Frites,Estacional,Medio,Bastones rectos de brocoli,391.7,292.7,171.5,12.683,128
MC1013,False,3.0x400.0x300.0x271.95,Catálogo inicial,1013,Bastones clasicos,Bastones clasicos - Sigilo,Estacional,Medio,Bastones rectos de brocoli,388.0,288.8,262.0,13.309,128
MC1014,False,3.0x373.2x309.4x177.8,Caja creada en MC,1014,Bastones clasicos,Bastones clasicos - Sigilo,Forma estable,Forma,Tiras para dip de brocoli,388.4,293.7,165.1,6.793,128
MC1015,False,3.0x400.0x269.82x300.0,Catálogo inicial,1015,Bastones clasicos,Bastones clasicos - Sigilo,Estacional,Medio,Bastones rectos de brocoli,393.4,252.3,289.2,12.503,128
MC1016,False,3.0x400.4x278.8x230.1,Caja creada en MC,1016,Guarniciones,Guarniciones - Tortitas,Forma estable,Forma,Tortitas de brocoli,380.1,273.3,230.8,10.718,128
MC1017,False,3.0x375.8x300.7x170.7,Caja creada en MC,1017,Bastones clasicos,Bastones clasicos - Reserva Privada,Estacional,Grueso,Bastones rectos de brocoli,374.9,277.1,165.7,12.634,128
MC1018,False,3.0x400.0x300.0x288.97,Catálogo inicial,1018,Bastones clasicos,Bastones clasicos - Sigilo,Estacional,Grueso,Bastones rectos de brocoli,382.6,280.7,292.9,13.057,128
MC1019,False,2.7x405.29999999999995x251.4x212.4,Caja creada en MC,1019,Bastones clasicos,Bastones clasicos - Sigilo,Forma estable,Forma,Rodajas de brocoli,382.3,243.5,216.9,12.473,128
MC1020,False,3.0x400.0x274.08x225.0,Catálogo inicial,1020,Bastones clasicos,Bastones clasicos - Sigilo,Estacional,Medio,Bastones rectos de brocoli,384.0,258.4,231.6,12.474,128
MC1021,False,3.0x373.2x309.4x177.8,Caja creada en MC,1021,Bastones clasicos,Bastones clasicos - Mayordomo,Estacional,Medio,Bastones rectos de brocoli,376.7,296.3,169.9,12.466,128
MC1022,True,3.0x376.2x284.2x182.3,Caja nueva,1022,Bastones clasicos,Bastones clasicos - Reserva Privada,Estacional,Grueso,Bastones rectos de brocoli,370.2,278.2,176.3,12.362,129
MC1023,False,3.0x400.0x277.27x256.0,Catálogo inicial,1023,Bastones clasicos,Bastones clasicos - Sigilo,Forma estable,Forma,Brocoli en rejilla,397.6,257.2,252.8,6.527,129
MC1024,False,2.7x412.2x278.09999999999997x335.2,Caja creada en MC,1024,Bastones clasicos,Bastones clasicos - Sigilo,Estacional,Medio,Bastones rectos de brocoli,397.4,282.9,324.7,12.259,129
MC1025,False,2.7x409.79999999999995x269.2x239.70000000000002,Caja creada en MC,1025,Bastones clasicos,Bastones clasicos - Sigilo,Estacional,Medio,Bastones rectos de brocoli,395.7,252.7,236.7,13.496,129
MC1026,False,3.0x400.0x240.0x196.42,Catálogo inicial,1026,Bastones clasicos,Bastones clasicos - Reserva Privada,Forma estable,Forma,Gajos de brocoli,390.0,240.9,180.3,9.338,129
MC1027,False,3.0x412.8x303.5x182.8,Caja creada en MC,1027,Bastones clasicos,Bastones clasicos - Sigilo,Estacional,Medio,Bastones rectos de brocoli,396.0,301.3,178.7,12.281,129
MC1028,False,3.0x369.8x258.3x256.1,Caja creada en MC,1028,Bastones clasicos,Bastones clasicos - Sigilo,Forma estable,Forma,Dippers de brocoli,387.5,242.9,241.8,12.31,129
MC1029,False,2.7x402.59999999999997x303.79999999999995x240.3,Caja creada en MC,1029,Bastones clasicos,Bastones clasicos - Sigilo,Forma estable,Forma,Brocoli en rejilla,389.5,294.7,240.6,6.898,129
MC1030,False,3.0x400.0x274.08x225.0,Catálogo inicial,1030,Bastones extra crocantes,Bastones extra crocantes - Muy Crocantes,Estacional,Medio,Bastones rectos de brocoli,384.9,283.9,208.6,12.005,129
MC1031,False,2.7x402.59999999999997x303.79999999999995x240.3,Caja creada en MC,1031,Bastones clasicos,Bastones clasicos - Sigilo,Forma estable,Forma,Brocoli en rejilla,388.7,290.2,246.5,6.583,129
MC1032,True,2.7x412.2x250.8x284.29999999999995,Caja nueva,1032,Snacks y aperitivos,Snacks y aperitivos - Aros y Vegetales,Co-produccion,Forma,Aros de brocoli,406.8,245.4,278.9,5.037,130
MC1033,False,3.0x400.0x300.0x271.95,Catálogo inicial,1033,Bastones clasicos,Bastones clasicos - Sigilo,Estacional,Medio,Bastones rectos de brocoli,380.8,288.2,269.8,13.888,130
MC1034,False,3.0x373.2x309.4x177.8,Caja creada en MC,1034,Bastones clasicos,Bastones clasicos - Mayordomo,Estacional,Grueso,Bastones rectos de brocoli,378.3,293.7,170.7,12.964,130
MC1035,False,3.0x400.0x277.27x200.0,Catálogo inicial,1035,Bastones clasicos,Bastones clasicos - Sigilo,Estacional,Medio,Bastones rectos de brocoli,389.0,286.3,183.6,12.956,130
MC1036,False,3.0x370.7x292.0x270.1,Caja creada en MC,1036,Bastones clasicos,Bastones clasicos - Grado B,Estacional,Fino,Bastones rectos de brocoli,396.0,272.1,254.6,12.331,130
MC1037,False,3.0x400.0x300.0x271.95,Catálogo inicial,1037,Bastones clasicos,Bastones clasicos - Sigilo,Forma estable,Forma,Brocoli en rejilla,378.4,305.9,264.9,9.807,130
MC1038,False,3.0x400.0x269.82x300.0,Catálogo inicial,1038,Bastones clasicos,Bastones clasicos - Sigilo,Forma estable,Forma,Brocoli zigzag,406.2,252.6,290.7,11.801,130
MC1039,False,3.0x400.0x300.0x288.97,Catálogo inicial,1039,Bastones clasicos,Bastones clasicos - Sigilo,Estacional,Medio,Bastones rectos de brocoli,378.9,279.3,295.8,12.537,130
MC1040,False,3.0x373.5x311.9x210.7,Caja creada en MC,1040,Bastones clasicos,Bastones clasicos - Sigilo,Estacional,Grueso,Bastones rectos de brocoli,373.1,290.0,209.7,12.69,130
MC1041,False,2.7x398.4x280.79999999999995x210.3,Caja creada en MC,1041,Bastones clasicos,Bastones clasicos - Sigilo,Estacional,Medio,Bastones rectos de brocoli,399.8,278.8,197.9,12.43,130
MC1042,False,3.0x376.2x284.2x182.3,Caja creada en MC,1042,Snacks y aperitivos,Snacks y aperitivos - Queso,Co-produccion,Forma,Bocados de brocoli con queso cheddar,400.4,263.9,170.1,4.747,130
MC1043,False,3.0x400.0x300.0x234.72,Catálogo inicial,1043,Bastones clasicos,Bastones clasicos - Sigilo,Forma estable,Forma,Espirales de brocoli,371.4,289.1,243.4,12.652,130
MC1044,False,3.0x406.3x256.5x230.9,Caja creada en MC,1044,Bastones clasicos,Bastones clasicos - Sigilo,Estacional,Medio,Bastones rectos de brocoli,399.2,247.9,216.5,9.254,130
MC1045,False,3.0x373.2x309.4x177.8,Caja creada en MC,1045,Guarniciones,Guarniciones - Cubos,Forma estable,Forma,Cubos de brocoli,393.6,291.9,165.7,12.556,130
MC1046,False,2.7x412.2x311.29999999999995x186.0,Caja creada en MC,1046,Bastones clasicos,Bastones clasicos - Legumes Frites,Estacional,Medio,Bastones rectos de brocoli,394.9,305.9,178.3,12.04,130
MC1047,False,3.0x400.0x269.82x344.29,Catálogo inicial,1047,Bastones clasicos,Bastones clasicos - Reserva Privada,Estacional,Fino,Bastones rectos de brocoli,406.8,265.4,321.4,12.181,130
MC1048,False,2.7x409.79999999999995x269.2x239.70000000000002,Caja creada en MC,1048,Bastones clasicos,Bastones clasicos - Sigilo,Forma estable,Forma,Dippers de brocoli,389.9,287.0,220.3,11.381,130
MC1049,False,3.0x400.0x266.63x256.0,Catálogo inicial,1049,Bastones clasicos,Bastones clasicos - Legumes Frites,Forma estable,Forma,Brocoli zigzag,379.7,263.4,242.2,12.72,130
MC1050,False,3.0x400.0x300.0x179.4,Catálogo inicial,1050,Bastones clasicos,Bastones clasicos - Sigilo,Forma estable,Forma,Brocoli en rejilla,387.2,304.6,169.9,4.655,130
MC1051,False,2.7x409.79999999999995x269.2x239.70000000000002,Caja creada en MC,1051,Bastones clasicos,Bastones clasicos - Sigilo,Estacional,Fino,Bastones rectos de brocoli,394.8,285.2,220.8,13.085,130
MC1052,False,3.0x400.0x300.0x376.21,Catálogo inicial,1052,Bastones clasicos,Bastones clasicos - Sigilo,Forma estable,Forma,Brocoli zigzag,393.5,288.0,351.3,12.21,130
MC1053,False,3.0x400.0x240.0x248.55,Catálogo inicial,1053,Bastones clasicos,Bastones clasicos - Sigilo,Estacional,Medio,Bastones rectos de brocoli,383.2,249.5,233.3,11.495,130
MC1054,False,3.0x400.0x300.0x174.08,Catálogo inicial,1054,Bastones clasicos,Bastones clasicos - Mayordomo,Estacional,Medio,Bastones rectos de brocoli,378.8,291.1,174.6,10.516,130
MC1055,False,3.0x373.8x259.9x219.5,Caja creada en MC,1055,Bastones clasicos,Bastones clasicos - Reserva Privada,Estacional,Medio,Bastones rectos de brocoli,394.5,244.6,203.1,12.78,130
MC1056,False,3.0x400.0x240.0x265.57,Catálogo inicial,1056,Bastones clasicos,Bastones clasicos - Sigilo,Forma estable,Forma,Corte rustico de brocoli,392.2,243.2,249.5,12.315,130
MC1057,False,3.0x400.0x240.0x265.57,Catálogo inicial,1057,Bastones clasicos,Bastones clasicos - Sigilo,Forma estable,Forma,Espirales de brocoli,377.3,248.2,254.4,6.319,130
MC1058,False,3.0x395.9x255.9x174.1,Caja creada en MC,1058,Snacks y aperitivos,Snacks y aperitivos - Queso,Co-produccion,Forma,Bocados de brocoli con queso crema,375.6,247.6,170.5,5.092,130
MC1059,False,3.0x400.0x240.0x248.55,Catálogo inicial,1059,Guarniciones,Guarniciones - Legumes Croquetas,Forma estable,Forma,Croquetas de brocoli,401.7,240.3,230.6,11.312,130
MC1060,False,2.7x369.2x271.4x267.0,Caja creada en MC,1060,Bastones clasicos,Bastones clasicos - Sigilo,Forma estable,Forma,Espirales de brocoli,363.8,259.9,259.9,6.678,130
MC1061,False,3.0x373.5x311.9x210.7,Caja creada en MC,1061,Bastones clasicos,Bastones clasicos - Sigilo,Estacional,Grueso,Bastones rectos de brocoli,397.4,294.5,193.8,12.581,130
MC1062,False,3.0x373.7x257.7x226.6,Caja creada en MC,1062,Bastones clasicos,Bastones clasicos - Legumes Frites,Estacional,Corte steak,Bastones rectos de brocoli,374.5,253.5,212.9,9.789,130
MC1063,False,2.7x409.79999999999995x269.2x239.70000000000002,Caja creada en MC,1063,Bastones clasicos,Bastones clasicos - Sigilo,Estacional,Grueso,Bastones rectos de brocoli,401.1,275.5,221.3,13.205,130
MC1064,False,3.0x375.8x300.7x170.7,Caja creada en MC,1064,Bastones clasicos,Bastones clasicos - Legumes Frites,Estacional,Medio,Bastones rectos de brocoli,374.4,278.1,170.9,12.614,130
MC1065,False,3.0x400.0x300.0x163.44,Catálogo inicial,1065,Guarniciones,Guarniciones - Cubos,Forma estable,Forma,Cubos de brocoli,395.7,293.1,155.4,12.703,130
MC1066,False,3.0x400.0x266.63x256.0,Catálogo inicial,1066,Bastones clasicos,Bastones clasicos - Sigilo,Estacional,Fino,Bastones rectos de brocoli,388.3,259.6,252.9,12.576,130
MC1067,False,2.7x398.4x280.79999999999995x210.3,Caja creada en MC,1067,Bastones clasicos,Bastones clasicos - Sigilo,Estacional,Medio,Bastones rectos de brocoli,387.3,279.8,197.2,9.997,130
MC1068,False,3.0x400.0x300.0x244.29,Catálogo inicial,1068,Bastones clasicos,Bastones clasicos - Sigilo,Forma estable,Forma,Brocoli en rejilla,394.5,287.4,234.4,6.183,130
MC1069,False,3.0x400.0x300.0x271.95,Catálogo inicial,1069,Bastones clasicos,Bastones clasicos - Sigilo,Forma estable,Forma,Espirales de brocoli,380.6,304.9,250.7,9.712,130
MC1070,False,3.0x409.7x304.3x178.3,Caja creada en MC,1070,Bastones clasicos,Bastones clasicos - Legumes Frites,Estacional,Medio,Bastones rectos de brocoli,391.4,281.9,188.0,10.543,130
MC1071,False,3.0x389.6x249.3x214.0,Caja creada en MC,1071,Bastones clasicos,Bastones clasicos - Reserva Privada,Estacional,Medio,Bastones rectos de brocoli,371.6,242.8,208.8,12.604,130
MC1072,False,3.0x375.8x300.7x170.7,Caja creada en MC,1072,Bastones clasicos,Bastones clasicos - Legumes Frites,Estacional,Grueso,Bastones rectos de brocoli,383.4,280.5,161.6,13.116,130
MC1073,False,3.0x406.3x256.5x230.9,Caja creada en MC,1073,Bastones clasicos,Bastones clasicos - Sigilo,Forma estable,Forma,Brocoli en rejilla,403.9,255.7,211.7,4.436,130
MC1074,False,3.0x400.0x277.27x200.0,Catálogo inicial,1074,Bastones clasicos,Bastones clasicos - Legumes Frites,Estacional,Medio,Bastones rectos de brocoli,388.5,281.7,187.7,12.548,130
MC1075,False,2.7x405.29999999999995x251.4x212.4,Caja creada en MC,1075,Bastones clasicos,Bastones clasicos - Reserva Privada,Estacional,Medio,Bastones rectos de brocoli,406.8,254.8,195.8,12.784,130
MC1076,False,3.0x370.1x249.2x243.8,Caja creada en MC,1076,Bastones clasicos,Bastones clasicos - Reserva Privada,Estacional,Fino,Bastones rectos de brocoli,370.3,235.3,240.9,10.318,130
MC1077,False,3.0x400.0x240.0x233.65,Catálogo inicial,1077,Bastones clasicos,Bastones clasicos - Legumes Frites,Estacional,Medio,Bastones rectos de brocoli,376.7,247.6,224.1,10.828,130
MC1078,False,3.0x395.9x255.9x174.1,Caja creada en MC,1078,Snacks y aperitivos,Snacks y aperitivos - Queso,Co-produccion,Forma,Bocados de brocoli con mozzarella,381.3,253.9,167.7,5.055,130
MC1079,False,3.0x400.0x269.82x300.0,Catálogo inicial,1079,Bastones clasicos,Bastones clasicos - Sigilo,Estacional,Medio,Bastones rectos de brocoli,400.8,253.7,298.7,11.414,130
MC1080,False,2.7x398.4x280.79999999999995x210.3,Caja creada en MC,1080,Bastones clasicos,Bastones clasicos - Grado B,Estacional,Medio,Bastones rectos de brocoli,391.8,281.1,195.8,12.134,130
MC1081,False,3.0x369.8x258.3x256.1,Caja creada en MC,1081,Bastones clasicos,Bastones clasicos - Sigilo,Forma estable,Forma,Mix crujiente de brocoli,384.2,246.7,239.8,8.522,130
MC1082,False,3.0x375.1x267.5x241.0,Caja creada en MC,1082,Bastones clasicos,Bastones clasicos - Sigilo,Estacional,Medio,Bastones rectos de brocoli,370.1,248.5,232.9,11.331,130
MC1083,False,2.7x412.2x254.6x279.4,Caja creada en MC,1083,Guarniciones,Guarniciones - Tortitas,Forma estable,Forma,Tortitas de brocoli,402.0,261.8,259.2,12.64,130
MC1084,False,3.0x370.1x249.2x243.8,Caja creada en MC,1084,Bastones clasicos,Bastones clasicos - Sigilo,Estacional,Medio,Bastones rectos de brocoli,368.9,247.3,226.2,10.008,130
MC1085,False,2.7x409.79999999999995x269.2x239.70000000000002,Caja creada en MC,1085,Guarniciones,Guarniciones - Legumes Croquetas,Forma estable,Forma,Croquetas de brocoli,393.2,255.0,236.2,9.813,130
MC1086,False,3.0x394.0x294.0x195.0,Catálogo inicial,1086,Bastones clasicos,Bastones clasicos - Sigilo,Estacional,Grueso,Bastones rectos de brocoli,406.8,281.4,184.4,12.708,130
MC1087,False,3.0x400.0x274.08x225.0,Catálogo inicial,1087,Bastones clasicos,Bastones clasicos - Sigilo,Forma estable,Forma,Mix crujiente de brocoli,387.2,252.3,233.3,8.172,130
MC1088,False,3.0x400.0x300.0x174.08,Catálogo inicial,1088,Bastones clasicos,Bastones clasicos - Sigilo,Forma estable,Forma,Gajos de brocoli,394.8,291.2,167.2,9.784,130
MC1089,False,3.0x400.0x240.0x244.29,Catálogo inicial,1089,Bastones clasicos,Bastones clasicos - Reserva Privada,Forma estable,Forma,Gajos de brocoli,374.4,258.5,224.3,9.565,130
MC1090,False,2.7x392.0x272.9x366.29999999999995,Caja creada en MC,1090,Bastones clasicos,Bastones clasicos - Sigilo,Forma estable,Forma,Brocoli zigzag,366.9,294.2,341.9,12.974,130
MC1091,False,2.7x409.79999999999995x269.2x239.70000000000002,Caja creada en MC,1091,Bastones clasicos,Bastones clasicos - Sigilo,Forma estable,Forma,Corte rustico de brocoli,385.9,259.5,243.3,13.071,130
MC1092,False,3.0x399.0x261.0x276.0,Catálogo inicial,1092,Bastones clasicos,Bastones clasicos - Sigilo,Forma estable,Forma,Brocoli en rejilla,380.1,254.2,278.9,6.769,130
MC1093,False,3.0x400.0x300.0x150.0,Catálogo inicial,1093,Snacks y aperitivos,Snacks y aperitivos - Queso,Co-produccion,Forma,Bocados de brocoli con mozzarella,371.2,290.1,141.8,4.939,130
MC1094,False,2.7x412.2x309.09999999999997x273.79999999999995,Caja creada en MC,1094,Bastones clasicos,Bastones clasicos - Reserva Privada,Forma estable,Forma,Rodajas de brocoli,406.8,305.4,262.9,8.5,130
MC1095,False,2.7x411.9x311.29999999999995x206.1,Caja creada en MC,1095,Bastones clasicos,Bastones clasicos - Mayordomo,Estacional,Corte steak,Bastones rectos de brocoli,398.2,290.2,215.0,12.979,130
MC1096,False,3.0x400.0x274.08x225.0,Catálogo inicial,1096,Guarniciones,Guarniciones - Tortitas,Forma estable,Forma,Tortitas de brocoli,387.4,279.6,209.1,11.179,130
MC1097,False,3.0x400.0x300.0x200.0,Catálogo inicial,1097,Bastones clasicos,Bastones clasicos - Sigilo,Estacional,Medio,Bastones rectos de brocoli,382.4,287.6,203.6,12.623,130
MC1098,False,3.0x400.0x300.0x288.97,Catálogo inicial,1098,Bastones clasicos,Bastones clasicos - Sigilo,Estacional,Grueso,Bastones rectos de brocoli,384.0,289.6,291.1,12.753,130
MC1099,False,2.7x398.4x280.79999999999995x210.3,Caja creada en MC,1099,Bastones clasicos,Bastones clasicos - Cielo,Estacional,Medio,Bastones rectos de brocoli,397.2,278.9,197.7,12.66,130
MC1100,False,3.0x406.3x256.5x230.9,Caja creada en MC,1100,Bastones clasicos,Bastones clasicos - Legumes Frites Salados,Estacional,Medio,Bastones rectos de brocoli,392.6,254.4,213.5,12.093,130
MC1101,False,3.0x400.4x278.8x230.1,Caja creada en MC,1101,Bastones clasicos,Bastones clasicos - Legumes Frites,Estacional,Medio,Bastones rectos de brocoli,394.2,287.2,211.4,12.738,130
MC1102,False,3.0x400.0x267.7x199.61,Catálogo inicial,1102,Bastones clasicos,Bastones clasicos - Grado B,Estacional,Medio,Bastones rectos de brocoli,383.7,267.0,193.2,13.017,130
MC1103,False,3.0x400.0x300.0x163.44,Catálogo inicial,1103,Bastones clasicos,Bastones clasicos - Sigilo,Estacional,Grueso,Bastones rectos de brocoli,384.0,286.1,163.5,13.112,130
MC1104,False,3.0x400.0x300.0x244.29,Catálogo inicial,1104,Bastones clasicos,Bastones clasicos - Sigilo,Forma estable,Forma,Espirales de brocoli,378.3,294.6,240.0,9.957,130
MC1105,False,2.7x369.2x291.79999999999995x286.79999999999995,Caja creada en MC,1105,Bastones clasicos,Bastones clasicos - Sigilo,Forma estable,Forma,Espirales de brocoli,371.6,294.6,266.2,11.982,130
MC1106,False,3.0x400.0x300.0x212.38,Catálogo inicial,1106,Bastones clasicos,Bastones clasicos - Legumes Frites,Estacional,Fino,Bastones rectos de brocoli,383.0,298.1,202.7,12.574,130
MC1107,False,3.0x400.0x240.0x248.55,Catálogo inicial,1107,Bastones clasicos,Bastones clasicos - Grado B,Estacional,Medio,Bastones rectos de brocoli,393.7,245.7,230.5,13.302,130
MC1108,False,3.0x369.8x292.7x200.2,Caja creada en MC,1108,Bastones clasicos,Bastones clasicos - Sigilo,Forma estable,Forma,Gajos de brocoli,373.0,280.9,192.7,12.174,130
MC1109,False,2.7x405.29999999999995x251.4x212.4,Caja creada en MC,1109,Bastones clasicos,Bastones clasicos - Legumes Frites,Estacional,Medio,Bastones rectos de brocoli,392.6,235.0,216.6,12.478,130
MC1110,False,3.0x400.0x269.82x300.0,Catálogo inicial,1110,Bastones clasicos,Bastones clasicos - Sigilo,Estacional,Fino,Bastones rectos de brocoli,385.6,251.3,309.5,13.03,130
MC1111,False,3.0x389.6x249.3x214.0,Caja creada en MC,1111,Bastones clasicos,Bastones clasicos - Reserva Privada,Estacional,Corte steak,Bastones rectos de brocoli,363.8,245.1,211.2,12.731,130
MC1112,False,2.7x369.2x301.79999999999995x267.5,Caja creada en MC,1112,Bastones clasicos,Bastones clasicos - Sigilo,Forma estable,Forma,Espirales de brocoli,384.2,291.5,248.7,6.984,130
MC1113,False,2.7x412.2x302.4x363.9,Caja creada en MC,1113,Bastones clasicos,Bastones clasicos - Sigilo,Forma estable,Forma,Espirales de brocoli,399.8,305.8,343.4,11.736,130
MC1114,False,3.0x400.0x277.27x256.0,Catálogo inicial,1114,Bastones clasicos,Bastones clasicos - Sigilo,Forma estable,Forma,Espirales de brocoli,397.6,261.6,247.5,6.307,130
MC1115,False,3.0x400.0x274.08x225.0,Catálogo inicial,1115,Bastones extra crocantes,Bastones extra crocantes - Muy Crocantes,Estacional,Medio,Bastones rectos de brocoli,379.4,255.6,237.6,12.959,130
MC1116,False,3.0x400.0x267.7x199.61,Catálogo inicial,1116,Bastones clasicos,Bastones clasicos - Reserva Privada,Estacional,Medio,Bastones rectos de brocoli,394.9,252.2,197.3,12.052,130
MC1117,False,2.7x412.2x278.09999999999997x335.2,Caja creada en MC,1117,Bastones clasicos,Bastones clasicos - Reserva Privada,Estacional,Fino,Bastones rectos de brocoli,406.8,272.1,319.4,12.426,130
MC1118,False,2.7x369.2x301.79999999999995x267.5,Caja creada en MC,1118,Bastones clasicos,Bastones clasicos - Reserva Privada,Estacional,Medio,Bastones rectos de brocoli,395.0,285.8,247.4,12.475,130
MC1119,False,3.0x400.0x300.0x174.08,Catálogo inicial,1119,Bastones clasicos,Bastones clasicos - Reserva Privada,Estacional,Grueso,Bastones rectos de brocoli,382.9,277.0,183.2,12.888,130
MC1120,False,3.0x400.0x269.82x300.0,Catálogo inicial,1120,Bastones clasicos,Bastones clasicos - Sigilo,Forma estable,Forma,Brocoli en rejilla,380.6,271.3,292.1,12.73,130
MC1121,False,3.0x400.0x277.27x180.0,Catálogo inicial,1121,Bastones clasicos,Bastones clasicos - Legumes Frites,Estacional,Medio,Bastones rectos de brocoli,376.7,282.2,171.9,12.671,130
MC1122,False,2.7x412.2x308.9x261.9,Caja creada en MC,1122,Guarniciones,Guarniciones - Tortitas,Forma estable,Forma,Tortitas de brocoli,400.5,302.7,249.8,8.644,130
MC1123,False,3.0x406.3x311.9x205.6,Caja creada en MC,1123,Bastones clasicos,Bastones clasicos - Legumes Frites,Estacional,Fino,Bastones rectos de brocoli,388.3,305.5,202.3,12.956,130
MC1124,False,3.0x400.0x274.08x225.0,Catálogo inicial,1124,Guarniciones,Guarniciones - Legumes Croquetas,Forma estable,Forma,Croquetas de brocoli,387.2,252.5,235.5,10.928,130
MC1125,False,3.0x373.8x259.9x219.5,Caja creada en MC,1125,Bastones clasicos,Bastones clasicos - Sigilo,Forma estable,Forma,Dippers de brocoli,394.6,249.1,201.9,6.635,130
MC1126,False,3.0x400.0x240.0x244.29,Catálogo inicial,1126,Bastones clasicos,Bastones clasicos - Legumes Frites,Forma estable,Forma,Brocoli zigzag,389.3,243.0,224.5,9.779,130
MC1127,False,2.7x412.2x311.29999999999995x186.0,Caja creada en MC,1127,Bastones clasicos,Bastones clasicos - Sigilo,Estacional,Medio,Bastones rectos de brocoli,389.1,292.8,196.7,12.013,130
MC1128,False,3.0x399.0x261.0x276.0,Catálogo inicial,1128,Guarniciones,Guarniciones - Tortitas,Forma estable,Forma,Tortitas de brocoli,402.3,241.5,273.1,12.261,130
MC1129,False,3.0x400.0x300.0x179.4,Catálogo inicial,1129,Bastones clasicos,Bastones clasicos - Sigilo,Forma estable,Forma,Gajos de brocoli,398.1,292.8,168.9,9.687,130
MC1130,False,3.0x400.0x300.0x225.0,Catálogo inicial,1130,Bastones clasicos,Bastones clasicos - Sigilo,Forma estable,Forma,Dippers de brocoli,376.7,293.0,223.2,8.61,130
MC1131,False,3.0x374.7x299.5x214.6,Caja creada en MC,1131,Bastones clasicos,Bastones clasicos - Legumes Frites,Estacional,Fino,Bastones rectos de brocoli,363.8,285.7,216.3,10.995,130
MC1132,False,2.7x409.79999999999995x269.2x239.70000000000002,Caja creada en MC,1132,Bastones clasicos,Bastones clasicos - Sigilo,Estacional,Medio,Bastones rectos de brocoli,406.8,253.3,234.7,13.167,130
MC1133,False,2.7x409.79999999999995x269.2x239.70000000000002,Caja creada en MC,1133,Bastones clasicos,Bastones clasicos - Reserva Privada,Estacional,Fino,Bastones rectos de brocoli,385.9,252.2,241.6,12.968,130
MC1134,False,3.0x373.8x259.9x219.5,Caja creada en MC,1134,Bastones clasicos,Bastones clasicos - Legumes Frites Salados,Estacional,Medio,Bastones rectos de brocoli,372.8,256.3,204.6,12.44,130
MC1135,False,3.0x400.0x277.27x180.0,Catálogo inicial,1135,Bastones clasicos,Bastones clasicos - Mayordomo,Estacional,Medio,Bastones rectos de brocoli,377.7,279.3,176.0,12.047,130
MC1136,False,2.7x375.7x311.29999999999995x289.29999999999995,Caja creada en MC,1136,Bastones clasicos,Bastones clasicos - Legumes Frites,Estacional,Fino,Bastones rectos de brocoli,388.8,297.7,274.6,13.002,130
MC1137,False,3.0x400.0x300.0x200.0,Catálogo inicial,1137,Bastones clasicos,Bastones clasicos - Sigilo,Forma estable,Forma,Corte rustico de brocoli,382.8,283.0,205.9,12.482,130
MC1138,False,3.0x400.0x300.0x179.4,Catálogo inicial,1138,Bastones clasicos,Bastones clasicos - Sigilo,Estacional,Medio,Bastones rectos de brocoli,378.1,290.6,179.9,11.853,130
MC1139,False,3.0x400.9x251.9x192.9,Caja creada en MC,1139,Bastones clasicos,Bastones clasicos - Sigilo,Estacional,Fino,Bastones rectos de brocoli,406.8,236.5,182.6,6.894,130
MC1140,False,3.0x400.0x300.0x271.95,Catálogo inicial,1140,Bastones clasicos,Bastones clasicos - Sigilo,Estacional,Grueso,Bastones rectos de brocoli,382.6,305.9,257.6,13.4,130
MC1141,False,3.0x400.0x300.0x271.95,Catálogo inicial,1141,Bastones clasicos,Bastones clasicos - Reserva Privada,Estacional,Fino,Bastones rectos de brocoli,370.9,294.4,276.4,11.59,130
MC1142,False,3.0x400.0x300.0x174.08,Catálogo inicial,1142,Bastones clasicos,Bastones clasicos - Sigilo,Forma estable,Forma,Gajos de brocoli,393.5,292.3,168.3,12.191,130
MC1143,False,3.0x412.8x258.5x211.6,Caja creada en MC,1143,Bastones clasicos,Bastones clasicos - Sigilo,Forma estable,Forma,Dippers de brocoli,397.6,259.3,202.3,6.478,130
MC1144,False,3.0x400.0x300.0x244.29,Catálogo inicial,1144,Bastones clasicos,Bastones clasicos - Sigilo,Forma estable,Forma,Brocoli en rejilla,391.7,290.8,237.5,6.643,130
MC1145,False,3.0x400.0x300.0x234.72,Catálogo inicial,1145,Bastones extra crocantes,Bastones extra crocantes - Muy Crocantes,Estacional,Fino,Bastones rectos de brocoli,396.6,280.5,230.0,12.307,130
MC1146,False,3.0x400.0x269.82x150.0,Catálogo inicial,1146,Bastones clasicos,Bastones clasicos - Sigilo,Forma estable,Forma,Dippers de brocoli,395.3,259.2,144.9,4.388,130
MC1147,False,3.0x400.9x251.9x192.9,Caja creada en MC,1147,Guarniciones,Guarniciones - Cubos,Forma estable,Forma,Cubos de brocoli,388.6,242.0,191.5,12.773,130
MC1148,False,3.0x400.0x300.0x288.97,Catálogo inicial,1148,Bastones clasicos,Bastones clasicos - Sigilo,Forma estable,Forma,Espirales de brocoli,391.9,290.6,287.0,7.888,130
MC1149,True,2.7x401.09999999999997x311.29999999999995x240.70000000000002,Caja nueva,1149,Bastones clasicos,Bastones clasicos - Sigilo,Forma estable,Forma,Espirales de brocoli,395.7,305.9,235.3,9.909,131
MC1150,False,3.0x400.0x300.0x174.08,Catálogo inicial,1150,Bastones clasicos,Bastones clasicos - Sigilo,Estacional,Medio,Bastones rectos de brocoli,389.3,296.4,168.1,12.083,131
MC1151,False,2.7x412.2x311.29999999999995x186.0,Caja creada en MC,1151,Bastones clasicos,Bastones clasicos - Sigilo,Forma estable,Forma,Espirales de brocoli,397.5,289.7,191.2,5.277,131
MC1152,False,3.0x400.0x300.0x257.14,Catálogo inicial,1152,Brocoli especial,Brocoli especial - Bastones Especiales,Estacional,Corte steak,Bastones rectos de brocoli,404.2,285.6,241.8,12.783,131
MC1153,False,2.7x409.79999999999995x269.2x239.70000000000002,Caja creada en MC,1153,Bastones clasicos,Bastones clasicos - Grado B,Estacional,Medio,Bastones rectos de brocoli,399.5,250.1,243.8,12.595,131
MC1154,False,2.7x412.2x308.9x261.9,Caja creada en MC,1154,Bastones clasicos,Bastones clasicos - Sigilo,Forma estable,Forma,Espirales de brocoli,395.5,302.5,257.5,10.02,131
MC1155,False,2.7x412.2x268.2x319.59999999999997,Caja creada en MC,1155,Bastones clasicos,Bastones clasicos - Reserva Privada,Estacional,Fino,Bastones rectos de brocoli,385.4,256.1,339.3,12.3,131
MC1156,False,3.0x375.1x267.5x241.0,Caja creada en MC,1156,Bastones clasicos,Bastones clasicos - Legumes Frites,Forma estable,Forma,Brocoli zigzag,380.8,254.7,233.1,12.202,131
MC1157,False,3.0x400.0x300.0x257.14,Catálogo inicial,1157,Bastones clasicos,Bastones clasicos - Sigilo,Forma estable,Forma,Espirales de brocoli,394.7,302.6,242.9,10.148,131
MC1158,False,3.0x400.0x300.0x212.38,Catálogo inicial,1158,Bastones clasicos,Bastones clasicos - Sigilo,Forma estable,Forma,Dippers de brocoli,388.2,285.2,204.7,11.929,131
MC1159,False,3.0x400.0x300.0x234.72,Catálogo inicial,1159,Bastones clasicos,Bastones clasicos - Reserva Privada,Estacional,Fino,Bastones rectos de brocoli,405.2,290.5,220.0,12.969,131
MC1160,False,3.0x369.8x258.3x256.1,Caja creada en MC,1160,Snacks y aperitivos,Snacks y aperitivos - Base Brocoli,Forma estable,Forma,Bocaditos inflados de brocoli,372.1,242.8,248.6,11.436,131
MC1161,False,3.0x400.0x300.0x179.4,Catálogo inicial,1161,Bastones clasicos,Bastones clasicos - Reserva Privada,Estacional,Grueso,Bastones rectos de brocoli,392.9,286.2,175.5,12.823,131
MC1162,False,3.0x400.0x240.0x244.29,Catálogo inicial,1162,Bastones clasicos,Bastones clasicos - Sigilo,Estacional,Fino,Bastones rectos de brocoli,395.3,240.7,227.6,9.549,131
MC1163,False,2.7x412.2x271.59999999999997x150.20000000000002,Caja creada en MC,1163,Bastones clasicos,Bastones clasicos - Sigilo,Forma estable,Forma,Dippers de brocoli,394.2,262.8,147.4,4.39,131
MC1164,False,3.0x400.0x300.0x174.08,Catálogo inicial,1164,Bastones clasicos,Bastones clasicos - Legumes Frites,Estacional,Grueso,Bastones rectos de brocoli,406.8,279.4,169.9,9.689,131
MC1165,False,2.7x381.7x192.70000000000002x157.5,Caja creada en MC,1165,Guarniciones,Guarniciones - Legumes Croquetas,Forma estable,Forma,Rosti de brocoli,370.7,183.9,156.1,4.806,131
MC1166,False,2.7x412.2x306.2x148.0,Caja creada en MC,1166,Bastones clasicos,Bastones clasicos - Sigilo,Forma estable,Forma,Gajos de brocoli,389.8,285.4,156.8,9.469,131
MC1167,False,3.0x374.7x299.5x214.6,Caja creada en MC,1167,Guarniciones,Guarniciones - Tortitas,Forma estable,Forma,Rosti de brocoli,373.8,276.0,215.7,11.213,131
MC1168,False,3.0x406.3x256.5x230.9,Caja creada en MC,1168,Bastones clasicos,Bastones clasicos - Reserva Privada,Estacional,Medio,Bastones rectos de brocoli,388.9,250.3,223.9,12.744,131
MC1169,False,3.0x400.0x300.0x234.72,Catálogo inicial,1169,Bastones clasicos,Bastones clasicos - Grado B,Estacional,Fino,Bastones rectos de brocoli,388.9,297.9,221.7,12.106,131
MC1170,False,2.7x401.09999999999997x311.29999999999995x240.70000000000002,Caja creada en MC,1170,Bastones clasicos,Bastones clasicos - Sigilo,Forma estable,Forma,Espirales de brocoli,405.0,297.8,234.4,9.948,131
MC1171,False,2.7x404.09999999999997x245.20000000000002x336.4,Caja creada en MC,1171,Bastones clasicos,Bastones clasicos - Sigilo,Estacional,Fino,Bastones rectos de brocoli,388.7,247.3,316.7,12.67,131
MC1172,False,2.7x408.2x295.59999999999997x162.4,Caja creada en MC,1172,Snacks y aperitivos,Snacks y aperitivos - Queso,Co-produccion,Forma,Bocados de brocoli con mozzarella,402.7,290.6,150.3,5.226,131
MC1173,False,3.0x412.8x259.0x178.7,Caja creada en MC,1173,Snacks y aperitivos,Snacks y aperitivos - Queso,Co-produccion,Forma,Bocados de brocoli con queso crema,391.9,253.9,176.4,5.085,131
MC1174,False,3.0x400.0x300.0x244.29,Catálogo inicial,1174,Bastones clasicos,Bastones clasicos - Sigilo,Estacional,Grueso,Bastones rectos de brocoli,391.1,305.9,226.4,11.607,131
MC1175,False,3.0x400.0x300.0x288.97,Catálogo inicial,1175,Bastones clasicos,Bastones clasicos - Reserva Privada,Estacional,Fino,Bastones rectos de brocoli,406.8,284.4,281.7,12.679,131
MC1176,False,3.0x400.0x300.0x271.95,Catálogo inicial,1176,Bastones clasicos,Bastones clasicos - Legumes Frites,Estacional,Fino,Bastones rectos de brocoli,392.6,284.7,272.6,12.867,131
MC1177,False,3.0x400.0x300.0x300.0,Catálogo inicial,1177,Bastones clasicos,Bastones clasicos - Sigilo,Forma estable,Forma,Brocoli en rejilla,386.5,305.9,288.0,6.249,131
MC1178,False,3.0x400.0x240.0x233.65,Catálogo inicial,1178,Bastones clasicos,Bastones clasicos - Reserva Privada,Estacional,Medio,Bastones rectos de brocoli,384.8,240.9,221.0,12.454,131
MC1179,False,3.0x400.0x269.82x300.0,Catálogo inicial,1179,Bastones clasicos,Bastones clasicos - Sigilo,Forma estable,Forma,Brocoli en rejilla,377.0,288.8,278.6,9.739,131
MC1180,False,3.0x400.0x300.0x300.0,Catálogo inicial,1180,Bastones clasicos,Bastones clasicos - Reserva Privada,Estacional,Fino,Bastones rectos de brocoli,396.8,303.1,282.1,12.409,131
MC1181,False,3.0x400.9x251.9x192.9,Caja creada en MC,1181,Bastones clasicos,Bastones clasicos - Sigilo,Forma estable,Forma,Gajos de brocoli,388.7,254.1,182.0,12.666,131
MC1182,False,3.0x400.0x300.0x288.97,Catálogo inicial,1182,Bastones clasicos,Bastones clasicos - Sigilo,Forma estable,Forma,Espirales de brocoli,396.5,280.6,285.6,8.152,131
MC1183,False,2.7x409.79999999999995x269.2x239.70000000000002,Caja creada en MC,1183,Bastones clasicos,Bastones clasicos - Sigilo,Forma estable,Forma,Corte rustico de brocoli,392.3,252.0,240.3,12.647,131
MC1184,False,3.0x412.8x259.0x178.7,Caja creada en MC,1184,Snacks y aperitivos,Snacks y aperitivos - Queso,Co-produccion,Forma,Bocados de brocoli con queso cheddar,401.6,260.9,164.0,4.973,131
MC1185,False,3.0x400.0x300.0x257.14,Catálogo inicial,1185,Bastones clasicos,Bastones clasicos - Sigilo,Estacional,Grueso,Bastones rectos de brocoli,385.0,299.3,250.8,15.891,131
MC1186,False,2.7x372.7x265.79999999999995x220.8,Caja creada en MC,1186,Bastones clasicos,Bastones clasicos - Reserva Privada,Forma estable,Forma,Gajos de brocoli,367.7,245.7,226.6,10.071,131
MC1187,False,2.7x412.2x278.09999999999997x335.2,Caja creada en MC,1187,Bastones clasicos,Bastones clasicos - Reserva Privada,Estacional,Fino,Bastones rectos de brocoli,397.7,258.6,347.5,12.631,131
MC1188,False,3.0x399.0x261.0x276.0,Catálogo inicial,1188,Bastones clasicos,Bastones clasicos - Sigilo,Forma estable,Forma,Dippers de brocoli,389.9,243.8,268.9,12.118,131
MC1189,True,2.7x404.29999999999995x304.59999999999997x218.20000000000002,Caja nueva,1189,Bastones clasicos,Bastones clasicos - Sigilo,Estacional,Grueso,Bastones rectos de brocoli,398.9,299.2,212.8,11.185,132
MC1190,False,3.0x387.8x278.8x169.5,Caja creada en MC,1190,Snacks y aperitivos,Snacks y aperitivos - Queso,Co-produccion,Forma,Bocados de brocoli con queso cheddar,383.5,265.2,166.2,4.739,132
MC1191,True,2.7x408.4x310.7x217.6,Caja nueva,1191,Bastones clasicos,Bastones clasicos - Sigilo,Forma estable,Forma,Espirales de brocoli,403.0,305.3,212.2,6.507,133
MC1192,False,3.0x373.2x309.4x177.8,Caja creada en MC,1192,Bastones clasicos,Bastones clasicos - Sigilo,Estacional,Grueso,Bastones rectos de brocoli,379.3,291.9,168.9,9.692,133
MC1193,True,2.7x385.4x280.0x150.6,Caja nueva,1193,Bastones clasicos,Bastones clasicos - Sigilo,Estacional,Medio,Bastones rectos de brocoli,380.0,274.6,145.2,6.388,134
MC1194,False,3.0x399.2x258.0x209.2,Caja creada en MC,1194,Bastones clasicos,Bastones clasicos - Sigilo,Forma estable,Forma,Brocoli en rejilla,381.9,244.8,195.2,4.714,134
MC1195,False,3.0x394.0x294.0x195.0,Catálogo inicial,1195,Bastones clasicos,Bastones clasicos - Legumes Frites,Estacional,Medio,Bastones rectos de brocoli,401.1,290.6,179.4,12.066,134
MC1196,False,3.0x389.6x249.3x214.0,Caja creada en MC,1196,Bastones clasicos,Bastones clasicos - Legumes Frites,Estacional,Medio,Bastones rectos de brocoli,386.2,236.1,204.0,8.935,134
MC1197,False,3.0x394.0x294.0x195.0,Catálogo inicial,1197,Bastones clasicos,Bastones clasicos - Sigilo,Forma estable,Forma,Dippers de brocoli,393.0,284.1,187.7,5.861,134
MC1198,False,3.0x409.7x304.3x178.3,Caja creada en MC,1198,Bastones clasicos,Bastones clasicos - Sigilo,Estacional,Grueso,Bastones rectos de brocoli,400.4,288.6,176.9,12.904,134
MC1199,False,3.0x400.0x267.7x199.61,Catálogo inicial,1199,Guarniciones,Guarniciones - Cubos,Forma estable,Forma,Cubos de brocoli,406.8,246.3,197.9,10.99,134
MC1200,False,2.7x398.4x280.79999999999995x210.3,Caja creada en MC,1200,Bastones clasicos,Bastones clasicos - Sigilo,Estacional,Grueso,Bastones rectos de brocoli,374.7,286.9,206.1,13.282,134
MC1201,False,3.0x400.0x277.27x180.0,Catálogo inicial,1201,Bastones clasicos,Bastones clasicos - Legumes Frites,Estacional,Corte steak,Bastones rectos de brocoli,379.4,287.2,168.7,11.989,134
MC1202,False,3.0x400.0x266.63x256.0,Catálogo inicial,1202,Bastones clasicos,Bastones clasicos - Sigilo,Forma estable,Forma,Dippers de brocoli,375.9,251.7,268.8,12.346,134
MC1203,False,2.7x369.2x271.4x267.0,Caja creada en MC,1203,Bastones clasicos,Bastones clasicos - Reserva Privada,Estacional,Fino,Bastones rectos de brocoli,373.2,255.9,253.7,12.242,134
MC1204,False,3.0x375.8x300.7x170.7,Caja creada en MC,1204,Bastones clasicos,Bastones clasicos - Sigilo,Forma estable,Forma,Gajos de brocoli,375.5,293.2,154.9,9.54,134
MC1205,False,2.7x409.79999999999995x269.2x239.70000000000002,Caja creada en MC,1205,Bastones clasicos,Bastones clasicos - Grado B,Estacional,Fino,Bastones rectos de brocoli,389.5,255.6,247.6,12.378,134
MC1206,False,3.0x375.8x300.7x170.7,Caja creada en MC,1206,Bastones clasicos,Bastones clasicos - Sigilo,Forma estable,Forma,Brocoli zigzag,380.6,289.4,157.1,6.729,134
MC1207,False,3.0x400.0x269.82x300.0,Catálogo inicial,1207,Bastones clasicos,Bastones clasicos - Sigilo,Estacional,Medio,Bastones rectos de brocoli,382.8,272.0,284.9,12.682,134
MC1208,False,3.0x400.0x300.0x342.17,Catálogo inicial,1208,Bastones clasicos,Bastones clasicos - Sigilo,Forma estable,Forma,Brocoli en rejilla,388.6,283.6,350.6,11.554,134
MC1209,False,2.7x412.2x268.2x319.59999999999997,Caja creada en MC,1209,Bastones clasicos,Bastones clasicos - Sigilo,Forma estable,Forma,Brocoli en rejilla,391.6,289.5,296.0,12.244,134
MC1210,False,3.0x389.6x249.3x214.0,Caja creada en MC,1210,Bastones clasicos,Bastones clasicos - Legumes Frites,Estacional,Medio,Bastones rectos de brocoli,388.8,250.5,199.2,12.44,134
MC1211,False,3.0x389.6x249.3x214.0,Caja creada en MC,1211,Bastones clasicos,Bastones clasicos - Sigilo,Forma estable,Forma,Brocoli en rejilla,389.9,232.4,206.5,6.71,134
MC1212,False,2.7x375.7x311.29999999999995x289.29999999999995,Caja creada en MC,1212,Bastones clasicos,Bastones clasicos - Sigilo,Estacional,Medio,Bastones rectos de brocoli,390.6,289.0,281.5,13.189,134
MC1213,False,2.7x412.2x311.29999999999995x186.0,Caja creada en MC,1213,Bastones clasicos,Bastones clasicos - Reserva Privada,Estacional,Grueso,Bastones rectos de brocoli,406.8,296.3,179.2,12.587,134
MC1214,False,3.0x400.0x300.0x163.44,Catálogo inicial,1214,Bastones clasicos,Bastones clasicos - Mayordomo,Estacional,Grueso,Bastones rectos de brocoli,388.7,286.7,163.0,11.895,134
MC1215,False,3.0x373.7x257.7x226.6,Caja creada en MC,1215,Bastones clasicos,Bastones clasicos - Legumes Frites,Estacional,Medio,Bastones rectos de brocoli,363.8,241.3,230.7,13.163,134
MC1216,False,3.0x409.7x304.3x178.3,Caja creada en MC,1216,Bastones clasicos,Bastones clasicos - Sigilo,Estacional,Forma,Bastones rectos de brocoli,383.1,305.9,176.0,5.59,134
MC1217,False,3.0x398.7x245.9x308.2,Caja creada en MC,1217,Snacks y aperitivos,Snacks y aperitivos - Aros y Vegetales,Co-produccion,Forma,Aros de brocoli,372.5,254.8,299.8,4.981,134
MC1218,False,3.0x400.0x274.08x225.0,Catálogo inicial,1218,Bastones clasicos,Bastones clasicos - Sigilo,Estacional,Medio,Bastones rectos de brocoli,393.2,257.9,224.8,12.045,134
MC1219,False,3.0x373.5x311.9x210.7,Caja creada en MC,1219,Bastones clasicos,Bastones clasicos - Sigilo,Forma estable,Forma,Mix crujiente de brocoli,384.6,289.4,205.4,13.159,134
MC1220,False,3.0x375.8x300.7x170.7,Caja creada en MC,1220,Bastones clasicos,Bastones clasicos - Sigilo,Forma estable,Forma,Gajos de brocoli,382.5,284.8,164.3,9.437,134
MC1221,False,3.0x400.0x267.7x199.61,Catálogo inicial,1221,Guarniciones,Guarniciones - Cubos,Forma estable,Forma,Cubos de brocoli,406.8,249.4,193.5,12.748,134
MC1222,False,3.0x400.0x300.0x190.04,Catálogo inicial,1222,Guarniciones,Guarniciones - Otros,Estacional,Medio,Bastones rectos de brocoli,392.4,304.2,177.8,12.575,134
MC1223,False,3.0x400.0x300.0x288.97,Catálogo inicial,1223,Bastones clasicos,Bastones clasicos - Sigilo,Forma estable,Forma,Brocoli en rejilla,394.4,294.6,281.5,9.926,134
MC1224,False,3.0x400.0x277.27x180.0,Catálogo inicial,1224,Snacks y aperitivos,Snacks y aperitivos - Queso,Co-produccion,Forma,Bocados de brocoli con queso cheddar,382.0,261.3,172.3,5.256,134
MC1225,False,3.0x400.0x240.0x244.29,Catálogo inicial,1225,Bastones clasicos,Bastones clasicos - Sigilo,Estacional,Medio,Bastones rectos de brocoli,371.5,252.3,224.7,12.711,134
MC1226,False,2.7x371.7x264.59999999999997x151.70000000000002,Caja creada en MC,1226,Guarniciones,Guarniciones - Legumes Croquetas,Forma estable,Forma,Rosti de brocoli,380.4,244.4,143.0,4.916,134
MC1227,False,2.7x409.79999999999995x269.2x239.70000000000002,Caja creada en MC,1227,Bastones clasicos,Bastones clasicos - Sigilo,Forma estable,Forma,Dippers de brocoli,385.0,257.5,249.5,12.915,134
MC1228,False,3.0x369.8x290.5x165.9,Caja creada en MC,1228,Guarniciones,Guarniciones - Cubos,Forma estable,Forma,Cubos de brocoli,364.5,278.8,161.3,12.263,134
MC1229,False,2.7x375.7x311.29999999999995x289.29999999999995,Caja creada en MC,1229,Bastones clasicos,Bastones clasicos - Sigilo,Forma estable,Forma,Brocoli zigzag,383.9,288.4,285.1,13.064,134
MC1230,False,3.0x400.0x269.82x344.29,Catálogo inicial,1230,Bastones clasicos,Bastones clasicos - Sigilo,Estacional,Medio,Bastones rectos de brocoli,391.2,277.6,321.3,12.015,134
MC1231,False,3.0x370.7x292.0x270.1,Caja creada en MC,1231,Snacks y aperitivos,Snacks y aperitivos - Aros y Vegetales,Co-produccion,Forma,Aros de brocoli,390.5,278.8,251.2,4.845,134
MC1232,False,3.0x400.0x240.0x248.55,Catálogo inicial,1232,Bastones clasicos,Bastones clasicos - Sigilo,Estacional,Medio,Bastones rectos de brocoli,373.7,250.4,235.0,12.519,134
MC1233,False,3.0x376.2x284.2x182.3,Caja creada en MC,1233,Bastones clasicos,Bastones clasicos - Legumes Frites,Estacional,Medio,Bastones rectos de brocoli,373.8,275.2,170.3,12.638,134
MC1234,False,3.0x400.0x267.7x199.61,Catálogo inicial,1234,Bastones clasicos,Bastones clasicos - Sigilo,Estacional,Medio,Bastones rectos de brocoli,385.9,270.8,189.2,11.862,134
MC1235,False,3.0x409.7x304.3x178.3,Caja creada en MC,1235,Bastones clasicos,Bastones clasicos - Reserva Privada,Estacional,Corte steak,Bastones rectos de brocoli,392.1,300.8,173.8,12.686,134
MC1236,False,3.0x400.0x300.0x179.4,Catálogo inicial,1236,Bastones clasicos,Bastones clasicos - Sigilo,Forma estable,Forma,Gajos de brocoli,395.0,305.9,163.0,9.51,134
MC1237,False,3.0x406.3x256.5x230.9,Caja creada en MC,1237,Bastones clasicos,Bastones clasicos - Reserva Privada,Forma estable,Forma,Gajos de brocoli,392.3,262.5,217.6,12.98,134
MC1238,False,3.0x369.8x292.7x200.2,Caja creada en MC,1238,Bastones clasicos,Bastones clasicos - Reserva Privada,Forma estable,Forma,Gajos de brocoli,376.6,279.8,192.1,12.863,134
MC1239,False,3.0x400.0x300.0x288.97,Catálogo inicial,1239,Bastones clasicos,Bastones clasicos - Sigilo,Estacional,Grueso,Bastones rectos de brocoli,380.7,286.1,300.2,12.562,134
MC1240,False,3.0x400.0x300.0x190.04,Catálogo inicial,1240,Bastones clasicos,Bastones clasicos - Sigilo,Estacional,Forma,Bastones rectos de brocoli,400.2,303.9,173.9,5.513,134
MC1241,False,2.7x412.2x254.6x279.4,Caja creada en MC,1241,Bastones clasicos,Bastones clasicos - Sigilo,Forma estable,Forma,Brocoli en rejilla,390.0,256.3,276.2,6.321,134
MC1242,False,3.0x400.0x300.0x288.97,Catálogo inicial,1242,Bastones clasicos,Bastones clasicos - Sigilo,Forma estable,Forma,Brocoli en rejilla,381.0,283.1,297.4,12.976,134
MC1243,False,2.7x409.79999999999995x269.2x239.70000000000002,Caja creada en MC,1243,Bastones extra crocantes,Bastones extra crocantes - Muy Crocantes,Estacional,Medio,Bastones rectos de brocoli,402.3,255.3,230.6,12.5,134
MC1244,False,2.7x412.2x311.29999999999995x186.0,Caja creada en MC,1244,Bastones clasicos,Bastones clasicos - Sigilo,Estacional,Medio,Bastones rectos de brocoli,397.3,288.6,190.7,12.443,134
MC1245,False,3.0x399.0x261.0x276.0,Catálogo inicial,1245,Bastones clasicos,Bastones clasicos - Sigilo,Forma estable,Forma,Dippers de brocoli,397.8,252.1,260.5,12.722,134
MC1246,False,2.7x412.2x308.9x261.9,Caja creada en MC,1246,Bastones clasicos,Bastones clasicos - Sigilo,Forma estable,Forma,Espirales de brocoli,406.8,294.8,261.6,12.123,134
MC1247,False,3.0x375.6x286.8x216.9,Caja creada en MC,1247,Bastones clasicos,Bastones clasicos - Legumes Frites,Estacional,Fino,Bastones rectos de brocoli,377.9,287.0,198.4,12.017,134
MC1248,False,3.0x400.0x277.27x315.57,Catálogo inicial,1248,Bastones clasicos,Bastones clasicos - Reserva Privada,Estacional,Fino,Bastones rectos de brocoli,393.2,265.6,308.3,12.653,134
MC1249,False,3.0x400.0x300.0x234.72,Catálogo inicial,1249,Bastones clasicos,Bastones clasicos - Sigilo,Forma estable,Forma,Dippers de brocoli,386.1,296.4,228.9,12.088,134
MC1250,False,2.7x398.4x280.79999999999995x210.3,Caja creada en MC,1250,Bastones clasicos,Bastones clasicos - Legumes Frites,Estacional,Fino,Bastones rectos de brocoli,378.9,286.0,197.0,12.087,134
MC1251,False,3.0x400.0x300.0x174.08,Catálogo inicial,1251,Bastones clasicos,Bastones clasicos - Sigilo,Forma estable,Forma,Gajos de brocoli,378.5,300.7,168.4,8.97,134
MC1252,False,3.0x369.8x290.5x165.9,Caja creada en MC,1252,Bastones clasicos,Bastones clasicos - Mayordomo,Estacional,Grueso,Bastones rectos de brocoli,368.8,282.7,155.7,12.697,134
MC1253,False,3.0x400.0x277.27x256.0,Catálogo inicial,1253,Bastones clasicos,Bastones clasicos - Sigilo,Estacional,Medio,Bastones rectos de brocoli,394.1,267.4,245.5,12.03,134
MC1254,False,2.7x408.2x295.59999999999997x162.4,Caja creada en MC,1254,Bastones clasicos,Bastones clasicos - Sigilo,Forma estable,Forma,Gajos de brocoli,379.1,292.7,162.4,9.569,134
MC1255,False,3.0x400.0x300.0x244.29,Catálogo inicial,1255,Bastones clasicos,Bastones clasicos - Sigilo,Estacional,Medio,Bastones rectos de brocoli,394.0,280.0,245.2,12.161,134
MC1256,False,3.0x400.0x240.0x244.29,Catálogo inicial,1256,Bastones clasicos,Bastones clasicos - Reserva Privada,Estacional,Medio,Bastones rectos de brocoli,383.6,245.9,229.1,13.166,134
MC1257,False,2.7x369.7x253.20000000000002x286.09999999999997,Caja creada en MC,1257,Guarniciones,Guarniciones - Tortitas,Forma estable,Forma,Tortitas de brocoli,380.0,249.7,265.2,12.84,134
MC1258,False,3.0x410.5x276.4x184.8,Caja creada en MC,1258,Bastones clasicos,Bastones clasicos - Sigilo,Estacional,Fino,Bastones rectos de brocoli,395.8,258.2,182.4,6.665,134
MC1259,False,3.0x410.5x276.4x184.8,Caja creada en MC,1259,Bastones clasicos,Bastones clasicos - Sigilo,Estacional,Grueso,Bastones rectos de brocoli,387.7,289.4,173.8,12.716,134
MC1260,False,2.7x405.5x308.2x293.09999999999997,Caja creada en MC,1260,Bastones clasicos,Bastones clasicos - Legumes Frites,Estacional,Grueso,Bastones rectos de brocoli,394.7,304.8,285.5,11.991,134
MC1261,False,3.0x406.3x256.5x230.9,Caja creada en MC,1261,Bastones clasicos,Bastones clasicos - Grado B,Estacional,Medio,Bastones rectos de brocoli,406.8,249.9,214.6,12.248,134
MC1262,False,3.0x406.3x311.9x205.6,Caja creada en MC,1262,Brocoli especial,Brocoli especial - Bastones Especiales,Estacional,Corte steak,Bastones rectos de brocoli,398.3,299.9,193.3,12.539,134
MC1263,False,2.7x402.59999999999997x303.79999999999995x240.3,Caja creada en MC,1263,Bastones clasicos,Bastones clasicos - Sigilo,Estacional,Medio,Bastones rectos de brocoli,391.6,296.0,239.1,12.67,134
MC1264,False,3.0x373.2x309.4x177.8,Caja creada en MC,1264,Bastones clasicos,Bastones clasicos - Legumes Frites,Estacional,Medio,Bastones rectos de brocoli,367.7,288.0,179.5,12.463,134
MC1265,False,3.0x400.0x300.0x225.0,Catálogo inicial,1265,Bastones clasicos,Bastones clasicos - Sigilo,Forma estable,Forma,Brocoli zigzag,371.1,277.8,243.3,9.823,134
MC1266,False,3.0x412.8x269.0x265.6,Caja creada en MC,1266,Bastones clasicos,Bastones clasicos - Sigilo,Estacional,Medio,Bastones rectos de brocoli,406.8,265.8,247.7,12.529,134
MC1267,False,3.0x373.2x309.4x177.8,Caja creada en MC,1267,Guarniciones,Guarniciones - Cubos,Forma estable,Forma,Cubos de brocoli,377.3,298.6,163.2,12.439,134
MC1268,False,2.7x412.2x311.29999999999995x186.0,Caja creada en MC,1268,Bastones clasicos,Bastones clasicos - Sigilo,Estacional,Medio,Bastones rectos de brocoli,382.6,301.3,192.6,12.389,134
MC1269,False,3.0x389.6x249.3x214.0,Caja creada en MC,1269,Bastones clasicos,Bastones clasicos - Legumes Frites,Estacional,Corte steak,Bastones rectos de brocoli,382.6,249.5,198.0,12.34,134
MC1270,False,3.0x373.2x309.4x177.8,Caja creada en MC,1270,Bastones clasicos,Bastones clasicos - Sigilo,Estacional,Medio,Bastones rectos de brocoli,387.0,290.0,167.1,12.587,134
MC1271,False,2.7x371.7x264.59999999999997x151.70000000000002,Caja creada en MC,1271,Guarniciones,Guarniciones - Legumes Croquetas,Forma estable,Forma,Rosti de brocoli,369.7,251.4,139.5,5.062,134
MC1272,False,3.0x410.5x276.4x184.8,Caja creada en MC,1272,Bastones clasicos,Bastones clasicos - Sigilo,Forma estable,Forma,Gajos de brocoli,387.4,297.6,169.3,12.574,134
MC1273,False,3.0x400.0x300.0x190.04,Catálogo inicial,1273,Bastones clasicos,Bastones clasicos - Legumes Frites,Estacional,Medio,Bastones rectos de brocoli,394.0,282.3,191.3,10.611,134
MC1274,False,3.0x400.0x240.0x248.55,Catálogo inicial,1274,Bastones clasicos,Bastones clasicos - Reserva Privada,Estacional,Fino,Bastones rectos de brocoli,373.7,241.7,243.8,12.125,134
MC1275,False,3.0x389.6x249.3x214.0,Caja creada en MC,1275,Bastones clasicos,Bastones clasicos - Legumes Frites,Estacional,Medio,Bastones rectos de brocoli,363.8,238.3,204.0,8.855,134
MC1276,False,3.0x400.0x300.0x288.97,Catálogo inicial,1276,Bastones clasicos,Bastones clasicos - Sigilo,Forma estable,Forma,Brocoli en rejilla,396.9,279.5,293.4,13.052,134
MC1277,False,3.0x399.0x261.0x276.0,Catálogo inicial,1277,Bastones clasicos,Bastones clasicos - Sigilo,Forma estable,Forma,Espirales de brocoli,388.7,249.7,270.0,6.53,134
MC1278,False,3.0x400.0x300.0x244.29,Catálogo inicial,1278,Bastones clasicos,Bastones clasicos - Sigilo,Estacional,Grueso,Bastones rectos de brocoli,387.6,295.8,232.4,11.111,134
MC1279,False,2.7x375.5x293.7x229.6,Caja creada en MC,1279,Bastones clasicos,Bastones clasicos - Reserva Privada,Estacional,Fino,Bastones rectos de brocoli,376.3,297.9,213.4,12.584,134
MC1280,False,3.0x400.0x300.0x212.38,Catálogo inicial,1280,Snacks y aperitivos,Snacks y aperitivos - Aros y Vegetales,Co-produccion,Forma,Aros de brocoli,386.2,300.4,201.0,4.829,134
MC1281,False,2.7x411.9x311.29999999999995x206.1,Caja creada en MC,1281,Snacks y aperitivos,Snacks y aperitivos - Aros y Vegetales,Co-produccion,Forma,Aros de brocoli,394.4,290.4,215.1,5.196,134
MC1282,True,2.7x407.0x306.09999999999997x150.4,Caja nueva,1282,Snacks y aperitivos,Snacks y aperitivos - Queso,Co-produccion,Forma,Bocados de brocoli con mozzarella,401.6,300.7,145.0,5.028,135
MC1283,False,3.0x389.6x249.3x214.0,Caja creada en MC,1283,Bastones clasicos,Bastones clasicos - Sigilo,Estacional,Medio,Bastones rectos de brocoli,371.1,246.0,207.3,12.249,135
MC1284,False,2.7x409.79999999999995x269.2x239.70000000000002,Caja creada en MC,1284,Guarniciones,Guarniciones - Tortitas,Forma estable,Forma,Tortitas de brocoli,382.0,281.3,230.9,10.945,135
MC1285,False,2.7x405.29999999999995x251.4x212.4,Caja creada en MC,1285,Bastones clasicos,Bastones clasicos - Legumes Frites,Estacional,Corte steak,Bastones rectos de brocoli,390.8,251.6,205.0,12.302,135
MC1286,False,3.0x373.8x259.9x219.5,Caja creada en MC,1286,Bastones clasicos,Bastones clasicos - Grado B,Estacional,Medio,Bastones rectos de brocoli,364.9,241.0,226.1,12.992,135
MC1287,False,3.0x400.0x267.7x199.61,Catálogo inicial,1287,Bastones clasicos,Bastones clasicos - Legumes Frites,Estacional,Medio,Bastones rectos de brocoli,391.8,275.3,182.2,12.424,135
MC1288,False,2.7x369.2x269.5x156.8,Caja creada en MC,1288,Guarniciones,Guarniciones - Legumes Croquetas,Forma estable,Forma,Tortitas de brocoli,366.5,259.4,148.0,5.023,135
MC1289,False,3.0x400.0x240.0x196.42,Catálogo inicial,1289,Bastones clasicos,Bastones clasicos - Legumes Frites,Estacional,Corte steak,Bastones rectos de brocoli,386.8,235.1,187.2,12.715,135
MC1290,False,3.0x400.0x267.7x199.61,Catálogo inicial,1290,Bastones clasicos,Bastones clasicos - Reserva Privada,Estacional,Corte steak,Bastones rectos de brocoli,385.8,256.3,199.1,12.222,135
MC1291,False,3.0x400.0x300.0x174.08,Catálogo inicial,1291,Bastones clasicos,Bastones clasicos - Sigilo,Forma estable,Forma,Gajos de brocoli,398.6,299.0,158.5,12.573,135
MC1292,False,2.7x412.2x311.29999999999995x186.0,Caja creada en MC,1292,Brocoli especial,Brocoli especial - Bastones Especiales,Estacional,Corte steak,Bastones rectos de brocoli,401.5,288.8,188.3,12.603,135
MC1293,False,2.7x369.2x301.79999999999995x267.5,Caja creada en MC,1293,Bastones clasicos,Bastones clasicos - Sigilo,Forma estable,Forma,Espirales de brocoli,366.8,298.6,255.6,9.295,135
MC1294,False,3.0x400.0x300.0x212.38,Catálogo inicial,1294,Bastones clasicos,Bastones clasicos - Sigilo,Estacional,Medio,Bastones rectos de brocoli,385.7,305.9,196.8,12.595,135
MC1295,False,3.0x400.0x300.0x174.08,Catálogo inicial,1295,Bastones clasicos,Bastones clasicos - Sigilo,Forma estable,Forma,Brocoli zigzag,396.6,291.9,161.4,6.741,135
MC1296,False,3.0x412.8x258.5x211.6,Caja creada en MC,1296,Bastones clasicos,Bastones clasicos - Reserva Privada,Estacional,Corte steak,Bastones rectos de brocoli,390.7,261.6,204.9,12.549,135
MC1297,False,3.0x400.0x277.27x298.55,Catálogo inicial,1297,Bastones clasicos,Bastones clasicos - Sigilo,Forma estable,Forma,Brocoli en rejilla,391.5,280.2,283.4,12.513,135
MC1298,False,2.7x369.2x269.5x156.8,Caja creada en MC,1298,Bastones clasicos,Bastones clasicos - Sigilo,Forma estable,Forma,Dippers de brocoli,402.3,251.3,142.9,4.535,135
MC1299,False,3.0x400.0x300.0x234.72,Catálogo inicial,1299,Bastones clasicos,Bastones clasicos - Sigilo,Forma estable,Forma,Brocoli en rejilla,402.2,288.9,226.9,6.761,135
MC1300,False,2.7x411.9x311.29999999999995x206.1,Caja creada en MC,1300,Bastones clasicos,Bastones clasicos - Sigilo,Estacional,Fino,Bastones rectos de brocoli,384.5,290.0,221.3,12.058,135
MC1301,True,2.7x371.9x303.4x149.1,Caja nueva,1301,Snacks y aperitivos,Snacks y aperitivos - Queso,Co-produccion,Forma,Bocados de brocoli con queso cheddar,366.5,298.0,143.7,4.949,136
MC1302,False,2.7x408.4x310.7x217.6,Caja creada en MC,1302,Bastones clasicos,Bastones clasicos - Sigilo,Estacional,Grueso,Bastones rectos de brocoli,389.6,294.4,222.6,14.025,136
MC1303,False,3.0x400.0x300.0x257.14,Catálogo inicial,1303,Bastones clasicos,Bastones clasicos - Sigilo,Forma estable,Forma,Brocoli zigzag,399.9,282.8,252.8,9.891,136
MC1304,False,2.7x370.4x280.09999999999997x286.59999999999997,Caja creada en MC,1304,Bastones clasicos,Bastones clasicos - Reserva Privada,Estacional,Fino,Bastones rectos de brocoli,373.4,276.7,270.5,12.672,136
MC1305,False,2.7x375.5x293.7x229.6,Caja creada en MC,1305,Bastones clasicos,Bastones clasicos - Legumes Frites,Estacional,Fino,Bastones rectos de brocoli,387.2,285.3,213.4,11.909,136
MC1306,True,2.7x411.2x311.29999999999995x334.4,Caja nueva,1306,Bastones clasicos,Bastones clasicos - Reserva Privada,Forma estable,Forma,Brocoli en rejilla,405.8,305.9,329.0,11.203,137
MC1307,False,3.0x373.2x309.4x177.8,Caja creada en MC,1307,Bastones clasicos,Bastones clasicos - Legumes Frites,Estacional,Medio,Bastones rectos de brocoli,381.4,285.3,174.4,12.924,137
MC1308,False,3.0x380.8x257.6x181.9,Caja creada en MC,1308,Snacks y aperitivos,Snacks y aperitivos - Queso,Co-produccion,Forma,Bocados de brocoli con queso cheddar,363.8,252.0,167.4,4.954,137
MC1309,False,3.0x375.1x267.5x241.0,Caja creada en MC,1309,Bastones clasicos,Bastones clasicos - Legumes Frites,Forma estable,Forma,Brocoli zigzag,365.4,257.8,233.1,9.46,137
MC1310,True,2.7x412.2x258.59999999999997x186.9,Caja nueva,1310,Bastones clasicos,Bastones clasicos - Sigilo,Forma estable,Forma,Espirales de brocoli,406.8,253.2,181.5,4.458,138
MC1311,False,3.0x400.4x278.8x230.1,Caja creada en MC,1311,Bastones clasicos,Bastones clasicos - Sigilo,Estacional,Fino,Bastones rectos de brocoli,381.6,284.7,220.3,12.767,138
MC1312,False,3.0x389.6x249.3x214.0,Caja creada en MC,1312,Bastones clasicos,Bastones clasicos - Sigilo,Forma estable,Forma,Espirales de brocoli,363.8,240.9,200.2,6.832,138
MC1313,False,3.0x400.4x278.8x230.1,Caja creada en MC,1313,Bastones clasicos,Bastones clasicos - Legumes Frites,Forma estable,Forma,Brocoli zigzag,394.1,262.6,231.9,9.868,138
MC1314,False,2.7x369.7x253.20000000000002x286.09999999999997,Caja creada en MC,1314,Bastones clasicos,Bastones clasicos - Grado B,Estacional,Fino,Bastones rectos de brocoli,393.2,235.6,269.3,12.42,138
MC1315,False,3.0x400.0x300.0x212.38,Catálogo inicial,1315,Bastones clasicos,Bastones clasicos - Reserva Privada,Forma estable,Forma,Gajos de brocoli,392.6,288.7,205.8,12.854,138
MC1316,False,3.0x406.3x256.5x230.9,Caja creada en MC,1316,Bastones clasicos,Bastones clasicos - Reserva Privada,Estacional,Fino,Bastones rectos de brocoli,382.1,242.6,242.3,10.941,138
MC1317,False,3.0x400.0x300.0x288.97,Catálogo inicial,1317,Bastones clasicos,Bastones clasicos - Reserva Privada,Estacional,Fino,Bastones rectos de brocoli,391.3,282.5,290.4,12.772,138
MC1318,False,3.0x400.0x266.63x256.0,Catálogo inicial,1318,Bastones clasicos,Bastones clasicos - Sigilo,Forma estable,Forma,Corte rustico de brocoli,397.3,267.9,235.6,12.815,138
MC1319,False,3.0x400.0x274.08x225.0,Catálogo inicial,1319,Snacks y aperitivos,Snacks y aperitivos - Aros y Vegetales,Co-produccion,Forma,Aros de brocoli,396.1,281.8,206.4,4.849,138
MC1320,False,3.0x400.0x266.63x256.0,Catálogo inicial,1320,Bastones clasicos,Bastones clasicos - Legumes Frites,Estacional,Medio,Bastones rectos de brocoli,406.0,246.9,238.0,13.297,138
MC1321,False,3.0x400.0x300.0x257.14,Catálogo inicial,1321,Bastones clasicos,Bastones clasicos - Sigilo,Forma estable,Forma,Espirales de brocoli,397.2,284.9,256.6,12.256,138
MC1322,False,3.0x370.7x292.0x270.1,Caja creada en MC,1322,Bastones clasicos,Bastones clasicos - Sigilo,Forma estable,Forma,Espirales de brocoli,367.7,289.6,249.4,12.676,138
MC1323,False,2.7x412.2x309.09999999999997x273.79999999999995,Caja creada en MC,1323,Bastones clasicos,Bastones clasicos - Sigilo,Forma estable,Forma,Brocoli en rejilla,400.3,292.1,281.3,7.954,138
MC1324,False,3.0x400.0x300.0x234.72,Catálogo inicial,1324,Bastones clasicos,Bastones clasicos - Reserva Privada,Estacional,Fino,Bastones rectos de brocoli,406.8,282.0,228.8,13.087,138
MC1325,True,2.7x412.2x253.8x281.29999999999995,Caja nueva,1325,Bastones clasicos,Bastones clasicos - Sigilo,Forma estable,Forma,Tiras para dip de brocoli,406.8,248.4,275.9,9.381,139
MC1326,False,3.0x412.8x258.5x211.6,Caja creada en MC,1326,Guarniciones,Guarniciones - Pure,Co-produccion,Forma,Pure de brocoli,389.9,254.4,210.4,12.567,139
MC1327,False,2.7x409.79999999999995x269.2x239.70000000000002,Caja creada en MC,1327,Bastones clasicos,Bastones clasicos - Sigilo,Estacional,Medio,Bastones rectos de brocoli,406.7,255.6,236.6,12.727,139
MC1328,False,3.0x410.5x276.4x184.8,Caja creada en MC,1328,Bastones clasicos,Bastones clasicos - Legumes Frites,Estacional,Medio,Bastones rectos de brocoli,390.6,285.8,174.6,10.712,139
MC1329,False,3.0x400.0x300.0x179.4,Catálogo inicial,1329,Bastones clasicos,Bastones clasicos - Reserva Privada,Estacional,Medio,Bastones rectos de brocoli,406.8,285.7,172.3,12.473,139
MC1330,False,3.0x412.8x258.5x211.6,Caja creada en MC,1330,Bastones clasicos,Bastones clasicos - Sigilo,Estacional,Medio,Bastones rectos de brocoli,384.2,250.0,219.7,12.4,139
MC1331,False,3.0x412.8x259.0x178.7,Caja creada en MC,1331,Snacks y aperitivos,Snacks y aperitivos - Queso,Co-produccion,Forma,Bocados de brocoli con mozzarella,387.0,262.6,172.9,4.923,139
MC1332,False,3.0x395.9x255.9x174.1,Caja creada en MC,1332,Snacks y aperitivos,Snacks y aperitivos - Queso,Co-produccion,Forma,Bocados de brocoli con queso crema,389.4,253.6,165.2,4.934,139
MC1333,False,3.0x400.0x240.0x254.93,Catálogo inicial,1333,Bastones clasicos,Bastones clasicos - Sigilo,Estacional,Medio,Bastones rectos de brocoli,387.2,251.6,234.6,12.917,139
MC1334,False,2.7x369.2x269.5x156.8,Caja creada en MC,1334,Bastones clasicos,Bastones clasicos - Sigilo,Forma estable,Forma,Corte rustico de brocoli,372.8,256.2,150.7,6.629,139
MC1335,False,3.0x373.7x257.7x226.6,Caja creada en MC,1335,Bastones clasicos,Bastones clasicos - Reserva Privada,Estacional,Medio,Bastones rectos de brocoli,363.8,249.5,222.4,12.712,139
MC1336,False,3.0x400.0x277.27x200.0,Catálogo inicial,1336,Bastones clasicos,Bastones clasicos - Sigilo,Estacional,Medio,Bastones rectos de brocoli,382.9,282.9,187.7,12.618,139
MC1337,False,2.7x373.79999999999995x290.5x279.0,Caja creada en MC,1337,Bastones clasicos,Bastones clasicos - Legumes Frites,Estacional,Fino,Bastones rectos de brocoli,384.2,282.1,263.6,12.455,139
MC1338,False,3.0x399.0x261.0x276.0,Catálogo inicial,1338,Bastones clasicos,Bastones clasicos - Sigilo,Forma estable,Forma,Brocoli en rejilla,377.3,248.0,284.9,6.601,139
MC1339,False,3.0x400.0x300.0x212.38,Catálogo inicial,1339,Bastones clasicos,Bastones clasicos - Sigilo,Estacional,Medio,Bastones rectos de brocoli,406.8,288.2,198.0,8.379,139
MC1340,False,3.0x410.5x276.4x184.8,Caja creada en MC,1340,Bastones clasicos,Bastones clasicos - Sigilo,Estacional,Medio,Bastones rectos de brocoli,393.2,271.0,182.1,8.405,139
MC1341,False,3.0x400.0x266.63x256.0,Catálogo inicial,1341,Guarniciones,Guarniciones - Legumes Croquetas,Forma estable,Forma,Croquetas de brocoli,394.7,254.5,254.3,12.31,139
MC1342,False,2.7x405.29999999999995x251.4x212.4,Caja creada en MC,1342,Bastones clasicos,Bastones clasicos - Sigilo,Forma estable,Forma,Rodajas de brocoli,383.0,234.0,218.1,9.752,139
MC1343,False,2.7x412.2x309.09999999999997x273.79999999999995,Caja creada en MC,1343,Bastones clasicos,Bastones clasicos - Sigilo,Forma estable,Forma,Brocoli en rejilla,395.6,288.8,287.8,12.015,139
MC1344,False,3.0x399.0x276.1x274.7,Caja creada en MC,1344,Bastones clasicos,Bastones clasicos - Sigilo,Forma estable,Forma,Brocoli en rejilla,396.3,255.3,279.9,6.524,139
MC1345,True,3.0x412.8x261.3x210.5,Caja nueva,1345,Bastones clasicos,Bastones clasicos - Reserva Privada,Estacional,Medio,Bastones rectos de brocoli,406.8,255.3,204.5,12.848,140
MC1346,False,3.0x374.7x299.5x214.6,Caja creada en MC,1346,Bastones clasicos,Bastones clasicos - Sigilo,Estacional,Medio,Bastones rectos de brocoli,386.6,288.1,202.3,12.197,140
MC1347,False,2.7x412.2x306.2x148.0,Caja creada en MC,1347,Bastones clasicos,Bastones clasicos - Sigilo,Estacional,Medio,Bastones rectos de brocoli,393.8,287.8,151.6,6.382,140
MC1348,False,2.7x375.7x311.29999999999995x289.29999999999995,Caja creada en MC,1348,Snacks y aperitivos,Snacks y aperitivos - Aros y Vegetales,Co-produccion,Forma,Aros de brocoli,397.3,296.5,272.0,5.068,140
MC1349,False,3.0x400.0x277.27x315.57,Catálogo inicial,1349,Bastones clasicos,Bastones clasicos - Reserva Privada,Estacional,Fino,Bastones rectos de brocoli,381.7,259.7,327.4,12.68,140
MC1350,False,3.0x400.4x278.8x230.1,Caja creada en MC,1350,Bastones clasicos,Bastones clasicos - Mayordomo,Estacional,Medio,Bastones rectos de brocoli,392.7,283.3,215.5,11.587,140
MC1351,False,3.0x400.0x300.0x150.0,Catálogo inicial,1351,Snacks y aperitivos,Snacks y aperitivos - Queso,Co-produccion,Forma,Bocados de brocoli con mozzarella,406.8,279.8,140.0,5.302,140
MC1352,False,3.0x400.0x300.0x200.0,Catálogo inicial,1352,Bastones clasicos,Bastones clasicos - Reserva Privada,Estacional,Grueso,Bastones rectos de brocoli,380.9,305.9,189.4,12.698,140
MC1353,False,2.7x372.7x265.79999999999995x220.8,Caja creada en MC,1353,Bastones clasicos,Bastones clasicos - Grado B,Estacional,Medio,Bastones rectos de brocoli,397.9,249.5,205.2,12.761,140
MC1354,False,3.0x400.0x277.27x256.0,Catálogo inicial,1354,Bastones clasicos,Bastones clasicos - Reserva Privada,Estacional,Fino,Bastones rectos de brocoli,406.8,255.8,248.1,12.446,140
MC1355,False,2.7x369.2x294.2x185.70000000000002,Caja creada en MC,1355,Bastones clasicos,Bastones clasicos - Reserva Privada,Estacional,Grueso,Bastones rectos de brocoli,401.3,275.1,169.5,11.804,140
MC1356,False,3.0x400.0x300.0x179.4,Catálogo inicial,1356,Bastones clasicos,Bastones clasicos - Reserva Privada,Estacional,Medio,Bastones rectos de brocoli,388.1,289.0,176.3,12.753,140
MC1357,False,2.7x370.29999999999995x188.8x162.0,Caja creada en MC,1357,Guarniciones,Guarniciones - Legumes Croquetas,Forma estable,Forma,Croquetas de brocoli,363.8,176.9,153.3,4.915,140
MC1358,False,3.0x400.0x269.82x150.0,Catálogo inicial,1358,Guarniciones,Guarniciones - Legumes Croquetas,Forma estable,Forma,Tortitas de brocoli,385.9,248.7,155.1,5.082,140
MC1359,False,3.0x375.6x286.8x216.9,Caja creada en MC,1359,Bastones clasicos,Bastones clasicos - Sigilo,Forma estable,Forma,Corte rustico de brocoli,363.8,295.0,203.3,12.418,140
MC1360,False,3.0x400.0x300.0x174.08,Catálogo inicial,1360,Bastones clasicos,Bastones clasicos - Legumes Frites,Estacional,Medio,Bastones rectos de brocoli,400.9,290.0,160.9,12.589,140
MC1361,False,3.0x400.0x300.0x179.4,Catálogo inicial,1361,Bastones clasicos,Bastones clasicos - Mayordomo,Estacional,Grueso,Bastones rectos de brocoli,388.0,290.9,176.2,12.209,140
MC1362,False,3.0x394.0x294.0x195.0,Catálogo inicial,1362,Bastones clasicos,Bastones clasicos - Sigilo,Estacional,Medio,Bastones rectos de brocoli,399.6,272.7,190.4,12.824,140
MC1363,False,2.7x398.4x280.79999999999995x210.3,Caja creada en MC,1363,Bastones clasicos,Bastones clasicos - Sigilo,Forma estable,Forma,Tiras para dip de brocoli,372.6,261.7,223.2,6.268,140
MC1364,False,3.0x400.0x240.0x196.42,Catálogo inicial,1364,Guarniciones,Guarniciones - Cubos,Forma estable,Forma,Cubos de brocoli,374.7,245.9,184.9,13.342,140
MC1365,False,3.0x400.0x300.0x190.04,Catálogo inicial,1365,Bastones clasicos,Bastones clasicos - Legumes Frites,Estacional,Medio,Bastones rectos de brocoli,389.0,299.1,182.6,11.739,140
MC1366,False,3.0x400.0x277.27x200.0,Catálogo inicial,1366,Bastones clasicos,Bastones clasicos - Reserva Privada,Estacional,Corte steak,Bastones rectos de brocoli,392.6,262.8,197.8,13.112,140
MC1367,False,3.0x400.9x251.9x192.9,Caja creada en MC,1367,Bastones clasicos,Bastones clasicos - Sigilo,Estacional,Grueso,Bastones rectos de brocoli,377.4,252.3,189.3,12.978,140
MC1368,False,3.0x400.0x277.27x298.55,Catálogo inicial,1368,Bastones clasicos,Bastones clasicos - Sigilo,Forma estable,Forma,Brocoli en rejilla,387.0,278.7,286.3,12.468,140
MC1369,False,3.0x400.0x300.0x190.04,Catálogo inicial,1369,Bastones clasicos,Bastones clasicos - Legumes Frites,Estacional,Medio,Bastones rectos de brocoli,406.8,287.3,181.0,12.937,140
MC1370,False,3.0x400.0x300.0x244.29,Catálogo inicial,1370,Bastones clasicos,Bastones clasicos - Sigilo,Estacional,Grueso,Bastones rectos de brocoli,404.9,291.8,230.2,12.962,140
MC1371,False,2.7x412.2x310.79999999999995x178.1,Caja creada en MC,1371,Bastones clasicos,Bastones clasicos - Reserva Privada,Estacional,Medio,Bastones rectos de brocoli,400.2,288.3,185.7,11.917,140
MC1372,False,3.0x406.3x256.5x230.9,Caja creada en MC,1372,Bastones clasicos,Bastones clasicos - Sigilo,Estacional,Medio,Bastones rectos de brocoli,403.0,253.1,219.2,13.064,140
MC1373,True,2.7x412.2x240.1x172.20000000000002,Caja nueva,1373,Snacks y aperitivos,Snacks y aperitivos - Queso,Co-produccion,Forma,Bocados de brocoli con queso cheddar,406.8,234.7,166.8,5.169,141
MC1374,False,3.0x400.0x300.0x300.0,Catálogo inicial,1374,Bastones clasicos,Bastones clasicos - Sigilo,Forma estable,Forma,Brocoli en rejilla,392.7,305.9,278.8,7.992,141
MC1375,False,3.0x375.1x267.5x241.0,Caja creada en MC,1375,Bastones clasicos,Bastones clasicos - Sigilo,Estacional,Medio,Bastones rectos de brocoli,363.8,247.4,238.4,10.596,141
MC1376,False,2.7x369.2x294.2x185.70000000000002,Caja creada en MC,1376,Guarniciones,Guarniciones - Otros,Estacional,Medio,Bastones rectos de brocoli,383.8,281.8,174.7,12.28,141
MC1377,False,3.0x375.8x300.7x170.7,Caja creada en MC,1377,Bastones clasicos,Bastones clasicos - Legumes Frites,Estacional,Medio,Bastones rectos de brocoli,389.3,277.3,158.2,11.817,141
MC1378,False,3.0x400.0x300.0x376.21,Catálogo inicial,1378,Bastones clasicos,Bastones clasicos - Sigilo,Forma estable,Forma,Brocoli zigzag,376.7,291.1,365.6,12.854,141
MC1379,False,3.0x400.9x251.9x192.9,Caja creada en MC,1379,Bastones clasicos,Bastones clasicos - Sigilo,Estacional,Fino,Bastones rectos de brocoli,390.9,248.2,186.0,6.425,141
MC1380,False,3.0x400.4x278.8x230.1,Caja creada en MC,1380,Bastones clasicos,Bastones clasicos - Reserva Privada,Estacional,Fino,Bastones rectos de brocoli,378.0,266.7,237.3,12.608,141
MC1381,False,3.0x400.0x300.0x376.21,Catálogo inicial,1381,Bastones clasicos,Bastones clasicos - Sigilo,Forma estable,Forma,Brocoli en rejilla,405.5,291.5,354.7,11.696,141
MC1382,False,2.7x411.9x311.29999999999995x206.1,Caja creada en MC,1382,Bastones clasicos,Bastones clasicos - Sigilo,Estacional,Fino,Bastones rectos de brocoli,396.7,292.5,214.1,11.965,141
MC1383,False,3.0x412.8x269.0x265.6,Caja creada en MC,1383,Bastones clasicos,Bastones clasicos - Grado B,Estacional,Fino,Bastones rectos de brocoli,400.7,253.5,252.9,12.589,141
MC1384,False,3.0x400.0x274.08x225.0,Catálogo inicial,1384,Bastones clasicos,Bastones clasicos - Sigilo,Forma estable,Forma,Dippers de brocoli,393.2,276.2,208.8,12.375,141
MC1385,False,3.0x400.0x277.27x200.0,Catálogo inicial,1385,Bastones clasicos,Bastones clasicos - Legumes Frites,Estacional,Medio,Bastones rectos de brocoli,379.6,282.8,192.2,12.814,141
MC1386,False,2.7x409.79999999999995x269.2x239.70000000000002,Caja creada en MC,1386,Bastones clasicos,Bastones clasicos - Sigilo,Forma estable,Forma,Brocoli ondulado,390.3,275.3,225.0,12.025,141
MC1387,False,2.7x404.09999999999997x245.20000000000002x336.4,Caja creada en MC,1387,Bastones clasicos,Bastones clasicos - Reserva Privada,Estacional,Fino,Bastones rectos de brocoli,379.0,247.1,325.5,12.216,141
MC1388,False,3.0x370.7x292.0x270.1,Caja creada en MC,1388,Bastones clasicos,Bastones clasicos - Legumes Frites,Estacional,Corte steak,Bastones rectos de brocoli,363.8,279.6,261.5,12.765,141
MC1389,False,2.7x409.79999999999995x269.2x239.70000000000002,Caja creada en MC,1389,Bastones clasicos,Bastones clasicos - Grado B,Estacional,Medio,Bastones rectos de brocoli,394.8,261.5,235.6,11.681,141
MC1390,False,3.0x400.0x300.0x271.95,Catálogo inicial,1390,Bastones clasicos,Bastones clasicos - Sigilo,Forma estable,Forma,Espirales de brocoli,398.8,292.8,255.5,10.276,141
MC1391,False,2.7x412.2x271.59999999999997x150.20000000000002,Caja creada en MC,1391,Bastones clasicos,Bastones clasicos - Sigilo,Forma estable,Forma,Dippers de brocoli,406.8,251.6,153.1,4.781,141
MC1392,False,3.0x400.0x277.27x256.0,Catálogo inicial,1392,Bastones clasicos,Bastones clasicos - Sigilo,Forma estable,Forma,Dippers de brocoli,401.1,262.5,246.6,12.535,141
MC1393,False,2.7x408.4x310.7x217.6,Caja creada en MC,1393,Snacks y aperitivos,Snacks y aperitivos - Aros y Vegetales,Co-produccion,Forma,Aros de brocoli,406.8,299.1,210.6,4.876,141
MC1394,False,3.0x400.0x300.0x244.29,Catálogo inicial,1394,Bastones clasicos,Bastones clasicos - Reserva Privada,Estacional,Fino,Bastones rectos de brocoli,381.2,297.0,236.4,12.388,141
MC1395,False,3.0x400.0x277.27x298.55,Catálogo inicial,1395,Bastones clasicos,Bastones clasicos - Reserva Privada,Estacional,Fino,Bastones rectos de brocoli,381.9,282.8,285.8,12.828,141
MC1396,False,3.0x400.0x267.7x199.61,Catálogo inicial,1396,Guarniciones,Guarniciones - Cubos,Forma estable,Forma,Cubos de brocoli,398.7,250.4,194.2,10.83,141
MC1397,False,3.0x400.0x269.82x300.0,Catálogo inicial,1397,Bastones clasicos,Bastones clasicos - Sigilo,Forma estable,Forma,Brocoli en rejilla,406.8,267.2,278.6,9.82,141
MC1398,False,3.0x400.0x300.0x300.0,Catálogo inicial,1398,Bastones clasicos,Bastones clasicos - Sigilo,Forma estable,Forma,Brocoli en rejilla,405.2,296.4,280.1,9.746,141
MC1399,False,2.7x375.5x293.7x229.6,Caja creada en MC,1399,Bastones clasicos,Bastones clasicos - Reserva Privada,Forma estable,Forma,Gajos de brocoli,392.8,285.8,212.4,12.778,141
MC1400,False,3.0x400.0x240.0x233.65,Catálogo inicial,1400,Bastones clasicos,Bastones clasicos - Legumes Frites,Forma estable,Forma,Brocoli zigzag,375.6,250.6,221.1,9.596,141
MC1401,False,3.0x394.0x294.0x195.0,Catálogo inicial,1401,Bastones clasicos,Bastones clasicos - Legumes Frites,Estacional,Fino,Bastones rectos de brocoli,369.9,280.8,195.3,12.61,141
MC1402,False,2.7x375.5x293.7x229.6,Caja creada en MC,1402,Bastones clasicos,Bastones clasicos - Reserva Privada,Forma estable,Forma,Gajos de brocoli,389.0,288.2,211.8,12.619,141
MC1403,False,2.7x369.2x291.79999999999995x286.79999999999995,Caja creada en MC,1403,Bastones clasicos,Bastones clasicos - Reserva Privada,Estacional,Medio,Bastones rectos de brocoli,366.5,271.7,294.4,12.669,141
MC1404,False,3.0x412.8x259.0x178.7,Caja creada en MC,1404,Snacks y aperitivos,Snacks y aperitivos - Queso,Co-produccion,Forma,Bocados de brocoli con queso crema,390.2,250.5,178.7,4.929,141
MC1405,False,3.0x400.0x240.0x265.57,Catálogo inicial,1405,Bastones clasicos,Bastones clasicos - Sigilo,Forma estable,Forma,Tiras para dip de brocoli,391.6,246.3,246.6,6.525,141
MC1406,True,2.7x411.9x308.7x220.20000000000002,Caja nueva,1406,Bastones clasicos,Bastones clasicos - Sigilo,Estacional,Fino,Bastones rectos de brocoli,406.5,303.3,214.8,13.019,142
MC1407,False,3.0x409.7x304.3x178.3,Caja creada en MC,1407,Bastones clasicos,Bastones clasicos - Sigilo,Estacional,Medio,Bastones rectos de brocoli,381.9,293.5,180.4,12.437,142
MC1408,True,2.7x369.2x272.5x309.7,Caja nueva,1408,Bastones clasicos,Bastones clasicos - Reserva Privada,Estacional,Fino,Bastones rectos de brocoli,363.8,267.1,304.3,12.845,143
MC1409,False,2.7x398.4x280.79999999999995x210.3,Caja creada en MC,1409,Guarniciones,Guarniciones - Legumes Croquetas,Forma estable,Forma,Rosti de brocoli,385.8,274.0,207.3,10.409,143
MC1410,False,2.7x404.29999999999995x304.59999999999997x218.20000000000002,Caja creada en MC,1410,Bastones clasicos,Bastones clasicos - Mayordomo,Estacional,Medio,Bastones rectos de brocoli,379.9,286.9,223.5,12.324,143
MC1411,False,3.0x400.0x300.0x234.72,Catálogo inicial,1411,Bastones clasicos,Bastones clasicos - Sigilo,Forma estable,Forma,Brocoli ondulado,388.5,283.9,231.2,12.51,143
MC1412,False,3.0x369.8x258.3x256.1,Caja creada en MC,1412,Bastones clasicos,Bastones clasicos - Legumes Frites,Estacional,Medio,Bastones rectos de brocoli,390.0,244.9,239.6,11.106,143
MC1413,False,2.7x409.79999999999995x269.2x239.70000000000002,Caja creada en MC,1413,Bastones clasicos,Bastones clasicos - Sigilo,Estacional,Medio,Bastones rectos de brocoli,389.8,269.9,232.2,11.765,143
MC1414,False,3.0x400.0x277.27x315.57,Catálogo inicial,1414,Bastones clasicos,Bastones clasicos - Reserva Privada,Estacional,Fino,Bastones rectos de brocoli,394.1,257.4,309.5,12.464,143
MC1415,False,3.0x373.7x257.7x226.6,Caja creada en MC,1415,Bastones clasicos,Bastones clasicos - Sigilo,Forma estable,Forma,Espirales de brocoli,365.4,251.5,218.7,7.045,143
MC1416,False,2.7x369.2x294.2x185.70000000000002,Caja creada en MC,1416,Bastones clasicos,Bastones clasicos - Legumes Frites,Estacional,Medio,Bastones rectos de brocoli,380.0,280.1,177.5,10.741,143
MC1417,False,3.0x400.0x300.0x212.38,Catálogo inicial,1417,Bastones clasicos,Bastones clasicos - Sigilo,Forma estable,Forma,Mix crujiente de brocoli,393.9,292.2,207.1,12.42,143
MC1418,False,2.7x412.2x308.9x261.9,Caja creada en MC,1418,Bastones clasicos,Bastones clasicos - Sigilo,Forma estable,Forma,Espirales de brocoli,387.7,292.6,276.2,12.624,143
MC1419,False,3.0x373.2x309.4x177.8,Caja creada en MC,1419,Bastones clasicos,Bastones clasicos - Legumes Frites,Estacional,Corte steak,Bastones rectos de brocoli,369.3,285.6,176.5,12.569,143
MC1420,False,3.0x400.0x300.0x288.97,Catálogo inicial,1420,Bastones clasicos,Bastones clasicos - Legumes Frites,Estacional,Medio,Bastones rectos de brocoli,395.8,293.3,279.8,13.087,143
MC1421,False,3.0x410.5x276.4x184.8,Caja creada en MC,1421,Bastones clasicos,Bastones clasicos - Reserva Privada,Estacional,Corte steak,Bastones rectos de brocoli,406.8,281.5,170.2,12.668,143
MC1422,False,3.0x400.0x300.0x300.0,Catálogo inicial,1422,Bastones clasicos,Bastones clasicos - Reserva Privada,Estacional,Fino,Bastones rectos de brocoli,385.5,299.7,291.6,12.998,143
MC1423,False,3.0x369.8x292.7x200.2,Caja creada en MC,1423,Bastones clasicos,Bastones clasicos - Legumes Frites,Estacional,Medio,Bastones rectos de brocoli,363.8,283.5,184.6,10.881,143
MC1424,True,2.7x408.79999999999995x311.29999999999995x298.59999999999997,Caja nueva,1424,Bastones clasicos,Bastones clasicos - Sigilo,Forma estable,Forma,Espirales de brocoli,403.4,305.9,293.2,12.711,144
MC1425,False,3.0x400.0x240.0x244.29,Catálogo inicial,1425,Bastones clasicos,Bastones clasicos - Sigilo,Estacional,Medio,Bastones rectos de brocoli,373.4,246.8,237.7,12.415,144
MC1426,False,2.7x398.4x280.79999999999995x210.3,Caja creada en MC,1426,Bastones clasicos,Bastones clasicos - Legumes Frites,Estacional,Fino,Bastones rectos de brocoli,383.5,274.2,209.9,10.617,144
MC1427,False,2.7x369.7x253.20000000000002x286.09999999999997,Caja creada en MC,1427,Bastones clasicos,Bastones clasicos - Grado B,Estacional,Fino,Bastones rectos de brocoli,382.5,246.1,264.4,12.681,144
MC1428,False,3.0x400.0x300.0x257.14,Catálogo inicial,1428,Guarniciones,Guarniciones - Tortitas,Forma estable,Forma,Tortitas de brocoli,381.3,298.2,253.1,8.649,144
MC1429,False,3.0x400.0x277.27x256.0,Catálogo inicial,1429,Bastones clasicos,Bastones clasicos - Sigilo,Estacional,Fino,Bastones rectos de brocoli,387.8,255.5,263.9,12.248,144
MC1430,False,3.0x400.0x274.08x225.0,Catálogo inicial,1430,Bastones clasicos,Bastones clasicos - Legumes Frites,Estacional,Medio,Bastones rectos de brocoli,385.9,284.0,210.7,12.687,144
MC1431,False,3.0x400.0x266.63x256.0,Catálogo inicial,1431,Bastones clasicos,Bastones clasicos - Sigilo,Forma estable,Forma,Brocoli en rejilla,385.4,247.2,261.7,6.277,144
MC1432,False,3.0x400.0x300.0x257.14,Catálogo inicial,1432,Bastones clasicos,Bastones clasicos - Sigilo,Forma estable,Forma,Brocoli en rejilla,402.0,284.8,250.3,6.65,144
MC1433,False,3.0x400.0x269.82x300.0,Catálogo inicial,1433,Bastones clasicos,Bastones clasicos - Sigilo,Estacional,Fino,Bastones rectos de brocoli,374.9,281.6,279.8,8.624,144
MC1434,False,3.0x400.0x269.82x300.0,Catálogo inicial,1434,Bastones clasicos,Bastones clasicos - Reserva Privada,Estacional,Medio,Bastones rectos de brocoli,390.1,277.1,280.7,12.935,144
MC1435,False,2.7x371.7x264.59999999999997x151.70000000000002,Caja creada en MC,1435,Guarniciones,Guarniciones - Legumes Croquetas,Forma estable,Forma,Tortitas de brocoli,383.2,246.8,144.1,4.941,144
MC1436,False,3.0x400.0x277.27x163.63,Catálogo inicial,1436,Snacks y aperitivos,Snacks y aperitivos - Queso,Co-produccion,Forma,Bocados de brocoli con queso cheddar,384.8,266.8,161.0,5.095,144
MC1437,False,3.0x375.8x300.7x170.7,Caja creada en MC,1437,Bastones clasicos,Bastones clasicos - Sigilo,Forma estable,Forma,Gajos de brocoli,376.0,285.3,163.1,12.567,144
MC1438,False,2.7x375.7x311.29999999999995x289.29999999999995,Caja creada en MC,1438,Bastones clasicos,Bastones clasicos - Reserva Privada,Estacional,Medio,Bastones rectos de brocoli,363.8,291.7,296.3,12.779,144
MC1439,False,2.7x369.2x294.2x185.70000000000002,Caja creada en MC,1439,Bastones clasicos,Bastones clasicos - Sigilo,Forma estable,Forma,Gajos de brocoli,389.4,281.4,171.7,9.782,144
MC1440,False,3.0x399.2x258.0x209.2,Caja creada en MC,1440,Bastones clasicos,Bastones clasicos - Sigilo,Forma estable,Forma,Espirales de brocoli,378.9,249.8,212.4,6.413,144
MC1441,True,2.7x370.4x260.0x167.70000000000002,Caja nueva,1441,Bastones clasicos,Bastones clasicos - Sigilo,Forma estable,Forma,Tiras para dip de brocoli,365.0,254.6,162.3,5.666,145
MC1442,False,3.0x400.0x240.0x196.42,Catálogo inicial,1442,Bastones clasicos,Bastones clasicos - Reserva Privada,Forma estable,Forma,Gajos de brocoli,376.8,235.4,190.2,12.467,145
MC1443,False,3.0x400.4x278.8x230.1,Caja creada en MC,1443,Bastones clasicos,Bastones clasicos - Sigilo,Estacional,Corte steak,Bastones rectos de brocoli,382.4,265.9,230.6,12.796,145
MC1444,False,2.7x412.2x247.8x241.8,Caja creada en MC,1444,Bastones clasicos,Bastones clasicos - Legumes Frites,Forma estable,Forma,Brocoli zigzag,398.0,251.0,228.5,9.952,145
MC1445,True,2.7x371.7x297.79999999999995x242.1,Caja nueva,1445,Bastones clasicos,Bastones clasicos - Sigilo,Forma estable,Forma,Brocoli zigzag,366.3,292.4,236.7,9.524,146
MC1446,True,3.0x372.4x248.4x193.2,Caja nueva,1446,Bastones clasicos,Bastones clasicos - Sigilo,Forma estable,Forma,Gajos de brocoli,366.4,242.4,187.2,12.157,147
MC1447,False,3.0x406.3x256.5x230.9,Caja creada en MC,1447,Bastones clasicos,Bastones clasicos - Sigilo,Estacional,Medio,Bastones rectos de brocoli,395.8,246.8,222.8,11.216,147
MC1448,False,3.0x400.0x300.0x212.38,Catálogo inicial,1448,Snacks y aperitivos,Snacks y aperitivos - Aros y Vegetales,Co-produccion,Forma,Aros de brocoli,406.8,288.3,197.8,4.955,147
MC1449,False,2.7x397.2x246.8x162.5,Caja creada en MC,1449,Guarniciones,Guarniciones - Legumes Croquetas,Forma estable,Forma,Tortitas de brocoli,371.5,261.3,149.9,5.14,147
MC1450,False,3.0x375.6x286.8x216.9,Caja creada en MC,1450,Bastones clasicos,Bastones clasicos - Reserva Privada,Forma estable,Forma,Gajos de brocoli,372.8,284.6,201.1,12.931,147
MC1451,False,2.7x405.5x308.2x293.09999999999997,Caja creada en MC,1451,Bastones clasicos,Bastones clasicos - Sigilo,Estacional,Grueso,Bastones rectos de brocoli,393.1,289.1,304.3,13.399,147
MC1452,False,3.0x375.1x267.5x241.0,Caja creada en MC,1452,Bastones clasicos,Bastones clasicos - Legumes Frites,Estacional,Fino,Bastones rectos de brocoli,365.6,265.4,229.3,12.659,147
MC1453,True,3.0x370.4x301.9x184.8,Caja nueva,1453,Bastones clasicos,Bastones clasicos - Legumes Frites,Estacional,Medio,Bastones rectos de brocoli,364.4,295.9,178.8,12.608,148
MC1454,False,3.0x400.0x300.0x257.14,Catálogo inicial,1454,Bastones clasicos,Bastones clasicos - Reserva Privada,Forma estable,Forma,Rodajas de brocoli,382.7,292.6,257.9,8.652,148
MC1455,False,2.7x398.4x280.79999999999995x210.3,Caja creada en MC,1455,Bastones clasicos,Bastones clasicos - Mayordomo,Estacional,Medio,Bastones rectos de brocoli,403.9,273.8,199.6,12.587,148
MC1456,False,3.0x400.0x240.0x265.57,Catálogo inicial,1456,Bastones clasicos,Bastones clasicos - Sigilo,Forma estable,Forma,Dippers de brocoli,378.0,242.8,254.6,12.947,148
MC1457,False,2.7x412.2x250.8x284.29999999999995,Caja creada en MC,1457,Bastones clasicos,Bastones clasicos - Sigilo,Forma estable,Forma,Brocoli zigzag,394.2,247.3,285.6,12.48,148
MC1458,False,3.0x400.0x274.08x225.0,Catálogo inicial,1458,Bastones clasicos,Bastones clasicos - Reserva Privada,Estacional,Corte steak,Bastones rectos de brocoli,406.4,260.6,218.3,12.699,148
MC1459,False,3.0x409.7x304.3x178.3,Caja creada en MC,1459,Bastones clasicos,Bastones clasicos - Legumes Frites,Estacional,Grueso,Bastones rectos de brocoli,406.8,287.5,173.9,9.764,148
MC1460,False,3.0x400.0x277.27x200.0,Catálogo inicial,1460,Bastones clasicos,Bastones clasicos - Sigilo,Estacional,Fino,Bastones rectos de brocoli,373.4,270.2,204.8,12.547,148
MC1461,False,3.0x369.8x258.3x256.1,Caja creada en MC,1461,Guarniciones,Guarniciones - Legumes Croquetas,Forma estable,Forma,Croquetas de brocoli,394.8,243.6,238.6,13.146,148
MC1462,False,3.0x389.6x249.3x214.0,Caja creada en MC,1462,Bastones clasicos,Bastones clasicos - Legumes Frites,Estacional,Corte steak,Bastones rectos de brocoli,403.9,236.9,197.4,12.951,148
MC1463,False,3.0x375.1x267.5x241.0,Caja creada en MC,1463,Bastones clasicos,Bastones clasicos - Legumes Frites,Estacional,Fino,Bastones rectos de brocoli,375.1,254.6,223.8,12.53,148
MC1464,False,3.0x400.0x300.0x257.14,Catálogo inicial,1464,Bastones clasicos,Bastones clasicos - Sigilo,Forma estable,Forma,Espirales de brocoli,406.8,281.3,246.4,9.813,148
MC1465,False,3.0x375.1x267.5x241.0,Caja creada en MC,1465,Bastones clasicos,Bastones clasicos - Legumes Frites,Estacional,Medio,Bastones rectos de brocoli,368.4,256.0,233.6,10.768,148
MC1466,False,2.7x412.2x311.29999999999995x186.0,Caja creada en MC,1466,Bastones clasicos,Bastones clasicos - Legumes Frites,Estacional,Medio,Bastones rectos de brocoli,387.2,289.2,192.5,10.943,148
MC1467,False,2.7x404.29999999999995x304.59999999999997x218.20000000000002,Caja creada en MC,1467,Bastones clasicos,Bastones clasicos - Sigilo,Forma estable,Forma,Dippers de brocoli,383.2,302.4,216.2,12.616,148
MC1468,False,3.0x400.0x266.63x256.0,Catálogo inicial,1468,Bastones clasicos,Bastones clasicos - Sigilo,Forma estable,Forma,Brocoli en rejilla,372.0,254.3,269.7,6.666,148
MC1469,False,3.0x400.4x278.8x230.1,Caja creada en MC,1469,Bastones clasicos,Bastones clasicos - Mayordomo,Estacional,Medio,Bastones rectos de brocoli,376.6,284.3,224.9,12.781,148
MC1470,False,3.0x399.0x261.0x276.0,Catálogo inicial,1470,Bastones clasicos,Bastones clasicos - Grado B,Estacional,Fino,Bastones rectos de brocoli,396.3,261.3,258.2,12.084,148
MC1471,False,3.0x400.0x300.0x234.72,Catálogo inicial,1471,Bastones clasicos,Bastones clasicos - Sigilo,Estacional,Grueso,Bastones rectos de brocoli,406.8,283.6,229.3,14.153,148
MC1472,False,3.0x400.0x266.63x256.0,Catálogo inicial,1472,Bastones clasicos,Bastones clasicos - Sigilo,Forma estable,Forma,Corte rustico de brocoli,391.5,247.6,255.4,12.467,148
MC1473,False,2.7x409.79999999999995x269.2x239.70000000000002,Caja creada en MC,1473,Bastones clasicos,Bastones clasicos - Sigilo,Forma estable,Forma,Corte rustico de brocoli,383.8,250.5,243.4,12.13,148
MC1474,False,2.7x409.79999999999995x269.2x239.70000000000002,Caja creada en MC,1474,Bastones clasicos,Bastones clasicos - Sigilo,Forma estable,Forma,Dippers de brocoli,392.6,267.5,230.2,13.001,148
MC1475,False,3.0x406.3x256.5x230.9,Caja creada en MC,1475,Bastones clasicos,Bastones clasicos - Reserva Privada,Estacional,Corte steak,Bastones rectos de brocoli,381.5,254.7,216.8,13.049,148
MC1476,False,2.7x412.2x247.8x241.8,Caja creada en MC,1476,Bastones extra crocantes,Bastones extra crocantes - Muy Crocantes,Estacional,Medio,Bastones rectos de brocoli,401.7,247.2,234.4,12.599,148
MC1477,False,2.7x408.2x295.59999999999997x162.4,Caja creada en MC,1477,Snacks y aperitivos,Snacks y aperitivos - Queso,Co-produccion,Forma,Bocados de brocoli con queso cheddar,404.7,296.9,148.1,5.106,148
MC1478,False,3.0x406.3x256.5x230.9,Caja creada en MC,1478,Bastones clasicos,Bastones clasicos - Reserva Privada,Estacional,Corte steak,Bastones rectos de brocoli,406.8,246.8,219.8,12.788,148
MC1479,False,3.0x412.8x259.0x178.7,Caja creada en MC,1479,Snacks y aperitivos,Snacks y aperitivos - Queso,Co-produccion,Forma,Bocados de brocoli con queso cheddar,388.6,258.2,176.2,5.209,148
MC1480,False,3.0x373.2x309.4x177.8,Caja creada en MC,1480,Bastones clasicos,Bastones clasicos - Sigilo,Estacional,Grueso,Bastones rectos de brocoli,382.7,288.2,169.0,12.773,148
MC1481,False,2.7x408.79999999999995x311.29999999999995x298.59999999999997,Caja creada en MC,1481,Bastones clasicos,Bastones clasicos - Reserva Privada,Estacional,Fino,Bastones rectos de brocoli,394.9,298.0,298.9,12.002,148
MC1482,False,2.7x412.2x309.09999999999997x273.79999999999995,Caja creada en MC,1482,Bastones clasicos,Bastones clasicos - Sigilo,Forma estable,Forma,Brocoli zigzag,395.5,286.1,290.2,13.784,148
MC1483,False,3.0x400.0x240.0x248.55,Catálogo inicial,1483,Bastones clasicos,Bastones clasicos - Legumes Frites,Estacional,Medio,Bastones rectos de brocoli,373.9,246.2,240.6,11.352,148
MC1484,False,2.7x392.0x257.3x178.8,Caja creada en MC,1484,Snacks y aperitivos,Snacks y aperitivos - Queso,Co-produccion,Forma,Bocados de brocoli con queso cheddar,388.2,253.1,169.6,4.924,148
MC1485,False,2.7x369.2x291.79999999999995x286.79999999999995,Caja creada en MC,1485,Bastones clasicos,Bastones clasicos - Reserva Privada,Estacional,Medio,Bastones rectos de brocoli,392.3,274.5,270.4,12.114,148
MC1486,False,2.7x372.7x265.79999999999995x220.8,Caja creada en MC,1486,Bastones clasicos,Bastones clasicos - Reserva Privada,Estacional,Medio,Bastones rectos de brocoli,383.2,258.1,206.0,12.689,148
MC1487,False,3.0x400.0x300.0x300.0,Catálogo inicial,1487,Bastones clasicos,Bastones clasicos - Reserva Privada,Estacional,Fino,Bastones rectos de brocoli,381.2,291.1,302.8,12.396,148
MC1488,False,3.0x400.4x278.8x230.1,Caja creada en MC,1488,Bastones clasicos,Bastones clasicos - Legumes Frites,Estacional,Medio,Bastones rectos de brocoli,381.0,270.7,230.3,11.109,148
MC1489,False,3.0x394.0x294.0x195.0,Catálogo inicial,1489,Bastones clasicos,Bastones clasicos - Sigilo,Estacional,Forma,Bastones rectos de brocoli,406.8,290.5,178.7,5.623,148
MC1490,False,2.7x402.59999999999997x303.79999999999995x240.3,Caja creada en MC,1490,Bastones clasicos,Bastones clasicos - Sigilo,Forma estable,Forma,Espirales de brocoli,379.0,283.7,258.0,12.288,148
MC1491,False,3.0x400.0x240.0x244.29,Catálogo inicial,1491,Bastones extra crocantes,Bastones extra crocantes - Muy Crocantes,Estacional,Medio,Bastones rectos de brocoli,371.3,250.6,232.4,12.081,148
MC1492,False,3.0x400.0x300.0x234.72,Catálogo inicial,1492,Bastones clasicos,Bastones clasicos - Sigilo,Forma estable,Forma,Brocoli en rejilla,372.3,297.9,230.1,6.575,148
MC1493,False,3.0x400.0x277.27x256.0,Catálogo inicial,1493,Bastones clasicos,Bastones clasicos - Sigilo,Forma estable,Forma,Brocoli en rejilla,371.4,289.3,248.2,6.396,148
MC1494,False,3.0x375.8x300.7x170.7,Caja creada en MC,1494,Bastones clasicos,Bastones clasicos - Sigilo,Forma estable,Forma,Gajos de brocoli,370.8,285.5,168.8,8.788,148
MC1495,False,3.0x406.3x256.5x230.9,Caja creada en MC,1495,Bastones clasicos,Bastones clasicos - Sigilo,Estacional,Corte steak,Bastones rectos de brocoli,391.2,263.3,217.2,11.996,148
MC1496,False,3.0x400.0x277.27x315.57,Catálogo inicial,1496,Bastones clasicos,Bastones clasicos - Sigilo,Forma estable,Forma,Brocoli en rejilla,380.9,290.5,297.6,12.405,148
MC1497,False,3.0x400.0x240.0x244.29,Catálogo inicial,1497,Bastones clasicos,Bastones clasicos - Sigilo,Forma estable,Forma,Brocoli en rejilla,374.9,255.3,224.5,6.895,148
MC1498,False,3.0x400.0x300.0x174.08,Catálogo inicial,1498,Bastones clasicos,Bastones clasicos - Legumes Frites,Estacional,Medio,Bastones rectos de brocoli,372.2,287.6,181.0,12.727,148
MC1499,False,2.7x402.29999999999995x251.3x285.0,Caja creada en MC,1499,Bastones clasicos,Bastones clasicos - Sigilo,Forma estable,Forma,Brocoli en rejilla,387.8,254.9,275.4,6.346,148
MC1500,False,2.7x412.2x271.59999999999997x150.20000000000002,Caja creada en MC,1500,Bastones clasicos,Bastones clasicos - Sigilo,Forma estable,Forma,Dippers de brocoli,406.8,252.6,148.6,4.365,148
MC1501,True,2.7x406.2x279.0x225.3,Caja nueva,1501,Bastones clasicos,Bastones clasicos - Reserva Privada,Estacional,Medio,Bastones rectos de brocoli,400.8,273.6,219.9,12.506,149
MC1502,False,3.0x389.6x249.3x214.0,Caja creada en MC,1502,Bastones clasicos,Bastones clasicos - Reserva Privada,Estacional,Medio,Bastones rectos de brocoli,379.2,240.0,205.6,12.71,149
MC1503,False,3.0x400.0x300.0x288.97,Catálogo inicial,1503,Bastones clasicos,Bastones clasicos - Reserva Privada,Estacional,Medio,Bastones rectos de brocoli,373.8,287.5,295.2,12.652,149
MC1504,False,2.7x412.2x268.2x319.59999999999997,Caja creada en MC,1504,Bastones clasicos,Bastones clasicos - Reserva Privada,Estacional,Fino,Bastones rectos de brocoli,389.9,258.1,332.5,12.308,149
MC1505,False,3.0x400.0x300.0x212.38,Catálogo inicial,1505,Bastones clasicos,Bastones clasicos - Legumes Frites,Estacional,Fino,Bastones rectos de brocoli,383.7,297.1,202.0,12.612,149
MC1506,False,2.7x398.4x280.79999999999995x210.3,Caja creada en MC,1506,Bastones clasicos,Bastones clasicos - Grado B,Estacional,Medio,Bastones rectos de brocoli,399.9,261.8,207.6,13.063,149
MC1507,False,3.0x389.6x249.3x214.0,Caja creada en MC,1507,Bastones clasicos,Bastones clasicos - Legumes Frites Salados,Estacional,Medio,Bastones rectos de brocoli,382.3,249.8,198.1,12.577,149
MC1508,False,3.0x400.0x300.0x271.95,Catálogo inicial,1508,Bastones clasicos,Bastones clasicos - Reserva Privada,Estacional,Medio,Bastones rectos de brocoli,386.4,290.4,265.9,11.888,149
MC1509,False,3.0x389.6x249.3x214.0,Caja creada en MC,1509,Bastones clasicos,Bastones clasicos - Sigilo,Forma estable,Forma,Gajos de brocoli,363.8,249.9,203.7,12.576,149
MC1510,False,2.7x409.79999999999995x269.2x239.70000000000002,Caja creada en MC,1510,Bastones clasicos,Bastones clasicos - Sigilo,Forma estable,Forma,Brocoli en rejilla,388.5,281.6,223.9,6.899,149
MC1511,False,3.0x400.0x267.7x199.61,Catálogo inicial,1511,Bastones clasicos,Bastones clasicos - Reserva Privada,Estacional,Medio,Bastones rectos de brocoli,387.7,251.6,193.8,12.017,149
MC1512,False,3.0x400.0x300.0x174.08,Catálogo inicial,1512,Bastones clasicos,Bastones clasicos - Sigilo,Estacional,Medio,Bastones rectos de brocoli,380.8,287.3,177.7,12.511,149
MC1513,False,2.7x402.59999999999997x303.79999999999995x240.3,Caja creada en MC,1513,Bastones clasicos,Bastones clasicos - Sigilo,Forma estable,Forma,Brocoli en rejilla,406.8,287.9,237.5,6.456,149
MC1514,False,3.0x373.2x309.4x177.8,Caja creada en MC,1514,Bastones clasicos,Bastones clasicos - Legumes Frites,Estacional,Medio,Bastones rectos de brocoli,375.8,285.6,175.4,12.536,149
MC1515,False,3.0x400.0x300.0x179.4,Catálogo inicial,1515,Bastones clasicos,Bastones clasicos - Sigilo,Forma estable,Forma,Gajos de brocoli,393.6,295.8,170.2,12.573,149
MC1516,False,3.0x400.0x300.0x244.29,Catálogo inicial,1516,Bastones extra crocantes,Bastones extra crocantes - Muy Crocantes,Estacional,Fino,Bastones rectos de brocoli,385.6,288.0,240.8,12.927,149
MC1517,False,3.0x389.6x249.3x214.0,Caja creada en MC,1517,Bastones clasicos,Bastones clasicos - Legumes Frites,Estacional,Corte steak,Bastones rectos de brocoli,381.8,248.4,203.0,12.532,149
MC1518,False,3.0x400.0x300.0x174.08,Catálogo inicial,1518,Bastones clasicos,Bastones clasicos - Reserva Privada,Estacional,Grueso,Bastones rectos de brocoli,382.7,280.5,180.9,12.979,149
MC1519,False,2.7x408.79999999999995x311.29999999999995x298.59999999999997,Caja creada en MC,1519,Bastones clasicos,Bastones clasicos - Sigilo,Estacional,Medio,Bastones rectos de brocoli,396.3,305.9,290.4,12.456,149
MC1520,False,3.0x400.0x300.0x271.95,Catálogo inicial,1520,Bastones clasicos,Bastones clasicos - Reserva Privada,Estacional,Medio,Bastones rectos de brocoli,395.8,277.0,272.8,12.369,149
MC1521,False,2.7x409.79999999999995x269.2x239.70000000000002,Caja creada en MC,1521,Bastones clasicos,Bastones clasicos - Reserva Privada,Estacional,Fino,Bastones rectos de brocoli,394.7,249.2,245.2,10.779,149
MC1522,False,2.7x375.7x311.29999999999995x289.29999999999995,Caja creada en MC,1522,Bastones clasicos,Bastones clasicos - Sigilo,Forma estable,Forma,Brocoli en rejilla,395.0,293.2,273.5,6.146,149
MC1523,False,3.0x400.0x300.0x190.04,Catálogo inicial,1523,Bastones clasicos,Bastones clasicos - Sigilo,Estacional,Grueso,Bastones rectos de brocoli,397.5,303.2,174.1,12.603,149
MC1524,False,3.0x400.0x269.82x344.29,Catálogo inicial,1524,Bastones clasicos,Bastones clasicos - Reserva Privada,Estacional,Fino,Bastones rectos de brocoli,371.0,260.7,358.4,13.27,149
MC1525,False,3.0x399.2x258.0x209.2,Caja creada en MC,1525,Bastones clasicos,Bastones clasicos - Legumes Frites,Estacional,Corte steak,Bastones rectos de brocoli,391.8,242.5,192.5,12.672,149
MC1526,False,2.7x369.2x291.79999999999995x286.79999999999995,Caja creada en MC,1526,Bastones clasicos,Bastones clasicos - Reserva Privada,Estacional,Medio,Bastones rectos de brocoli,370.3,272.8,288.6,12.758,149
MC1527,False,3.0x400.0x274.08x225.0,Catálogo inicial,1527,Bastones clasicos,Bastones clasicos - Legumes Frites,Forma estable,Forma,Brocoli zigzag,392.4,254.4,228.8,9.629,149
MC1528,False,3.0x410.5x276.4x184.8,Caja creada en MC,1528,Bastones clasicos,Bastones clasicos - Legumes Frites,Estacional,Medio,Bastones rectos de brocoli,406.8,274.2,168.4,12.408,149
MC1529,False,3.0x375.6x286.8x216.9,Caja creada en MC,1529,Bastones clasicos,Bastones clasicos - Grado B,Estacional,Medio,Bastones rectos de brocoli,384.6,281.9,198.8,12.869,149
MC1530,False,3.0x369.8x258.3x256.1,Caja creada en MC,1530,Bastones clasicos,Bastones clasicos - Sigilo,Forma estable,Forma,Tiras para dip de brocoli,367.1,238.5,251.4,13.253,149
MC1531,False,2.7x411.9x308.7x220.20000000000002,Caja creada en MC,1531,Bastones clasicos,Bastones clasicos - Sigilo,Estacional,Grueso,Bastones rectos de brocoli,388.5,298.1,227.0,11.752,149
MC1532,False,3.0x412.8x261.3x210.5,Caja creada en MC,1532,Bastones clasicos,Bastones clasicos - Reserva Privada,Forma estable,Forma,Gajos de brocoli,406.8,251.2,207.0,11.266,149
MC1533,False,2.7x412.2x254.6x279.4,Caja creada en MC,1533,Bastones clasicos,Bastones clasicos - Sigilo,Forma estable,Forma,Tiras para dip de brocoli,399.5,243.6,285.3,9.51,149
MC1534,False,3.0x400.0x269.82x344.29,Catálogo inicial,1534,Bastones clasicos,Bastones clasicos - Sigilo,Estacional,Fino,Bastones rectos de brocoli,395.9,263.3,335.0,12.579,149
MC1535,True,2.7x403.09999999999997x280.2x269.9,Caja nueva,1535,Bastones clasicos,Bastones clasicos - Sigilo,Forma estable,Forma,Brocoli zigzag,397.7,274.8,264.5,9.53,150
MC1536,False,3.0x373.2x309.4x177.8,Caja creada en MC,1536,Guarniciones,Guarniciones - Cubos,Forma estable,Forma,Cubos de brocoli,391.6,292.8,165.7,11.957,150
MC1537,False,3.0x369.8x258.3x256.1,Caja creada en MC,1537,Bastones clasicos,Bastones clasicos - Legumes Frites,Estacional,Medio,Bastones rectos de brocoli,393.9,246.7,236.1,10.628,150
MC1538,False,3.0x400.0x300.0x244.29,Catálogo inicial,1538,Bastones clasicos,Bastones clasicos - Sigilo,Estacional,Grueso,Bastones rectos de brocoli,396.6,299.7,225.4,13.019,150
MC1539,False,3.0x400.0x277.27x200.0,Catálogo inicial,1539,Guarniciones,Guarniciones - Cubos,Forma estable,Forma,Cubos de brocoli,406.8,260.7,190.7,10.904,150
MC1540,False,3.0x400.0x277.27x180.0,Catálogo inicial,1540,Bastones clasicos,Bastones clasicos - Legumes Frites,Estacional,Corte steak,Bastones rectos de brocoli,392.2,279.3,169.5,11.949,150
MC1541,False,3.0x412.8x258.5x211.6,Caja creada en MC,1541,Bastones clasicos,Bastones clasicos - Legumes Frites,Estacional,Fino,Bastones rectos de brocoli,390.3,274.2,197.1,12.486,150
MC1542,False,2.7x406.2x279.0x225.3,Caja creada en MC,1542,Bastones clasicos,Bastones clasicos - Sigilo,Forma estable,Forma,Tiras para dip de brocoli,389.4,259.6,237.8,12.381,150
MC1543,False,3.0x400.0x300.0x234.72,Catálogo inicial,1543,Bastones clasicos,Bastones clasicos - Sigilo,Forma estable,Forma,Gajos de brocoli,373.1,279.8,246.1,12.06,150
MC1544,False,3.0x412.8x261.3x210.5,Caja creada en MC,1544,Bastones clasicos,Bastones clasicos - Reserva Privada,Estacional,Corte steak,Bastones rectos de brocoli,406.8,253.7,204.7,12.361,150
MC1545,False,3.0x400.0x300.0x300.0,Catálogo inicial,1545,Bastones clasicos,Bastones clasicos - Reserva Privada,Estacional,Fino,Bastones rectos de brocoli,388.5,296.9,291.6,12.38,150
MC1546,False,2.7x412.2x311.29999999999995x186.0,Caja creada en MC,1546,Bastones clasicos,Bastones clasicos - Sigilo,Estacional,Grueso,Bastones rectos de brocoli,404.5,289.4,188.2,12.269,150
MC1547,False,3.0x400.0x240.0x233.65,Catálogo inicial,1547,Bastones clasicos,Bastones clasicos - Sigilo,Estacional,Fino,Bastones rectos de brocoli,384.4,248.7,215.8,10.021,150
MC1548,False,2.7x369.2x294.2x185.70000000000002,Caja creada en MC,1548,Bastones clasicos,Bastones clasicos - Reserva Privada,Estacional,Grueso,Bastones rectos de brocoli,377.2,292.1,171.2,11.786,150
MC1549,False,2.7x408.2x295.59999999999997x162.4,Caja creada en MC,1549,Bastones clasicos,Bastones clasicos - Sigilo,Forma estable,Forma,Gajos de brocoli,388.1,295.0,158.4,9.169,150
MC1550,False,2.7x412.2x311.29999999999995x186.0,Caja creada en MC,1550,Bastones clasicos,Bastones clasicos - Sigilo,Estacional,Medio,Bastones rectos de brocoli,406.8,294.6,179.1,12.501,150
MC1551,False,3.0x400.0x240.0x248.55,Catálogo inicial,1551,Bastones clasicos,Bastones clasicos - Legumes Frites,Forma estable,Forma,Brocoli zigzag,386.3,249.8,230.8,9.778,150
MC1552,True,2.7x369.2x240.5x160.4,Caja nueva,1552,Bastones clasicos,Bastones clasicos - Sigilo,Forma estable,Forma,Corte rustico de brocoli,363.8,235.1,155.0,6.832,151
MC1553,False,3.0x389.6x249.3x214.0,Caja creada en MC,1553,Guarniciones,Guarniciones - Cubos,Forma estable,Forma,Cubos de brocoli,390.5,246.9,200.2,10.822,151
MC1554,False,2.7x408.79999999999995x311.29999999999995x298.59999999999997,Caja creada en MC,1554,Brocoli especial,Brocoli especial - Bastones Especiales,Estacional,Fino,Bastones rectos de brocoli,406.8,298.8,292.5,8.509,151
MC1555,False,3.0x412.8x258.5x211.6,Caja creada en MC,1555,Bastones clasicos,Bastones clasicos - Reserva Privada,Estacional,Medio,Bastones rectos de brocoli,390.5,253.9,210.6,12.497,151
MC1556,False,2.7x369.2x301.79999999999995x267.5,Caja creada en MC,1556,Bastones clasicos,Bastones clasicos - Sigilo,Forma estable,Forma,Brocoli zigzag,373.7,294.7,254.6,9.621,151
MC1557,False,3.0x399.0x261.0x276.0,Catálogo inicial,1557,Bastones clasicos,Bastones clasicos - Sigilo,Forma estable,Forma,Espirales de brocoli,404.8,255.7,259.6,6.802,151
MC1558,False,3.0x409.7x304.3x178.3,Caja creada en MC,1558,Bastones clasicos,Bastones clasicos - Reserva Privada,Estacional,Corte steak,Bastones rectos de brocoli,403.1,285.5,178.7,12.378,151
MC1559,False,3.0x400.0x300.0x200.0,Catálogo inicial,1559,Bastones clasicos,Bastones clasicos - Sigilo,Estacional,Medio,Bastones rectos de brocoli,385.2,284.0,204.5,12.48,151
MC1560,False,3.0x400.0x300.0x376.21,Catálogo inicial,1560,Bastones clasicos,Bastones clasicos - Sigilo,Forma estable,Forma,Espirales de brocoli,390.6,297.7,356.0,12.891,151
MC1561,False,2.7x403.59999999999997x301.9x320.4,Caja creada en MC,1561,Bastones clasicos,Bastones clasicos - Reserva Privada,Forma estable,Forma,Brocoli en rejilla,406.8,289.7,312.5,10.936,151
MC1562,False,3.0x375.6x286.8x216.9,Caja creada en MC,1562,Bastones extra crocantes,Bastones extra crocantes - Atelier Frites,Estacional,Grueso,Bastones rectos de brocoli,384.6,266.0,213.8,12.709,151
MC1563,False,3.0x400.0x300.0x212.38,Catálogo inicial,1563,Bastones clasicos,Bastones clasicos - Grado B,Estacional,Medio,Bastones rectos de brocoli,399.3,293.8,197.3,12.742,151
MC1564,False,3.0x399.0x261.0x276.0,Catálogo inicial,1564,Guarniciones,Guarniciones - Tortitas,Forma estable,Forma,Tortitas de brocoli,399.4,257.2,262.6,12.774,151
MC1565,False,3.0x400.0x277.27x315.57,Catálogo inicial,1565,Bastones clasicos,Bastones clasicos - Sigilo,Forma estable,Forma,Brocoli zigzag,395.9,268.7,295.9,12.609,151
MC1566,False,2.7x412.2x278.09999999999997x335.2,Caja creada en MC,1566,Bastones clasicos,Bastones clasicos - Sigilo,Forma estable,Forma,Brocoli en rejilla,387.7,273.1,317.3,11.064,151
MC1567,False,3.0x400.0x269.82x344.29,Catálogo inicial,1567,Bastones clasicos,Bastones clasicos - Reserva Privada,Estacional,Fino,Bastones rectos de brocoli,377.0,267.9,347.2,12.538,151
MC1568,False,3.0x400.0x266.63x256.0,Catálogo inicial,1568,Bastones clasicos,Bastones clasicos - Grado B,Estacional,Medio,Bastones rectos de brocoli,405.3,257.8,239.7,12.284,151
MC1569,False,3.0x400.0x240.0x244.29,Catálogo inicial,1569,Bastones clasicos,Bastones clasicos - Sigilo,Forma estable,Forma,Dippers de brocoli,373.1,241.2,244.1,12.622,151
MC1570,False,3.0x380.8x257.6x181.9,Caja creada en MC,1570,Bastones clasicos,Bastones clasicos - Reserva Privada,Forma estable,Forma,Gajos de brocoli,363.8,248.2,175.8,10.343,151
MC1571,False,2.7x371.7x297.79999999999995x242.1,Caja creada en MC,1571,Bastones clasicos,Bastones clasicos - Sigilo,Forma estable,Forma,Brocoli zigzag,393.1,276.5,230.4,12.954,151
MC1572,False,2.7x412.2x308.9x261.9,Caja creada en MC,1572,Snacks y aperitivos,Snacks y aperitivos - Aros y Vegetales,Co-produccion,Forma,Aros de brocoli,400.4,303.2,254.5,5.046,151
MC1573,False,2.7x406.2x279.0x225.3,Caja creada en MC,1573,Bastones clasicos,Bastones clasicos - Sigilo,Estacional,Medio,Bastones rectos de brocoli,398.7,263.1,224.0,12.821,151
MC1574,False,2.7x409.79999999999995x269.2x239.70000000000002,Caja creada en MC,1574,Guarniciones,Guarniciones - Legumes Croquetas,Forma estable,Forma,Croquetas de brocoli,384.6,254.1,249.8,9.496,151
MC1575,False,2.7x369.2x291.79999999999995x286.79999999999995,Caja creada en MC,1575,Bastones clasicos,Bastones clasicos - Legumes Frites,Estacional,Fino,Bastones rectos de brocoli,384.3,272.0,278.6,12.402,151
MC1576,False,3.0x400.0x300.0x257.14,Catálogo inicial,1576,Bastones clasicos,Bastones clasicos - Sigilo,Forma estable,Forma,Espirales de brocoli,395.1,277.7,264.1,12.855,151
MC1577,False,3.0x373.8x259.9x219.5,Caja creada en MC,1577,Bastones clasicos,Bastones clasicos - Sigilo,Estacional,Medio,Bastones rectos de brocoli,382.5,252.2,206.3,13.058,151
MC1578,False,2.7x369.2x253.70000000000002x263.29999999999995,Caja creada en MC,1578,Bastones clasicos,Bastones clasicos - Legumes Frites,Estacional,Medio,Bastones rectos de brocoli,374.4,252.2,244.7,12.699,151
MC1579,False,2.7x404.09999999999997x245.20000000000002x336.4,Caja creada en MC,1579,Bastones clasicos,Bastones clasicos - Reserva Privada,Estacional,Fino,Bastones rectos de brocoli,391.3,242.7,329.7,12.319,151
MC1580,False,2.7x375.7x311.29999999999995x289.29999999999995,Caja creada en MC,1580,Bastones clasicos,Bastones clasicos - Legumes Frites,Estacional,Fino,Bastones rectos de brocoli,403.0,292.5,269.0,13.851,151
MC1581,False,3.0x374.7x299.5x214.6,Caja creada en MC,1581,Bastones clasicos,Bastones clasicos - Reserva Privada,Estacional,Fino,Bastones rectos de brocoli,372.5,295.2,205.0,12.536,151
MC1582,False,3.0x375.8x300.7x170.7,Caja creada en MC,1582,Bastones clasicos,Bastones clasicos - Legumes Frites,Estacional,Grueso,Bastones rectos de brocoli,391.8,279.0,164.1,10.283,151
MC1583,False,2.7x375.7x311.29999999999995x289.29999999999995,Caja creada en MC,1583,Bastones clasicos,Bastones clasicos - Sigilo,Forma estable,Forma,Brocoli en rejilla,366.6,294.5,288.0,8.804,151
MC1584,False,3.0x370.4x301.9x184.8,Caja creada en MC,1584,Bastones clasicos,Bastones clasicos - Legumes Frites,Estacional,Medio,Bastones rectos de brocoli,384.7,280.2,178.0,11.081,151
MC1585,False,2.7x369.2x291.79999999999995x286.79999999999995,Caja creada en MC,1585,Bastones clasicos,Bastones clasicos - Legumes Frites,Estacional,Fino,Bastones rectos de brocoli,383.0,282.1,270.9,12.385,151
MC1586,False,2.7x371.7x297.79999999999995x242.1,Caja creada en MC,1586,Bastones clasicos,Bastones clasicos - Sigilo,Estacional,Medio,Bastones rectos de brocoli,363.8,289.1,238.1,12.853,151
MC1587,False,3.0x412.8x259.0x178.7,Caja creada en MC,1587,Bastones clasicos,Bastones clasicos - Reserva Privada,Forma estable,Forma,Gajos de brocoli,383.4,259.1,178.4,10.147,151
MC1588,False,2.7x375.7x311.29999999999995x289.29999999999995,Caja creada en MC,1588,Bastones clasicos,Bastones clasicos - Reserva Privada,Estacional,Medio,Bastones rectos de brocoli,381.6,299.9,273.5,12.112,151
MC1589,False,2.7x371.7x297.79999999999995x242.1,Caja creada en MC,1589,Bastones clasicos,Bastones clasicos - Sigilo,Forma estable,Forma,Brocoli en rejilla,370.1,299.2,228.2,6.431,151
MC1590,False,2.7x411.9x311.29999999999995x206.1,Caja creada en MC,1590,Snacks y aperitivos,Snacks y aperitivos - Aros y Vegetales,Co-produccion,Forma,Aros de brocoli,404.9,300.1,202.6,5.137,151
MC1591,False,3.0x412.8x303.5x182.8,Caja creada en MC,1591,Bastones clasicos,Bastones clasicos - Reserva Privada,Estacional,Corte steak,Bastones rectos de brocoli,406.8,303.0,170.6,12.451,151
MC1592,False,2.7x409.79999999999995x269.2x239.70000000000002,Caja creada en MC,1592,Guarniciones,Guarniciones - Tortitas,Forma estable,Forma,Tortitas de brocoli,400.1,274.3,224.9,10.837,151
MC1593,False,3.0x409.7x304.3x178.3,Caja creada en MC,1593,Bastones clasicos,Bastones clasicos - Legumes Frites,Estacional,Medio,Bastones rectos de brocoli,390.2,291.5,179.0,12.879,151
MC1594,False,3.0x400.0x269.82x150.0,Catálogo inicial,1594,Bastones clasicos,Bastones clasicos - Sigilo,Estacional,Medio,Bastones rectos de brocoli,388.5,281.7,136.5,6.715,151
MC1595,False,2.7x412.2x250.70000000000002x239.1,Caja creada en MC,1595,Bastones clasicos,Bastones clasicos - Legumes Frites,Estacional,Medio,Bastones rectos de brocoli,406.8,257.4,222.0,10.852,151
MC1596,False,3.0x400.0x300.0x271.95,Catálogo inicial,1596,Bastones clasicos,Bastones clasicos - Sigilo,Forma estable,Forma,Espirales de brocoli,405.5,284.0,259.4,9.812,151
MC1597,False,3.0x400.0x300.0x271.95,Catálogo inicial,1597,Bastones clasicos,Bastones clasicos - Legumes Frites,Estacional,Fino,Bastones rectos de brocoli,392.9,286.2,270.9,12.047,151
MC1598,False,2.7x405.29999999999995x251.4x212.4,Caja creada en MC,1598,Bastones clasicos,Bastones clasicos - Sigilo,Forma estable,Forma,Dippers de brocoli,381.9,255.9,207.6,6.325,151
MC1599,False,3.0x400.0x240.0x233.65,Catálogo inicial,1599,Bastones clasicos,Bastones clasicos - Sigilo,Estacional,Medio,Bastones rectos de brocoli,381.3,223.3,219.4,9.786,151
MC1600,False,3.0x400.0x277.27x200.0,Catálogo inicial,1600,Bastones clasicos,Bastones clasicos - Reserva Privada,Estacional,Corte steak,Bastones rectos de brocoli,398.2,256.4,202.7,12.512,151
MC1601,False,3.0x373.5x311.9x210.7,Caja creada en MC,1601,Snacks y aperitivos,Snacks y aperitivos - Aros y Vegetales,Co-produccion,Forma,Aros de brocoli,373.6,301.7,201.7,4.855,151
MC1602,False,2.7x408.4x310.7x217.6,Caja creada en MC,1602,Bastones clasicos,Bastones clasicos - Sigilo,Estacional,Medio,Bastones rectos de brocoli,391.4,289.8,230.1,12.232,151
MC1603,False,2.7x412.2x308.9x261.9,Caja creada en MC,1603,Bastones clasicos,Bastones clasicos - Legumes Frites,Estacional,Fino,Bastones rectos de brocoli,406.8,287.1,267.2,12.101,151
MC1604,False,3.0x400.0x277.27x256.0,Catálogo inicial,1604,Bastones clasicos,Bastones clasicos - Legumes Frites,Estacional,Fino,Bastones rectos de brocoli,387.3,264.4,254.2,12.671,151
MC1605,False,2.7x375.7x311.29999999999995x289.29999999999995,Caja creada en MC,1605,Bastones clasicos,Bastones clasicos - Legumes Frites,Estacional,Corte steak,Bastones rectos de brocoli,403.1,288.7,274.7,12.938,151
MC1606,False,3.0x400.0x274.08x225.0,Catálogo inicial,1606,Guarniciones,Guarniciones - Legumes Croquetas,Forma estable,Forma,Croquetas de brocoli,382.1,255.3,236.6,9.454,151
MC1607,False,3.0x400.0x277.27x315.57,Catálogo inicial,1607,Bastones clasicos,Bastones clasicos - Reserva Privada,Estacional,Fino,Bastones rectos de brocoli,384.2,263.0,323.5,11.801,151
MC1608,False,3.0x400.0x300.0x179.4,Catálogo inicial,1608,Bastones clasicos,Bastones clasicos - Legumes Frites,Estacional,Medio,Bastones rectos de brocoli,384.3,285.1,180.6,12.657,151
MC1609,False,3.0x369.8x258.3x256.1,Caja creada en MC,1609,Bastones clasicos,Bastones clasicos - Legumes Frites,Estacional,Fino,Bastones rectos de brocoli,370.7,245.2,249.3,11.824,151
MC1610,False,3.0x400.0x240.0x244.29,Catálogo inicial,1610,Bastones clasicos,Bastones clasicos - Sigilo,Forma estable,Forma,Brocoli en rejilla,371.9,229.9,253.9,6.506,151
MC1611,False,3.0x406.3x256.5x230.9,Caja creada en MC,1611,Bastones clasicos,Bastones clasicos - Legumes Frites,Estacional,Corte steak,Bastones rectos de brocoli,394.4,248.4,217.0,10.23,151
MC1612,False,3.0x406.3x311.9x205.6,Caja creada en MC,1612,Bastones clasicos,Bastones clasicos - Legumes Frites,Estacional,Fino,Bastones rectos de brocoli,395.6,288.4,213.1,11.552,151
MC1613,False,2.7x398.4x280.79999999999995x210.3,Caja creada en MC,1613,Bastones clasicos,Bastones clasicos - Sigilo,Forma estable,Forma,Gajos de brocoli,376.5,284.9,206.2,11.35,151
MC1614,False,2.7x408.4x310.7x217.6,Caja creada en MC,1614,Bastones clasicos,Bastones clasicos - Mayordomo,Estacional,Medio,Bastones rectos de brocoli,399.3,294.9,216.1,12.612,151
MC1615,False,3.0x400.0x300.0x257.14,Catálogo inicial,1615,Bastones clasicos,Bastones clasicos - Sigilo,Forma estable,Forma,Brocoli en rejilla,394.0,297.3,246.2,6.307,151
MC1616,False,3.0x400.0x266.63x256.0,Catálogo inicial,1616,Bastones clasicos,Bastones clasicos - Sigilo,Estacional,Medio,Bastones rectos de brocoli,397.0,264.9,237.9,12.053,151
MC1617,False,3.0x400.0x300.0x190.04,Catálogo inicial,1617,Bastones clasicos,Bastones clasicos - Sigilo,Estacional,Forma,Bastones rectos de brocoli,400.5,293.4,177.2,5.481,151
MC1618,False,2.7x412.2x247.8x241.8,Caja creada en MC,1618,Bastones clasicos,Bastones clasicos - Legumes Frites,Forma estable,Forma,Brocoli zigzag,391.3,255.5,232.4,12.961,151
MC1619,False,2.7x412.2x247.8x241.8,Caja creada en MC,1619,Bastones clasicos,Bastones clasicos - Sigilo,Forma estable,Forma,Mix crujiente de brocoli,384.0,251.8,239.9,8.398,151
MC1620,False,2.7x405.5x308.2x293.09999999999997,Caja creada en MC,1620,Bastones clasicos,Bastones clasicos - Legumes Frites,Estacional,Grueso,Bastones rectos de brocoli,404.4,301.0,280.4,12.232,151
MC1621,False,2.7x403.09999999999997x280.2x269.9,Caja creada en MC,1621,Bastones clasicos,Bastones clasicos - Sigilo,Forma estable,Forma,Espirales de brocoli,398.7,280.8,255.0,9.956,151
MC1622,False,3.0x406.3x256.5x230.9,Caja creada en MC,1622,Bastones clasicos,Bastones clasicos - Grado B,Estacional,Medio,Bastones rectos de brocoli,400.4,251.5,219.2,11.659,151
MC1623,False,3.0x400.0x277.27x200.0,Catálogo inicial,1623,Bastones clasicos,Bastones clasicos - Legumes Frites,Estacional,Medio,Bastones rectos de brocoli,376.4,293.3,186.1,10.752,151
MC1624,False,3.0x412.8x258.5x211.6,Caja creada en MC,1624,Guarniciones,Guarniciones - Cubos,Forma estable,Forma,Cubos de brocoli,406.8,266.8,193.5,12.191,151
MC1625,False,3.0x400.0x300.0x190.04,Catálogo inicial,1625,Bastones clasicos,Bastones clasicos - Reserva Privada,Estacional,Corte steak,Bastones rectos de brocoli,400.6,298.1,177.1,12.529,151
MC1626,False,3.0x400.0x300.0x271.95,Catálogo inicial,1626,Bastones clasicos,Bastones clasicos - Sigilo,Forma estable,Forma,Espirales de brocoli,394.3,283.5,262.2,12.424,151
MC1627,True,2.7x371.79999999999995x266.2x317.59999999999997,Caja nueva,1627,Bastones clasicos,Bastones clasicos - Reserva Privada,Estacional,Fino,Bastones rectos de brocoli,366.4,260.8,312.2,12.447,152
MC1628,False,3.0x400.0x300.0x150.0,Catálogo inicial,1628,Guarniciones,Guarniciones - Cubos,Forma estable,Forma,Cubos de brocoli,378.4,295.5,146.7,12.434,152
MC1629,False,2.7x412.2x247.8x241.8,Caja creada en MC,1629,Bastones clasicos,Bastones clasicos - Legumes Frites,Estacional,Medio,Bastones rectos de brocoli,394.1,249.3,233.3,12.508,152
MC1630,False,2.7x401.09999999999997x311.29999999999995x240.70000000000002,Caja creada en MC,1630,Bastones clasicos,Bastones clasicos - Reserva Privada,Forma estable,Forma,Rodajas de brocoli,389.3,288.8,251.9,8.892,152
MC1631,False,3.0x400.0x266.63x256.0,Catálogo inicial,1631,Bastones clasicos,Bastones clasicos - Grado B,Estacional,Fino,Bastones rectos de brocoli,370.4,264.0,242.4,12.556,152
MC1632,False,3.0x412.8x269.0x265.6,Caja creada en MC,1632,Bastones clasicos,Bastones clasicos - Sigilo,Forma estable,Forma,Tiras para dip de brocoli,405.2,269.5,254.3,12.393,152
MC1633,False,3.0x400.0x300.0x244.29,Catálogo inicial,1633,Bastones clasicos,Bastones clasicos - Sigilo,Estacional,Grueso,Bastones rectos de brocoli,388.6,302.6,229.9,13.916,152
MC1634,False,3.0x412.8x259.0x178.7,Caja creada en MC,1634,Snacks y aperitivos,Snacks y aperitivos - Queso,Co-produccion,Forma,Bocados de brocoli con queso cheddar,406.8,255.3,166.5,5.124,152
MC1635,False,3.0x410.5x276.4x184.8,Caja creada en MC,1635,Bastones clasicos,Bastones clasicos - Sigilo,Estacional,Medio,Bastones rectos de brocoli,392.0,254.6,187.5,8.112,152
MC1636,False,3.0x400.0x274.08x225.0,Catálogo inicial,1636,Bastones clasicos,Bastones clasicos - Legumes Frites,Estacional,Medio,Bastones rectos de brocoli,395.4,259.3,220.5,10.98,152
MC1637,False,3.0x400.0x267.7x199.61,Catálogo inicial,1637,Bastones clasicos,Bastones clasicos - Legumes Frites,Estacional,Corte steak,Bastones rectos de brocoli,396.5,247.1,198.2,12.936,152
MC1638,False,2.7x403.09999999999997x280.2x269.9,Caja creada en MC,1638,Bastones clasicos,Bastones clasicos - Sigilo,Forma estable,Forma,Espirales de brocoli,384.4,297.7,249.5,12.086,152
MC1639,False,3.0x387.8x278.8x169.5,Caja creada en MC,1639,Bastones clasicos,Bastones clasicos - Sigilo,Forma estable,Forma,Gajos de brocoli,374.5,276.9,163.3,13.177,152
MC1640,False,3.0x400.0x300.0x271.95,Catálogo inicial,1640,Bastones clasicos,Bastones clasicos - Reserva Privada,Estacional,Medio,Bastones rectos de brocoli,383.7,297.1,257.6,11.998,152
MC1641,False,2.7x412.2x247.8x241.8,Caja creada en MC,1641,Bastones clasicos,Bastones clasicos - Legumes Frites,Estacional,Fino,Bastones rectos de brocoli,402.8,246.3,234.3,12.37,152
MC1642,False,3.0x369.8x258.3x256.1,Caja creada en MC,1642,Bastones clasicos,Bastones clasicos - Sigilo,Forma estable,Forma,Corte rustico de brocoli,377.3,251.7,240.4,12.144,152
MC1643,False,2.7x369.2x272.5x309.7,Caja creada en MC,1643,Bastones clasicos,Bastones clasicos - Reserva Privada,Estacional,Fino,Bastones rectos de brocoli,365.7,255.7,303.4,13.32,152
MC1644,False,2.7x369.2x289.5x230.70000000000002,Caja creada en MC,1644,Bastones clasicos,Bastones clasicos - Legumes Frites,Estacional,Medio,Bastones rectos de brocoli,389.4,267.1,218.7,12.311,152
MC1645,False,3.0x394.0x294.0x195.0,Catálogo inicial,1645,Bastones clasicos,Bastones clasicos - Reserva Privada,Forma estable,Forma,Gajos de brocoli,373.1,278.4,201.6,12.805,152
MC1646,False,3.0x400.0x300.0x174.08,Catálogo inicial,1646,Bastones clasicos,Bastones clasicos - Reserva Privada,Estacional,Medio,Bastones rectos de brocoli,383.4,282.2,179.3,12.361,152
MC1647,False,2.7x371.7x297.79999999999995x242.1,Caja creada en MC,1647,Guarniciones,Guarniciones - Tortitas,Forma estable,Forma,Tortitas de brocoli,363.8,278.3,240.6,11.032,152
MC1648,False,3.0x400.0x300.0x234.72,Catálogo inicial,1648,Bastones clasicos,Bastones clasicos - Sigilo,Forma estable,Forma,Dippers de brocoli,378.1,300.2,233.0,12.377,152
MC1649,False,2.7x402.29999999999995x251.3x285.0,Caja creada en MC,1649,Bastones clasicos,Bastones clasicos - Sigilo,Estacional,Medio,Bastones rectos de brocoli,392.9,233.5,291.7,12.45,152
MC1650,False,3.0x400.0x300.0x288.97,Catálogo inicial,1650,Bastones clasicos,Bastones clasicos - Sigilo,Forma estable,Forma,Brocoli en rejilla,406.0,287.1,279.7,5.812,152
MC1651,False,3.0x400.0x300.0x200.0,Catálogo inicial,1651,Bastones clasicos,Bastones clasicos - Legumes Frites,Estacional,Medio,Bastones rectos de brocoli,377.1,305.9,190.1,11.019,152
MC1652,False,3.0x400.9x251.9x192.9,Caja creada en MC,1652,Guarniciones,Guarniciones - Cubos,Forma estable,Forma,Cubos de brocoli,402.0,252.4,175.8,12.507,152
MC1653,False,2.7x404.09999999999997x245.20000000000002x336.4,Caja creada en MC,1653,Bastones clasicos,Bastones clasicos - Reserva Privada,Estacional,Fino,Bastones rectos de brocoli,377.1,246.5,326.6,12.889,152
MC1654,False,2.7x409.79999999999995x269.2x239.70000000000002,Caja creada en MC,1654,Bastones clasicos,Bastones clasicos - Sigilo,Forma estable,Forma,Tiras para dip de brocoli,384.9,254.7,241.8,6.755,152
MC1655,False,3.0x400.0x274.08x225.0,Catálogo inicial,1655,Bastones clasicos,Bastones clasicos - Reserva Privada,Estacional,Corte steak,Bastones rectos de brocoli,406.8,255.5,217.9,12.43,152
MC1656,False,2.7x412.2x254.6x279.4,Caja creada en MC,1656,Bastones clasicos,Bastones clasicos - Sigilo,Forma estable,Forma,Espirales de brocoli,395.5,261.5,268.1,6.659,152
MC1657,False,3.0x409.7x304.3x178.3,Caja creada en MC,1657,Bastones clasicos,Bastones clasicos - Sigilo,Estacional,Medio,Bastones rectos de brocoli,379.6,301.8,180.1,12.087,152
MC1658,False,3.0x400.0x240.0x265.57,Catálogo inicial,1658,Guarniciones,Guarniciones - Legumes Croquetas,Forma estable,Forma,Croquetas de brocoli,378.2,254.9,244.2,9.974,152
MC1659,False,2.7x400.09999999999997x299.79999999999995x319.2,Caja creada en MC,1659,Bastones clasicos,Bastones clasicos - Reserva Privada,Forma estable,Forma,Brocoli en rejilla,406.8,291.2,305.6,10.811,152
MC1660,False,3.0x400.0x277.27x200.0,Catálogo inicial,1660,Guarniciones,Guarniciones - Cubos,Forma estable,Forma,Cubos de brocoli,406.8,261.0,192.5,10.609,152
MC1661,False,3.0x400.0x269.82x300.0,Catálogo inicial,1661,Bastones clasicos,Bastones clasicos - Reserva Privada,Estacional,Fino,Bastones rectos de brocoli,376.5,280.0,283.4,12.43,152
MC1662,False,3.0x399.0x261.0x276.0,Catálogo inicial,1662,Bastones clasicos,Bastones clasicos - Sigilo,Forma estable,Forma,Brocoli en rejilla,392.5,247.1,264.7,6.773,152
MC1663,False,3.0x412.8x259.0x178.7,Caja creada en MC,1663,Guarniciones,Guarniciones - Cubos,Forma estable,Forma,Cubos de brocoli,394.1,241.5,185.9,12.568,152
MC1664,False,3.0x389.6x249.3x214.0,Caja creada en MC,1664,Bastones clasicos,Bastones clasicos - Sigilo,Forma estable,Forma,Brocoli en rejilla,381.4,243.0,196.9,4.702,152
MC1665,False,3.0x400.0x300.0x190.04,Catálogo inicial,1665,Snacks y aperitivos,Snacks y aperitivos - Aros y Vegetales,Co-produccion,Forma,Aros de brocoli,387.4,280.3,196.3,4.888,152
MC1666,False,3.0x400.0x271.95x163.63,Catálogo inicial,1666,Bastones clasicos,Bastones clasicos - Legumes Frites,Estacional,Medio,Bastones rectos de brocoli,380.1,272.0,156.5,12.893,152
MC1667,False,3.0x400.0x300.0x288.97,Catálogo inicial,1667,Bastones clasicos,Bastones clasicos - Sigilo,Forma estable,Forma,Brocoli en rejilla,399.2,288.7,283.7,12.255,152
MC1668,False,2.7x412.2x253.3x151.3,Caja creada en MC,1668,Bastones clasicos,Bastones clasicos - Sigilo,Forma estable,Forma,Corte rustico de brocoli,396.9,239.1,153.2,6.796,152
MC1669,False,2.7x369.2x271.4x267.0,Caja creada en MC,1669,Bastones clasicos,Bastones clasicos - Legumes Frites,Estacional,Fino,Bastones rectos de brocoli,376.2,255.4,258.5,12.581,152
MC1670,False,3.0x406.3x256.5x230.9,Caja creada en MC,1670,Bastones clasicos,Bastones clasicos - Reserva Privada,Estacional,Fino,Bastones rectos de brocoli,380.5,240.2,245.5,12.748,152
MC1671,False,3.0x399.0x261.0x276.0,Catálogo inicial,1671,Bastones clasicos,Bastones clasicos - Sigilo,Forma estable,Forma,Dippers de brocoli,390.6,244.5,258.7,12.594,152
MC1672,False,3.0x400.0x300.0x271.95,Catálogo inicial,1672,Guarniciones,Guarniciones - Tortitas,Forma estable,Forma,Tortitas de brocoli,388.1,290.6,260.4,8.556,152
MC1673,False,3.0x407.3x297.5x162.7,Caja creada en MC,1673,Bastones clasicos,Bastones clasicos - Legumes Frites,Estacional,Grueso,Bastones rectos de brocoli,386.7,294.9,160.6,12.83,152
MC1674,False,3.0x395.9x255.9x174.1,Caja creada en MC,1674,Snacks y aperitivos,Snacks y aperitivos - Queso,Co-produccion,Forma,Bocados de brocoli con mozzarella,392.0,245.4,166.8,5.26,152
MC1675,False,3.0x400.0x300.0x174.08,Catálogo inicial,1675,Bastones clasicos,Bastones clasicos - Sigilo,Forma estable,Forma,Dippers de brocoli,374.8,293.6,176.0,5.404,152
MC1676,False,3.0x375.1x267.5x241.0,Caja creada en MC,1676,Guarniciones,Guarniciones - Legumes Croquetas,Forma estable,Forma,Croquetas de brocoli,369.1,251.9,237.3,9.213,152
MC1677,False,2.7x392.0x257.3x178.8,Caja creada en MC,1677,Snacks y aperitivos,Snacks y aperitivos - Queso,Co-produccion,Forma,Bocados de brocoli con queso cheddar,406.8,249.7,165.0,5.075,152
MC1678,False,3.0x406.3x256.5x230.9,Caja creada en MC,1678,Bastones clasicos,Bastones clasicos - Grado B,Estacional,Medio,Bastones rectos de brocoli,391.2,248.6,219.1,12.376,152
MC1679,False,3.0x400.0x300.0x174.08,Catálogo inicial,1679,Bastones clasicos,Bastones clasicos - Sigilo,Forma estable,Forma,Brocoli zigzag,406.8,295.5,159.2,6.723,152
MC1680,False,3.0x406.3x311.9x205.6,Caja creada en MC,1680,Bastones clasicos,Bastones clasicos - Sigilo,Forma estable,Forma,Gajos de brocoli,388.9,289.2,214.6,12.709,152
MC1681,False,3.0x400.0x277.27x298.55,Catálogo inicial,1681,Bastones clasicos,Bastones clasicos - Sigilo,Forma estable,Forma,Brocoli en rejilla,389.4,287.5,277.7,12.329,152
MC1682,False,3.0x400.0x300.0x244.29,Catálogo inicial,1682,Bastones clasicos,Bastones clasicos - Sigilo,Forma estable,Forma,Brocoli zigzag,406.8,284.0,231.8,9.671,152
MC1683,False,3.0x369.8x258.3x256.1,Caja creada en MC,1683,Bastones clasicos,Bastones clasicos - Sigilo,Estacional,Medio,Bastones rectos de brocoli,380.5,247.8,240.8,12.462,152
MC1684,False,3.0x375.6x286.8x216.9,Caja creada en MC,1684,Bastones clasicos,Bastones clasicos - Sigilo,Estacional,Medio,Bastones rectos de brocoli,364.0,294.5,201.1,13.051,152
MC1685,False,3.0x410.5x276.4x184.8,Caja creada en MC,1685,Bastones clasicos,Bastones clasicos - Reserva Privada,Forma estable,Forma,Espirales de brocoli,406.8,258.3,179.4,4.504,152
MC1686,False,2.7x412.2x240.1x172.20000000000002,Caja creada en MC,1686,Snacks y aperitivos,Snacks y aperitivos - Queso,Co-produccion,Forma,Bocados de brocoli con queso cheddar,383.3,251.6,162.5,4.815,152
MC1687,False,2.7x375.5x293.7x229.6,Caja creada en MC,1687,Bastones clasicos,Bastones clasicos - Sigilo,Estacional,Medio,Bastones rectos de brocoli,385.8,287.2,211.7,8.436,152
MC1688,False,2.7x375.5x293.7x229.6,Caja creada en MC,1688,Bastones clasicos,Bastones clasicos - Sigilo,Forma estable,Forma,Gajos de brocoli,381.2,287.3,217.6,12.552,152
MC1689,False,2.7x412.2x247.8x241.8,Caja creada en MC,1689,Bastones clasicos,Bastones clasicos - Sigilo,Forma estable,Forma,Tiras para dip de brocoli,396.2,248.4,232.2,12.076,152
MC1690,False,3.0x400.0x277.27x256.0,Catálogo inicial,1690,Bastones clasicos,Bastones clasicos - Sigilo,Forma estable,Forma,Espirales de brocoli,381.8,255.5,263.3,6.195,152
MC1691,False,2.7x403.09999999999997x280.2x269.9,Caja creada en MC,1691,Bastones clasicos,Bastones clasicos - Sigilo,Estacional,Grueso,Bastones rectos de brocoli,392.9,290.5,252.9,13.248,152
MC1692,False,2.7x369.2x291.79999999999995x286.79999999999995,Caja creada en MC,1692,Bastones clasicos,Bastones clasicos - Sigilo,Forma estable,Forma,Brocoli en rejilla,391.2,277.9,267.6,12.757,152
MC1693,False,3.0x387.8x278.8x169.5,Caja creada en MC,1693,Snacks y aperitivos,Snacks y aperitivos - Queso,Co-produccion,Forma,Bocados de brocoli con queso cheddar,383.1,281.6,156.7,4.945,152
MC1694,False,3.0x400.0x240.0x248.55,Catálogo inicial,1694,Bastones clasicos,Bastones clasicos - Reserva Privada,Estacional,Medio,Bastones rectos de brocoli,384.7,252.3,229.7,12.61,152
MC1695,False,3.0x400.9x251.9x192.9,Caja creada en MC,1695,Bastones clasicos,Bastones clasicos - Sigilo,Forma estable,Forma,Gajos de brocoli,379.0,252.2,187.4,12.571,152
MC1696,False,2.7x369.2x289.5x230.70000000000002,Caja creada en MC,1696,Bastones clasicos,Bastones clasicos - Legumes Frites,Estacional,Medio,Bastones rectos de brocoli,371.4,282.0,218.4,12.726,152
MC1697,False,3.0x400.0x266.63x256.0,Catálogo inicial,1697,Guarniciones,Guarniciones - Legumes Croquetas,Forma estable,Forma,Croquetas de brocoli,375.2,271.1,239.7,9.927,152
MC1698,False,3.0x400.0x300.0x212.38,Catálogo inicial,1698,Bastones clasicos,Bastones clasicos - Sigilo,Estacional,Medio,Bastones rectos de brocoli,387.4,293.6,202.4,11.523,152
MC1699,False,3.0x400.0x300.0x179.4,Catálogo inicial,1699,Guarniciones,Guarniciones - Otros,Estacional,Medio,Bastones rectos de brocoli,381.4,297.2,176.8,12.41,152
MC1700,False,3.0x400.0x300.0x288.97,Catálogo inicial,1700,Bastones clasicos,Bastones clasicos - Legumes Frites,Estacional,Grueso,Bastones rectos de brocoli,384.8,294.9,284.8,12.694,152
MC1701,False,3.0x400.0x300.0x271.95,Catálogo inicial,1701,Bastones clasicos,Bastones clasicos - Sigilo,Forma estable,Forma,Espirales de brocoli,385.8,301.9,252.1,12.346,152
MC1702,False,3.0x400.9x251.9x192.9,Caja creada en MC,1702,Bastones clasicos,Bastones clasicos - Sigilo,Forma estable,Forma,Gajos de brocoli,375.5,242.1,198.4,12.514,152
MC1703,False,3.0x400.0x240.0x233.65,Catálogo inicial,1703,Bastones clasicos,Bastones clasicos - Sigilo,Estacional,Medio,Bastones rectos de brocoli,390.9,228.9,227.8,9.97,152
MC1704,False,3.0x400.0x300.0x212.38,Catálogo inicial,1704,Bastones clasicos,Bastones clasicos - Grado B,Estacional,Medio,Bastones rectos de brocoli,402.6,282.2,202.1,12.53,152
MC1705,False,3.0x375.8x300.7x170.7,Caja creada en MC,1705,Bastones clasicos,Bastones clasicos - Sigilo,Forma estable,Forma,Gajos de brocoli,380.6,290.8,158.2,13.065,152
MC1706,False,3.0x370.4x301.9x184.8,Caja creada en MC,1706,Bastones clasicos,Bastones clasicos - Sigilo,Forma estable,Forma,Dippers de brocoli,391.6,287.3,170.2,5.686,152
MC1707,False,3.0x400.0x274.08x225.0,Catálogo inicial,1707,Bastones clasicos,Bastones clasicos - Grado B,Estacional,Medio,Bastones rectos de brocoli,390.2,257.1,226.8,12.456,152
MC1708,False,3.0x373.5x311.9x210.7,Caja creada en MC,1708,Bastones clasicos,Bastones clasicos - Legumes Frites,Estacional,Fino,Bastones rectos de brocoli,390.2,297.3,197.1,12.426,152
MC1709,False,3.0x412.8x258.5x211.6,Caja creada en MC,1709,Bastones clasicos,Bastones clasicos - Reserva Privada,Estacional,Medio,Bastones rectos de brocoli,401.0,250.8,208.1,11.431,152
MC1710,False,3.0x409.7x304.3x178.3,Caja creada en MC,1710,Bastones clasicos,Bastones clasicos - Reserva Privada,Estacional,Medio,Bastones rectos de brocoli,393.9,294.9,176.9,12.378,152
MC1711,False,2.7x369.2x289.5x230.70000000000002,Caja creada en MC,1711,Bastones clasicos,Bastones clasicos - Legumes Frites,Estacional,Medio,Bastones rectos de brocoli,367.4,279.9,222.6,11.993,152
MC1712,False,3.0x400.0x300.0x244.29,Catálogo inicial,1712,Bastones clasicos,Bastones clasicos - Sigilo,Estacional,Grueso,Bastones rectos de brocoli,400.4,286.3,235.9,13.841,152
MC1713,False,2.7x412.2x309.09999999999997x273.79999999999995,Caja creada en MC,1713,Snacks y aperitivos,Snacks y aperitivos - Aros y Vegetales,Co-produccion,Forma,Aros de brocoli,406.8,305.9,261.5,5.023,152
MC1714,False,3.0x374.7x299.5x214.6,Caja creada en MC,1714,Bastones clasicos,Bastones clasicos - Sigilo,Estacional,Fino,Bastones rectos de brocoli,383.4,286.9,204.3,12.761,152
MC1715,False,2.7x404.29999999999995x304.59999999999997x218.20000000000002,Caja creada en MC,1715,Bastones clasicos,Bastones clasicos - Sigilo,Estacional,Grueso,Bastones rectos de brocoli,406.8,290.5,214.7,14.326,152
MC1716,False,3.0x400.0x300.0x200.0,Catálogo inicial,1716,Bastones clasicos,Bastones clasicos - Sigilo,Estacional,Fino,Bastones rectos de brocoli,378.0,280.7,211.4,12.49,152
MC1717,False,3.0x387.8x278.8x169.5,Caja creada en MC,1717,Bastones clasicos,Bastones clasicos - Sigilo,Forma estable,Forma,Gajos de brocoli,368.8,280.4,162.7,13.355,152
MC1718,False,3.0x400.0x300.0x271.95,Catálogo inicial,1718,Bastones clasicos,Bastones clasicos - Sigilo,Forma estable,Forma,Brocoli en rejilla,387.6,279.9,273.1,8.811,152
MC1719,False,3.0x376.2x284.2x182.3,Caja creada en MC,1719,Bastones clasicos,Bastones clasicos - Legumes Frites,Estacional,Grueso,Bastones rectos de brocoli,365.7,275.0,173.2,9.367,152
MC1720,False,3.0x400.0x240.0x244.29,Catálogo inicial,1720,Bastones clasicos,Bastones clasicos - Sigilo,Forma estable,Forma,Tiras para dip de brocoli,390.2,243.5,227.3,12.289,152
MC1721,False,2.7x408.4x310.7x217.6,Caja creada en MC,1721,Snacks y aperitivos,Snacks y aperitivos - Aros y Vegetales,Co-produccion,Forma,Aros de brocoli,406.8,294.3,213.1,4.944,152
MC1722,False,3.0x375.8x300.7x170.7,Caja creada en MC,1722,Bastones clasicos,Bastones clasicos - Sigilo,Forma estable,Forma,Gajos de brocoli,363.9,280.9,173.0,12.722,152
MC1723,False,2.7x403.09999999999997x280.2x269.9,Caja creada en MC,1723,Snacks y aperitivos,Snacks y aperitivos - Aros y Vegetales,Co-produccion,Forma,Aros de brocoli,377.9,263.5,288.8,4.858,152
MC1724,False,2.7x369.2x269.5x156.8,Caja creada en MC,1724,Bastones clasicos,Bastones clasicos - Sigilo,Forma estable,Forma,Corte rustico de brocoli,371.1,250.2,156.0,6.69,152
MC1725,False,3.0x373.8x259.9x219.5,Caja creada en MC,1725,Bastones clasicos,Bastones clasicos - Sigilo,Forma estable,Forma,Espirales de brocoli,382.3,250.0,206.1,6.717,152
MC1726,False,3.0x400.0x300.0x288.97,Catálogo inicial,1726,Bastones clasicos,Bastones clasicos - Legumes Frites,Estacional,Medio,Bastones rectos de brocoli,383.7,281.6,298.5,12.332,152
MC1727,False,3.0x400.0x300.0x244.29,Catálogo inicial,1727,Bastones clasicos,Bastones clasicos - Sigilo,Forma estable,Forma,Gajos de brocoli,396.0,281.0,247.2,12.804,152
MC1728,False,3.0x406.3x311.9x205.6,Caja creada en MC,1728,Brocoli especial,Brocoli especial - Bastones Especiales,Estacional,Corte steak,Bastones rectos de brocoli,406.3,295.2,187.7,12.74,152
MC1729,False,2.7x381.7x192.70000000000002x157.5,Caja creada en MC,1729,Guarniciones,Guarniciones - Legumes Croquetas,Forma estable,Forma,Rosti de brocoli,380.6,185.9,150.7,5.175,152
MC1730,False,3.0x399.2x258.0x209.2,Caja creada en MC,1730,Bastones clasicos,Bastones clasicos - Sigilo,Forma estable,Forma,Espirales de brocoli,384.7,247.3,211.0,6.683,152
MC1731,False,3.0x400.0x277.27x256.0,Catálogo inicial,1731,Bastones clasicos,Bastones clasicos - Grado B,Estacional,Fino,Bastones rectos de brocoli,397.6,263.3,247.6,12.951,152
MC1732,False,2.7x411.9x308.7x220.20000000000002,Caja creada en MC,1732,Bastones clasicos,Bastones clasicos - Sigilo,Estacional,Grueso,Bastones rectos de brocoli,384.8,296.1,230.4,13.187,152
MC1733,False,2.7x411.9x308.7x220.20000000000002,Caja creada en MC,1733,Bastones clasicos,Bastones clasicos - Reserva Privada,Estacional,Fino,Bastones rectos de brocoli,405.2,303.0,213.8,11.979,152
MC1734,False,3.0x400.0x300.0x271.95,Catálogo inicial,1734,Bastones clasicos,Bastones clasicos - Sigilo,Forma estable,Forma,Espirales de brocoli,381.8,291.7,273.5,12.045,152
MC1735,False,3.0x410.5x276.4x184.8,Caja creada en MC,1735,Bastones clasicos,Bastones clasicos - Sigilo,Estacional,Medio,Bastones rectos de brocoli,389.5,266.7,184.4,12.503,152
MC1736,False,2.7x412.2x302.4x363.9,Caja creada en MC,1736,Bastones clasicos,Bastones clasicos - Sigilo,Forma estable,Forma,Brocoli zigzag,401.8,290.3,370.1,12.951,152
MC1737,False,2.7x371.7x264.59999999999997x151.70000000000002,Caja creada en MC,1737,Guarniciones,Guarniciones - Legumes Croquetas,Forma estable,Forma,Tortitas de brocoli,382.4,257.5,139.6,4.91,152
MC1738,False,3.0x400.0x300.0x271.95,Catálogo inicial,1738,Bastones clasicos,Bastones clasicos - Sigilo,Forma estable,Forma,Espirales de brocoli,392.9,301.1,260.0,9.611,152
MC1739,False,2.7x406.2x279.0x225.3,Caja creada en MC,1739,Bastones clasicos,Bastones clasicos - Sigilo,Estacional,Medio,Bastones rectos de brocoli,397.7,258.2,231.5,9.687,152
MC1740,False,3.0x373.8x259.9x219.5,Caja creada en MC,1740,Bastones clasicos,Bastones clasicos - Sigilo,Estacional,Corte steak,Bastones rectos de brocoli,363.8,252.3,216.7,12.715,152
MC1741,False,3.0x400.0x267.7x199.61,Catálogo inicial,1741,Bastones clasicos,Bastones clasicos - Sigilo,Estacional,Medio,Bastones rectos de brocoli,387.5,277.1,183.3,12.321,152
MC1742,False,3.0x400.0x269.82x300.0,Catálogo inicial,1742,Bastones clasicos,Bastones clasicos - Sigilo,Forma estable,Forma,Brocoli zigzag,391.7,259.2,298.9,12.3,152
MC1743,False,3.0x373.2x309.4x177.8,Caja creada en MC,1743,Bastones clasicos,Bastones clasicos - Sigilo,Forma estable,Forma,Gajos de brocoli,385.4,289.7,169.9,9.356,152
MC1744,False,2.7x405.29999999999995x251.4x212.4,Caja creada en MC,1744,Bastones clasicos,Bastones clasicos - Reserva Privada,Estacional,Medio,Bastones rectos de brocoli,391.1,243.8,211.4,12.286,152
MC1745,False,3.0x400.0x300.0x244.29,Catálogo inicial,1745,Bastones clasicos,Bastones clasicos - Reserva Privada,Estacional,Fino,Bastones rectos de brocoli,385.1,295.5,240.3,12.942,152
MC1746,False,3.0x376.2x284.2x182.3,Caja creada en MC,1746,Guarniciones,Guarniciones - Cubos,Forma estable,Forma,Cubos de brocoli,372.8,278.4,174.8,12.534,152
MC1747,False,3.0x375.8x300.7x170.7,Caja creada en MC,1747,Bastones clasicos,Bastones clasicos - Sigilo,Forma estable,Forma,Gajos de brocoli,384.4,281.0,159.1,12.223,152
MC1748,False,2.7x406.2x279.0x225.3,Caja creada en MC,1748,Bastones clasicos,Bastones clasicos - Sigilo,Estacional,Fino,Bastones rectos de brocoli,383.8,260.2,239.5,12.964,152
MC1749,False,2.7x369.2x291.79999999999995x286.79999999999995,Caja creada en MC,1749,Bastones clasicos,Bastones clasicos - Sigilo,Estacional,Medio,Bastones rectos de brocoli,380.3,288.3,267.4,12.281,152
MC1750,False,3.0x400.0x300.0x179.4,Catálogo inicial,1750,Bastones clasicos,Bastones clasicos - Sigilo,Forma estable,Forma,Gajos de brocoli,392.9,288.9,173.3,13.032,152
MC1751,False,3.0x400.0x300.0x288.97,Catálogo inicial,1751,Bastones clasicos,Bastones clasicos - Sigilo,Forma estable,Forma,Brocoli en rejilla,406.8,298.6,269.6,8.337,152
MC1752,False,2.7x401.09999999999997x311.29999999999995x240.70000000000002,Caja creada en MC,1752,Bastones clasicos,Bastones clasicos - Sigilo,Forma estable,Forma,Espirales de brocoli,382.1,297.4,249.7,9.766,152
MC1753,False,3.0x400.0x277.27x163.63,Catálogo inicial,1753,Snacks y aperitivos,Snacks y aperitivos - Queso,Co-produccion,Forma,Bocados de brocoli con queso cheddar,397.1,271.6,154.7,4.775,152
MC1754,True,3.0x403.8x247.3x196.2,Caja nueva,1754,Bastones clasicos,Bastones clasicos - Reserva Privada,Forma estable,Forma,Gajos de brocoli,397.8,241.3,190.2,13.359,153
MC1755,False,2.7x369.2x291.79999999999995x286.79999999999995,Caja creada en MC,1755,Bastones clasicos,Bastones clasicos - Reserva Privada,Estacional,Medio,Bastones rectos de brocoli,363.8,280.6,283.9,12.645,153
MC1756,False,3.0x400.0x300.0x212.38,Catálogo inicial,1756,Bastones clasicos,Bastones clasicos - Sigilo,Estacional,Fino,Bastones rectos de brocoli,390.1,284.9,205.0,12.379,153
MC1757,False,2.7x375.7x311.29999999999995x289.29999999999995,Caja creada en MC,1757,Bastones clasicos,Bastones clasicos - Reserva Privada,Estacional,Fino,Bastones rectos de brocoli,379.2,288.1,292.0,12.859,153
MC1758,False,3.0x400.0x300.0x234.72,Catálogo inicial,1758,Bastones clasicos,Bastones clasicos - Sigilo,Forma estable,Forma,Gajos de brocoli,375.8,291.6,233.5,12.763,153
MC1759,False,3.0x369.8x258.3x256.1,Caja creada en MC,1759,Snacks y aperitivos,Snacks y aperitivos - Base Brocoli,Forma estable,Forma,Bocaditos inflados de brocoli,367.7,242.6,253.2,11.433,153
MC1760,False,2.7x369.2x289.5x230.70000000000002,Caja creada en MC,1760,Bastones clasicos,Bastones clasicos - Sigilo,Forma estable,Forma,Dippers de brocoli,384.0,276.9,212.6,12.252,153
MC1761,False,2.7x408.4x310.7x217.6,Caja creada en MC,1761,Bastones clasicos,Bastones clasicos - Sigilo,Estacional,Medio,Bastones rectos de brocoli,406.8,288.8,220.5,8.834,153
MC1762,False,2.7x371.7x297.79999999999995x242.1,Caja creada en MC,1762,Bastones clasicos,Bastones clasicos - Sigilo,Forma estable,Forma,Espirales de brocoli,371.4,283.2,239.9,9.403,153
MC1763,False,3.0x400.0x269.82x344.29,Catálogo inicial,1763,Bastones clasicos,Bastones clasicos - Reserva Privada,Estacional,Fino,Bastones rectos de brocoli,381.1,262.8,339.1,12.75,153
MC1764,False,3.0x400.0x269.82x300.0,Catálogo inicial,1764,Bastones clasicos,Bastones clasicos - Sigilo,Forma estable,Forma,Brocoli en rejilla,370.9,283.5,282.1,12.491,153
MC1765,False,3.0x400.0x277.27x200.0,Catálogo inicial,1765,Bastones clasicos,Bastones clasicos - Reserva Privada,Forma estable,Forma,Gajos de brocoli,402.8,264.7,192.1,12.605,153
MC1766,False,3.0x369.8x292.7x200.2,Caja creada en MC,1766,Bastones clasicos,Bastones clasicos - Sigilo,Forma estable,Forma,Espirales de brocoli,389.5,276.1,186.0,5.476,153
MC1767,False,3.0x400.0x277.27x200.0,Catálogo inicial,1767,Bastones clasicos,Bastones clasicos - Legumes Frites,Estacional,Medio,Bastones rectos de brocoli,380.7,279.7,191.4,12.406,153
MC1768,False,3.0x373.2x309.4x177.8,Caja creada en MC,1768,Bastones clasicos,Bastones clasicos - Mayordomo,Estacional,Grueso,Bastones rectos de brocoli,381.3,286.0,174.5,12.174,153
MC1769,False,3.0x399.0x261.0x276.0,Catálogo inicial,1769,Bastones clasicos,Bastones clasicos - Sigilo,Forma estable,Forma,Brocoli en rejilla,381.9,249.0,284.5,6.654,153
MC1770,False,3.0x400.0x300.0x271.95,Catálogo inicial,1770,Bastones clasicos,Bastones clasicos - Reserva Privada,Estacional,Fino,Bastones rectos de brocoli,377.3,289.6,274.0,13.059,153
MC1771,False,3.0x400.0x300.0x174.08,Catálogo inicial,1771,Bastones clasicos,Bastones clasicos - Sigilo,Forma estable,Forma,Gajos de brocoli,406.8,293.0,161.1,12.291,153
MC1772,False,2.7x411.9x308.7x220.20000000000002,Caja creada en MC,1772,Bastones clasicos,Bastones clasicos - Sigilo,Forma estable,Forma,Brocoli zigzag,402.1,285.6,225.0,12.708,153
MC1773,False,3.0x400.0x300.0x150.0,Catálogo inicial,1773,Snacks y aperitivos,Snacks y aperitivos - Queso,Co-produccion,Forma,Bocados de brocoli con queso cheddar,384.9,293.6,141.9,5.065,153
MC1774,False,3.0x389.6x249.3x214.0,Caja creada en MC,1774,Guarniciones,Guarniciones - Cubos,Forma estable,Forma,Cubos de brocoli,390.4,247.2,197.4,12.503,153
MC1775,False,3.0x400.0x240.0x244.29,Catálogo inicial,1775,Bastones clasicos,Bastones clasicos - Legumes Frites,Estacional,Corte steak,Bastones rectos de brocoli,370.5,251.2,229.5,11.928,153
MC1776,False,3.0x370.7x292.0x270.1,Caja creada en MC,1776,Bastones clasicos,Bastones clasicos - Sigilo,Forma estable,Forma,Brocoli en rejilla,365.4,285.3,249.6,6.246,153
MC1777,False,3.0x400.0x274.08x225.0,Catálogo inicial,1777,Bastones clasicos,Bastones clasicos - Reserva Privada,Estacional,Medio,Bastones rectos de brocoli,405.0,253.6,207.2,12.207,153
MC1778,False,2.7x412.2x309.09999999999997x273.79999999999995,Caja creada en MC,1778,Bastones clasicos,Bastones clasicos - Sigilo,Estacional,Grueso,Bastones rectos de brocoli,406.8,298.2,262.6,15.207,153
MC1779,False,2.7x408.79999999999995x311.29999999999995x298.59999999999997,Caja creada en MC,1779,Bastones clasicos,Bastones clasicos - Reserva Privada,Forma estable,Forma,Brocoli en rejilla,406.8,302.7,288.3,13.028,153
MC1780,False,3.0x373.8x259.9x219.5,Caja creada en MC,1780,Bastones clasicos,Bastones clasicos - Legumes Frites,Estacional,Medio,Bastones rectos de brocoli,387.5,245.6,208.0,12.638,153
MC1781,False,3.0x370.7x292.0x270.1,Caja creada en MC,1781,Bastones clasicos,Bastones clasicos - Reserva Privada,Estacional,Fino,Bastones rectos de brocoli,378.1,273.1,265.9,12.489,153
MC1782,False,3.0x400.0x269.82x300.0,Catálogo inicial,1782,Bastones clasicos,Bastones clasicos - Sigilo,Forma estable,Forma,Brocoli en rejilla,396.7,272.9,279.9,9.109,153
MC1783,False,3.0x409.7x304.3x178.3,Caja creada en MC,1783,Bastones clasicos,Bastones clasicos - Sigilo,Forma estable,Forma,Gajos de brocoli,390.5,293.4,177.6,9.217,153
MC1784,False,3.0x374.7x299.5x214.6,Caja creada en MC,1784,Bastones clasicos,Bastones clasicos - Legumes Frites,Estacional,Fino,Bastones rectos de brocoli,375.5,284.1,211.1,10.999,153
MC1785,False,3.0x394.0x294.0x195.0,Catálogo inicial,1785,Bastones clasicos,Bastones clasicos - Legumes Frites,Estacional,Fino,Bastones rectos de brocoli,367.3,290.3,196.2,13.239,153
MC1786,False,3.0x399.0x261.0x276.0,Catálogo inicial,1786,Bastones clasicos,Bastones clasicos - Sigilo,Forma estable,Forma,Brocoli en rejilla,394.3,244.1,274.9,6.364,153
MC1787,False,3.0x400.0x269.82x150.0,Catálogo inicial,1787,Guarniciones,Guarniciones - Legumes Croquetas,Forma estable,Forma,Tortitas de brocoli,392.3,265.5,143.7,5.13,153
MC1788,False,3.0x376.2x284.2x182.3,Caja creada en MC,1788,Bastones clasicos,Bastones clasicos - Legumes Frites,Estacional,Medio,Bastones rectos de brocoli,372.1,280.8,173.5,12.32,153
MC1789,False,3.0x375.8x300.7x170.7,Caja creada en MC,1789,Bastones clasicos,Bastones clasicos - Legumes Frites,Estacional,Medio,Bastones rectos de brocoli,387.3,283.4,160.8,12.521,153
MC1790,False,3.0x400.0x277.27x298.55,Catálogo inicial,1790,Bastones clasicos,Bastones clasicos - Reserva Privada,Estacional,Fino,Bastones rectos de brocoli,388.8,261.5,306.5,12.956,153
MC1791,False,3.0x400.0x300.0x271.95,Catálogo inicial,1791,Bastones clasicos,Bastones clasicos - Sigilo,Estacional,Grueso,Bastones rectos de brocoli,403.9,287.2,252.5,12.865,153
MC1792,False,3.0x400.0x300.0x190.04,Catálogo inicial,1792,Bastones clasicos,Bastones clasicos - Reserva Privada,Estacional,Medio,Bastones rectos de brocoli,398.1,283.3,187.3,12.241,153
MC1793,False,2.7x408.4x310.7x217.6,Caja creada en MC,1793,Bastones clasicos,Bastones clasicos - Sigilo,Forma estable,Forma,Espirales de brocoli,386.8,297.6,224.8,6.777,153
MC1794,False,3.0x375.6x286.8x216.9,Caja creada en MC,1794,Bastones clasicos,Bastones clasicos - Legumes Frites Salados,Estacional,Medio,Bastones rectos de brocoli,373.9,276.9,206.6,12.517,153
MC1795,False,3.0x390.2x256.1x214.8,Caja creada en MC,1795,Bastones clasicos,Bastones clasicos - Sigilo,Forma estable,Forma,Tiras para dip de brocoli,376.9,250.2,212.1,6.713,153
MC1796,False,2.7x404.29999999999995x304.59999999999997x218.20000000000002,Caja creada en MC,1796,Bastones clasicos,Bastones clasicos - Sigilo,Forma estable,Forma,Mix crujiente de brocoli,396.3,299.8,212.5,12.243,153
MC1797,False,2.7x402.29999999999995x251.3x285.0,Caja creada en MC,1797,Bastones clasicos,Bastones clasicos - Sigilo,Forma estable,Forma,Brocoli en rejilla,386.6,264.2,267.1,6.774,153
MC1798,False,2.7x405.29999999999995x251.4x212.4,Caja creada en MC,1798,Bastones clasicos,Bastones clasicos - Legumes Frites Salados,Estacional,Medio,Bastones rectos de brocoli,384.8,257.8,205.0,12.603,153
MC1799,False,3.0x400.9x251.9x192.9,Caja creada en MC,1799,Bastones clasicos,Bastones clasicos - Reserva Privada,Forma estable,Forma,Espirales de brocoli,371.5,247.4,194.3,4.559,153
MC1800,False,2.7x412.2x311.29999999999995x186.0,Caja creada en MC,1800,Bastones clasicos,Bastones clasicos - Mayordomo,Estacional,Medio,Bastones rectos de brocoli,406.3,295.1,178.7,12.549,153
MC1801,False,2.7x371.7x297.79999999999995x242.1,Caja creada en MC,1801,Bastones clasicos,Bastones clasicos - Legumes Frites,Estacional,Medio,Bastones rectos de brocoli,397.6,275.1,230.6,12.31,153
MC1802,True,2.7x407.5x272.59999999999997x279.4,Caja nueva,1802,Bastones clasicos,Bastones clasicos - Sigilo,Forma estable,Forma,Brocoli zigzag,402.1,267.2,274.0,12.499,154
MC1803,False,3.0x400.4x278.8x230.1,Caja creada en MC,1803,Bastones clasicos,Bastones clasicos - Reserva Privada,Estacional,Medio,Bastones rectos de brocoli,404.4,256.5,227.5,12.334,154
MC1804,False,3.0x400.0x240.0x254.93,Catálogo inicial,1804,Bastones clasicos,Bastones clasicos - Legumes Frites,Estacional,Medio,Bastones rectos de brocoli,386.6,232.0,249.6,12.86,154
MC1805,False,3.0x399.2x258.0x209.2,Caja creada en MC,1805,Bastones clasicos,Bastones clasicos - Legumes Frites,Estacional,Medio,Bastones rectos de brocoli,390.1,252.4,204.2,12.424,154
MC1806,False,2.7x411.9x308.7x220.20000000000002,Caja creada en MC,1806,Bastones clasicos,Bastones clasicos - Sigilo,Estacional,Grueso,Bastones rectos de brocoli,393.1,301.8,222.2,10.745,154
MC1807,False,3.0x406.3x256.5x230.9,Caja creada en MC,1807,Bastones clasicos,Bastones clasicos - Legumes Frites Salados,Estacional,Fino,Bastones rectos de brocoli,388.0,253.2,216.2,11.87,154
MC1808,False,3.0x412.8x269.0x265.6,Caja creada en MC,1808,Bastones clasicos,Bastones clasicos - Sigilo,Forma estable,Forma,Tiras para dip de brocoli,406.8,260.5,253.0,11.852,154
MC1809,False,3.0x400.0x240.0x244.29,Catálogo inicial,1809,Bastones clasicos,Bastones clasicos - Sigilo,Estacional,Medio,Bastones rectos de brocoli,389.4,241.7,228.6,11.204,154
MC1810,False,3.0x394.0x294.0x195.0,Catálogo inicial,1810,Bastones clasicos,Bastones clasicos - Legumes Frites,Estacional,Fino,Bastones rectos de brocoli,380.6,274.8,200.4,12.068,154
MC1811,False,3.0x375.8x300.7x170.7,Caja creada en MC,1811,Bastones clasicos,Bastones clasicos - Sigilo,Forma estable,Forma,Gajos de brocoli,391.4,285.4,157.9,12.613,154
MC1812,False,2.7x369.2x294.2x185.70000000000002,Caja creada en MC,1812,Bastones clasicos,Bastones clasicos - Reserva Privada,Forma estable,Forma,Gajos de brocoli,372.4,286.3,174.8,11.045,154
MC1813,False,3.0x400.0x300.0x200.0,Catálogo inicial,1813,Bastones clasicos,Bastones clasicos - Reserva Privada,Estacional,Grueso,Bastones rectos de brocoli,401.3,283.0,190.4,12.476,154
MC1814,False,2.7x412.2x308.9x261.9,Caja creada en MC,1814,Bastones clasicos,Bastones clasicos - Sigilo,Forma estable,Forma,Espirales de brocoli,387.2,305.9,249.8,9.878,154
MC1815,False,3.0x400.0x240.0x244.29,Catálogo inicial,1815,Bastones clasicos,Bastones clasicos - Legumes Frites,Estacional,Medio,Bastones rectos de brocoli,385.7,245.6,226.9,11.052,154
MC1816,False,2.7x372.7x265.79999999999995x220.8,Caja creada en MC,1816,Bastones clasicos,Bastones clasicos - Reserva Privada,Estacional,Corte steak,Bastones rectos de brocoli,395.2,250.3,208.2,11.484,154
MC1817,False,2.7x409.79999999999995x269.2x239.70000000000002,Caja creada en MC,1817,Bastones clasicos,Bastones clasicos - Legumes Frites,Estacional,Medio,Bastones rectos de brocoli,395.5,255.5,237.4,10.398,154
MC1818,False,2.7x381.7x192.70000000000002x157.5,Caja creada en MC,1818,Guarniciones,Guarniciones - Legumes Croquetas,Forma estable,Forma,Croquetas de brocoli,376.1,176.5,147.0,5.064,154
MC1819,False,3.0x400.0x267.7x199.61,Catálogo inicial,1819,Bastones clasicos,Bastones clasicos - Reserva Privada,Forma estable,Forma,Gajos de brocoli,380.1,270.8,191.3,13.64,154
MC1820,False,3.0x400.0x240.0x244.29,Catálogo inicial,1820,Guarniciones,Guarniciones - Legumes Croquetas,Forma estable,Forma,Croquetas de brocoli,394.3,245.1,225.5,13.132,154
MC1821,False,2.7x404.29999999999995x304.59999999999997x218.20000000000002,Caja creada en MC,1821,Bastones clasicos,Bastones clasicos - Sigilo,Estacional,Fino,Bastones rectos de brocoli,379.3,303.0,219.0,11.989,154
MC1822,False,3.0x400.0x277.27x200.0,Catálogo inicial,1822,Bastones clasicos,Bastones clasicos - Reserva Privada,Estacional,Corte steak,Bastones rectos de brocoli,387.7,259.4,205.1,12.369,154
MC1823,False,3.0x400.0x300.0x271.95,Catálogo inicial,1823,Bastones clasicos,Bastones clasicos - Reserva Privada,Forma estable,Forma,Espirales de brocoli,406.8,280.7,265.8,11.913,154
MC1824,False,3.0x400.0x240.0x265.57,Catálogo inicial,1824,Bastones clasicos,Bastones clasicos - Sigilo,Forma estable,Forma,Espirales de brocoli,391.7,231.2,262.0,6.796,154
MC1825,False,2.7x369.2x271.4x267.0,Caja creada en MC,1825,Bastones clasicos,Bastones clasicos - Grado B,Estacional,Fino,Bastones rectos de brocoli,383.7,260.6,252.7,12.88,154
MC1826,False,2.7x370.29999999999995x188.8x162.0,Caja creada en MC,1826,Guarniciones,Guarniciones - Legumes Croquetas,Forma estable,Forma,Rosti de brocoli,369.2,181.5,148.7,5.053,154
MC1827,False,3.0x400.0x277.27x256.0,Catálogo inicial,1827,Bastones clasicos,Bastones clasicos - Sigilo,Forma estable,Forma,Dippers de brocoli,395.6,256.5,253.5,12.562,154
MC1828,False,3.0x406.3x256.5x230.9,Caja creada en MC,1828,Bastones clasicos,Bastones clasicos - Legumes Frites Salados,Estacional,Medio,Bastones rectos de brocoli,401.0,248.3,221.0,13.018,154
MC1829,False,3.0x409.7x304.3x178.3,Caja creada en MC,1829,Bastones clasicos,Bastones clasicos - Sigilo,Forma estable,Forma,Dippers de brocoli,392.5,289.0,177.1,5.7,154
MC1830,False,2.7x398.4x280.79999999999995x210.3,Caja creada en MC,1830,Bastones clasicos,Bastones clasicos - Sigilo,Estacional,Medio,Bastones rectos de brocoli,383.0,293.3,194.2,12.934,154
MC1831,False,2.7x412.2x311.29999999999995x186.0,Caja creada en MC,1831,Bastones clasicos,Bastones clasicos - Sigilo,Estacional,Medio,Bastones rectos de brocoli,401.8,292.0,184.9,12.671,154
MC1832,False,3.0x400.0x300.0x288.97,Catálogo inicial,1832,Bastones clasicos,Bastones clasicos - Reserva Privada,Estacional,Fino,Bastones rectos de brocoli,378.5,282.3,301.1,12.369,154
MC1833,False,3.0x375.5x304.2x171.8,Caja creada en MC,1833,Bastones clasicos,Bastones clasicos - Mayordomo,Estacional,Medio,Bastones rectos de brocoli,383.0,286.2,166.6,12.788,154
MC1834,False,3.0x410.5x276.4x184.8,Caja creada en MC,1834,Bastones clasicos,Bastones clasicos - Sigilo,Forma estable,Forma,Gajos de brocoli,397.2,290.7,169.2,8.964,154
MC1835,False,2.7x409.79999999999995x269.2x239.70000000000002,Caja creada en MC,1835,Guarniciones,Guarniciones - Legumes Croquetas,Forma estable,Forma,Croquetas de brocoli,390.0,251.9,244.1,12.429,154
MC1836,False,2.7x375.5x293.7x229.6,Caja creada en MC,1836,Bastones clasicos,Bastones clasicos - Sigilo,Forma estable,Forma,Gajos de brocoli,376.6,296.4,212.8,12.368,154
MC1837,False,2.7x403.09999999999997x280.2x269.9,Caja creada en MC,1837,Bastones clasicos,Bastones clasicos - Sigilo,Forma estable,Forma,Espirales de brocoli,384.9,291.9,255.0,10.081,154
MC1838,False,3.0x406.3x256.5x230.9,Caja creada en MC,1838,Bastones clasicos,Bastones clasicos - Reserva Privada,Estacional,Medio,Bastones rectos de brocoli,394.3,244.8,221.0,13.124,154
MC1839,True,2.7x412.2x275.5x195.4,Caja nueva,1839,Guarniciones,Guarniciones - Cubos,Forma estable,Forma,Cubos de brocoli,406.8,270.1,190.0,12.219,155
MC1840,False,3.0x395.9x255.9x174.1,Caja creada en MC,1840,Snacks y aperitivos,Snacks y aperitivos - Queso,Co-produccion,Forma,Bocados de brocoli con queso crema,370.4,250.4,164.2,4.96,155
MC1841,False,3.0x400.0x267.7x199.61,Catálogo inicial,1841,Bastones clasicos,Bastones clasicos - Reserva Privada,Forma estable,Forma,Gajos de brocoli,396.3,250.7,198.5,12.632,155
MC1842,False,3.0x400.0x269.82x300.0,Catálogo inicial,1842,Bastones clasicos,Bastones clasicos - Sigilo,Estacional,Fino,Bastones rectos de brocoli,376.8,254.5,317.2,12.682,155
MC1843,False,3.0x400.0x277.27x256.0,Catálogo inicial,1843,Bastones clasicos,Bastones clasicos - Sigilo,Forma estable,Forma,Espirales de brocoli,385.5,255.5,267.8,6.398,155
MC1844,False,3.0x370.4x301.9x184.8,Caja creada en MC,1844,Bastones clasicos,Bastones clasicos - Sigilo,Estacional,Medio,Bastones rectos de brocoli,379.8,280.7,176.5,13.206,155
MC1845,False,3.0x410.5x276.4x184.8,Caja creada en MC,1845,Bastones clasicos,Bastones clasicos - Reserva Privada,Forma estable,Forma,Gajos de brocoli,388.0,254.9,194.3,12.658,155
MC1846,False,2.7x371.9x303.4x149.1,Caja creada en MC,1846,Snacks y aperitivos,Snacks y aperitivos - Queso,Co-produccion,Forma,Bocados de brocoli con queso cheddar,381.8,287.7,139.4,5.08,155
MC1847,False,2.7x405.29999999999995x251.4x212.4,Caja creada en MC,1847,Bastones clasicos,Bastones clasicos - Sigilo,Forma estable,Forma,Brocoli en rejilla,393.1,256.3,200.5,4.737,155
MC1848,False,2.7x392.0x257.3x178.8,Caja creada en MC,1848,Bastones clasicos,Bastones clasicos - Reserva Privada,Forma estable,Forma,Espirales de brocoli,386.7,237.0,184.2,4.439,155
MC1849,False,3.0x375.6x286.8x216.9,Caja creada en MC,1849,Bastones clasicos,Bastones clasicos - Legumes Frites,Estacional,Medio,Bastones rectos de brocoli,375.8,269.4,215.5,10.971,155
MC1850,False,2.7x408.4x310.7x217.6,Caja creada en MC,1850,Bastones clasicos,Bastones clasicos - Mayordomo,Estacional,Corte steak,Bastones rectos de brocoli,404.2,294.7,213.6,12.03,155
MC1851,False,2.7x403.59999999999997x301.9x320.4,Caja creada en MC,1851,Bastones clasicos,Bastones clasicos - Reserva Privada,Forma estable,Forma,Brocoli en rejilla,403.9,301.2,302.2,10.943,155
MC1852,False,2.7x412.2x254.6x279.4,Caja creada en MC,1852,Bastones clasicos,Bastones clasicos - Sigilo,Forma estable,Forma,Brocoli zigzag,402.9,244.5,280.7,11.942,155
MC1853,False,3.0x399.2x258.0x209.2,Caja creada en MC,1853,Bastones clasicos,Bastones clasicos - Reserva Privada,Estacional,Medio,Bastones rectos de brocoli,374.8,251.4,213.2,12.78,155
MC1854,False,2.7x371.7x264.59999999999997x151.70000000000002,Caja creada en MC,1854,Guarniciones,Guarniciones - Legumes Croquetas,Forma estable,Forma,Rosti de brocoli,383.4,246.9,139.7,5.063,155
MC1855,False,2.7x412.2x309.09999999999997x273.79999999999995,Caja creada en MC,1855,Bastones clasicos,Bastones clasicos - Sigilo,Forma estable,Forma,Espirales de brocoli,403.0,305.9,262.2,9.669,155
MC1856,False,3.0x375.8x300.7x170.7,Caja creada en MC,1856,Bastones clasicos,Bastones clasicos - Sigilo,Forma estable,Forma,Gajos de brocoli,374.1,281.0,169.2,12.462,155
MC1857,False,3.0x400.0x277.27x315.57,Catálogo inicial,1857,Bastones clasicos,Bastones clasicos - Reserva Privada,Estacional,Fino,Bastones rectos de brocoli,385.1,260.8,320.6,12.786,155
MC1858,False,3.0x400.0x240.0x196.42,Catálogo inicial,1858,Bastones clasicos,Bastones clasicos - Sigilo,Forma estable,Forma,Espirales de brocoli,391.6,250.0,179.1,4.365,155
MC1859,False,3.0x400.0x300.0x257.14,Catálogo inicial,1859,Snacks y aperitivos,Snacks y aperitivos - Aros y Vegetales,Co-produccion,Forma,Aros de brocoli,406.8,293.0,241.7,5.031,155
MC1860,False,3.0x406.3x311.9x205.6,Caja creada en MC,1860,Snacks y aperitivos,Snacks y aperitivos - Aros y Vegetales,Co-produccion,Forma,Aros de brocoli,406.8,293.8,188.3,5.105,155
MC1861,False,3.0x370.7x292.0x270.1,Caja creada en MC,1861,Bastones clasicos,Bastones clasicos - Legumes Frites,Estacional,Fino,Bastones rectos de brocoli,363.8,292.9,252.9,12.305,155
MC1862,False,3.0x400.0x240.0x233.65,Catálogo inicial,1862,Bastones clasicos,Bastones clasicos - Sigilo,Estacional,Fino,Bastones rectos de brocoli,406.8,233.9,219.5,9.95,155
MC1863,False,3.0x400.0x277.27x256.0,Catálogo inicial,1863,Bastones clasicos,Bastones clasicos - Sigilo,Forma estable,Forma,Espirales de brocoli,375.4,274.7,254.2,11.872,155
MC1864,False,2.7x398.4x280.79999999999995x210.3,Caja creada en MC,1864,Guarniciones,Guarniciones - Tortitas,Forma estable,Forma,Tortitas de brocoli,394.3,268.4,207.3,10.961,155
MC1865,False,2.7x412.2x258.59999999999997x186.9,Caja creada en MC,1865,Bastones clasicos,Bastones clasicos - Sigilo,Forma estable,Forma,Gajos de brocoli,391.1,272.8,171.6,10.616,155
MC1866,False,2.7x372.7x265.79999999999995x220.8,Caja creada en MC,1866,Bastones clasicos,Bastones clasicos - Legumes Frites,Estacional,Medio,Bastones rectos de brocoli,368.6,245.9,227.0,11.472,155
MC1867,False,2.7x369.2x289.5x230.70000000000002,Caja creada en MC,1867,Bastones clasicos,Bastones clasicos - Sigilo,Estacional,Fino,Bastones rectos de brocoli,392.7,273.1,216.6,12.066,155
MC1868,False,2.7x408.4x310.7x217.6,Caja creada en MC,1868,Bastones clasicos,Bastones clasicos - Sigilo,Forma estable,Forma,Brocoli en rejilla,393.7,289.5,224.1,6.178,155
MC1869,False,2.7x402.29999999999995x251.3x285.0,Caja creada en MC,1869,Bastones clasicos,Bastones clasicos - Sigilo,Forma estable,Forma,Espirales de brocoli,399.5,239.6,267.8,6.526,155
MC1870,False,3.0x400.0x266.63x256.0,Catálogo inicial,1870,Bastones clasicos,Bastones clasicos - Sigilo,Forma estable,Forma,Espirales de brocoli,395.7,247.2,255.9,6.419,155
MC1871,False,3.0x400.0x266.63x256.0,Catálogo inicial,1871,Bastones clasicos,Bastones clasicos - Sigilo,Forma estable,Forma,Corte rustico de brocoli,396.7,256.9,248.9,11.936,155
MC1872,False,2.7x392.0x272.9x366.29999999999995,Caja creada en MC,1872,Bastones clasicos,Bastones clasicos - Reserva Privada,Estacional,Fino,Bastones rectos de brocoli,379.9,271.2,361.9,12.697,155
MC1873,False,2.7x411.9x308.7x220.20000000000002,Caja creada en MC,1873,Bastones clasicos,Bastones clasicos - Sigilo,Forma estable,Forma,Gajos de brocoli,393.0,297.7,225.4,11.753,155
MC1874,False,3.0x374.7x299.5x214.6,Caja creada en MC,1874,Bastones clasicos,Bastones clasicos - Sigilo,Estacional,Medio,Bastones rectos de brocoli,398.7,277.4,204.0,8.478,155
MC1875,False,3.0x400.0x240.0x248.55,Catálogo inicial,1875,Bastones clasicos,Bastones clasicos - Legumes Frites,Forma estable,Forma,Brocoli zigzag,386.6,240.4,240.2,12.284,155
MC1876,False,3.0x389.6x249.3x214.0,Caja creada en MC,1876,Bastones clasicos,Bastones clasicos - Reserva Privada,Estacional,Corte steak,Bastones rectos de brocoli,391.4,239.5,198.6,12.801,155
MC1877,False,2.7x369.2x301.79999999999995x267.5,Caja creada en MC,1877,Bastones clasicos,Bastones clasicos - Sigilo,Forma estable,Forma,Brocoli zigzag,387.1,293.6,247.5,10.129,155
MC1878,False,3.0x373.5x311.9x210.7,Caja creada en MC,1878,Bastones clasicos,Bastones clasicos - Legumes Frites,Estacional,Fino,Bastones rectos de brocoli,368.1,289.3,216.0,11.364,155
MC1879,False,2.7x371.7x264.59999999999997x151.70000000000002,Caja creada en MC,1879,Guarniciones,Guarniciones - Legumes Croquetas,Forma estable,Forma,Tortitas de brocoli,373.5,258.8,142.7,4.977,155
MC1880,False,2.7x398.4x280.79999999999995x210.3,Caja creada en MC,1880,Bastones clasicos,Bastones clasicos - Sigilo,Forma estable,Forma,Dippers de brocoli,378.8,291.4,196.9,11.59,155
MC1881,False,3.0x400.0x267.7x199.61,Catálogo inicial,1881,Bastones clasicos,Bastones clasicos - Reserva Privada,Estacional,Corte steak,Bastones rectos de brocoli,402.3,249.4,189.8,12.647,155
MC1882,False,2.7x412.2x258.59999999999997x186.9,Caja creada en MC,1882,Snacks y aperitivos,Snacks y aperitivos - Queso,Co-produccion,Forma,Bocados de brocoli con queso crema,404.5,255.2,174.4,5.221,155
MC1883,False,2.7x402.29999999999995x251.3x285.0,Caja creada en MC,1883,Bastones clasicos,Bastones clasicos - Sigilo,Forma estable,Forma,Espirales de brocoli,391.2,252.5,274.8,6.741,155
MC1884,False,3.0x412.8x261.3x210.5,Caja creada en MC,1884,Bastones clasicos,Bastones clasicos - Reserva Privada,Forma estable,Forma,Gajos de brocoli,406.8,253.5,205.0,12.674,155
MC1885,False,2.7x412.2x308.9x261.9,Caja creada en MC,1885,Bastones clasicos,Bastones clasicos - Sigilo,Forma estable,Forma,Espirales de brocoli,401.8,303.5,252.9,12.054,155
MC1886,False,3.0x400.0x277.27x163.63,Catálogo inicial,1886,Bastones clasicos,Bastones clasicos - Sigilo,Forma estable,Forma,Gajos de brocoli,390.8,272.8,157.6,9.596,155
MC1887,False,3.0x400.0x269.82x300.0,Catálogo inicial,1887,Bastones clasicos,Bastones clasicos - Sigilo,Forma estable,Forma,Brocoli en rejilla,376.5,284.0,284.4,9.258,155
MC1888,False,3.0x409.7x304.3x178.3,Caja creada en MC,1888,Bastones clasicos,Bastones clasicos - Mayordomo,Estacional,Medio,Bastones rectos de brocoli,404.2,296.4,171.1,11.969,155
MC1889,False,2.7x405.29999999999995x251.4x212.4,Caja creada en MC,1889,Bastones clasicos,Bastones clasicos - Sigilo,Estacional,Medio,Bastones rectos de brocoli,392.3,243.8,212.4,12.07,155
MC1890,False,3.0x400.0x269.82x300.0,Catálogo inicial,1890,Bastones clasicos,Bastones clasicos - Sigilo,Forma estable,Forma,Brocoli en rejilla,394.5,250.1,283.4,6.684,155
MC1891,False,2.7x369.2x289.5x230.70000000000002,Caja creada en MC,1891,Bastones clasicos,Bastones clasicos - Legumes Frites,Estacional,Fino,Bastones rectos de brocoli,382.1,281.5,214.5,12.338,155
MC1892,False,2.7x408.4x310.7x217.6,Caja creada en MC,1892,Bastones clasicos,Bastones clasicos - Sigilo,Estacional,Grueso,Bastones rectos de brocoli,384.5,294.0,227.2,13.263,155
MC1893,False,2.7x369.2x253.70000000000002x263.29999999999995,Caja creada en MC,1893,Bastones clasicos,Bastones clasicos - Reserva Privada,Estacional,Fino,Bastones rectos de brocoli,363.8,234.2,250.9,11.504,155
MC1894,False,3.0x400.0x199.61x142.81,Catálogo inicial,1894,Guarniciones,Guarniciones - Legumes Croquetas,Forma estable,Forma,Croquetas de brocoli,382.1,185.3,146.1,5.069,155
MC1895,False,3.0x400.0x300.0x271.95,Catálogo inicial,1895,Bastones clasicos,Bastones clasicos - Sigilo,Forma estable,Forma,Espirales de brocoli,385.7,301.9,256.4,9.638,155
MC1896,False,3.0x400.0x300.0x300.0,Catálogo inicial,1896,Bastones clasicos,Bastones clasicos - Sigilo,Forma estable,Forma,Brocoli en rejilla,406.8,290.4,283.6,12.07,155
MC1897,False,3.0x370.4x301.9x184.8,Caja creada en MC,1897,Bastones clasicos,Bastones clasicos - Sigilo,Estacional,Medio,Bastones rectos de brocoli,373.4,278.5,182.4,13.268,155
MC1898,False,3.0x375.5x304.2x171.8,Caja creada en MC,1898,Bastones clasicos,Bastones clasicos - Sigilo,Estacional,Medio,Bastones rectos de brocoli,370.5,285.7,172.5,12.491,155
MC1899,False,2.7x412.2x254.6x279.4,Caja creada en MC,1899,Bastones clasicos,Bastones clasicos - Reserva Privada,Estacional,Fino,Bastones rectos de brocoli,385.8,274.4,261.3,13.024,155
MC1900,False,3.0x400.0x267.7x199.61,Catálogo inicial,1900,Bastones clasicos,Bastones clasicos - Sigilo,Estacional,Medio,Bastones rectos de brocoli,406.8,252.5,184.8,8.471,155
MC1901,False,2.7x385.4x280.0x150.6,Caja creada en MC,1901,Bastones clasicos,Bastones clasicos - Sigilo,Forma estable,Forma,Dippers de brocoli,393.8,271.5,141.6,4.43,155
MC1902,False,3.0x400.0x269.82x300.0,Catálogo inicial,1902,Bastones clasicos,Bastones clasicos - Sigilo,Estacional,Medio,Bastones rectos de brocoli,385.5,281.8,279.8,12.308,155
MC1903,False,3.0x370.1x249.2x243.8,Caja creada en MC,1903,Bastones extra crocantes,Bastones extra crocantes - Atelier Frites,Estacional,Grueso,Bastones rectos de brocoli,369.4,245.9,229.3,13.042,155
MC1904,False,3.0x400.0x300.0x244.29,Catálogo inicial,1904,Bastones clasicos,Bastones clasicos - Sigilo,Forma estable,Forma,Brocoli en rejilla,378.2,287.5,247.3,6.785,155
MC1905,False,3.0x400.0x277.27x200.0,Catálogo inicial,1905,Bastones clasicos,Bastones clasicos - Legumes Frites,Estacional,Fino,Bastones rectos de brocoli,373.6,274.4,199.8,11.796,155
MC1906,False,2.7x369.2x271.4x267.0,Caja creada en MC,1906,Bastones clasicos,Bastones clasicos - Legumes Frites,Estacional,Fino,Bastones rectos de brocoli,363.8,271.9,255.0,13.214,155
MC1907,False,3.0x399.2x258.0x209.2,Caja creada en MC,1907,Bastones clasicos,Bastones clasicos - Reserva Privada,Estacional,Medio,Bastones rectos de brocoli,394.4,247.0,206.2,12.455,155
MC1908,False,3.0x370.7x292.0x270.1,Caja creada en MC,1908,Bastones clasicos,Bastones clasicos - Sigilo,Forma estable,Forma,Brocoli zigzag,363.8,282.2,249.6,9.448,155
MC1909,False,3.0x400.0x300.0x200.0,Catálogo inicial,1909,Bastones clasicos,Bastones clasicos - Sigilo,Forma estable,Forma,Gajos de brocoli,372.6,296.1,203.5,12.598,155
MC1910,False,3.0x409.3x311.9x147.1,Caja creada en MC,1910,Bastones clasicos,Bastones clasicos - Mayordomo,Estacional,Grueso,Bastones rectos de brocoli,379.8,291.0,156.7,11.994,155
MC1911,False,2.7x401.09999999999997x311.29999999999995x240.70000000000002,Caja creada en MC,1911,Bastones clasicos,Bastones clasicos - Sigilo,Estacional,Grueso,Bastones rectos de brocoli,385.1,300.6,245.0,12.818,155
MC1912,False,3.0x400.0x300.0x271.95,Catálogo inicial,1912,Bastones clasicos,Bastones clasicos - Sigilo,Forma estable,Forma,Espirales de brocoli,399.7,286.2,260.9,9.516,155
MC1913,False,3.0x399.0x261.0x276.0,Catálogo inicial,1913,Bastones clasicos,Bastones clasicos - Sigilo,Forma estable,Forma,Brocoli en rejilla,386.5,244.0,254.3,6.403,155
MC1914,False,3.0x400.0x300.0x288.97,Catálogo inicial,1914,Bastones clasicos,Bastones clasicos - Reserva Privada,Forma estable,Forma,Rodajas de brocoli,405.6,298.4,268.1,8.731,155
MC1915,False,3.0x373.2x309.4x177.8,Caja creada en MC,1915,Bastones clasicos,Bastones clasicos - Sigilo,Forma estable,Forma,Tiras para dip de brocoli,403.9,290.4,161.8,6.544,155
MC1916,False,2.7x404.29999999999995x304.59999999999997x218.20000000000002,Caja creada en MC,1916,Guarniciones,Guarniciones - Legumes Croquetas,Forma estable,Forma,Rosti de brocoli,393.0,284.6,216.5,11.519,155
MC1917,False,2.7x406.2x279.0x225.3,Caja creada en MC,1917,Bastones extra crocantes,Bastones extra crocantes - Muy Crocantes,Estacional,Medio,Bastones rectos de brocoli,393.0,258.4,233.4,12.685,155
MC1918,False,3.0x406.3x256.5x230.9,Caja creada en MC,1918,Bastones clasicos,Bastones clasicos - Sigilo,Estacional,Medio,Bastones rectos de brocoli,396.6,252.3,220.1,13.173,155
MC1919,False,2.7x412.2x271.59999999999997x150.20000000000002,Caja creada en MC,1919,Bastones clasicos,Bastones clasicos - Sigilo,Forma estable,Forma,Dippers de brocoli,399.0,256.7,147.4,4.478,155
MC1920,False,3.0x400.0x300.0x150.0,Catálogo inicial,1920,Snacks y aperitivos,Snacks y aperitivos - Queso,Co-produccion,Forma,Bocados de brocoli con mozzarella,389.6,301.8,139.5,4.918,155
MC1921,False,2.7x392.0x257.3x178.8,Caja creada en MC,1921,Bastones clasicos,Bastones clasicos - Sigilo,Forma estable,Forma,Brocoli zigzag,378.4,246.7,178.8,7.106,155
MC1922,False,2.7x401.09999999999997x311.29999999999995x240.70000000000002,Caja creada en MC,1922,Bastones clasicos,Bastones clasicos - Sigilo,Estacional,Medio,Bastones rectos de brocoli,382.2,296.1,246.1,12.283,155
MC1923,False,3.0x400.0x277.27x200.0,Catálogo inicial,1923,Bastones clasicos,Bastones clasicos - Cielo,Estacional,Medio,Bastones rectos de brocoli,376.5,290.8,187.9,12.433,155
MC1924,False,2.7x409.79999999999995x269.2x239.70000000000002,Caja creada en MC,1924,Bastones clasicos,Bastones clasicos - Sigilo,Forma estable,Forma,Brocoli zigzag,390.9,273.4,229.4,12.77,155
MC1925,False,3.0x390.2x256.1x214.8,Caja creada en MC,1925,Bastones clasicos,Bastones clasicos - Legumes Frites,Estacional,Medio,Bastones rectos de brocoli,378.9,243.7,216.6,12.036,155
MC1926,False,2.7x398.4x280.79999999999995x210.3,Caja creada en MC,1926,Bastones clasicos,Bastones clasicos - Sigilo,Estacional,Medio,Bastones rectos de brocoli,378.3,278.8,209.8,12.767,155
MC1927,False,3.0x400.0x240.0x248.55,Catálogo inicial,1927,Bastones clasicos,Bastones clasicos - Legumes Frites,Estacional,Fino,Bastones rectos de brocoli,372.5,245.5,244.3,12.719,155
MC1928,False,2.7x401.09999999999997x311.29999999999995x240.70000000000002,Caja creada en MC,1928,Bastones clasicos,Bastones clasicos - Sigilo,Forma estable,Forma,Espirales de brocoli,380.7,295.2,253.4,12.976,155
MC1929,False,3.0x400.0x300.0x212.38,Catálogo inicial,1929,Bastones clasicos,Bastones clasicos - Sigilo,Estacional,Medio,Bastones rectos de brocoli,406.6,301.5,194.5,12.834,155
MC1930,False,2.7x409.79999999999995x269.2x239.70000000000002,Caja creada en MC,1930,Bastones clasicos,Bastones clasicos - Sigilo,Forma estable,Forma,Tiras para dip de brocoli,393.9,264.6,236.2,12.987,155
MC1931,False,3.0x406.3x256.5x230.9,Caja creada en MC,1931,Bastones clasicos,Bastones clasicos - Legumes Frites Salados,Estacional,Fino,Bastones rectos de brocoli,382.8,257.4,217.1,12.459,155
MC1932,False,2.7x398.4x280.79999999999995x210.3,Caja creada en MC,1932,Guarniciones,Guarniciones - Tortitas,Forma estable,Forma,Tortitas de brocoli,392.3,281.2,197.0,10.715,155
MC1933,False,3.0x376.2x284.2x182.3,Caja creada en MC,1933,Bastones clasicos,Bastones clasicos - Sigilo,Forma estable,Forma,Gajos de brocoli,379.5,268.1,168.4,10.367,155
MC1934,False,3.0x375.1x267.5x241.0,Caja creada en MC,1934,Bastones clasicos,Bastones clasicos - Legumes Frites,Estacional,Fino,Bastones rectos de brocoli,364.0,252.5,237.3,9.303,155
MC1935,False,3.0x400.0x277.27x200.0,Catálogo inicial,1935,Bastones clasicos,Bastones clasicos - Reserva Privada,Estacional,Medio,Bastones rectos de brocoli,405.0,255.2,199.5,11.965,155
MC1936,False,3.0x400.0x277.27x180.0,Catálogo inicial,1936,Guarniciones,Guarniciones - Cubos,Forma estable,Forma,Cubos de brocoli,381.7,289.6,166.3,12.712,155
MC1937,False,3.0x410.5x276.4x184.8,Caja creada en MC,1937,Guarniciones,Guarniciones - Cubos,Forma estable,Forma,Cubos de brocoli,388.2,271.1,179.4,13.109,155
MC1938,False,2.7x406.2x279.0x225.3,Caja creada en MC,1938,Bastones clasicos,Bastones clasicos - Sigilo,Estacional,Medio,Bastones rectos de brocoli,383.5,257.2,239.3,11.063,155
MC1939,False,2.7x412.2x247.8x241.8,Caja creada en MC,1939,Bastones clasicos,Bastones clasicos - Sigilo,Forma estable,Forma,Corte rustico de brocoli,396.1,253.8,231.6,12.875,155
MC1940,False,3.0x406.3x256.5x230.9,Caja creada en MC,1940,Bastones clasicos,Bastones clasicos - Legumes Frites,Estacional,Medio,Bastones rectos de brocoli,393.2,247.6,219.3,10.341,155
MC1941,False,2.7x370.9x299.4x316.79999999999995,Caja creada en MC,1941,Bastones clasicos,Bastones clasicos - Reserva Privada,Forma estable,Forma,Brocoli en rejilla,380.8,291.4,301.5,10.835,155
MC1942,False,2.7x398.4x280.79999999999995x210.3,Caja creada en MC,1942,Bastones clasicos,Bastones clasicos - Sigilo,Estacional,Medio,Bastones rectos de brocoli,392.3,285.2,196.8,11.797,155
MC1943,False,2.7x408.4x310.7x217.6,Caja creada en MC,1943,Bastones clasicos,Bastones clasicos - Sigilo,Forma estable,Forma,Brocoli en rejilla,389.3,289.1,228.2,6.652,155
MC1944,False,2.7x412.2x311.29999999999995x186.0,Caja creada en MC,1944,Brocoli especial,Brocoli especial - Bastones Especiales,Estacional,Corte steak,Bastones rectos de brocoli,406.8,292.3,185.6,11.92,155
MC1945,False,3.0x406.3x256.5x230.9,Caja creada en MC,1945,Bastones clasicos,Bastones clasicos - Sigilo,Forma estable,Forma,Rodajas de brocoli,380.0,254.7,232.7,9.376,155
MC1946,False,2.7x369.2x289.5x230.70000000000002,Caja creada en MC,1946,Bastones clasicos,Bastones clasicos - Sigilo,Forma estable,Forma,Espirales de brocoli,363.8,276.7,227.7,6.6,155
MC1947,False,2.7x404.29999999999995x304.59999999999997x218.20000000000002,Caja creada en MC,1947,Bastones clasicos,Bastones clasicos - Grado B,Estacional,Fino,Bastones rectos de brocoli,390.1,296.3,217.8,12.898,155
MC1948,False,2.7x405.5x308.2x293.09999999999997,Caja creada en MC,1948,Bastones clasicos,Bastones clasicos - Reserva Privada,Estacional,Fino,Bastones rectos de brocoli,406.8,286.9,295.3,12.44,155
MC1949,False,3.0x400.0x277.27x298.55,Catálogo inicial,1949,Bastones clasicos,Bastones clasicos - Reserva Privada,Estacional,Medio,Bastones rectos de brocoli,396.9,270.2,286.9,12.714,155
MC1950,False,3.0x400.0x274.08x225.0,Catálogo inicial,1950,Bastones clasicos,Bastones clasicos - Grado B,Estacional,Medio,Bastones rectos de brocoli,406.8,254.6,211.3,12.702,155
MC1951,False,3.0x400.0x300.0x271.95,Catálogo inicial,1951,Bastones clasicos,Bastones clasicos - Reserva Privada,Estacional,Fino,Bastones rectos de brocoli,374.2,288.4,285.1,12.419,155
MC1952,False,3.0x373.2x309.4x177.8,Caja creada en MC,1952,Bastones clasicos,Bastones clasicos - Mayordomo,Estacional,Medio,Bastones rectos de brocoli,396.6,294.3,162.4,12.089,155
MC1953,False,3.0x375.6x286.8x216.9,Caja creada en MC,1953,Bastones clasicos,Bastones clasicos - Legumes Frites,Estacional,Fino,Bastones rectos de brocoli,379.6,285.1,202.2,12.712,155
MC1954,False,3.0x400.0x240.0x244.29,Catálogo inicial,1954,Bastones clasicos,Bastones clasicos - Sigilo,Estacional,Medio,Bastones rectos de brocoli,385.6,254.2,224.0,12.73,155
MC1955,False,3.0x374.7x299.5x214.6,Caja creada en MC,1955,Guarniciones,Guarniciones - Tortitas,Forma estable,Forma,Rosti de brocoli,368.4,286.6,209.7,11.295,155
MC1956,False,3.0x400.9x251.9x192.9,Caja creada en MC,1956,Bastones clasicos,Bastones clasicos - Sigilo,Forma estable,Forma,Brocoli zigzag,385.4,244.9,189.8,6.813,155
MC1957,False,3.0x400.0x240.0x159.19,Catálogo inicial,1957,Bastones clasicos,Bastones clasicos - Sigilo,Forma estable,Forma,Corte rustico de brocoli,375.2,237.5,153.9,6.513,155
MC1958,False,2.7x412.2x308.9x261.9,Caja creada en MC,1958,Bastones clasicos,Bastones clasicos - Sigilo,Forma estable,Forma,Espirales de brocoli,396.4,295.6,248.5,12.759,155
MC1959,False,2.7x412.2x254.6x279.4,Caja creada en MC,1959,Bastones clasicos,Bastones clasicos - Sigilo,Forma estable,Forma,Brocoli en rejilla,402.4,264.1,259.1,6.5,155
MC1960,False,2.7x409.79999999999995x269.2x239.70000000000002,Caja creada en MC,1960,Guarniciones,Guarniciones - Legumes Croquetas,Forma estable,Forma,Croquetas de brocoli,383.2,254.4,243.3,9.609,155
MC1961,False,3.0x375.1x267.5x241.0,Caja creada en MC,1961,Bastones clasicos,Bastones clasicos - Sigilo,Forma estable,Forma,Mix crujiente de brocoli,367.5,259.1,228.7,8.177,155
MC1962,False,3.0x406.3x256.5x230.9,Caja creada en MC,1962,Bastones clasicos,Bastones clasicos - Reserva Privada,Forma estable,Forma,Gajos de brocoli,376.4,260.0,229.4,9.548,155
MC1963,False,2.7x412.2x253.8x281.29999999999995,Caja creada en MC,1963,Bastones clasicos,Bastones clasicos - Sigilo,Estacional,Medio,Bastones rectos de brocoli,384.2,260.2,278.8,12.833,155
MC1964,False,2.7x412.2x268.2x319.59999999999997,Caja creada en MC,1964,Bastones clasicos,Bastones clasicos - Sigilo,Estacional,Fino,Bastones rectos de brocoli,403.3,248.0,328.8,11.968,155
MC1965,False,2.7x408.4x310.7x217.6,Caja creada en MC,1965,Snacks y aperitivos,Snacks y aperitivos - Aros y Vegetales,Co-produccion,Forma,Aros de brocoli,406.8,305.9,204.7,4.851,155
MC1966,False,3.0x400.0x300.0x271.95,Catálogo inicial,1966,Bastones clasicos,Bastones clasicos - Sigilo,Forma estable,Forma,Espirales de brocoli,398.2,290.6,257.5,12.377,155
MC1967,False,2.7x371.7x297.79999999999995x242.1,Caja creada en MC,1967,Bastones clasicos,Bastones clasicos - Legumes Frites,Estacional,Medio,Bastones rectos de brocoli,379.2,284.7,228.5,13.105,155
MC1968,False,3.0x375.1x267.5x241.0,Caja creada en MC,1968,Guarniciones,Guarniciones - Legumes Croquetas,Forma estable,Forma,Croquetas de brocoli,363.8,246.9,241.8,10.058,155
MC1969,False,3.0x387.8x278.8x169.5,Caja creada en MC,1969,Guarniciones,Guarniciones - Cubos,Forma estable,Forma,Cubos de brocoli,365.5,288.2,158.5,11.885,155
MC1970,False,3.0x400.0x277.27x315.57,Catálogo inicial,1970,Bastones clasicos,Bastones clasicos - Sigilo,Estacional,Medio,Bastones rectos de brocoli,396.2,267.9,300.0,13.007,155
MC1971,False,3.0x406.3x256.5x230.9,Caja creada en MC,1971,Bastones clasicos,Bastones clasicos - Grado B,Estacional,Medio,Bastones rectos de brocoli,378.4,253.2,222.7,13.006,155
MC1972,False,3.0x389.6x249.3x214.0,Caja creada en MC,1972,Bastones clasicos,Bastones clasicos - Sigilo,Forma estable,Forma,Gajos de brocoli,374.4,240.9,203.4,12.06,155
MC1973,False,3.0x400.0x300.0x212.38,Catálogo inicial,1973,Bastones clasicos,Bastones clasicos - Reserva Privada,Estacional,Fino,Bastones rectos de brocoli,398.7,285.1,209.6,11.554,155
MC1974,False,2.7x409.79999999999995x269.2x239.70000000000002,Caja creada en MC,1974,Guarniciones,Guarniciones - Tortitas,Forma estable,Forma,Rosti de brocoli,406.8,251.0,244.2,12.473,155
MC1975,False,3.0x406.3x256.5x230.9,Caja creada en MC,1975,Bastones clasicos,Bastones clasicos - Legumes Frites,Estacional,Fino,Bastones rectos de brocoli,393.3,253.0,226.1,12.921,155
MC1976,False,3.0x370.4x301.9x184.8,Caja creada en MC,1976,Bastones clasicos,Bastones clasicos - Sigilo,Forma estable,Forma,Gajos de brocoli,387.6,285.4,173.9,13.097,155
MC1977,False,3.0x400.0x300.0x179.4,Catálogo inicial,1977,Bastones clasicos,Bastones clasicos - Reserva Privada,Estacional,Medio,Bastones rectos de brocoli,386.5,286.6,179.7,12.173,155
MC1978,False,2.7x412.2x311.29999999999995x186.0,Caja creada en MC,1978,Bastones clasicos,Bastones clasicos - Mayordomo,Estacional,Medio,Bastones rectos de brocoli,388.6,302.2,185.4,13.157,155
MC1979,False,3.0x412.8x269.0x265.6,Caja creada en MC,1979,Bastones clasicos,Bastones clasicos - Sigilo,Estacional,Medio,Bastones rectos de brocoli,406.8,265.6,248.8,11.665,155
MC1980,False,3.0x400.0x300.0x288.97,Catálogo inicial,1980,Bastones clasicos,Bastones clasicos - Sigilo,Forma estable,Forma,Brocoli en rejilla,390.9,289.0,289.4,12.362,155
MC1981,False,3.0x373.8x259.9x219.5,Caja creada en MC,1981,Bastones clasicos,Bastones clasicos - Legumes Frites,Estacional,Corte steak,Bastones rectos de brocoli,391.3,247.8,202.0,12.344,155
MC1982,False,3.0x400.0x266.63x256.0,Catálogo inicial,1982,Bastones clasicos,Bastones clasicos - Sigilo,Estacional,Medio,Bastones rectos de brocoli,406.8,261.5,240.4,12.932,155
MC1983,False,3.0x373.2x309.4x177.8,Caja creada en MC,1983,Bastones clasicos,Bastones clasicos - Legumes Frites,Estacional,Medio,Bastones rectos de brocoli,366.7,291.6,171.4,12.987,155
MC1984,False,3.0x400.0x300.0x212.38,Catálogo inicial,1984,Bastones clasicos,Bastones clasicos - Sigilo,Estacional,Medio,Bastones rectos de brocoli,396.8,280.8,204.8,12.858,155
MC1985,False,2.7x409.79999999999995x269.2x239.70000000000002,Caja creada en MC,1985,Bastones clasicos,Bastones clasicos - Sigilo,Estacional,Medio,Bastones rectos de brocoli,389.5,254.4,241.7,11.994,155
MC1986,True,2.7x369.2x272.0x316.9,Caja nueva,1986,Bastones clasicos,Bastones clasicos - Sigilo,Estacional,Medio,Bastones rectos de brocoli,363.8,266.6,311.5,12.823,156
MC1987,False,3.0x389.6x249.3x214.0,Caja creada en MC,1987,Bastones clasicos,Bastones clasicos - Reserva Privada,Estacional,Medio,Bastones rectos de brocoli,363.8,256.4,207.7,12.691,156
MC1988,False,2.7x398.4x280.79999999999995x210.3,Caja creada en MC,1988,Bastones clasicos,Bastones clasicos - Reserva Privada,Estacional,Medio,Bastones rectos de brocoli,371.3,263.4,213.7,11.873,156
MC1989,False,3.0x406.3x256.5x230.9,Caja creada en MC,1989,Bastones clasicos,Bastones clasicos - Grado B,Estacional,Medio,Bastones rectos de brocoli,399.3,255.6,216.8,11.725,156
MC1990,False,2.7x412.2x253.3x151.3,Caja creada en MC,1990,Bastones clasicos,Bastones clasicos - Sigilo,Forma estable,Forma,Dippers de brocoli,394.3,238.7,150.8,4.64,156
MC1991,False,3.0x374.7x299.5x214.6,Caja creada en MC,1991,Bastones clasicos,Bastones clasicos - Sigilo,Forma estable,Forma,Mix crujiente de brocoli,388.1,291.2,199.6,12.432,156
MC1992,False,3.0x400.0x300.0x376.21,Catálogo inicial,1992,Bastones clasicos,Bastones clasicos - Sigilo,Forma estable,Forma,Espirales de brocoli,406.8,288.0,350.0,11.537,156
MC1993,False,3.0x370.4x301.9x184.8,Caja creada en MC,1993,Bastones clasicos,Bastones clasicos - Sigilo,Estacional,Medio,Bastones rectos de brocoli,373.2,282.3,180.3,12.422,156
MC1994,False,3.0x373.2x309.4x177.8,Caja creada en MC,1994,Bastones clasicos,Bastones clasicos - Legumes Frites,Estacional,Medio,Bastones rectos de brocoli,379.7,287.3,171.4,12.637,156
MC1995,False,3.0x400.0x300.0x300.0,Catálogo inicial,1995,Bastones clasicos,Bastones clasicos - Reserva Privada,Estacional,Fino,Bastones rectos de brocoli,389.5,288.2,301.0,12.469,156
MC1996,False,2.7x408.4x311.29999999999995x275.7,Caja creada en MC,1996,Bastones clasicos,Bastones clasicos - Sigilo,Forma estable,Forma,Brocoli en rejilla,386.3,291.7,295.0,11.918,156
MC1997,False,3.0x409.7x304.3x178.3,Caja creada en MC,1997,Bastones clasicos,Bastones clasicos - Reserva Privada,Estacional,Corte steak,Bastones rectos de brocoli,395.3,290.2,180.6,13.207,156
MC1998,False,3.0x394.0x294.0x195.0,Catálogo inicial,1998,Bastones clasicos,Bastones clasicos - Sigilo,Estacional,Medio,Bastones rectos de brocoli,376.0,297.1,185.7,12.877,156
MC1999,False,3.0x406.3x311.9x205.6,Caja creada en MC,1999,Bastones clasicos,Bastones clasicos - Sigilo,Estacional,Medio,Bastones rectos de brocoli,406.8,292.4,192.0,12.374,156
