codigo_producto,descripcion_producto,ingrediente_forma,tipo_proyecto,subcategoria,categoria,tamaño_corte,peso_neto_caja,tamaño_paquete,cantidad_paquetes,peso_neto_paquete,caja_tipo_id,checksums,caja_grosor_mm,caja_interior_largo,caja_interior_ancho,caja_interior_alto,caja_exterior_largo,caja_exterior_ancho,caja_exterior_alto,pallet_alto,pallet_ancho,pallet_largo,cantidad_cajas_alto,cantidad_cajas_largo,cantidad_cajas_ancho,cantidad_cajas_total,utilizacion,tamaño_paquete_cantidad,tamaño_paquete_peso,peso_calculado_caja,peso_caja_ok,cantidad_ok_tamano,max_cajas_en_ancho_pallet,max_cajas_en_largo_pallet,max_cajas_en_alto_pallet,max_cajas_total_pallet,cantidad_cajas_total_ok,exceso_cajas
BR0001,"5 bolsas de 2,5 kg | Bastones rectos de brocoli 6x6 mm | Ref HQ3",Bastones rectos de brocoli,Estacional,Bastones clasicos - Reserva Privada,Bastones clasicos,Fino,12.5,"5x2,5kg",5,2.5,a23eeef1c0cd8cfd40b780d65382034a,12.5,4.1,386.0,286.0,303.0,394.2,294.2,311.2,1800,800,1200,5.0,2.0,4.0,40.0,0.8354397399999999,5,2.5,12.5,True,True,2.0,4.0,5.0,40.0,True,0.0
BR0002,"Espirales de brocoli - clasico - Caja de 13 packs de 0,75 kg | Ref QTH",Espirales de brocoli,Forma estable,Bastones clasicos - Sigilo,Bastones clasicos,Forma,9.75,"13x0,75kg",13,0.75,3256a5fed07b421a92abee44a3d93243,9.75,2.7,395.0,296.0,260.0,400.0,301.4,265.4,1800,800,1200,6.0,2.0,3.0,36.0,0.6665963333333333,13,0.75,9.75,True,True,2.0,3.0,6.0,36.0,True,0.0
BR0003,"Gajos de brocoli - sazonado - Caja de 13 packs de 0,75 kg | Ref SOZ",Gajos de brocoli,Forma estable,Bastones clasicos - Sigilo,Bastones clasicos,Forma,9.75,"13x0,75kg",13,0.75,4f08f853cf7f9be28571df66a50bc322,9.75,4.1,388.0,288.0,164.0,396.2,296.2,172.2,1800,800,1200,10.0,2.0,4.0,80.0,0.9355756744444444,13,0.75,9.75,True,True,2.0,4.0,10.0,80.0,True,0.0
BR0004,"Bastones rectos de brocoli - crocante - Caja de 9 packs de 1,25 kg",Bastones rectos de brocoli,Estacional,Bastones clasicos - Sigilo,Bastones clasicos,Grueso,11.25,"9x1,25kg",9,1.25,c96df5913565ba35f3e02e744c9a6dde,11.25,2.7,395.0,296.0,224.0,400.0,301.4,229.4,1800,800,1200,7.0,2.0,3.0,42.0,0.6722057222222222,9,1.25,11.25,True,True,2.0,3.0,7.0,42.0,True,0.0
BR0005,"13 bolsas de 0,75 kg | Espirales de brocoli sin gluten",Espirales de brocoli,Forma estable,Bastones clasicos - Sigilo,Bastones clasicos,Forma,9.75,"13x0,75kg",13,0.75,eb4895380ccaa410da0fefb6f12b197b,9.75,4.1,386.0,286.0,253.0,394.2,294.2,261.2,1800,800,1200,6.0,2.0,4.0,48.0,0.8414531879999999,13,0.75,9.75,True,True,2.0,4.0,6.0,48.0,False,
BR0006,"Brocoli en rejilla - picante - Caja de 5 packs de 2,5 kg",Brocoli en rejilla,Forma estable,Bastones clasicos - Sigilo,Bastones clasicos,Forma,12.5,"5x2,5kg",5,2.5,6d3c3bcdfc4034e3424078243e7668a1,12.5,4.1,386.0,286.0,286.0,394.2,294.2,294.2,1800,800,1200,6.0,2.0,4.0,48.0,0.947762358,5,2.5,12.5,True,True,2.0,4.0,6.0,48.0,True,0.0
BR0007,"13 bolsas de 0,75 kg | Brocoli en rejilla",Brocoli en rejilla,Forma estable,Bastones clasicos - Sigilo,Bastones clasicos,Forma,9.75,"13x0,75kg",13,0.75,02cf77de65b70dd77905e2e33d78478f,9.75,2.7,395.0,296.0,291.0,400.0,301.4,296.4,1800,800,1200,6.0,2.0,3.0,36.0,0.744458,13,0.75,9.75,True,True,2.0,3.0,6.0,36.0,True,0.0
BR0008,11 bolsas de 1 kg | Bastones rectos de brocoli 9x9 mm | Ref YDL,Bastones rectos de brocoli,Estacional,Bastones clasicos - Legumes Frites,Bastones clasicos,Medio,11.0,11x1kg,11,1.0,9a88ed4806deaa5c9b3abac82886d23a,11.0,4.1,386.0,286.0,184.0,394.2,294.2,192.2,1800,800,1200,9.0,2.0,4.0,72.0,0.9287555669999998,11,1.0,11.0,True,True,2.0,4.0,9.0,72.0,True,0.0
BR0009,"BonsaiGreen Bastones rectos de brocoli 9x9 mm 5 x 2,5 kg | Ref K4O",Bastones rectos de brocoli,Estacional,Bastones clasicos - Legumes Frites,Bastones clasicos,Medio,12.5,"5x2,5kg",5,2.5,55b52b97c05b19dbbbefa191622fe36a,12.5,4.1,386.0,286.0,179.0,394.2,294.2,187.2,1800,800,1200,9.0,2.0,4.0,72.0,0.9045943919999998,5,2.5,12.5,True,True,2.0,4.0,9.0,72.0,False,
BR0010,"BonsaiGreen Gajos de brocoli sazonado 13 x 0,75 kg",Gajos de brocoli,Forma estable,Bastones clasicos - Sigilo,Bastones clasicos,Forma,9.75,"13x0,75kg",13,0.75,116dda17a7b7fb82c62f462ef4a94218,9.75,4.1,386.0,286.0,164.0,394.2,294.2,172.2,1800,800,1200,10.0,2.0,4.0,80.0,0.92456763,13,0.75,9.75,True,True,2.0,4.0,10.0,80.0,True,0.0
BR0011,"Brocoli en rejilla - sazonado - Caja de 13 packs de 0,75 kg",Brocoli en rejilla,Forma estable,Bastones clasicos - Sigilo,Bastones clasicos,Forma,9.75,"13x0,75kg",13,0.75,9d44d480026dfab07731a73d1d0c6539,9.75,4.1,388.0,288.0,283.0,396.2,296.2,291.2,1800,800,1200,6.0,2.0,4.0,48.0,0.9492670257777776,13,0.75,9.75,True,True,2.0,4.0,6.0,48.0,True,0.0
BR0012,"Bastones rectos de brocoli - clasico - Caja de 9 packs de 1,25 kg",Bastones rectos de brocoli,Estacional,Bastones clasicos - Sigilo,Bastones clasicos,Grueso,11.25,"9x1,25kg",9,1.25,ad99ed562d5d808977b10fa512bfde8b,11.25,4.1,386.0,286.0,214.0,394.2,294.2,222.2,1800,800,1200,8.0,2.0,4.0,64.0,0.954420104,9,1.25,11.25,True,True,2.0,4.0,8.0,64.0,True,0.0
BR0013,"13 bolsas de 0,5 kg | Brocoli en rejilla | Ref 9WZ",Brocoli en rejilla,Forma estable,Bastones clasicos - Sigilo,Bastones clasicos,Forma,6.5,"13x0,5kg",13,0.5,c96df5913565ba35f3e02e744c9a6dde,6.5,2.7,395.0,296.0,224.0,400.0,301.4,229.4,1800,800,1200,7.0,2.0,3.0,42.0,0.6722057222222222,13,0.5,6.5,True,True,2.0,3.0,7.0,42.0,True,0.0
BR0014,"Brocoli zigzag - clasico - Caja de 13 packs de 0,75 kg | Ref LE4",Brocoli zigzag,Forma estable,Bastones clasicos - Sigilo,Bastones clasicos,Forma,9.75,"13x0,75kg",13,0.75,6bd5fa9e984e7243519003fc969aa30d,9.75,4.1,386.0,286.0,244.0,394.2,294.2,252.2,1800,800,1200,7.0,2.0,4.0,56.0,0.947869741,13,0.75,9.75,True,True,2.0,4.0,7.0,56.0,False,
BR0015,"Brocoli zigzag - con sal - Caja de 13 packs de 0,75 kg",Brocoli zigzag,Forma estable,Bastones clasicos - Sigilo,Bastones clasicos,Forma,9.75,"13x0,75kg",13,0.75,6bd5fa9e984e7243519003fc969aa30d,9.75,4.1,386.0,286.0,244.0,394.2,294.2,252.2,1800,800,1200,7.0,2.0,4.0,56.0,0.947869741,13,0.75,9.75,True,True,2.0,4.0,7.0,56.0,False,
BR0016,"13 bolsas de 0,75 kg | Brocoli zigzag picante | Ref 1Y1",Brocoli zigzag,Forma estable,Bastones clasicos - Sigilo,Bastones clasicos,Forma,9.75,"13x0,75kg",13,0.75,6bd5fa9e984e7243519003fc969aa30d,9.75,4.1,386.0,286.0,244.0,394.2,294.2,252.2,1800,800,1200,7.0,2.0,4.0,56.0,0.947869741,13,0.75,9.75,True,True,2.0,4.0,7.0,56.0,False,
BR0017,"Tiras para dip de brocoli - con sal - Caja de 13 packs de 0,75 kg",Tiras para dip de brocoli,Forma estable,Bastones clasicos - Sigilo,Bastones clasicos,Forma,9.75,"13x0,75kg",13,0.75,c96df5913565ba35f3e02e744c9a6dde,9.75,2.7,395.0,296.0,224.0,400.0,301.4,229.4,1800,800,1200,7.0,2.0,3.0,42.0,0.6722057222222222,13,0.75,9.75,True,True,2.0,3.0,7.0,42.0,True,0.0
BR0018,Bastones rectos de brocoli - clasico - Caja de 13 packs de 1 kg | Ref 8QS,Bastones rectos de brocoli,Estacional,Bastones clasicos - Sigilo,Bastones clasicos,Grueso,13.0,13x1kg,13,1.0,2060590a59a5c59ff1bb32dbffe1028b,13.0,4.1,386.0,286.0,288.0,394.2,294.2,296.2,1800,800,1200,6.0,2.0,4.0,48.0,0.954205338,13,1.0,13.0,True,True,2.0,4.0,6.0,48.0,True,0.0
BR0019,"Espirales de brocoli - clasico - Caja de 13 packs de 0,5 kg | Ref G0M",Espirales de brocoli,Forma estable,Bastones clasicos - Sigilo,Bastones clasicos,Forma,6.5,"13x0,5kg",13,0.5,af25ed4a56d3b3317fc10fd23b427cc4,6.5,2.7,393.0,255.0,260.0,398.4,260.4,265.4,1800,800,1200,6.0,2.0,4.0,48.0,0.7648191039999996,13,0.5,6.5,True,True,2.0,4.0,6.0,48.0,True,0.0
BR0020,"Bastones rectos de brocoli 9x9 mm - clasico - Caja de 5 packs de 2,5 kg | Ref MI1",Bastones rectos de brocoli,Estacional,Bastones clasicos - Legumes Frites,Bastones clasicos,Medio,12.5,"5x2,5kg",5,2.5,a130566667d4be7bb38053adaefea0af,12.5,2.7,393.0,255.0,204.0,398.4,260.4,209.4,1800,800,1200,8.0,2.0,4.0,64.0,0.804587392,5,2.5,12.5,True,True,2.0,4.0,8.0,64.0,True,0.0
BR0021,"5 bolsas de 2,5 kg | Bastones rectos de brocoli | Ref J9N",Bastones rectos de brocoli,Estacional,Bastones clasicos - Legumes Frites,Bastones clasicos,Corte steak,12.5,"5x2,5kg",5,2.5,1a3ffa8018de4637afcdd1e390e2602a,12.5,4.1,383.0,248.0,199.0,391.2,256.2,207.2,1800,800,1200,8.0,2.0,4.0,64.0,0.7691374506666666,5,2.5,12.5,True,True,2.0,4.0,8.0,64.0,True,0.0
BR0022,"BonsaiGreen Bastones rectos de brocoli 7x7 mm 5 x 2,5 kg",Bastones rectos de brocoli,Estacional,Bastones clasicos - Legumes Frites,Bastones clasicos,Fino,12.5,"5x2,5kg",5,2.5,9dbb448086386afae3321dda0441c688,12.5,2.7,393.0,255.0,230.0,398.4,260.4,235.4,1800,800,1200,7.0,2.0,4.0,56.0,0.7914273546666666,5,2.5,12.5,True,True,2.0,4.0,7.0,56.0,True,0.0
BR0023,"5 bolsas de 2,5 kg | Cubos de brocoli",Cubos de brocoli,Forma estable,Guarniciones - Cubos,Guarniciones,Forma,12.5,"5x2,5kg",5,2.5,8f61ca662a88d3f0432d0d6a0cfbf2ee,12.5,4.1,383.0,248.0,179.0,391.2,256.2,187.2,1800,800,1200,9.0,2.0,4.0,72.0,0.7817584319999997,5,2.5,12.5,True,True,2.0,4.0,9.0,72.0,True,0.0
BR0024,"Bastones rectos de brocoli 9x9 mm - clasico - Caja de 5 packs de 2,5 kg | Ref T5P",Bastones rectos de brocoli,Estacional,Bastones clasicos - Sigilo,Bastones clasicos,Medio,12.5,"5x2,5kg",5,2.5,fa8da38322149b23e14a120e71d38975,12.5,2.7,393.0,255.0,235.0,398.4,260.4,240.4,1800,800,1200,7.0,2.0,4.0,56.0,0.8082376213333332,5,2.5,12.5,True,True,2.0,4.0,7.0,56.0,True,0.0
BR0025,"BonsaiGreen Bastones rectos de brocoli 9x9 mm 5 x 2,5 kg | Ref KX3",Bastones rectos de brocoli,Estacional,Bastones clasicos - Mayordomo,Bastones clasicos,Medio,12.5,"5x2,5kg",5,2.5,55b52b97c05b19dbbbefa191622fe36a,12.5,4.1,386.0,286.0,179.0,394.2,294.2,187.2,1800,800,1200,9.0,2.0,4.0,72.0,0.9045943919999998,5,2.5,12.5,True,True,2.0,4.0,9.0,72.0,False,
BR0026,"BonsaiGreen Bastones rectos de brocoli 9x9 mm 5 x 2,5 kg | Ref 85V",Bastones rectos de brocoli,Estacional,Bastones clasicos - Mayordomo,Bastones clasicos,Medio,12.5,5x2.5kg,5,2.5,79637c70988d89fe3abe191b59c1ed0c,6.25,4.1,388.0,288.0,219.0,396.2,296.2,227.2,1800,800,1200,7.0,2.0,4.0,56.0,0.8640763952592592,5,2.5,12.5,True,True,2.0,4.0,7.0,56.0,True,0.0
BR0027,"BonsaiGreen Bastones rectos de brocoli 11x11 mm 5 x 2,5 kg | Ref WKQ",Bastones rectos de brocoli,Estacional,Bastones clasicos - Mayordomo,Bastones clasicos,Medio,12.5,"5x2,5kg",5,2.5,ad02b3d41b4467a5a65a742951a80e72,12.5,4.1,386.0,286.0,171.0,394.2,294.2,179.2,1800,800,1200,10.0,2.0,4.0,80.0,0.9621516799999998,5,2.5,12.5,True,True,2.0,4.0,10.0,80.0,True,0.0
BR0028,"5 bolsas de 2,5 kg | Bastones rectos de brocoli 11x11 mm | Ref VER",Bastones rectos de brocoli,Estacional,Bastones clasicos - Mayordomo,Bastones clasicos,Medio,12.5,5x2.5kg,5,2.5,4910b652fb2cf1c609d243a1e78d1919,6.25,4.1,386.0,286.0,217.0,394.2,294.2,225.2,1800,800,1200,7.0,2.0,4.0,56.0,0.8463928059999999,5,2.5,12.5,True,True,2.0,4.0,7.0,56.0,True,0.0
BR0029,"Bastones rectos de brocoli 13x13 mm - clasico - Caja de 5 packs de 2,5 kg | Ref H50",Bastones rectos de brocoli,Estacional,Bastones clasicos - Mayordomo,Bastones clasicos,Grueso,12.5,"5x2,5kg",5,2.5,ad02b3d41b4467a5a65a742951a80e72,12.5,4.1,386.0,286.0,171.0,394.2,294.2,179.2,1800,800,1200,10.0,2.0,4.0,80.0,0.9621516799999998,5,2.5,12.5,True,True,2.0,4.0,10.0,80.0,True,0.0
BR0030,"Gajos de brocoli - sazonado, con cabo - Caja de 5 packs de 2,5 kg",Gajos de brocoli,Forma estable,Bastones clasicos - Mayordomo,Bastones clasicos,Forma,12.5,"5x2,5kg",5,2.5,6317bf81cd9d3fe0f209963e7fd234f7,12.5,4.8,380.0,282.0,172.0,389.6,291.6,181.6,1800,800,1200,9.0,2.0,4.0,72.0,0.8596290240000001,5,2.5,12.5,True,True,2.0,4.0,9.0,72.0,True,0.0
BR0031,"5 bolsas de 2,5 kg | Bastones rectos de brocoli 11x11 mm | Ref 54T",Bastones rectos de brocoli,Estacional,Bastones clasicos - Mayordomo,Bastones clasicos,Medio,12.5,"5x2,5kg",5,2.5,cb9988b0557e22e3abc2bbe0a56967d0,12.5,4.1,386.0,286.0,169.0,394.2,294.2,177.2,1800,800,1200,10.0,2.0,4.0,80.0,0.95141338,5,2.5,12.5,True,True,2.0,4.0,10.0,80.0,True,0.0
BR0032,"BonsaiGreen Bastones rectos de brocoli 13x13 mm 5 x 2,5 kg",Bastones rectos de brocoli,Estacional,Bastones clasicos - Mayordomo,Bastones clasicos,Grueso,12.5,"5x2,5kg",5,2.5,bfcb33e665554321d0a93ce891eadb54,,4.1,386.0,286.0,159.0,394.2,294.2,167.2,1800,800,1200,10.0,2.0,4.0,80.0,0.89772188,5,2.5,12.5,True,True,2.0,4.0,10.0,80.0,True,0.0
BR0033,11 bolsas de 1 kg | Bastones rectos de brocoli 9x9 mm | Ref LUJ,Bastones rectos de brocoli,Estacional,Bastones clasicos - Mayordomo,Bastones clasicos,Medio,11.0,"11x1,0kg",11,1.0,a12aea41ad9864b83129274495d5d5b2,,4.1,388.0,288.0,184.0,396.2,296.2,192.2,1800,800,1200,9.0,2.0,4.0,72.0,0.9398134736666666,11,1.0,11.0,True,True,2.0,4.0,9.0,72.0,True,0.0
BR0034,"13 bolsas de 0,75 kg | Gajos de brocoli | Ref 5WO",Gajos de brocoli,Forma estable,Bastones clasicos - Reserva Privada,Bastones clasicos,Forma,9.75,"13x0,75kg",13,0.75,d3d0a6587d8f983d383e032e2b9acacc,9.75,4.8,379.0,246.0,182.0,388.6,255.6,191.6,1800,800,1200,9.0,2.0,4.0,72.0,0.7929538440000001,13,0.75,9.75,True,True,2.0,4.0,9.0,72.0,False,
BR0035,"5 bolsas de 2,5 kg | Bastones rectos de brocoli 9x18 mm | Ref 9WE",Bastones rectos de brocoli,Estacional,Bastones clasicos - Mayordomo,Bastones clasicos,Corte steak,12.5,"5x2,5kg",5,2.5,162c41fa859810e889efa37f867819bb,12.5,2.7,395.0,296.0,214.0,400.0,301.4,219.4,1800,800,1200,8.0,2.0,3.0,48.0,0.7347462222222222,5,2.5,12.5,True,True,2.0,3.0,8.0,48.0,True,0.0
BR0036,"BonsaiGreen Bastones rectos de brocoli 9x9 mm 5 x 2,5 kg | Ref X7N",Bastones rectos de brocoli,Estacional,Bastones clasicos - Legumes Frites,Bastones clasicos,Medio,12.5,"5x2,5kg",5,2.5,ceda63d824383fb94ca5e9bd08701d70,,4.8,384.0,286.0,163.0,393.6,295.6,172.6,1800,800,1200,10.0,2.0,4.0,80.0,0.9297079822222222,5,2.5,12.5,True,True,2.0,4.0,10.0,80.0,True,0.0
BR0037,"Bastones rectos de brocoli 9x9 mm - sazonado - Caja de 5 packs de 2,5 kg",Bastones rectos de brocoli,Estacional,Bastones clasicos - Sigilo,Bastones clasicos,Medio,12.5,"5x2,5kg",5,2.5,37070e9f43f02e356af14131f16a3112,,2.7,393.0,255.0,245.0,398.4,260.4,250.4,1800,800,1200,7.0,2.0,4.0,56.0,0.8418581546666666,5,2.5,12.5,True,True,2.0,4.0,7.0,56.0,True,0.0
BR0038,"BonsaiGreen Tiras para dip de brocoli 6x21 mm 5 x 2,5 kg",Tiras para dip de brocoli,Forma estable,Bastones clasicos - Sigilo,Bastones clasicos,Forma,12.5,"5x2,5kg",5,2.5,fa8da38322149b23e14a120e71d38975,12.5,2.7,393.0,255.0,235.0,398.4,260.4,240.4,1800,800,1200,7.0,2.0,4.0,56.0,0.8082376213333332,5,2.5,12.5,True,True,2.0,4.0,7.0,56.0,True,0.0
BR0039,"Tiras para dip de brocoli - clasico - Caja de 5 packs de 2,5 kg",Tiras para dip de brocoli,Forma estable,Bastones clasicos - Sigilo,Bastones clasicos,Forma,12.5,"5x2,5kg",5,2.5,37070e9f43f02e356af14131f16a3112,12.5,2.7,393.0,255.0,245.0,398.4,260.4,250.4,1800,800,1200,7.0,2.0,4.0,56.0,0.8418581546666666,5,2.5,12.5,True,True,2.0,4.0,7.0,56.0,True,0.0
BR0040,"BonsaiGreen Tiras para dip de brocoli sin gluten 5 x 2,5 kg",Tiras para dip de brocoli,Forma estable,Bastones clasicos - Sigilo,Bastones clasicos,Forma,12.5,"5x2,5kg",5,2.5,fa8da38322149b23e14a120e71d38975,12.5,2.7,393.0,255.0,235.0,398.4,260.4,240.4,1800,800,1200,7.0,2.0,4.0,56.0,0.8082376213333332,5,2.5,12.5,True,True,2.0,4.0,7.0,56.0,True,0.0
BR0041,"5 bolsas de 2,5 kg | Tiras para dip de brocoli sin gluten",Tiras para dip de brocoli,Forma estable,Bastones clasicos - Sigilo,Bastones clasicos,Forma,12.5,"5x2,5kg",5,2.5,fa8da38322149b23e14a120e71d38975,12.5,2.7,393.0,255.0,235.0,398.4,260.4,240.4,1800,800,1200,7.0,2.0,4.0,56.0,0.8082376213333332,5,2.5,12.5,True,True,2.0,4.0,7.0,56.0,True,0.0
BR0042,"Gajos de brocoli - clasico - Caja de 5 packs de 2,5 kg | Ref 84F",Gajos de brocoli,Forma estable,Bastones clasicos - Reserva Privada,Bastones clasicos,Forma,12.5,"5x2,5kg",5,2.5,83d3c7c10fbc6fe2e476fd8c600855e2,12.5,2.7,393.0,255.0,194.0,398.4,260.4,199.4,1800,800,1200,9.0,2.0,4.0,72.0,0.8619344159999999,5,2.5,12.5,True,True,2.0,4.0,9.0,72.0,True,0.0
BR0043,"2 bolsas de 2,5 kg | Tortitas de brocoli",Tortitas de brocoli,Forma estable,Guarniciones - Legumes Croquetas,Guarniciones,Forma,5.0,"2x2,5kg",2,2.5,25b51ca97d24c6dd7fdc2fd6f9551dac,5.0,4.6,380.0,252.0,144.0,389.2,261.2,153.2,1800,800,1200,11.0,2.0,4.0,88.0,0.7931287694814814,2,2.5,5.0,True,True,2.0,4.0,11.0,88.0,True,0.0
BR0044,"Tortitas de brocoli - clasico - Caja de 2 packs de 2,5 kg",Tortitas de brocoli,Forma estable,Guarniciones - Legumes Croquetas,Guarniciones,Forma,5.0,"2x2,5kg",2,2.5,25b51ca97d24c6dd7fdc2fd6f9551dac,5.0,4.6,380.0,252.0,144.0,389.2,261.2,153.2,1800,800,1200,11.0,2.0,4.0,88.0,0.7931287694814814,2,2.5,5.0,True,True,2.0,4.0,11.0,88.0,True,0.0
BR0045,"BonsaiVegetales Rosti de brocoli 2 x 2,5 kg",Rosti de brocoli,Forma estable,Guarniciones - Legumes Croquetas,Guarniciones,Forma,5.0,"2x2,5kg",2,2.5,f201c0669374a768669461ddff1643e4,5.0,4.6,375.0,182.0,152.0,384.2,191.2,161.2,1800,800,1200,11.0,2.0,6.0,132.0,0.9045664564444444,2,2.5,5.0,True,True,2.0,6.0,11.0,132.0,True,0.0
BR0046,"BonsaiVegetales Rosti de brocoli 2 x 2,5 kg",Rosti de brocoli,Forma estable,Guarniciones - Legumes Croquetas,Guarniciones,Forma,5.0,"2x2,5kg",2,2.5,25b51ca97d24c6dd7fdc2fd6f9551dac,5.0,4.6,380.0,252.0,144.0,389.2,261.2,153.2,1800,800,1200,11.0,2.0,4.0,88.0,0.7931287694814814,2,2.5,5.0,True,True,2.0,4.0,11.0,88.0,True,0.0
BR0047,"Rosti de brocoli - clasico - Caja de 2 packs de 2,5 kg",Rosti de brocoli,Forma estable,Guarniciones - Legumes Croquetas,Guarniciones,Forma,5.0,"2x2,5kg",2,2.5,25b51ca97d24c6dd7fdc2fd6f9551dac,5.0,4.6,380.0,252.0,144.0,389.2,261.2,153.2,1800,800,1200,11.0,2.0,4.0,88.0,0.7931287694814814,2,2.5,5.0,True,True,2.0,4.0,11.0,88.0,True,0.0
BR0048,11 bolsas de 1 kg | Bastones rectos de brocoli 9x9 mm | Ref MIX,Bastones rectos de brocoli,Estacional,Bastones clasicos - Legumes Frites,Bastones clasicos,Medio,11.0,11x1kg,11,1.0,a7d151b83674a2f9c36356597a93821c,11.0,4.6,380.0,252.0,235.0,389.2,261.2,244.2,1800,800,1200,7.0,2.0,4.0,56.0,0.8045183471111111,11,1.0,11.0,True,True,2.0,4.0,7.0,56.0,True,0.0
BR0049,13 bolsas de 1 kg | Bastones rectos de brocoli 9x9 mm,Bastones rectos de brocoli,Estacional,Bastones clasicos - Legumes Frites,Bastones clasicos,Medio,13.0,"13x1,0kg",13,1.0,ea6403e25e3a52198dad19251c207a47,13.0,4.6,380.0,252.0,245.0,389.2,261.2,254.2,1800,800,1200,7.0,2.0,4.0,56.0,0.8374634063703703,13,1.0,13.0,True,True,2.0,4.0,7.0,56.0,True,0.0
BR0050,"Rodajas de brocoli - clasico - Caja de 5 packs de 2,5 kg",Rodajas de brocoli,Forma estable,Bastones clasicos - Sigilo,Bastones clasicos,Forma,12.5,"5x2,5kg",5,2.5,8b92b5a6728066959f3f11c35d1cd62f,12.5,4.6,380.0,252.0,218.0,389.2,261.2,227.2,1800,800,1200,7.0,2.0,4.0,56.0,0.7485117463703703,5,2.5,12.5,True,True,2.0,4.0,7.0,56.0,True,0.0
BR0051,"BonsaiGreen Rodajas de brocoli 13 x 0,75 kg",Rodajas de brocoli,Forma estable,Bastones clasicos - Sigilo,Bastones clasicos,Forma,9.75,"13x0,75kg",13,0.75,10c5f9edbe2c87186bcdeb991fe8d902,9.75,4.6,380.0,252.0,228.0,389.2,261.2,237.2,1800,800,1200,7.0,2.0,4.0,56.0,0.7814568056296296,13,0.75,9.75,True,True,2.0,4.0,7.0,56.0,True,0.0
BR0052,"5 bolsas de 2,5 kg | Brocoli zigzag 9x9 mm",Brocoli zigzag,Forma estable,Bastones clasicos - Legumes Frites,Bastones clasicos,Forma,12.5,"5x2,5kg",5,2.5,a7d151b83674a2f9c36356597a93821c,12.5,4.6,380.0,252.0,235.0,389.2,261.2,244.2,1800,800,1200,7.0,2.0,4.0,56.0,0.8045183471111111,5,2.5,12.5,True,True,2.0,4.0,7.0,56.0,True,0.0
BR0053,"Gajos de brocoli - clasico - Caja de 5 packs de 2,5 kg | Ref 5PP",Gajos de brocoli,Forma estable,Bastones clasicos - Reserva Privada,Bastones clasicos,Forma,12.5,"5x2,5kg",5,2.5,8b92b5a6728066959f3f11c35d1cd62f,12.5,4.6,380.0,252.0,218.0,389.2,261.2,227.2,1800,800,1200,7.0,2.0,4.0,56.0,0.7485117463703703,5,2.5,12.5,True,True,2.0,4.0,7.0,56.0,True,0.0
BR0054,"Bastones rectos de brocoli 6x6 mm - clasico - Caja de 5 packs de 2,5 kg | Ref Y5K",Bastones rectos de brocoli,Estacional,Bastones clasicos - Legumes Frites,Bastones clasicos,Fino,12.5,"5x2,5kg",5,2.5,ea6403e25e3a52198dad19251c207a47,12.5,4.6,380.0,252.0,245.0,389.2,261.2,254.2,1800,800,1200,7.0,2.0,4.0,56.0,0.8374634063703703,5,2.5,12.5,True,True,2.0,4.0,7.0,56.0,True,0.0
BR0055,"5 bolsas de 2,5 kg | Bastones rectos de brocoli 9x9 mm | Ref MKJ",Bastones rectos de brocoli,Estacional,Bastones clasicos - Legumes Frites,Bastones clasicos,Medio,12.5,"5x2,5kg",5,2.5,a7d151b83674a2f9c36356597a93821c,12.5,4.6,380.0,252.0,235.0,389.2,261.2,244.2,1800,800,1200,7.0,2.0,4.0,56.0,0.8045183471111111,5,2.5,12.5,True,True,2.0,4.0,7.0,56.0,True,0.0
BR0056,"BonsaiGreen Bastones rectos de brocoli 9x18 mm 5 x 2,5 kg | Ref NYY",Bastones rectos de brocoli,Estacional,Bastones clasicos - Legumes Frites,Bastones clasicos,Corte steak,12.5,"5x2,5kg",5,2.5,a7d151b83674a2f9c36356597a93821c,12.5,4.6,380.0,252.0,235.0,389.2,261.2,244.2,1800,800,1200,7.0,2.0,4.0,56.0,0.8045183471111111,5,2.5,12.5,True,True,2.0,4.0,7.0,56.0,True,0.0
BR0057,"BonsaiGreen Bastones rectos de brocoli 12x12 mm 5 x 2,5 kg",Bastones rectos de brocoli,Estacional,Bastones clasicos - Legumes Frites,Bastones clasicos,Medio,12.5,"5x2,5kg",5,2.5,5291917030874f6b0d887d1710a073f8,12.5,4.6,380.0,252.0,226.0,389.2,261.2,235.2,1800,800,1200,7.0,2.0,4.0,56.0,0.7748677937777778,5,2.5,12.5,True,True,2.0,4.0,7.0,56.0,True,0.0
BR0058,"Croquetas de brocoli - clasico - Caja de 2 packs de 2,5 kg",Croquetas de brocoli,Forma estable,Guarniciones - Legumes Croquetas,Guarniciones,Forma,5.0,"2x2,5kg",2,2.5,f201c0669374a768669461ddff1643e4,5.0,4.6,375.0,182.0,152.0,384.2,191.2,161.2,1800,800,1200,11.0,2.0,6.0,132.0,0.9045664564444444,2,2.5,5.0,True,True,2.0,6.0,11.0,132.0,True,0.0
BR0059,"BonsaiVegetales Croquetas de brocoli 5 x 2,5 kg",Croquetas de brocoli,Forma estable,Guarniciones - Legumes Croquetas,Guarniciones,Forma,12.5,"5x2,5kg",5,2.5,ea6403e25e3a52198dad19251c207a47,12.5,4.6,380.0,252.0,245.0,389.2,261.2,254.2,1800,800,1200,7.0,2.0,4.0,56.0,0.8374634063703703,5,2.5,12.5,True,True,2.0,4.0,7.0,56.0,True,0.0
BR0060,"Brocoli zigzag - clasico - Caja de 13 packs de 0,75 kg | Ref H3U",Brocoli zigzag,Forma estable,Bastones clasicos - Legumes Frites,Bastones clasicos,Forma,9.75,"13x0,75kg",13,0.75,10c5f9edbe2c87186bcdeb991fe8d902,9.75,4.6,380.0,252.0,228.0,389.2,261.2,237.2,1800,800,1200,7.0,2.0,4.0,56.0,0.7814568056296296,13,0.75,9.75,True,True,2.0,4.0,7.0,56.0,True,0.0
BR0061,"13 bolsas de 0,75 kg | Gajos de brocoli | Ref 2R1",Gajos de brocoli,Forma estable,Bastones clasicos - Reserva Privada,Bastones clasicos,Forma,9.75,"13x0,75kg",13,0.75,10c5f9edbe2c87186bcdeb991fe8d902,9.75,4.6,380.0,252.0,228.0,389.2,261.2,237.2,1800,800,1200,7.0,2.0,4.0,56.0,0.7814568056296296,13,0.75,9.75,True,True,2.0,4.0,7.0,56.0,True,0.0
BR0062,"13 bolsas de 0,75 kg | Bastones rectos de brocoli",Bastones rectos de brocoli,Estacional,Bastones clasicos - Legumes Frites,Bastones clasicos,Corte steak,9.75,"13x0,75kg",13,0.75,10c5f9edbe2c87186bcdeb991fe8d902,9.75,4.6,380.0,252.0,228.0,389.2,261.2,237.2,1800,800,1200,7.0,2.0,4.0,56.0,0.7814568056296296,13,0.75,9.75,True,True,2.0,4.0,7.0,56.0,True,0.0
BR0063,"13 bolsas de 0,75 kg | Bastones rectos de brocoli 6x6 mm",Bastones rectos de brocoli,Estacional,Bastones clasicos - Legumes Frites,Bastones clasicos,Fino,9.75,"13x0,75kg",13,0.75,10c5f9edbe2c87186bcdeb991fe8d902,9.75,4.6,380.0,252.0,228.0,389.2,261.2,237.2,1800,800,1200,7.0,2.0,4.0,56.0,0.7814568056296296,13,0.75,9.75,True,True,2.0,4.0,7.0,56.0,True,0.0
BR0064,"Croquetas de brocoli - clasico - Caja de 13 packs de 0,75 kg",Croquetas de brocoli,Forma estable,Guarniciones - Legumes Croquetas,Guarniciones,Forma,9.75,"13x0,75kg",13,0.75,ea6403e25e3a52198dad19251c207a47,9.75,4.6,380.0,252.0,245.0,389.2,261.2,254.2,1800,800,1200,7.0,2.0,4.0,56.0,0.8374634063703703,13,0.75,9.75,True,True,2.0,4.0,7.0,56.0,True,0.0
BR0065,"Bastones rectos de brocoli - clasico - Caja de 5 packs de 2,5 kg | Ref F75",Bastones rectos de brocoli,Estacional,Bastones clasicos - Sigilo,Bastones clasicos,Grueso,12.5,"5x2,5kg",5,2.5,67894c5a8355ca9b7e57b96362fa45f1,,4.1,388.0,288.0,169.0,396.2,296.2,177.2,1800,800,1200,10.0,2.0,4.0,80.0,0.962741054074074,5,2.5,12.5,True,True,2.0,4.0,10.0,80.0,True,0.0
BR0066,"Cubos de brocoli - sazonado, crocante - Caja de 5 packs de 2,5 kg",Cubos de brocoli,Forma estable,Guarniciones - Cubos,Guarniciones,Forma,12.5,"5x2,5kg",5,2.5,27f597341f2223c1757e942d65f52be3,12.5,4.1,386.0,286.0,162.0,394.2,294.2,170.2,1800,800,1200,10.0,2.0,4.0,80.0,0.91382933,5,2.5,12.5,True,True,2.0,4.0,10.0,80.0,True,0.0
BR0067,"13 bolsas de 0,5 kg | Tiras para dip de brocoli con sal",Tiras para dip de brocoli,Forma estable,Bastones clasicos - Sigilo,Bastones clasicos,Forma,6.5,"13x0,5kg",13,0.5,2361696c0cf9b4a8490d7098c11e6a51,,2.7,393.0,255.0,250.0,398.4,260.4,255.4,1800,800,1200,7.0,2.0,4.0,56.0,0.8586684213333333,13,0.5,6.5,True,True,2.0,4.0,7.0,56.0,True,0.0
BR0068,"BonsaiGreen Espirales de brocoli 13 x 0,5 kg | Ref E18",Espirales de brocoli,Forma estable,Bastones clasicos - Sigilo,Bastones clasicos,Forma,6.5,"13x0,5kg",13,0.5,ad99ed562d5d808977b10fa512bfde8b,6.5,4.1,386.0,286.0,214.0,394.2,294.2,222.2,1800,800,1200,8.0,2.0,4.0,64.0,0.954420104,13,0.5,6.5,True,True,2.0,4.0,8.0,64.0,True,0.0
BR0069,"Bastones rectos de brocoli - clasico - Caja de 5 packs de 2,5 kg | Ref 90Y",Bastones rectos de brocoli,Estacional,Bastones clasicos - Reserva Privada,Bastones clasicos,Medio,12.5,"5x2,5kg",5,2.5,d57ede415e9b30ea0e94a15552298aa3,12.5,2.7,393.0,255.0,214.0,398.4,260.4,219.4,1800,800,1200,8.0,2.0,4.0,64.0,0.8430108586666666,5,2.5,12.5,True,True,2.0,4.0,8.0,64.0,True,0.0
BR0070,"BonsaiPremium Bastones rectos de brocoli 11x11 mm 5 x 2,5 kg",Bastones rectos de brocoli,Estacional,Bastones clasicos - Reserva Privada,Bastones clasicos,Medio,12.5,"5x2,5kg",5,2.5,a130566667d4be7bb38053adaefea0af,12.5,2.7,393.0,255.0,204.0,398.4,260.4,209.4,1800,800,1200,8.0,2.0,4.0,64.0,0.804587392,5,2.5,12.5,True,True,2.0,4.0,8.0,64.0,True,0.0
BR0071,Bastones rectos de brocoli 11x11 mm - clasico - Caja de 11 packs de 1 kg,Bastones rectos de brocoli,Estacional,Bastones clasicos - Legumes Frites,Bastones clasicos,Medio,11.0,"11x1,0kg",11,1.0,fc6931875b8384c7bacd18bb4699795f,,2.7,393.0,255.0,219.0,398.4,260.4,224.4,1800,800,1200,8.0,2.0,4.0,64.0,0.862222592,11,1.0,11.0,True,True,2.0,4.0,8.0,64.0,True,0.0
BR0072,Bastones rectos de brocoli 11x11 mm - clasico - Caja de 11 packs de 1 kg,Bastones rectos de brocoli,Estacional,Bastones clasicos - Legumes Frites,Bastones clasicos,Medio,11.0,11x1kg,11,1.0,fc6931875b8384c7bacd18bb4699795f,11.0,2.7,393.0,255.0,219.0,398.4,260.4,224.4,1800,800,1200,8.0,2.0,4.0,64.0,0.862222592,11,1.0,11.0,True,True,2.0,4.0,8.0,64.0,True,0.0
BR0073,"BonsaiGreen Bastones rectos de brocoli 13 x 0,75 kg",Bastones rectos de brocoli,Estacional,Bastones clasicos - Sigilo,Bastones clasicos,Grueso,9.75,"13x0,75kg",13,0.75,4f08f853cf7f9be28571df66a50bc322,9.75,4.1,388.0,288.0,164.0,396.2,296.2,172.2,1800,800,1200,10.0,2.0,4.0,80.0,0.9355756744444444,13,0.75,9.75,True,True,2.0,4.0,10.0,80.0,True,0.0
BR0074,"Brocoli en rejilla - sin gluten - Caja de 13 packs de 0,5 kg",Brocoli en rejilla,Forma estable,Bastones clasicos - Sigilo,Bastones clasicos,Forma,6.5,"13x0,5kg",13,0.5,6d5c1314ab281dbdd56dc5dde84579b9,6.5,2.7,395.0,296.0,245.0,400.0,301.4,250.4,1800,800,1200,7.0,2.0,3.0,42.0,0.7337415555555555,13,0.5,6.5,True,True,2.0,3.0,7.0,42.0,False,
BR0075,"Espirales de brocoli - clasico - Caja de 13 packs de 0,75 kg | Ref QYX",Espirales de brocoli,Forma estable,Bastones clasicos - Sigilo,Bastones clasicos,Forma,9.75,"13x0,8kg",13,0.75,3256a5fed07b421a92abee44a3d93243,9.75,2.7,395.0,296.0,260.0,400.0,301.4,265.4,1800,800,1200,6.0,2.0,3.0,36.0,0.6665963333333333,13,0.8,9.75,True,True,2.0,3.0,6.0,36.0,True,0.0
BR0076,Bocados de brocoli con queso crema - picante - Caja de 5 packs de 1 kg,Bocados de brocoli con queso crema,Co-produccion,Snacks y aperitivos - Queso,Snacks y aperitivos,Forma,5.0,5x1kg,5,1.0,1e4959b0a5703ba491bdc303578ad11c,5.0,2.7,393.0,255.0,168.0,398.4,260.4,173.4,1800,800,1200,10.0,2.0,4.0,80.0,0.8328286399999999,5,1.0,5.0,True,True,2.0,4.0,10.0,80.0,False,
BR0077,"Espirales de brocoli - sazonado - Caja de 5 packs de 2,5 kg | Ref KQC",Espirales de brocoli,Forma estable,Bastones clasicos - Sigilo,Bastones clasicos,Forma,12.5,"5x2,5kg",5,2.5,eb4895380ccaa410da0fefb6f12b197b,12.5,4.1,386.0,286.0,253.0,394.2,294.2,261.2,1800,800,1200,6.0,2.0,4.0,48.0,0.8414531879999999,5,2.5,12.5,True,True,2.0,4.0,6.0,48.0,False,
BR0078,"BonsaiGreen Espirales de brocoli sazonado 5 x 2,5 kg",Espirales de brocoli,Forma estable,Bastones clasicos - Sigilo,Bastones clasicos,Forma,12.5,"5x2,5kg",5,2.5,3256a5fed07b421a92abee44a3d93243,12.5,2.7,395.0,296.0,260.0,400.0,301.4,265.4,1800,800,1200,6.0,2.0,3.0,36.0,0.6665963333333333,5,2.5,12.5,True,True,2.0,3.0,6.0,36.0,True,0.0
BR0079,"13 bolsas de 0,5 kg | Espirales de brocoli sazonado | Ref 6FZ",Espirales de brocoli,Forma estable,Bastones clasicos - Sigilo,Bastones clasicos,Forma,6.5,"13x0,5kg",13,0.5,457aead6b645a6fdaad21f23a4e8ca12,6.5,2.7,393.0,255.0,265.0,398.4,260.4,270.4,1800,800,1200,6.0,2.0,4.0,48.0,0.7792279039999997,13,0.5,6.5,True,True,2.0,4.0,6.0,48.0,True,0.0
BR0080,"BonsaiGreen Brocoli en rejilla sazonado 13 x 0,5 kg | Ref 0S2",Brocoli en rejilla,Forma estable,Bastones clasicos - Sigilo,Bastones clasicos,Forma,6.5,"13x0,5kg",13,0.5,6a29db0cef2137d2bb15a27d61f064bd,6.5,2.7,393.0,255.0,270.0,398.4,260.4,275.4,1800,800,1200,6.0,2.0,4.0,48.0,0.7936367039999996,13,0.5,6.5,True,True,2.0,4.0,6.0,48.0,True,0.0
BR0081,"19 bolsas de 0,5 kg | Tiras para dip de brocoli sin gluten",Tiras para dip de brocoli,Forma estable,Bastones clasicos - Sigilo,Bastones clasicos,Forma,9.5,"19x0,5kg",19,0.5,689d55a5924317429c37f70116fcf10b,,2.7,393.0,255.0,275.0,398.4,260.4,280.4,1800,800,1200,6.0,2.0,4.0,48.0,0.8080455039999996,19,0.5,9.5,True,True,2.0,4.0,6.0,48.0,False,
BR0082,"BonsaiGreen Brocoli en rejilla 13 x 0,5 kg",Brocoli en rejilla,Forma estable,Bastones clasicos - Sigilo,Bastones clasicos,Forma,6.5,"13x0,5kg",13,0.5,b1fa69af5a250262387efec5b10a19ae,6.5,2.7,395.0,296.0,280.0,400.0,301.4,285.4,1800,800,1200,6.0,2.0,3.0,36.0,0.7168296666666667,13,0.5,6.5,True,True,2.0,3.0,6.0,36.0,True,0.0
BR0083,"Espirales de brocoli - clasico - Caja de 13 packs de 0,5 kg | Ref BMF",Espirales de brocoli,Forma estable,Bastones clasicos - Sigilo,Bastones clasicos,Forma,6.5,"13x0,5kg",13,0.5,3256a5fed07b421a92abee44a3d93243,6.5,2.7,395.0,296.0,260.0,400.0,301.4,265.4,1800,800,1200,6.0,2.0,3.0,36.0,0.6665963333333333,13,0.5,6.5,True,True,2.0,3.0,6.0,36.0,True,0.0
BR0084,"13 bolsas de 0,5 kg | Espirales de brocoli",Espirales de brocoli,Forma estable,Bastones clasicos - Sigilo,Bastones clasicos,Forma,6.5,"13x0,5kg",13,0.5,457aead6b645a6fdaad21f23a4e8ca12,6.5,2.7,393.0,255.0,265.0,398.4,260.4,270.4,1800,800,1200,6.0,2.0,4.0,48.0,0.7792279039999997,13,0.5,6.5,True,True,2.0,4.0,6.0,48.0,True,0.0
BR0085,"Brocoli en rejilla - clasico - Caja de 13 packs de 0,5 kg | Ref E78",Brocoli en rejilla,Forma estable,Bastones clasicos - Sigilo,Bastones clasicos,Forma,6.5,"13x0,5kg",13,0.5,6a29db0cef2137d2bb15a27d61f064bd,6.5,2.7,393.0,255.0,270.0,398.4,260.4,275.4,1800,800,1200,6.0,2.0,4.0,48.0,0.7936367039999996,13,0.5,6.5,True,True,2.0,4.0,6.0,48.0,True,0.0
BR0086,"BonsaiGreen Bastones rectos de brocoli 9x9 mm 13 x 0,75 kg",Bastones rectos de brocoli,Estacional,Bastones clasicos - Sigilo,Bastones clasicos,Medio,9.75,"13x0,75kg",13,0.75,ad23381bab48bad4640990fdc6a27c9b,9.75,4.1,383.0,248.0,229.0,391.2,256.2,237.2,1800,800,1200,7.0,2.0,4.0,56.0,0.7704366693333332,13,0.75,9.75,True,True,2.0,4.0,7.0,56.0,True,0.0
BR0087,"13 bolsas de 0,5 kg | Tiras para dip de brocoli",Tiras para dip de brocoli,Forma estable,Bastones clasicos - Sigilo,Bastones clasicos,Forma,6.5,"13x0,5kg",13,0.5,1c01c33ced1f5bfdb36a399ac98e0c68,6.5,4.1,383.0,248.0,214.0,391.2,256.2,222.2,1800,800,1200,8.0,2.0,4.0,64.0,0.8248182506666665,13,0.5,6.5,True,True,2.0,4.0,8.0,64.0,False,
BR0088,"BonsaiGreen Bastones rectos de brocoli 9x9 mm sazonado 13 x 0,75 kg",Bastones rectos de brocoli,Estacional,Bastones clasicos - Sigilo,Bastones clasicos,Medio,9.75,"13x0,75kg",13,0.75,fa8da38322149b23e14a120e71d38975,9.75,2.7,393.0,255.0,235.0,398.4,260.4,240.4,1800,800,1200,7.0,2.0,4.0,56.0,0.8082376213333332,13,0.75,9.75,True,True,2.0,4.0,7.0,56.0,True,0.0
BR0089,"BonsaiGreen Corte rustico de brocoli 5 x 2,5 kg",Corte rustico de brocoli,Forma estable,Bastones clasicos - Sigilo,Bastones clasicos,Forma,12.5,"5x2,5kg",5,2.5,1416893384452893b004453859dc1ae4,12.5,4.1,383.0,248.0,239.0,391.2,256.2,247.2,1800,800,1200,7.0,2.0,4.0,56.0,0.8029171359999999,5,2.5,12.5,True,True,2.0,4.0,7.0,56.0,True,0.0
BR0090,"BonsaiPremium Bastones rectos de brocoli 9x9 mm 5 x 2,5 kg | Ref NL0",Bastones rectos de brocoli,Estacional,Bastones clasicos - Reserva Privada,Bastones clasicos,Medio,12.5,"5x2,5kg",5,2.5,1c01c33ced1f5bfdb36a399ac98e0c68,,4.1,383.0,248.0,214.0,391.2,256.2,222.2,1800,800,1200,8.0,2.0,4.0,64.0,0.8248182506666665,5,2.5,12.5,True,True,2.0,4.0,8.0,64.0,False,
BR0091,"5 bolsas de 2,5 kg | Bastones rectos de brocoli 11x11 mm con cabo | Ref 212",Bastones rectos de brocoli,Estacional,Bastones clasicos - Reserva Privada,Bastones clasicos,Medio,12.5,"5x2,5kg",5,2.5,b104736a19fe0c796651c18805508482,12.5,4.1,383.0,248.0,209.0,391.2,256.2,217.2,1800,800,1200,8.0,2.0,4.0,64.0,0.8062579839999998,5,2.5,12.5,True,True,2.0,4.0,8.0,64.0,True,0.0
BR0092,"5 bolsas de 2,5 kg | Bastones rectos de brocoli 6x6 mm | Ref RXH",Bastones rectos de brocoli,Estacional,Bastones clasicos - Reserva Privada,Bastones clasicos,Fino,12.5,"5x2,5kg",5,2.5,2361696c0cf9b4a8490d7098c11e6a51,12.5,2.7,393.0,255.0,250.0,398.4,260.4,255.4,1800,800,1200,7.0,2.0,4.0,56.0,0.8586684213333333,5,2.5,12.5,True,True,2.0,4.0,7.0,56.0,True,0.0
BR0092XL,"5 bolsas de 2,5 kg | Bastones rectos de brocoli 6x6 mm | Ref RXH XL",Bastones rectos de brocoli,Estacional,Bastones clasicos - Reserva Privada,Bastones clasicos,Fino,12.5,"5x2,5kg",5,2.5,225c1760c0e9639bbb73f58d280b7a0e,12.5,2.7,393.0,294.0,224.0,398.4,299.4,229.4,1800,800,1200,7.0,2.0,4.0,56.0,0.8867655813333332,5,2.5,12.5,True,True,2.0,4.0,7.0,56.0,True,0.0
BR0093,"5 bolsas de 2,5 kg | Bastones rectos de brocoli 6x6 mm | Ref BKP",Bastones rectos de brocoli,Estacional,Bastones clasicos - Reserva Privada,Bastones clasicos,Fino,12.5,"5x2,5kg",5,2.5,2361696c0cf9b4a8490d7098c11e6a51,12.5,2.7,393.0,255.0,250.0,398.4,260.4,255.4,1800,800,1200,7.0,2.0,4.0,56.0,0.8586684213333333,5,2.5,12.5,True,True,2.0,4.0,7.0,56.0,True,0.0
BR0094,"BonsaiPremium Bastones rectos de brocoli 9x9 mm 5 x 2,5 kg | Ref AS7",Bastones rectos de brocoli,Estacional,Bastones clasicos - Reserva Privada,Bastones clasicos,Medio,12.5,"5x2,5kg",5,2.5,3826faf22304dbe5bef22f8c36155874,12.5,2.7,393.0,255.0,224.0,398.4,260.4,229.4,1800,800,1200,7.0,2.0,4.0,56.0,0.7712550346666666,5,2.5,12.5,True,True,2.0,4.0,7.0,56.0,False,
BR0095,"5 bolsas de 2,5 kg | Bastones rectos de brocoli 9x9 mm | Ref LZG",Bastones rectos de brocoli,Estacional,Bastones clasicos - Reserva Privada,Bastones clasicos,Medio,12.5,"5x2,5kg",5,2.5,3826faf22304dbe5bef22f8c36155874,12.5,2.7,393.0,255.0,224.0,398.4,260.4,229.4,1800,800,1200,7.0,2.0,4.0,56.0,0.7712550346666666,5,2.5,12.5,True,True,2.0,4.0,7.0,56.0,False,
BR0096,"5 bolsas de 2,5 kg | Bastones rectos de brocoli 11x11 mm | Ref 9PB",Bastones rectos de brocoli,Estacional,Bastones clasicos - Reserva Privada,Bastones clasicos,Medio,12.5,"5x2,5kg",5,2.5,a130566667d4be7bb38053adaefea0af,12.5,2.7,393.0,255.0,204.0,398.4,260.4,209.4,1800,800,1200,8.0,2.0,4.0,64.0,0.804587392,5,2.5,12.5,True,True,2.0,4.0,8.0,64.0,True,0.0
BR0097,"5 bolsas de 2,5 kg | Bastones rectos de brocoli 11x11 mm | Ref 34F",Bastones rectos de brocoli,Estacional,Bastones clasicos - Reserva Privada,Bastones clasicos,Medio,12.5,"5x2,5kg",5,2.5,e70cd62d04659cbda3f1df24c7140e35,12.5,4.8,379.0,246.0,197.0,388.6,255.6,206.6,1800,800,1200,8.0,2.0,4.0,64.0,0.7600290613333334,5,2.5,12.5,True,True,2.0,4.0,8.0,64.0,True,0.0
BR0098,"Bastones rectos de brocoli 9x18 mm - clasico - Caja de 5 packs de 2,5 kg",Bastones rectos de brocoli,Estacional,Bastones clasicos - Reserva Privada,Bastones clasicos,Corte steak,12.5,"5x2,5kg",5,2.5,f95687311339e4b9b0ef5622b26fd941,12.5,2.7,393.0,255.0,209.0,398.4,260.4,214.4,1800,800,1200,8.0,2.0,4.0,64.0,0.8237991253333332,5,2.5,12.5,True,True,2.0,4.0,8.0,64.0,True,0.0
BR0099,"BonsaiPremium Bastones rectos de brocoli 9x18 mm 5 x 2,5 kg | Ref VTT",Bastones rectos de brocoli,Estacional,Bastones clasicos - Reserva Privada,Bastones clasicos,Corte steak,12.5,"5x2,5kg",5,2.5,1a3ffa8018de4637afcdd1e390e2602a,12.5,4.1,383.0,248.0,199.0,391.2,256.2,207.2,1800,800,1200,8.0,2.0,4.0,64.0,0.7691374506666666,5,2.5,12.5,True,True,2.0,4.0,8.0,64.0,True,0.0
BR0100,"5 bolsas de 2,5 kg | Bastones rectos de brocoli 9x9 mm | Ref BJP",Bastones rectos de brocoli,Estacional,Bastones clasicos - Legumes Frites,Bastones clasicos,Medio,12.5,"5x2,5kg",5,2.5,bdfc62c15432bf98daa6314e01c97f4b,12.5,4.8,380.0,282.0,181.0,389.6,291.6,190.6,1800,800,1200,9.0,2.0,4.0,72.0,0.902231784,5,2.5,12.5,True,True,2.0,4.0,9.0,72.0,True,0.0
BR0101,"BonsaiGreen Bastones rectos de brocoli 11x11 mm 5 x 2,5 kg | Ref UO0",Bastones rectos de brocoli,Estacional,Bastones clasicos - Legumes Frites,Bastones clasicos,Medio,12.5,"5x2,5kg",5,2.5,a864dfb999785d464e7867269d6489cb,12.5,4.8,380.0,282.0,175.0,389.6,291.6,184.6,1800,800,1200,9.0,2.0,4.0,72.0,0.873829944,5,2.5,12.5,True,True,2.0,4.0,9.0,72.0,True,0.0
BR0102,"BonsaiGreen Bastones rectos de brocoli 11x11 mm 5 x 2,5 kg | Ref UO0",Bastones rectos de brocoli,Estacional,Bastones clasicos - Legumes Frites,Bastones clasicos,Medio,12.5,"5x2,5kg",5,2.5,5e09543a8b7a6614f447c98559a39851,12.5,2.7,395.0,296.0,178.0,400.0,301.4,183.4,1800,800,1200,9.0,2.0,3.0,54.0,0.6909594999999998,5,2.5,12.5,True,True,2.0,3.0,9.0,54.0,True,0.0
BR0103,"5 bolsas de 2,5 kg | Bastones rectos de brocoli 6x6 mm | Ref F7E",Bastones rectos de brocoli,Estacional,Bastones clasicos - Legumes Frites,Bastones clasicos,Fino,12.5,"5x2,5kg",5,2.5,ea4f4880b999f6854b641f68b394c657,12.5,4.8,380.0,282.0,201.0,389.6,291.6,210.6,1800,800,1200,8.0,2.0,4.0,64.0,0.8861374080000001,5,2.5,12.5,True,True,2.0,4.0,8.0,64.0,False,
BR0104,"5 bolsas de 2,5 kg | Bastones rectos de brocoli 6x6 mm | Ref F7E",Bastones rectos de brocoli,Estacional,Bastones clasicos - Legumes Frites,Bastones clasicos,Fino,12.5,"5x2,5kg",5,2.5,a555028b9dc4a080d444d0af6464279d,12.5,4.1,386.0,286.0,201.0,394.2,294.2,209.2,1800,800,1200,8.0,2.0,4.0,64.0,0.8985809439999999,5,2.5,12.5,True,True,2.0,4.0,8.0,64.0,True,0.0
BR0105,"BonsaiGreen Bastones rectos de brocoli 9x9 mm 5 x 2,5 kg | Ref TJZ",Bastones rectos de brocoli,Estacional,Bastones clasicos - Legumes Frites,Bastones clasicos,Medio,12.5,"5x2,5kg",5,2.5,55b52b97c05b19dbbbefa191622fe36a,12.5,4.1,386.0,286.0,179.0,394.2,294.2,187.2,1800,800,1200,9.0,2.0,4.0,72.0,0.9045943919999998,5,2.5,12.5,True,True,2.0,4.0,9.0,72.0,False,
BR0106,"Bastones rectos de brocoli 13x13 mm - clasico - Caja de 5 packs de 2,5 kg | Ref TQN",Bastones rectos de brocoli,Estacional,Bastones extra crocantes - Atelier Frites,Bastones extra crocantes,Grueso,12.5,"5x2,5kg",5,2.5,371bc8e13ebaec61128f288334956fa5,12.5,4.5,391.0,255.0,230.0,400.0,264.0,239.0,1800,800,1200,7.0,2.0,4.0,56.0,0.8179111111111111,5,2.5,12.5,True,True,2.0,4.0,7.0,56.0,True,0.0
BR0107,"Bastones rectos de brocoli - clasico - Caja de 2 packs de 5,25 kg",Bastones rectos de brocoli,Estacional,Bastones clasicos - Legumes Frites,Bastones clasicos,Medio,10.5,"2x5,25kg",2,5.25,35174969e008414733b7133a380c2f8c,10.5,4.5,391.0,255.0,240.0,400.0,264.0,249.0,1800,800,1200,7.0,2.0,4.0,56.0,0.8521333333333333,2,5.25,10.5,True,True,2.0,4.0,7.0,56.0,True,0.0
BR0108,11 bolsas de 1 kg | Brocoli en rejilla,Brocoli en rejilla,Forma estable,Bastones clasicos - Reserva Privada,Bastones clasicos,Forma,11.0,11x1kg,11,1.0,a2c4cc4e764be062aaefa64a99695dbe,11.0,2.7,395.0,296.0,301.0,400.0,301.4,306.4,1800,800,1200,5.0,2.0,3.0,30.0,0.6413122222222221,11,1.0,11.0,True,True,2.0,3.0,5.0,30.0,True,0.0
BR0109,13 bolsas de 1 kg | Espirales de brocoli,Espirales de brocoli,Forma estable,Bastones clasicos - Sigilo,Bastones clasicos,Forma,13.0,13x1kg,13,1.0,60eb77c934f99a121f410ec2037a2a46,13.0,2.7,395.0,296.0,306.0,400.0,301.4,311.4,1800,800,1200,5.0,2.0,3.0,30.0,0.6517774999999999,13,1.0,13.0,True,True,2.0,3.0,5.0,30.0,True,0.0
BR0110,"5 bolsas de 2,5 kg | Bastones rectos de brocoli 9x9 mm | Ref Y78",Bastones rectos de brocoli,Estacional,Bastones clasicos - Reserva Privada,Bastones clasicos,Medio,12.5,"5x2,5kg",5,2.5,3826faf22304dbe5bef22f8c36155874,12.5,2.7,393.0,255.0,224.0,398.4,260.4,229.4,1800,800,1200,7.0,2.0,4.0,56.0,0.7712550346666666,5,2.5,12.5,True,True,2.0,4.0,7.0,56.0,False,
BR0111,"Bastones rectos de brocoli 11x11 mm - clasico - Caja de 5 packs de 2,5 kg | Ref FLQ",Bastones rectos de brocoli,Estacional,Bastones clasicos - Reserva Privada,Bastones clasicos,Medio,12.5,"5x2,5kg",5,2.5,a130566667d4be7bb38053adaefea0af,12.5,2.7,393.0,255.0,204.0,398.4,260.4,209.4,1800,800,1200,8.0,2.0,4.0,64.0,0.804587392,5,2.5,12.5,True,True,2.0,4.0,8.0,64.0,True,0.0
BR0112,"5 bolsas de 2,5 kg | Bastones rectos de brocoli 9x18 mm | Ref 0FC",Bastones rectos de brocoli,Estacional,Bastones clasicos - Reserva Privada,Bastones clasicos,Corte steak,12.5,"5x2,5kg",5,2.5,f95687311339e4b9b0ef5622b26fd941,12.5,2.7,393.0,255.0,209.0,398.4,260.4,214.4,1800,800,1200,8.0,2.0,4.0,64.0,0.8237991253333332,5,2.5,12.5,True,True,2.0,4.0,8.0,64.0,True,0.0
BR0113,"5 bolsas de 2,5 kg | Bastones rectos de brocoli con cabo | Ref C2H",Bastones rectos de brocoli,Estacional,Bastones clasicos - Legumes Frites,Bastones clasicos,Grueso,12.5,"5x2,5kg",5,2.5,3f4b03b56bb388655f2cb1495b69f5d7,12.5,4.1,388.0,288.0,278.0,396.2,296.2,286.2,1800,800,1200,6.0,2.0,4.0,48.0,0.9329677979999998,5,2.5,12.5,True,True,2.0,4.0,6.0,48.0,True,0.0
BR0114,"5 bolsas de 1,75 kg | Tortitas de brocoli",Tortitas de brocoli,Forma estable,Guarniciones - Tortitas,Guarniciones,Forma,8.75,"5x1,75kg",5,1.75,d0098765b25906b02fe80a96f1e6e287,8.75,2.5,395.0,296.0,255.0,400.0,301.0,260.0,1800,800,1200,6.0,2.0,3.0,36.0,0.6521666666666667,5,1.75,8.75,True,True,2.0,3.0,6.0,36.0,True,0.0
BR0115,"BonsaiGreen Brocoli en rejilla sazonado, picante, crocante 5 x 2,5 kg",Brocoli en rejilla,Forma estable,Bastones clasicos - Sigilo,Bastones clasicos,Forma,12.5,"5x2,5kg",5,2.5,ab2be01db2336d90876b25f646f81b48,12.5,4.1,386.0,286.0,283.0,394.2,294.2,291.2,1800,800,1200,6.0,2.0,4.0,48.0,0.9380978879999998,5,2.5,12.5,True,True,2.0,4.0,6.0,48.0,True,0.0
BR0116,"5 bolsas de 2,5 kg | Gajos de brocoli sazonado, picante, crocante",Gajos de brocoli,Forma estable,Bastones clasicos - Sigilo,Bastones clasicos,Forma,12.5,"5x2,5kg",5,2.5,116dda17a7b7fb82c62f462ef4a94218,12.5,4.1,386.0,286.0,164.0,394.2,294.2,172.2,1800,800,1200,10.0,2.0,4.0,80.0,0.92456763,5,2.5,12.5,True,True,2.0,4.0,10.0,80.0,True,0.0
BR0117,"BonsaiGreen Espirales de brocoli sazonado, picante, crocante 5 x 2,5 kg",Espirales de brocoli,Forma estable,Bastones clasicos - Sigilo,Bastones clasicos,Forma,12.5,"5x2,5kg",5,2.5,ce9d9f5685ddf0df230b3137826b5cde,12.5,4.1,386.0,286.0,256.0,394.2,294.2,264.2,1800,800,1200,6.0,2.0,4.0,48.0,0.8511176579999999,5,2.5,12.5,True,True,2.0,4.0,6.0,48.0,False,
BR0118,"Espirales de brocoli - clasico - Caja de 13 packs de 0,5 kg | Ref 57C",Espirales de brocoli,Forma estable,Bastones clasicos - Sigilo,Bastones clasicos,Forma,6.5,"13x0,5kg",13,0.5,5752498adef915345dabc54b32edf146,6.5,2.7,395.0,296.0,219.0,400.0,301.4,224.4,1800,800,1200,8.0,2.0,3.0,48.0,0.7514906666666666,13,0.5,6.5,True,True,2.0,3.0,8.0,48.0,True,0.0
BR0119,"BonsaiGreen Bastones rectos de brocoli 5 x 2,5 kg | Ref WIX",Bastones rectos de brocoli,Estacional,Bastones clasicos - Sigilo,Bastones clasicos,Medio,12.5,"5x2,5kg",5,2.5,fea00d6f87d3f80808e9e8d1b501120a,12.5,2.7,395.0,296.0,184.0,400.0,301.4,189.4,1800,800,1200,9.0,2.0,3.0,54.0,0.7135644999999998,5,2.5,12.5,True,True,2.0,3.0,9.0,54.0,False,
BR0120,Rosti de brocoli - clasico - Caja de 11 packs de 1 kg | Ref MMY,Rosti de brocoli,Forma estable,Guarniciones - Legumes Croquetas,Guarniciones,Forma,11.0,11x1kg,11,1.0,1333ec917a8a6111a3fac88649307892,11.0,4.6,380.0,287.0,219.0,389.2,296.2,228.2,1800,800,1200,7.0,2.0,4.0,56.0,0.8525459874814815,11,1.0,11.0,True,True,2.0,4.0,7.0,56.0,True,0.0
BR0121,"16 bolsas de 0,75 kg | Brocoli en rejilla",Brocoli en rejilla,Forma estable,Bastones clasicos - Sigilo,Bastones clasicos,Forma,12.0,"16x0,75kg",16,0.75,c98f51071fa8c135d7071023f6b23ac0,12.0,4.1,388.0,288.0,348.0,396.2,296.2,356.2,1800,800,1200,5.0,2.0,4.0,40.0,0.9676308224074074,16,0.75,12.0,True,True,2.0,4.0,5.0,40.0,True,0.0
BR0122,"16 bolsas de 0,75 kg | Espirales de brocoli",Espirales de brocoli,Forma estable,Bastones clasicos - Sigilo,Bastones clasicos,Forma,12.0,"16x0,75kg",16,0.75,2358aed8ccfb64eb89ff5dcd9e30de7d,12.0,2.7,395.0,296.0,352.0,400.0,301.4,357.4,1800,800,1200,5.0,2.0,3.0,30.0,0.7480580555555554,16,0.75,12.0,True,True,2.0,3.0,5.0,30.0,False,
BR0123,BonsaiGreen Brocoli zigzag 13 x 1 kg,Brocoli zigzag,Forma estable,Bastones clasicos - Sigilo,Bastones clasicos,Forma,13.0,13x1kg,13,1.0,0835ff365412a67b720a19713ec250f3,13.0,4.1,386.0,286.0,278.0,394.2,294.2,286.2,1800,800,1200,6.0,2.0,4.0,48.0,0.921990438,13,1.0,13.0,True,True,2.0,4.0,6.0,48.0,True,0.0
BR0124,"16 bolsas de 0,75 kg | Espirales de brocoli",Espirales de brocoli,Forma estable,Bastones clasicos - Sigilo,Bastones clasicos,Forma,12.0,"16x0,75kg",16,0.75,2358aed8ccfb64eb89ff5dcd9e30de7d,12.0,2.7,395.0,296.0,352.0,400.0,301.4,357.4,1800,800,1200,5.0,2.0,3.0,30.0,0.7480580555555554,16,0.75,12.0,True,True,2.0,3.0,5.0,30.0,False,
BR0125,Gajos de brocoli - con cabo - Caja de 13 packs de 1 kg,Gajos de brocoli,Forma estable,Bastones clasicos - Reserva Privada,Bastones clasicos,Forma,13.0,13x1kg,13,1.0,a699f7e10a026261e599215bbbee0cbc,13.0,4.8,380.0,282.0,202.0,389.6,291.6,211.6,1800,800,1200,8.0,2.0,4.0,64.0,0.8903450880000001,13,1.0,13.0,True,True,2.0,4.0,8.0,64.0,True,0.0
BR0126,13 bolsas de 1 kg | Bastones rectos de brocoli 6x6 mm,Bastones rectos de brocoli,Estacional,Bastones clasicos - Legumes Frites,Bastones clasicos,Fino,13.0,13x1kg,13,1.0,aaf392f3c544855a81cee5b4895b3983,13.0,4.8,380.0,282.0,256.0,389.6,291.6,265.6,1800,800,1200,6.0,2.0,4.0,48.0,0.8381698560000003,13,1.0,13.0,True,True,2.0,4.0,6.0,48.0,True,0.0
BR0127,Gajos de brocoli - clasico - Caja de 13 packs de 1 kg,Gajos de brocoli,Forma estable,Bastones clasicos - Reserva Privada,Bastones clasicos,Forma,13.0,13x1kg,13,1.0,a699f7e10a026261e599215bbbee0cbc,13.0,4.8,380.0,282.0,202.0,389.6,291.6,211.6,1800,800,1200,8.0,2.0,4.0,64.0,0.8903450880000001,13,1.0,13.0,True,True,2.0,4.0,8.0,64.0,True,0.0
BR0128,"BonsaiPremium Bastones rectos de brocoli 9x18 mm 5 x 2,5 kg | Ref OWN",Bastones rectos de brocoli,Estacional,Bastones clasicos - Reserva Privada,Bastones clasicos,Corte steak,12.5,"5x2,5kg",5,2.5,f95687311339e4b9b0ef5622b26fd941,12.5,2.7,393.0,255.0,209.0,398.4,260.4,214.4,1800,800,1200,8.0,2.0,4.0,64.0,0.8237991253333332,5,2.5,12.5,True,True,2.0,4.0,8.0,64.0,True,0.0
BR0129,"5 bolsas de 2,5 kg | Bastones rectos de brocoli 9x9 mm | Ref EG9",Bastones rectos de brocoli,Estacional,Bastones clasicos - Legumes Frites,Bastones clasicos,Medio,12.5,"5x2,5kg",5,2.5,f95687311339e4b9b0ef5622b26fd941,12.5,2.7,393.0,255.0,209.0,398.4,260.4,214.4,1800,800,1200,8.0,2.0,4.0,64.0,0.8237991253333332,5,2.5,12.5,True,True,2.0,4.0,8.0,64.0,True,0.0
BR0130,"Espirales de brocoli - clasico - Caja de 13 packs de 0,75 kg | Ref G3W",Espirales de brocoli,Forma estable,Bastones clasicos - Sigilo,Bastones clasicos,Forma,9.75,"13x0,75kg",13,0.75,4989f7c44b56191eebb2c0b95763c0db,9.75,2.7,395.0,296.0,250.0,400.0,301.4,255.4,1800,800,1200,7.0,2.0,3.0,42.0,0.7483929444444445,13,0.75,9.75,True,True,2.0,3.0,7.0,42.0,False,
BR0131,"Bastones rectos de brocoli - clasico - Caja de 13 packs de 1,25 kg",Bastones rectos de brocoli,Estacional,Bastones clasicos - Sigilo,Bastones clasicos,Grueso,16.25,"13x1,25kg",13,1.25,3256a5fed07b421a92abee44a3d93243,16.25,2.7,395.0,296.0,260.0,400.0,301.4,265.4,1800,800,1200,6.0,2.0,3.0,36.0,0.6665963333333333,13,1.25,16.25,True,True,2.0,3.0,6.0,36.0,True,0.0
BR0132,Croquetas de brocoli - clasico - Caja de 11 packs de 1 kg,Croquetas de brocoli,Forma estable,Guarniciones - Legumes Croquetas,Guarniciones,Forma,11.0,11x1kg,11,1.0,34dbd33aabcf7123c6ee197304f6312d,11.0,2.7,395.0,245.0,230.0,400.0,250.4,235.4,1800,800,1200,7.0,2.0,4.0,56.0,0.764090962962963,11,1.0,11.0,True,True,2.0,4.0,7.0,56.0,True,0.0
BR0133,"5 bolsas de 2,5 kg | Croquetas de brocoli",Croquetas de brocoli,Forma estable,Guarniciones - Legumes Croquetas,Guarniciones,Forma,12.5,"5x2,5kg",5,2.5,34dbd33aabcf7123c6ee197304f6312d,12.5,2.7,395.0,245.0,230.0,400.0,250.4,235.4,1800,800,1200,7.0,2.0,4.0,56.0,0.764090962962963,5,2.5,12.5,True,True,2.0,4.0,7.0,56.0,True,0.0
BR0134,"11 bolsas de 1,25 kg | Bastones rectos de brocoli | Ref GRR",Bastones rectos de brocoli,Estacional,Bastones clasicos - Sigilo,Bastones clasicos,Medio,13.75,"11x1,25kg",11,1.25,b10375e57c7a7f209de7bf3aec5aa29f,13.75,4.1,386.0,286.0,268.0,394.2,294.2,276.2,1800,800,1200,6.0,2.0,4.0,48.0,0.8897755379999999,11,1.25,13.75,True,True,2.0,4.0,6.0,48.0,True,0.0
BR0135,"5 bolsas de 2,5 kg | Bastones rectos de brocoli 6x6 mm | Ref WKT",Bastones rectos de brocoli,Estacional,Bastones clasicos - Legumes Frites,Bastones clasicos,Fino,12.5,"5x2,5kg",5,2.5,e205014ff79e36431f829f1fab46061c,12.5,4.1,388.0,288.0,273.0,396.2,296.2,281.2,1800,800,1200,6.0,2.0,4.0,48.0,0.916668570222222,5,2.5,12.5,True,True,2.0,4.0,6.0,48.0,False,
BR0136,"Bastones rectos de brocoli 9x9 mm - clasico - Caja de 5 packs de 2,5 kg | Ref R5M",Bastones rectos de brocoli,Estacional,Bastones clasicos - Reserva Privada,Bastones clasicos,Medio,12.5,"5x2,5kg",5,2.5,4d0dc68792c8a76defd00faaff677665,12.5,4.6,379.0,281.0,289.0,388.2,290.2,298.2,1800,800,1200,6.0,2.0,4.0,48.0,0.9331642179999998,5,2.5,12.5,True,True,2.0,4.0,6.0,48.0,True,0.0
BR0136XL,"Bastones rectos de brocoli 9x9 mm - clasico - Caja de 5 packs de 2,5 kg | Ref R5M XL",Bastones rectos de brocoli,Estacional,Bastones clasicos - Reserva Privada,Bastones clasicos,Medio,12.5,"5x2,5kg",5,2.5,584c93c412f45cd05fb6c4c753038aa1,12.5,4.6,379.0,285.0,289.0,388.2,294.2,298.2,1800,800,1200,6.0,2.0,4.0,48.0,0.9460265779999998,5,2.5,12.5,True,True,2.0,4.0,6.0,48.0,True,0.0
BR0137,"Bastones rectos de brocoli 6x6 mm - clasico - Caja de 5 packs de 2,5 kg | Ref BLU",Bastones rectos de brocoli,Estacional,Bastones clasicos - Reserva Privada,Bastones clasicos,Fino,12.5,"5x2,5kg",5,2.5,cd9c1ebb698c60a0d79bc82cf70c2404,12.5,2.7,393.0,255.0,311.0,398.4,260.4,316.4,1800,800,1200,5.0,2.0,4.0,40.0,0.7598240533333332,5,2.5,12.5,True,True,2.0,4.0,5.0,40.0,False,
BR0138,"2 bolsas de 2,5 kg | Rosti de brocoli",Rosti de brocoli,Forma estable,Guarniciones - Legumes Croquetas,Guarniciones,Forma,5.0,"2x2,5kg",2,2.5,25b51ca97d24c6dd7fdc2fd6f9551dac,5.0,4.6,380.0,252.0,144.0,389.2,261.2,153.2,1800,800,1200,11.0,2.0,4.0,88.0,0.7931287694814814,2,2.5,5.0,True,True,2.0,4.0,11.0,88.0,True,0.0
BR0139,"BonsaiPremium Rodajas de brocoli con cabo 5 x 1,75 kg",Rodajas de brocoli,Forma estable,Bastones clasicos - Reserva Privada,Bastones clasicos,Forma,8.75,"5x1,75kg",5,1.75,c9eb200a8d16b9dc82e130d6874c099c,8.75,2.7,395.0,296.0,270.0,400.0,301.4,275.4,1800,800,1200,6.0,2.0,3.0,36.0,0.691713,5,1.75,8.75,True,True,2.0,3.0,6.0,36.0,True,0.0
BR0140,"Brocoli en rejilla - clasico - Caja de 13 packs de 0,5 kg | Ref SDH",Brocoli en rejilla,Forma estable,Bastones clasicos - Sigilo,Bastones clasicos,Forma,6.5,"13x0,5kg",13,0.5,5914abeae491eab8612131985b15994f,6.5,4.1,386.0,286.0,239.0,394.2,294.2,247.2,1800,800,1200,7.0,2.0,4.0,56.0,0.929077716,13,0.5,6.5,True,True,2.0,4.0,7.0,56.0,True,0.0
BR0141,"13 bolsas de 0,5 kg | Brocoli en rejilla | Ref QNX",Brocoli en rejilla,Forma estable,Bastones clasicos - Sigilo,Bastones clasicos,Forma,6.5,"13x0,5kg",13,0.5,5914abeae491eab8612131985b15994f,6.5,4.1,386.0,286.0,239.0,394.2,294.2,247.2,1800,800,1200,7.0,2.0,4.0,56.0,0.929077716,13,0.5,6.5,True,True,2.0,4.0,7.0,56.0,True,0.0
BR0142,Brocoli en rejilla - clasico - Caja de 11 packs de 1 kg | Ref M9P,Brocoli en rejilla,Forma estable,Bastones clasicos - Sigilo,Bastones clasicos,Forma,11.0,"11x1,0kg",11,1.0,8f26468860664ecfed551104179d7f3e,,4.1,386.0,286.0,318.0,394.2,294.2,326.2,1800,800,1200,5.0,2.0,4.0,40.0,0.8757083649999999,11,1.0,11.0,True,True,2.0,4.0,5.0,40.0,True,0.0
BR0143,"Bastones rectos de brocoli 6x6 mm - clasico - Caja de 5 packs de 2,5 kg | Ref GW8",Bastones rectos de brocoli,Estacional,Bastones clasicos - Reserva Privada,Bastones clasicos,Fino,12.5,"5x2,5kg",5,2.5,cc0d190e9c91b2ee40868981c9f6d0f6,12.5,4.8,380.0,282.0,266.0,389.6,291.6,275.6,1800,800,1200,6.0,2.0,4.0,48.0,0.8697274560000002,5,2.5,12.5,True,True,2.0,4.0,6.0,48.0,True,0.0
BR0144,"5 bolsas de 2,5 kg | Bastones rectos de brocoli 6x6 mm | Ref RXH",Bastones rectos de brocoli,Estacional,Bastones clasicos - Reserva Privada,Bastones clasicos,Fino,12.5,"5x2,5kg",5,2.5,1e68edd4dd3edf793634e204ec225c3b,12.5,4.8,380.0,282.0,215.0,389.6,291.6,224.6,1800,800,1200,8.0,2.0,4.0,64.0,0.945044928,5,2.5,12.5,True,True,2.0,4.0,8.0,64.0,True,0.0
BR0145,"BonsaiPremium Bastones rectos de brocoli 9x9 mm 5 x 2,5 kg | Ref AS7",Bastones rectos de brocoli,Estacional,Bastones clasicos - Reserva Privada,Bastones clasicos,Medio,12.5,"5x2,5kg",5,2.5,952d7cb277c22fee189451276b46d536,12.5,4.1,388.0,288.0,179.0,396.2,296.2,187.2,1800,800,1200,9.0,2.0,4.0,72.0,0.915364632,5,2.5,12.5,True,True,2.0,4.0,9.0,72.0,True,0.0
BR0146,"Bastones rectos de brocoli 9x18 mm - clasico - Caja de 5 packs de 2,5 kg",Bastones rectos de brocoli,Estacional,Bastones clasicos - Reserva Privada,Bastones clasicos,Corte steak,12.5,"5x2,5kg",5,2.5,ddc544b82bb095f53666029f60d7e482,12.5,4.5,391.0,296.0,173.0,400.0,305.0,182.0,1800,800,1200,9.0,2.0,3.0,54.0,0.693875,5,2.5,12.5,True,True,2.0,3.0,9.0,54.0,False,
BR0147,"5 bolsas de 2,5 kg | Bastones rectos de brocoli 6x6 mm | Ref VXL",Bastones rectos de brocoli,Estacional,Bastones clasicos - Sigilo,Bastones clasicos,Fino,12.5,"5x2,5kg",5,2.5,5229dfb764d843b66341f7ca5cdec3dd,12.5,4.1,388.0,288.0,214.0,396.2,296.2,222.2,1800,800,1200,8.0,2.0,4.0,64.0,0.9657835765925924,5,2.5,12.5,True,True,2.0,4.0,8.0,64.0,True,0.0
BR0148,"5 bolsas de 2,5 kg | Bastones rectos de brocoli 9x9 mm | Ref TYH",Bastones rectos de brocoli,Estacional,Bastones clasicos - Sigilo,Bastones clasicos,Medio,12.5,"5x2,5kg",5,2.5,161332db17a4c8bcba8a5651098cbe91,12.5,4.1,388.0,288.0,189.0,396.2,296.2,197.2,1800,800,1200,9.0,2.0,4.0,72.0,0.9642623153333332,5,2.5,12.5,True,True,2.0,4.0,9.0,72.0,True,0.0
BR0149,"5 bolsas de 2,5 kg | Bastones rectos de brocoli 13x13 mm",Bastones rectos de brocoli,Estacional,Bastones clasicos - Sigilo,Bastones clasicos,Grueso,12.5,"5x2,5kg",5,2.5,fe7802fb3f92b710413a4de88233a3f7,12.5,4.1,388.0,288.0,174.0,396.2,296.2,182.2,1800,800,1200,9.0,2.0,4.0,72.0,0.8909157903333332,5,2.5,12.5,True,True,2.0,4.0,9.0,72.0,True,0.0
BR0150,"Bastones rectos de brocoli 9x9 mm - clasico - Caja de 5 packs de 2,5 kg | Ref XV0",Bastones rectos de brocoli,Estacional,Bastones clasicos - Sigilo,Bastones clasicos,Medio,12.5,"5x2,5kg",5,2.5,631adf6ff70b5781bcd77a8f20a140e0,12.5,4.1,386.0,286.0,192.0,394.2,294.2,200.2,1800,800,1200,8.0,2.0,4.0,64.0,0.859923064,5,2.5,12.5,True,True,2.0,4.0,8.0,64.0,True,0.0
BR0151,"Brocoli zigzag 9x9 mm - clasico - Caja de 5 packs de 2,5 kg | Ref QIL",Brocoli zigzag,Forma estable,Bastones clasicos - Sigilo,Bastones clasicos,Forma,12.5,"5x2,5kg",5,2.5,414d4cf5c1bc8a346f7e4445ede7acbd,12.5,4.1,386.0,286.0,229.0,394.2,294.2,237.2,1800,800,1200,7.0,2.0,4.0,56.0,0.8914936659999999,5,2.5,12.5,True,True,2.0,4.0,7.0,56.0,True,0.0
BR0152,"Bastones rectos de brocoli 9x9 mm - sazonado - Caja de 5 packs de 2,5 kg",Bastones rectos de brocoli,Estacional,Bastones clasicos - Sigilo,Bastones clasicos,Medio,12.5,"5x2,5kg",5,2.5,27cfee279bf2517d910cfab7c0b51213,12.5,4.1,386.0,286.0,204.0,394.2,294.2,212.2,1800,800,1200,8.0,2.0,4.0,64.0,0.911466904,5,2.5,12.5,True,True,2.0,4.0,8.0,64.0,True,0.0
BR0153,"Brocoli zigzag 9x9 mm - clasico - Caja de 5 packs de 2,5 kg | Ref V9S",Brocoli zigzag,Forma estable,Bastones clasicos - Sigilo,Bastones clasicos,Forma,12.5,"5x2,5kg",5,2.5,a81b2225c037d3a9acb4e700a03958ae,12.5,4.1,386.0,286.0,232.0,394.2,294.2,240.2,1800,800,1200,7.0,2.0,4.0,56.0,0.902768881,5,2.5,12.5,True,True,2.0,4.0,7.0,56.0,False,
BR0154,"Bastones rectos de brocoli 6x6 mm - con cabo - Caja de 5 packs de 2,5 kg",Bastones rectos de brocoli,Estacional,Bastones clasicos - Sigilo,Bastones clasicos,Fino,12.5,"5x2,5kg",5,2.5,5229dfb764d843b66341f7ca5cdec3dd,,4.1,388.0,288.0,214.0,396.2,296.2,222.2,1800,800,1200,8.0,2.0,4.0,64.0,0.9657835765925924,5,2.5,12.5,True,True,2.0,4.0,8.0,64.0,True,0.0
BR0155,"Corte rustico de brocoli - clasico - Caja de 5 packs de 2,5 kg",Corte rustico de brocoli,Forma estable,Bastones clasicos - Sigilo,Bastones clasicos,Forma,12.5,5x2.5kg,5,2.5,27cfee279bf2517d910cfab7c0b51213,6.25,4.1,386.0,286.0,204.0,394.2,294.2,212.2,1800,800,1200,8.0,2.0,4.0,64.0,0.911466904,5,2.5,12.5,True,True,2.0,4.0,8.0,64.0,True,0.0
BR0156,"5 bolsas de 2,5 kg | Bastones rectos de brocoli 11x11 mm con cabo | Ref MBF",Bastones rectos de brocoli,Estacional,Bastones clasicos - Sigilo,Bastones clasicos,Medio,12.5,"5x2,5kg",5,2.5,fe7802fb3f92b710413a4de88233a3f7,12.5,4.1,388.0,288.0,174.0,396.2,296.2,182.2,1800,800,1200,9.0,2.0,4.0,72.0,0.8909157903333332,5,2.5,12.5,True,True,2.0,4.0,9.0,72.0,True,0.0
BR0157,"Espirales de brocoli - sazonado - Caja de 5 packs de 2,5 kg | Ref KQC",Espirales de brocoli,Forma estable,Bastones clasicos - Sigilo,Bastones clasicos,Forma,12.5,"5x2,5kg",5,2.5,ce9d9f5685ddf0df230b3137826b5cde,,4.1,386.0,286.0,256.0,394.2,294.2,264.2,1800,800,1200,6.0,2.0,4.0,48.0,0.8511176579999999,5,2.5,12.5,True,True,2.0,4.0,6.0,48.0,False,
BR0158,"Cubos de brocoli - sazonado - Caja de 5 packs de 2,5 kg",Cubos de brocoli,Forma estable,Guarniciones - Cubos,Guarniciones,Forma,12.5,"5x2,5kg",5,2.5,4f08f853cf7f9be28571df66a50bc322,12.5,4.1,388.0,288.0,164.0,396.2,296.2,172.2,1800,800,1200,10.0,2.0,4.0,80.0,0.9355756744444444,5,2.5,12.5,True,True,2.0,4.0,10.0,80.0,True,0.0
BR0159,"BonsaiGreen Gajos de brocoli sazonado 5 x 2,5 kg | Ref PO5",Gajos de brocoli,Forma estable,Bastones clasicos - Sigilo,Bastones clasicos,Forma,12.5,"5x2,5kg",5,2.5,116dda17a7b7fb82c62f462ef4a94218,12.5,4.1,386.0,286.0,164.0,394.2,294.2,172.2,1800,800,1200,10.0,2.0,4.0,80.0,0.92456763,5,2.5,12.5,True,True,2.0,4.0,10.0,80.0,True,0.0
BR0160,"Gajos de brocoli - sazonado - Caja de 5 packs de 2,5 kg",Gajos de brocoli,Forma estable,Bastones clasicos - Sigilo,Bastones clasicos,Forma,12.5,"5x2,5kg",5,2.5,116dda17a7b7fb82c62f462ef4a94218,12.5,4.1,386.0,286.0,164.0,394.2,294.2,172.2,1800,800,1200,10.0,2.0,4.0,80.0,0.92456763,5,2.5,12.5,True,True,2.0,4.0,10.0,80.0,True,0.0
BR0161,"BonsaiPremium Bastones rectos de brocoli 5 x 2,5 kg | Ref F6I",Bastones rectos de brocoli,Estacional,Brocoli especial - Bastones Especiales,Brocoli especial,Corte steak,12.5,"5x2,5kg",5,2.5,161332db17a4c8bcba8a5651098cbe91,12.5,4.1,388.0,288.0,189.0,396.2,296.2,197.2,1800,800,1200,9.0,2.0,4.0,72.0,0.9642623153333332,5,2.5,12.5,True,True,2.0,4.0,9.0,72.0,True,0.0
BR0162,11 bolsas de 1 kg | Tortitas de brocoli | Ref 1Y4,Tortitas de brocoli,Forma estable,Guarniciones - Tortitas,Guarniciones,Forma,11.0,11x1kg,11,1.0,4e4ab9c5dd0e741b2d59dd243d6a270a,11.0,4.6,383.0,285.0,226.0,392.2,294.2,235.2,1800,800,1200,7.0,2.0,4.0,56.0,0.8794919404444445,11,1.0,11.0,True,True,2.0,4.0,7.0,56.0,True,0.0
BR0163,"Dippers de brocoli - clasico - Caja de 5 packs de 2,5 kg",Dippers de brocoli,Forma estable,Bastones clasicos - Sigilo,Bastones clasicos,Forma,12.5,"5x2,5kg",5,2.5,ad99ed562d5d808977b10fa512bfde8b,12.5,4.1,386.0,286.0,214.0,394.2,294.2,222.2,1800,800,1200,8.0,2.0,4.0,64.0,0.954420104,5,2.5,12.5,True,True,2.0,4.0,8.0,64.0,True,0.0
BR0164,"Cubos de brocoli - clasico - Caja de 5 packs de 2,5 kg",Cubos de brocoli,Forma estable,Guarniciones - Cubos,Guarniciones,Forma,12.5,"5x2,5kg",5,2.5,eb8c91d6266d086a541d9c7411a9d92f,12.5,4.1,388.0,288.0,149.0,396.2,296.2,157.2,1800,800,1200,11.0,2.0,4.0,88.0,0.939487489111111,5,2.5,12.5,True,True,2.0,4.0,11.0,88.0,True,0.0
BR0165,"Mini tortitas de brocoli - clasico - Caja de 5 packs de 2,5 kg",Mini tortitas de brocoli,Forma estable,Guarniciones - Tortitas,Guarniciones,Forma,12.5,"5x2,5kg",5,2.5,6d3b65a1af8cc152d64aed67c4b13230,12.5,4.6,383.0,285.0,191.0,392.2,294.2,200.2,1800,800,1200,8.0,2.0,4.0,64.0,0.8555601869629629,5,2.5,12.5,True,True,2.0,4.0,8.0,64.0,False,
BR0166,Bocados de brocoli con mozzarella - clasico - Caja de 5 packs de 1 kg | Ref JW3,Bocados de brocoli con mozzarella,Co-produccion,Snacks y aperitivos - Queso,Snacks y aperitivos,Forma,5.0,5x1kg,5,1.0,3068e6f2a2ce79314e458b7a6ab57b4d,5.0,4.1,388.0,288.0,144.0,396.2,296.2,152.2,1800,800,1200,11.0,2.0,4.0,88.0,0.9096055715185184,5,1.0,5.0,True,True,2.0,4.0,11.0,88.0,True,0.0
BR0167,Bocados de brocoli con queso cheddar - picante - Caja de 5 packs de 1 kg,Bocados de brocoli con queso cheddar,Co-produccion,Snacks y aperitivos - Queso,Snacks y aperitivos,Forma,5.0,5x1kg,5,1.0,4c00c9ca639e09b29ebaf3d4ce15c111,5.0,2.7,395.0,296.0,148.0,400.0,301.4,153.4,1800,800,1200,11.0,2.0,3.0,66.0,0.7063643888888889,5,1.0,5.0,True,True,2.0,3.0,11.0,66.0,True,0.0
BR0168,Aros de brocoli - crocante - Caja de 5 packs de 1 kg,Aros de brocoli,Co-produccion,Snacks y aperitivos - Aros y Vegetales,Snacks y aperitivos,Forma,5.0,5x1kg,5,1.0,7a36a62f118b7544b9313b676a30ea35,5.0,4.1,388.0,288.0,199.0,396.2,296.2,207.2,1800,800,1200,8.0,2.0,4.0,64.0,0.9005866654814813,5,1.0,5.0,True,True,2.0,4.0,8.0,64.0,True,0.0
BR0169,Rosti de brocoli - clasico - Caja de 11 packs de 1 kg | Ref OB2,Rosti de brocoli,Forma estable,Guarniciones - Tortitas,Guarniciones,Forma,11.0,11x1kg,11,1.0,be032c6684b548fff0bd0e094da34f35,11.0,4.6,383.0,285.0,211.0,392.2,294.2,220.2,1800,800,1200,8.0,2.0,4.0,64.0,0.941030735111111,11,1.0,11.0,True,True,2.0,4.0,8.0,64.0,False,
BR0170,5 bolsas de 1 kg | Bocados de brocoli con queso cheddar picante,Bocados de brocoli con queso cheddar,Co-produccion,Snacks y aperitivos - Queso,Snacks y aperitivos,Forma,5.0,5x1kg,5,1.0,3068e6f2a2ce79314e458b7a6ab57b4d,5.0,4.1,388.0,288.0,144.0,396.2,296.2,152.2,1800,800,1200,11.0,2.0,4.0,88.0,0.9096055715185184,5,1.0,5.0,True,True,2.0,4.0,11.0,88.0,True,0.0
BR0171,BonsaiGreen Gajos de brocoli sazonado 11 x 1 kg,Gajos de brocoli,Forma estable,Bastones clasicos - Sigilo,Bastones clasicos,Forma,11.0,"11x1,0kg",11,1.0,519a80871f454928779db9ed3e039e2b,11.0,4.8,380.0,282.0,167.0,389.6,291.6,176.6,1800,800,1200,10.0,2.0,4.0,80.0,0.92884536,11,1.0,11.0,True,True,2.0,4.0,10.0,80.0,True,0.0
BR0172,"BonsaiGreen Dippers de brocoli 5 x 1,75 kg",Dippers de brocoli,Forma estable,Bastones clasicos - Sigilo,Bastones clasicos,Forma,8.75,"5x1,8kg",5,1.75,414d4cf5c1bc8a346f7e4445ede7acbd,,4.1,386.0,286.0,229.0,394.2,294.2,237.2,1800,800,1200,7.0,2.0,4.0,56.0,0.8914936659999999,5,1.8,8.75,True,True,2.0,4.0,7.0,56.0,True,0.0
BR0173,"5 bolsas de 1,75 kg | Bastones rectos de brocoli 9x9 mm",Bastones rectos de brocoli,Estacional,Bastones clasicos - Sigilo,Bastones clasicos,Medio,8.75,"5x1,75kg",5,1.75,bdefb2124af27fa9ca0fa5d293a18aa4,8.75,4.1,386.0,286.0,209.0,394.2,294.2,217.2,1800,800,1200,8.0,2.0,4.0,64.0,0.932943504,5,1.75,8.75,True,True,2.0,4.0,8.0,64.0,True,0.0
BR0174,"Gajos de brocoli - sazonado - Caja de 5 packs de 1,75 kg",Gajos de brocoli,Forma estable,Bastones clasicos - Sigilo,Bastones clasicos,Forma,8.75,5x1.8kg,5,1.75,116dda17a7b7fb82c62f462ef4a94218,3.0625,4.1,386.0,286.0,164.0,394.2,294.2,172.2,1800,800,1200,10.0,2.0,4.0,80.0,0.92456763,5,1.8,8.75,True,True,2.0,4.0,10.0,80.0,True,0.0
BR0175,"Brocoli en rejilla - sazonado - Caja de 5 packs de 1,75 kg",Brocoli en rejilla,Forma estable,Bastones clasicos - Sigilo,Bastones clasicos,Forma,8.75,"5x1,75kg",5,1.75,2060590a59a5c59ff1bb32dbffe1028b,8.75,4.1,386.0,286.0,288.0,394.2,294.2,296.2,1800,800,1200,6.0,2.0,4.0,48.0,0.954205338,5,1.75,8.75,True,True,2.0,4.0,6.0,48.0,True,0.0
BR0176,5 bolsas de 1 kg | Bocados de brocoli con queso cheddar picante,Bocados de brocoli con queso cheddar,Co-produccion,Snacks y aperitivos - Queso,Snacks y aperitivos,Forma,5.0,"5x1,0kg",5,1.0,1e4959b0a5703ba491bdc303578ad11c,5.0,2.7,393.0,255.0,168.0,398.4,260.4,173.4,1800,800,1200,10.0,2.0,4.0,80.0,0.8328286399999999,5,1.0,5.0,True,True,2.0,4.0,10.0,80.0,False,
BR0177,BonsaiVegetales Bocados de brocoli con mozzarella 5 x 1 kg,Bocados de brocoli con mozzarella,Co-produccion,Snacks y aperitivos - Queso,Snacks y aperitivos,Forma,5.0,5x1kg,5,1.0,1e4959b0a5703ba491bdc303578ad11c,5.0,2.7,393.0,255.0,168.0,398.4,260.4,173.4,1800,800,1200,10.0,2.0,4.0,80.0,0.8328286399999999,5,1.0,5.0,True,True,2.0,4.0,10.0,80.0,False,
BR0178,5 bolsas de 1 kg | Bocados de brocoli con queso cheddar picante,Bocados de brocoli con queso cheddar,Co-produccion,Snacks y aperitivos - Queso,Snacks y aperitivos,Forma,5.0,5x1kg,5,1.0,4b244c7cfb71e51bf24fcc396d19c509,5.0,2.7,393.0,250.0,168.0,398.4,255.4,173.4,1800,800,1200,10.0,2.0,4.0,80.0,0.8168373066666668,5,1.0,5.0,True,True,2.0,4.0,10.0,80.0,True,0.0
BR0179,BonsaiVegetales Bocados de brocoli con queso suizo 5 x 1 kg,Bocados de brocoli con queso suizo,Co-produccion,Snacks y aperitivos - Queso,Snacks y aperitivos,Forma,5.0,5x1kg,5,1.0,1aef9680c5b131e489d3ac61e5ace43f,5.0,4.8,384.0,286.0,148.0,393.6,295.6,157.6,1800,800,1200,11.0,2.0,4.0,88.0,0.933801713777778,5,1.0,5.0,True,True,2.0,4.0,11.0,88.0,True,0.0
BR0180,BonsaiVegetales Bocados de brocoli con queso crema picante 5 x 1 kg,Bocados de brocoli con queso crema,Co-produccion,Snacks y aperitivos - Queso,Snacks y aperitivos,Forma,5.0,5x1kg,5,1.0,1e4959b0a5703ba491bdc303578ad11c,5.0,2.7,393.0,255.0,168.0,398.4,260.4,173.4,1800,800,1200,10.0,2.0,4.0,80.0,0.8328286399999999,5,1.0,5.0,True,True,2.0,4.0,10.0,80.0,False,
BR0181,Bocados de brocoli con queso cheddar - picante - Caja de 5 packs de 1 kg,Bocados de brocoli con queso cheddar,Co-produccion,Snacks y aperitivos - Queso,Snacks y aperitivos,Forma,5.0,"5x1,0kg",5,1.0,1e4959b0a5703ba491bdc303578ad11c,,2.7,393.0,255.0,168.0,398.4,260.4,173.4,1800,800,1200,10.0,2.0,4.0,80.0,0.8328286399999999,5,1.0,5.0,True,True,2.0,4.0,10.0,80.0,False,
BR0182,"BonsaiPremium Bastones rectos de brocoli 5 x 2,5 kg | Ref F6I",Bastones rectos de brocoli,Estacional,Brocoli especial - Bastones Especiales,Brocoli especial,Corte steak,12.5,"5x2,5kg",5,2.5,a1c08078a73de9700accb1bfa9d293be,12.5,2.7,395.0,292.0,245.0,400.0,297.4,250.4,1800,800,1200,7.0,2.0,4.0,56.0,0.9653383703703702,5,2.5,12.5,True,True,2.0,4.0,7.0,56.0,True,0.0
BR0183,"BonsaiGreen Bastones rectos de brocoli 9x18 mm 5 x 2,5 kg | Ref IGH",Bastones rectos de brocoli,Estacional,Bastones clasicos - Sigilo,Bastones clasicos,Corte steak,12.5,"5x2,5kg",5,2.5,fc6931875b8384c7bacd18bb4699795f,12.5,2.7,393.0,255.0,219.0,398.4,260.4,224.4,1800,800,1200,8.0,2.0,4.0,64.0,0.862222592,5,2.5,12.5,True,True,2.0,4.0,8.0,64.0,True,0.0
BR0184,"BonsaiPremium Bastones rectos de brocoli 9x9 mm 5 x 2,5 kg | Ref PH8",Bastones rectos de brocoli,Estacional,Bastones clasicos - Cielo,Bastones clasicos,Medio,12.5,"5x2,5kg",5,2.5,8850d576186653964c356b848cd2153a,12.5,4.1,386.0,286.0,194.0,394.2,294.2,202.2,1800,800,1200,8.0,2.0,4.0,64.0,0.8685137039999999,5,2.5,12.5,True,True,2.0,4.0,8.0,64.0,True,0.0
BR0185,"BonsaiGreen Brocoli zigzag 5 x 2,5 kg",Brocoli zigzag,Forma estable,Bastones clasicos - Sigilo,Bastones clasicos,Forma,12.5,"5x2,5kg",5,2.5,78476d2a5588a720c7742ab9b866c42e,12.5,2.7,393.0,255.0,286.0,398.4,260.4,291.4,1800,800,1200,6.0,2.0,4.0,48.0,0.8397448639999996,5,2.5,12.5,True,True,2.0,4.0,6.0,48.0,True,0.0
BR0186,"5 bolsas de 2,5 kg | Mix crujiente de brocoli",Mix crujiente de brocoli,Forma estable,Bastones clasicos - Sigilo,Bastones clasicos,Forma,12.5,"5x2,5kg",5,2.5,27cfee279bf2517d910cfab7c0b51213,12.5,4.1,386.0,286.0,204.0,394.2,294.2,212.2,1800,800,1200,8.0,2.0,4.0,64.0,0.911466904,5,2.5,12.5,True,True,2.0,4.0,8.0,64.0,True,0.0
BR0187,"BonsaiPremium Bastones rectos de brocoli 9x9 mm 5 x 2,5 kg | Ref 2QK",Bastones rectos de brocoli,Estacional,Bastones clasicos - Cielo,Bastones clasicos,Medio,12.5,"5x2,5kg",5,2.5,e743e947473252606cfa14519dbf593b,12.5,2.7,393.0,255.0,291.0,398.4,260.4,296.4,1800,800,1200,6.0,2.0,4.0,48.0,0.8541536639999997,5,2.5,12.5,True,True,2.0,4.0,6.0,48.0,True,0.0
BR0188,"BonsaiPremium Bastones rectos de brocoli 5 x 2,5 kg | Ref F6I",Bastones rectos de brocoli,Estacional,Brocoli especial - Bastones Especiales,Brocoli especial,Corte steak,12.5,"5x2,5kg",5,2.5,d31c61f54dfba12e6064bda2c75bc9f2,12.5,2.7,395.0,292.0,194.0,400.0,297.4,199.4,1800,800,1200,9.0,2.0,4.0,72.0,0.9883593333333334,5,2.5,12.5,True,True,2.0,4.0,9.0,72.0,True,0.0
BR0189,"Corte rustico de brocoli - clasico - Caja de 5 packs de 2,5 kg",Corte rustico de brocoli,Forma estable,Bastones clasicos - Sigilo,Bastones clasicos,Forma,12.5,"5x2,5kg",5,2.5,37070e9f43f02e356af14131f16a3112,12.5,2.7,393.0,255.0,245.0,398.4,260.4,250.4,1800,800,1200,7.0,2.0,4.0,56.0,0.8418581546666666,5,2.5,12.5,True,True,2.0,4.0,7.0,56.0,True,0.0
BR0190,"5 bolsas de 2,5 kg | Corte rustico de brocoli | Ref 97Y",Corte rustico de brocoli,Forma estable,Bastones clasicos - Sigilo,Bastones clasicos,Forma,12.5,"5x2,5kg",5,2.5,37070e9f43f02e356af14131f16a3112,,2.7,393.0,255.0,245.0,398.4,260.4,250.4,1800,800,1200,7.0,2.0,4.0,56.0,0.8418581546666666,5,2.5,12.5,True,True,2.0,4.0,7.0,56.0,True,0.0
BR0191,"Bastones rectos de brocoli - clasico - Caja de 5 packs de 2,5 kg | Ref 11C",Bastones rectos de brocoli,Estacional,Bastones clasicos - Sigilo,Bastones clasicos,Medio,12.5,"5x2,5kg",5,2.5,fc6931875b8384c7bacd18bb4699795f,12.5,2.7,393.0,255.0,219.0,398.4,260.4,224.4,1800,800,1200,8.0,2.0,4.0,64.0,0.862222592,5,2.5,12.5,True,True,2.0,4.0,8.0,64.0,True,0.0
BR0192,"5 bolsas de 2,5 kg | Bastones rectos de brocoli | Ref GXS",Bastones rectos de brocoli,Estacional,Bastones clasicos - Sigilo,Bastones clasicos,Grueso,12.5,"5x2,5kg",5,2.5,1a3ffa8018de4637afcdd1e390e2602a,12.5,4.1,383.0,248.0,199.0,391.2,256.2,207.2,1800,800,1200,8.0,2.0,4.0,64.0,0.7691374506666666,5,2.5,12.5,True,True,2.0,4.0,8.0,64.0,True,0.0
BR0193,"Brocoli zigzag 9x9 mm - clasico - Caja de 5 packs de 2,5 kg | Ref V9S",Brocoli zigzag,Forma estable,Bastones clasicos - Sigilo,Bastones clasicos,Forma,12.5,"5x2,5kg",5,2.5,78476d2a5588a720c7742ab9b866c42e,,2.7,393.0,255.0,286.0,398.4,260.4,291.4,1800,800,1200,6.0,2.0,4.0,48.0,0.8397448639999996,5,2.5,12.5,True,True,2.0,4.0,6.0,48.0,True,0.0
BR0194,"5 bolsas de 1,75 kg | Bastones rectos de brocoli 6x6 mm",Bastones rectos de brocoli,Estacional,Brocoli especial - Bastones Especiales,Brocoli especial,Fino,8.75,"5x1,75kg",5,1.75,f1efec47e48187c72213058375afab2c,8.75,2.7,395.0,296.0,286.0,400.0,301.4,291.4,1800,800,1200,6.0,2.0,3.0,36.0,0.7318996666666666,5,1.75,8.75,True,True,2.0,3.0,6.0,36.0,False,
BR0195,"BonsaiGreen Bastones rectos de brocoli 9x9 mm con cabo 5 x 2,5 kg | Ref GPT",Bastones rectos de brocoli,Estacional,Bastones clasicos - Sigilo,Bastones clasicos,Medio,12.5,"5x2,5kg",5,2.5,02cf77de65b70dd77905e2e33d78478f,12.5,2.7,395.0,296.0,291.0,400.0,301.4,296.4,1800,800,1200,6.0,2.0,3.0,36.0,0.744458,5,2.5,12.5,True,True,2.0,3.0,6.0,36.0,True,0.0
BR0196,"Bastones rectos de brocoli - clasico - Caja de 5 packs de 2,5 kg | Ref M96",Bastones rectos de brocoli,Estacional,Bastones clasicos - Sigilo,Bastones clasicos,Grueso,12.5,"5x2,5kg",5,2.5,3249c6671a2e400c91ae940376aa4946,12.5,4.1,388.0,288.0,268.0,396.2,296.2,276.2,1800,800,1200,6.0,2.0,4.0,48.0,0.9003693424444443,5,2.5,12.5,True,True,2.0,4.0,6.0,48.0,True,0.0
BR0197,"Bastones rectos de brocoli 7x7 mm - clasico - Caja de 5 packs de 2,5 kg",Bastones rectos de brocoli,Estacional,Bastones clasicos - Legumes Frites,Bastones clasicos,Fino,12.5,"5x2,5kg",5,2.5,614801e8bbdec32546c0d92055dfb596,12.5,4.1,388.0,288.0,194.0,396.2,296.2,202.2,1800,800,1200,8.0,2.0,4.0,64.0,0.8788543617777776,5,2.5,12.5,True,True,2.0,4.0,8.0,64.0,True,0.0
BR0198,"BonsaiGreen Bastones rectos de brocoli 9x9 mm 5 x 2,5 kg | Ref TJZ",Bastones rectos de brocoli,Estacional,Bastones clasicos - Legumes Frites,Bastones clasicos,Medio,12.5,"5x2,5kg",5,2.5,3bbb0a264f46985b05693bd22a6944d3,12.5,4.6,381.0,283.0,188.0,390.2,292.2,197.2,1800,800,1200,9.0,2.0,4.0,72.0,0.9368350819999998,5,2.5,12.5,True,True,2.0,4.0,9.0,72.0,True,0.0
BR0199,"BonsaiGreen Bastones rectos de brocoli 9x9 mm 5 x 2,5 kg | Ref 66Q",Bastones rectos de brocoli,Estacional,Bastones clasicos - Legumes Frites,Bastones clasicos,Medio,12.5,"5x2,5kg",5,2.5,79637c70988d89fe3abe191b59c1ed0c,12.5,4.1,388.0,288.0,219.0,396.2,296.2,227.2,1800,800,1200,7.0,2.0,4.0,56.0,0.8640763952592592,5,2.5,12.5,True,True,2.0,4.0,7.0,56.0,True,0.0
BR0200,"BonsaiGreen Bastones rectos de brocoli 11x11 mm 5 x 2,5 kg | Ref 94Q",Bastones rectos de brocoli,Estacional,Bastones clasicos - Legumes Frites,Bastones clasicos,Medio,12.5,"5x2,5kg",5,2.5,ad02b3d41b4467a5a65a742951a80e72,12.5,4.1,386.0,286.0,171.0,394.2,294.2,179.2,1800,800,1200,10.0,2.0,4.0,80.0,0.9621516799999998,5,2.5,12.5,True,True,2.0,4.0,10.0,80.0,True,0.0
BR0201,"5 bolsas de 2,5 kg | Bastones rectos de brocoli 9x18 mm | Ref M8G",Bastones rectos de brocoli,Estacional,Bastones clasicos - Legumes Frites,Bastones clasicos,Corte steak,12.5,"5x2,5kg",5,2.5,162c41fa859810e889efa37f867819bb,12.5,2.7,395.0,296.0,214.0,400.0,301.4,219.4,1800,800,1200,8.0,2.0,3.0,48.0,0.7347462222222222,5,2.5,12.5,True,True,2.0,3.0,8.0,48.0,True,0.0
BR0202,"5 bolsas de 2,5 kg | Bastones rectos de brocoli 9x18 mm | Ref VXR",Bastones rectos de brocoli,Estacional,Bastones clasicos - Legumes Frites,Bastones clasicos,Corte steak,12.5,"5x2,5kg",5,2.5,67894c5a8355ca9b7e57b96362fa45f1,12.5,4.1,388.0,288.0,169.0,396.2,296.2,177.2,1800,800,1200,10.0,2.0,4.0,80.0,0.962741054074074,5,2.5,12.5,True,True,2.0,4.0,10.0,80.0,True,0.0
BR0203,"5 bolsas de 2,5 kg | Bastones rectos de brocoli 9x9 mm | Ref 3JD",Bastones rectos de brocoli,Estacional,Bastones clasicos - Legumes Frites Salados,Bastones clasicos,Medio,12.5,"5x2,5kg",5,2.5,f95687311339e4b9b0ef5622b26fd941,12.5,2.7,393.0,255.0,209.0,398.4,260.4,214.4,1800,800,1200,8.0,2.0,4.0,64.0,0.8237991253333332,5,2.5,12.5,True,True,2.0,4.0,8.0,64.0,True,0.0
BR0204,"5 bolsas de 2,5 kg | Bastones rectos de brocoli 6x6 mm | Ref MQU",Bastones rectos de brocoli,Estacional,Bastones clasicos - Legumes Frites Salados,Bastones clasicos,Fino,12.5,"5x2,5kg",5,2.5,3826faf22304dbe5bef22f8c36155874,12.5,2.7,393.0,255.0,224.0,398.4,260.4,229.4,1800,800,1200,7.0,2.0,4.0,56.0,0.7712550346666666,5,2.5,12.5,True,True,2.0,4.0,7.0,56.0,False,
BR0205,"Bastones rectos de brocoli 6x6 mm - crocante - Caja de 5 packs de 2,5 kg | Ref 3CH",Bastones rectos de brocoli,Estacional,Bastones extra crocantes - Muy Crocantes,Bastones extra crocantes,Fino,12.5,"5x2,5kg",5,2.5,414d4cf5c1bc8a346f7e4445ede7acbd,12.5,4.1,386.0,286.0,229.0,394.2,294.2,237.2,1800,800,1200,7.0,2.0,4.0,56.0,0.8914936659999999,5,2.5,12.5,True,True,2.0,4.0,7.0,56.0,True,0.0
BR0206,"5 bolsas de 2,5 kg | Bastones rectos de brocoli 9x9 mm crocante",Bastones rectos de brocoli,Estacional,Bastones extra crocantes - Muy Crocantes,Bastones extra crocantes,Medio,12.5,"5x2,5kg",5,2.5,48d2fa87ef6ac189e633680672b6132e,12.5,4.1,386.0,286.0,199.0,394.2,294.2,207.2,1800,800,1200,8.0,2.0,4.0,64.0,0.8899903039999999,5,2.5,12.5,True,True,2.0,4.0,8.0,64.0,True,0.0
BR0207,"Bastones rectos de brocoli 9x9 mm - crocante - Caja de 5 packs de 2,5 kg | Ref M67",Bastones rectos de brocoli,Estacional,Bastones extra crocantes - Muy Crocantes,Bastones extra crocantes,Medio,12.5,"5x2,5kg",5,2.5,48d2fa87ef6ac189e633680672b6132e,12.5,4.1,386.0,286.0,199.0,394.2,294.2,207.2,1800,800,1200,8.0,2.0,4.0,64.0,0.8899903039999999,5,2.5,12.5,True,True,2.0,4.0,8.0,64.0,True,0.0
BR0208,"Bastones rectos de brocoli 9x9 mm - crocante - Caja de 5 packs de 2,5 kg | Ref XJG",Bastones rectos de brocoli,Estacional,Bastones extra crocantes - Muy Crocantes,Bastones extra crocantes,Medio,12.5,"5x2,5kg",5,2.5,fa8da38322149b23e14a120e71d38975,12.5,2.7,393.0,255.0,235.0,398.4,260.4,240.4,1800,800,1200,7.0,2.0,4.0,56.0,0.8082376213333332,5,2.5,12.5,True,True,2.0,4.0,7.0,56.0,True,0.0
BR0209,"BonsaiPremium Bastones rectos de brocoli 13x13 mm 5 x 2,5 kg",Bastones rectos de brocoli,Estacional,Bastones clasicos - Reserva Privada,Bastones clasicos,Grueso,12.5,"5x2,5kg",5,2.5,bbc4a9c702728931b676523ffd513a75,12.5,4.1,384.0,284.0,179.0,392.2,292.2,187.2,1800,800,1200,9.0,2.0,4.0,72.0,0.8938865519999998,5,2.5,12.5,True,True,2.0,4.0,9.0,72.0,True,0.0
BR0209XL,"BonsaiPremium Bastones rectos de brocoli 13x13 mm 5 x 2,5 kg XL",Bastones rectos de brocoli,Estacional,Bastones clasicos - Reserva Privada,Bastones clasicos,Grueso,12.5,"5x2,5kg",5,2.5,f324c5af11a778e41d0ca8572b5187bb,12.5,4.1,384.0,286.0,184.0,392.2,294.2,192.2,1800,800,1200,9.0,2.0,4.0,72.0,0.9240434636666666,5,2.5,12.5,True,True,2.0,4.0,9.0,72.0,True,0.0
BR0210,"5 bolsas de 2,5 kg | Bastones rectos de brocoli 16x18 mm",Bastones rectos de brocoli,Estacional,Bastones clasicos - Reserva Privada,Bastones clasicos,Grueso,12.5,"5x2,5kg",5,2.5,67894c5a8355ca9b7e57b96362fa45f1,12.5,4.1,388.0,288.0,169.0,396.2,296.2,177.2,1800,800,1200,10.0,2.0,4.0,80.0,0.962741054074074,5,2.5,12.5,True,True,2.0,4.0,10.0,80.0,True,0.0
BR0211,"Bastones rectos de brocoli 16x18 mm - con cabo - Caja de 5 packs de 2,5 kg",Bastones rectos de brocoli,Estacional,Bastones clasicos - Reserva Privada,Bastones clasicos,Grueso,12.5,"5x2,5kg",5,2.5,67894c5a8355ca9b7e57b96362fa45f1,12.5,4.1,388.0,288.0,169.0,396.2,296.2,177.2,1800,800,1200,10.0,2.0,4.0,80.0,0.962741054074074,5,2.5,12.5,True,True,2.0,4.0,10.0,80.0,True,0.0
BR0212,"BonsaiGreen Brocoli zigzag 9x9 mm 5 x 2,5 kg",Brocoli zigzag,Forma estable,Bastones clasicos - Sigilo,Bastones clasicos,Forma,12.5,"5x2,5kg",5,2.5,c4661c6946240f8ff854e9255c97cbc9,12.5,4.1,388.0,288.0,353.0,396.2,296.2,361.2,1800,800,1200,4.0,2.0,4.0,32.0,0.7849708097777777,5,2.5,12.5,True,True,2.0,4.0,4.0,32.0,True,0.0
BR0213,"Espirales de brocoli - sazonado - Caja de 11 packs de 0,5 kg",Espirales de brocoli,Forma estable,Bastones clasicos - Sigilo,Bastones clasicos,Forma,5.5,"11x0,5kg",11,0.5,6f0bc5eabea0d399e9342acf41bcb33b,5.5,2.7,395.0,296.0,194.0,400.0,301.4,199.4,1800,800,1200,9.0,2.0,3.0,54.0,0.7512394999999998,11,0.5,5.5,True,True,2.0,3.0,9.0,54.0,True,0.0
BR0214,"11 bolsas de 0,5 kg | Bastones rectos de brocoli",Bastones rectos de brocoli,Estacional,Bastones clasicos - Sigilo,Bastones clasicos,Forma,5.5,"11x0,5kg",11,0.5,5e09543a8b7a6614f447c98559a39851,5.5,2.7,395.0,296.0,178.0,400.0,301.4,183.4,1800,800,1200,9.0,2.0,3.0,54.0,0.6909594999999998,11,0.5,5.5,True,True,2.0,3.0,9.0,54.0,True,0.0
BR0215,"Brocoli en rejilla - sazonado - Caja de 9 packs de 0,5 kg | Ref WRG",Brocoli en rejilla,Forma estable,Bastones clasicos - Sigilo,Bastones clasicos,Forma,4.5,"9x0,5kg",9,0.5,5e09543a8b7a6614f447c98559a39851,4.5,2.7,395.0,296.0,178.0,400.0,301.4,183.4,1800,800,1200,9.0,2.0,3.0,54.0,0.6909594999999998,9,0.5,4.5,True,True,2.0,3.0,9.0,54.0,True,0.0
BR0216,"Tiras para dip de brocoli - con sal - Caja de 11 packs de 0,5 kg",Tiras para dip de brocoli,Forma estable,Bastones clasicos - Sigilo,Bastones clasicos,Forma,5.5,"11x0,5kg",11,0.5,1e4959b0a5703ba491bdc303578ad11c,5.5,2.7,393.0,255.0,168.0,398.4,260.4,173.4,1800,800,1200,10.0,2.0,4.0,80.0,0.8328286399999999,11,0.5,5.5,True,True,2.0,4.0,10.0,80.0,False,
BR0217,"BonsaiGreen Brocoli zigzag sazonado 9 x 0,75 kg",Brocoli zigzag,Forma estable,Bastones clasicos - Sigilo,Bastones clasicos,Forma,6.75,"9x0,8kg",9,0.75,1d004a15dfa567347fd4f43b42afd3a4,,2.7,395.0,296.0,163.0,400.0,301.4,168.4,1800,800,1200,10.0,2.0,3.0,60.0,0.7049411111111111,9,0.8,6.75,True,True,2.0,3.0,10.0,60.0,True,0.0
BR0218,"BonsaiGreen Bastones rectos de brocoli 16x18 mm con cabo 13 x 0,75 kg",Bastones rectos de brocoli,Estacional,Bastones clasicos - Legumes Frites,Bastones clasicos,Grueso,9.75,"13x0,75kg",13,0.75,cb9988b0557e22e3abc2bbe0a56967d0,9.75,4.1,386.0,286.0,169.0,394.2,294.2,177.2,1800,800,1200,10.0,2.0,4.0,80.0,0.95141338,13,0.75,9.75,True,True,2.0,4.0,10.0,80.0,True,0.0
BR0219,"BonsaiGreen Tiras para dip de brocoli con sal 9 x 0,75 kg",Tiras para dip de brocoli,Forma estable,Bastones clasicos - Sigilo,Bastones clasicos,Forma,6.75,"9x0,75kg",9,0.75,ce1ff894a22d25ca524b3e3a26227ec6,6.75,2.7,395.0,296.0,158.0,400.0,301.4,163.4,1800,800,1200,11.0,2.0,3.0,66.0,0.7524116111111111,9,0.75,6.75,True,True,2.0,3.0,11.0,66.0,True,0.0
BR0220,"9 bolsas de 0,5 kg | Espirales de brocoli",Espirales de brocoli,Forma estable,Bastones clasicos - Reserva Privada,Bastones clasicos,Forma,4.5,"9x0,5kg",9,0.5,ae072ed4f441d6f7ab5283589778daca,4.5,2.7,393.0,255.0,184.0,398.4,260.4,189.4,1800,800,1200,9.0,2.0,4.0,72.0,0.8187080159999999,9,0.5,4.5,True,True,2.0,4.0,9.0,72.0,True,0.0
BR0221,"BonsaiGreen Espirales de brocoli sazonado 9 x 0,5 kg",Espirales de brocoli,Forma estable,Bastones clasicos - Sigilo,Bastones clasicos,Forma,4.5,"9x0,5kg",9,0.5,74199034c698427710e01bb0d15604d8,4.5,2.7,393.0,255.0,173.0,398.4,260.4,178.4,1800,800,1200,10.0,2.0,4.0,80.0,0.8568433066666665,9,0.5,4.5,True,True,2.0,4.0,10.0,80.0,True,0.0
BR0222,"Brocoli en rejilla - sazonado - Caja de 9 packs de 0,5 kg | Ref R6I",Brocoli en rejilla,Forma estable,Bastones clasicos - Sigilo,Bastones clasicos,Forma,4.5,"9x0,5kg",9,0.5,6606e81b2f59d36618cddb9ed77287c3,4.5,2.7,393.0,255.0,199.0,398.4,260.4,204.4,1800,800,1200,8.0,2.0,4.0,64.0,0.7853756586666666,9,0.5,4.5,True,True,2.0,4.0,8.0,64.0,True,0.0
BR0223,"Brocoli zigzag - clasico - Caja de 9 packs de 0,75 kg",Brocoli zigzag,Forma estable,Bastones clasicos - Sigilo,Bastones clasicos,Forma,6.75,"9x0,75kg",9,0.75,ae072ed4f441d6f7ab5283589778daca,6.75,2.7,393.0,255.0,184.0,398.4,260.4,189.4,1800,800,1200,9.0,2.0,4.0,72.0,0.8187080159999999,9,0.75,6.75,True,True,2.0,4.0,9.0,72.0,True,0.0
BR0224,"9 bolsas de 0,5 kg | Dippers de brocoli",Dippers de brocoli,Forma estable,Bastones clasicos - Sigilo,Bastones clasicos,Forma,4.5,"9x0,5kg",9,0.5,3ef63ea58bdc563a0f889a62b3874119,4.5,2.7,393.0,255.0,148.0,398.4,260.4,153.4,1800,800,1200,11.0,2.0,4.0,88.0,0.8104469706666666,9,0.5,4.5,True,True,2.0,4.0,11.0,88.0,True,0.0
BR0225,"BonsaiGreen Corte rustico de brocoli 9 x 0,75 kg",Corte rustico de brocoli,Forma estable,Bastones clasicos - Sigilo,Bastones clasicos,Forma,6.75,"9x0,75kg",9,0.75,8f6cdeebd6a09f639e27ef1cbb567311,6.75,4.1,383.0,248.0,154.0,391.2,256.2,162.2,1800,800,1200,11.0,2.0,4.0,88.0,0.8278806946666666,9,0.75,6.75,True,True,2.0,4.0,11.0,88.0,True,0.0
BR0226,"Bastones rectos de brocoli 9x9 mm - con cabo - Caja de 11 packs de 0,75 kg",Bastones rectos de brocoli,Estacional,Bastones clasicos - Sigilo,Bastones clasicos,Medio,8.25,"11x0,75kg",11,0.75,ae072ed4f441d6f7ab5283589778daca,8.25,2.7,393.0,255.0,184.0,398.4,260.4,189.4,1800,800,1200,9.0,2.0,4.0,72.0,0.8187080159999999,11,0.75,8.25,True,True,2.0,4.0,9.0,72.0,True,0.0
BR0227,"Brocoli zigzag - sazonado - Caja de 9 packs de 0,75 kg",Brocoli zigzag,Forma estable,Bastones clasicos - Sigilo,Bastones clasicos,Forma,6.75,"9x0,8kg",9,0.75,8f61ca662a88d3f0432d0d6a0cfbf2ee,,4.1,383.0,248.0,179.0,391.2,256.2,187.2,1800,800,1200,9.0,2.0,4.0,72.0,0.7817584319999997,9,0.8,6.75,True,True,2.0,4.0,9.0,72.0,True,0.0
BR0228,"9 bolsas de 0,75 kg | Bastones rectos de brocoli",Bastones rectos de brocoli,Estacional,Bastones clasicos - Sigilo,Bastones clasicos,Fino,6.75,"9x0,75kg",9,0.75,ae072ed4f441d6f7ab5283589778daca,6.75,2.7,393.0,255.0,184.0,398.4,260.4,189.4,1800,800,1200,9.0,2.0,4.0,72.0,0.8187080159999999,9,0.75,6.75,True,True,2.0,4.0,9.0,72.0,True,0.0
BR0229,"Brocoli en rejilla - sazonado - Caja de 9 packs de 0,5 kg | Ref R6I",Brocoli en rejilla,Forma estable,Bastones clasicos - Sigilo,Bastones clasicos,Forma,4.5,"9x0,5kg",9,0.5,6606e81b2f59d36618cddb9ed77287c3,4.5,2.7,393.0,255.0,199.0,398.4,260.4,204.4,1800,800,1200,8.0,2.0,4.0,64.0,0.7853756586666666,9,0.5,4.5,True,True,2.0,4.0,8.0,64.0,True,0.0
BR0230,"BonsaiGreen Bastones rectos de brocoli 9x9 mm con cabo 9 x 0,75 kg",Bastones rectos de brocoli,Estacional,Bastones clasicos - Sigilo,Bastones clasicos,Medio,6.75,"9x0,75kg",9,0.75,ad82db0ca04dc6e4f24560b7e49b6000,6.75,2.7,395.0,296.0,138.0,400.0,301.4,143.4,1800,800,1200,12.0,2.0,3.0,72.0,0.720346,9,0.75,6.75,True,True,2.0,3.0,12.0,72.0,False,
BR0231,"9 bolsas de 0,75 kg | Bastones rectos de brocoli",Bastones rectos de brocoli,Estacional,Bastones clasicos - Sigilo,Bastones clasicos,Fino,6.75,"9x0,75kg",9,0.75,a778b11e4e4ba54e29a39958cb07f4f2,6.75,2.7,395.0,296.0,168.0,400.0,301.4,173.4,1800,800,1200,10.0,2.0,3.0,60.0,0.7258716666666666,9,0.75,6.75,True,True,2.0,3.0,10.0,60.0,True,0.0
BR0232,"Espirales de brocoli - sazonado - Caja de 5 packs de 2,5 kg | Ref D2J",Espirales de brocoli,Forma estable,Bastones clasicos - Sigilo,Bastones clasicos,Forma,12.5,"5x2,5kg",5,2.5,ce9d9f5685ddf0df230b3137826b5cde,12.5,4.1,386.0,286.0,256.0,394.2,294.2,264.2,1800,800,1200,6.0,2.0,4.0,48.0,0.8511176579999999,5,2.5,12.5,True,True,2.0,4.0,6.0,48.0,False,
BR0233,"Brocoli en rejilla - sazonado - Caja de 5 packs de 2,5 kg",Brocoli en rejilla,Forma estable,Bastones clasicos - Sigilo,Bastones clasicos,Forma,12.5,"5x2,5kg",5,2.5,02cf77de65b70dd77905e2e33d78478f,12.5,2.7,395.0,296.0,291.0,400.0,301.4,296.4,1800,800,1200,6.0,2.0,3.0,36.0,0.744458,5,2.5,12.5,True,True,2.0,3.0,6.0,36.0,True,0.0
BR0234,"Cubos de brocoli - clasico - Caja de 5 packs de 2,5 kg",Cubos de brocoli,Forma estable,Guarniciones - Cubos,Guarniciones,Forma,12.5,"5x2,5kg",5,2.5,ae072ed4f441d6f7ab5283589778daca,12.5,2.7,393.0,255.0,184.0,398.4,260.4,189.4,1800,800,1200,9.0,2.0,4.0,72.0,0.8187080159999999,5,2.5,12.5,True,True,2.0,4.0,9.0,72.0,True,0.0
BR0235,"5 bolsas de 2,5 kg | Tortitas de brocoli",Tortitas de brocoli,Forma estable,Guarniciones - Tortitas,Guarniciones,Forma,12.5,"5x2,5kg",5,2.5,c68517097037ec6420e21676ab2f1609,12.5,2.5,393.0,255.0,265.0,398.0,260.0,270.0,1800,800,1200,6.0,2.0,4.0,48.0,0.7761,5,2.5,12.5,True,True,2.0,4.0,6.0,48.0,True,0.0
BR0236,"Rosti de brocoli - clasico - Caja de 5 packs de 2,5 kg",Rosti de brocoli,Forma estable,Guarniciones - Tortitas,Guarniciones,Forma,12.5,"5x2,5kg",5,2.5,6bf7838d3709d8f15fdad06ed6484d8e,,2.5,393.0,255.0,260.0,398.0,260.0,265.0,1800,800,1200,6.0,2.0,4.0,48.0,0.7617277777777778,5,2.5,12.5,True,True,2.0,4.0,6.0,48.0,True,0.0
BR0237,"BonsaiGreen Brocoli ondulado 5 x 2,5 kg",Brocoli ondulado,Forma estable,Bastones clasicos - Sigilo,Bastones clasicos,Forma,12.5,"5x2,5kg",5,2.5,746ba2b15e87d0070b74ecc07f6ca350,12.5,4.1,388.0,288.0,229.0,396.2,296.2,237.2,1800,800,1200,7.0,2.0,4.0,56.0,0.9021079267407406,5,2.5,12.5,True,True,2.0,4.0,7.0,56.0,True,0.0
BR0238,"Bastones rectos de brocoli 6x6 mm - picante - Caja de 5 packs de 1,75 kg",Bastones rectos de brocoli,Estacional,Bastones clasicos - Sigilo,Bastones clasicos,Fino,8.75,"5x1,75kg",5,1.75,9c72b7ef9f82b991ef05900066e9dc1b,8.75,4.8,380.0,282.0,271.0,389.6,291.6,280.6,1800,800,1200,6.0,2.0,4.0,48.0,0.8855062560000003,5,1.75,8.75,True,True,2.0,4.0,6.0,48.0,True,0.0
BR0239,"Dippers de brocoli - clasico - Caja de 5 packs de 2,5 kg",Dippers de brocoli,Forma estable,Bastones clasicos - Sigilo,Bastones clasicos,Forma,12.5,"5x2,5kg",5,2.5,963709ce03639618149be23f8bb82ece,12.5,4.1,383.0,248.0,253.0,391.2,256.2,261.2,1800,800,1200,6.0,2.0,4.0,48.0,0.7271912479999998,5,2.5,12.5,True,True,2.0,4.0,6.0,48.0,True,0.0
BR0240,"Dippers de brocoli - clasico - Caja de 5 packs de 2,5 kg",Dippers de brocoli,Forma estable,Bastones clasicos - Sigilo,Bastones clasicos,Forma,12.5,"5x2,5kg",5,2.5,963709ce03639618149be23f8bb82ece,12.5,4.1,383.0,248.0,253.0,391.2,256.2,261.2,1800,800,1200,6.0,2.0,4.0,48.0,0.7271912479999998,5,2.5,12.5,True,True,2.0,4.0,6.0,48.0,True,0.0
BR0241,"5 bolsas de 2,5 kg | Gajos de brocoli sazonado",Gajos de brocoli,Forma estable,Bastones clasicos - Sigilo,Bastones clasicos,Forma,12.5,"5x2,5kg",5,2.5,537ef1ac28efdb45dee0d50d3e1f8274,12.5,4.8,380.0,282.0,251.0,389.6,291.6,260.6,1800,800,1200,6.0,2.0,4.0,48.0,0.8223910560000002,5,2.5,12.5,True,True,2.0,4.0,6.0,48.0,True,0.0
BR0242,"5 bolsas de 1,75 kg | Rodajas de brocoli",Rodajas de brocoli,Forma estable,Bastones clasicos - Reserva Privada,Bastones clasicos,Forma,8.75,"5x1,75kg",5,1.75,eb4895380ccaa410da0fefb6f12b197b,8.75,4.1,386.0,286.0,253.0,394.2,294.2,261.2,1800,800,1200,6.0,2.0,4.0,48.0,0.8414531879999999,5,1.75,8.75,True,True,2.0,4.0,6.0,48.0,False,
BR0243,"5 bolsas de 2,5 kg | Brocoli en rejilla sazonado, con cabo | Ref XZ2",Brocoli en rejilla,Forma estable,Bastones clasicos - Sigilo,Bastones clasicos,Forma,12.5,"5x2,5kg",5,2.5,ab2be01db2336d90876b25f646f81b48,12.5,4.1,386.0,286.0,283.0,394.2,294.2,291.2,1800,800,1200,6.0,2.0,4.0,48.0,0.9380978879999998,5,2.5,12.5,True,True,2.0,4.0,6.0,48.0,True,0.0
BR0244,"Espirales de brocoli - sazonado, con cabo - Caja de 5 packs de 2,5 kg",Espirales de brocoli,Forma estable,Bastones clasicos - Sigilo,Bastones clasicos,Forma,12.5,"5x2,5kg",5,2.5,eb4895380ccaa410da0fefb6f12b197b,12.5,4.1,386.0,286.0,253.0,394.2,294.2,261.2,1800,800,1200,6.0,2.0,4.0,48.0,0.8414531879999999,5,2.5,12.5,True,True,2.0,4.0,6.0,48.0,False,
BR0245,Rosti de brocoli - clasico - Caja de 11 packs de 1 kg | Ref AD9,Rosti de brocoli,Forma estable,Guarniciones - Tortitas,Guarniciones,Forma,11.0,11x1kg,11,1.0,a49d6ed97efd5ce792072d9ef9acf630,11.0,4.6,378.0,245.0,235.0,387.2,254.2,244.2,1800,800,1200,7.0,2.0,4.0,56.0,0.7789343271111111,11,1.0,11.0,True,True,2.0,4.0,7.0,56.0,True,0.0
BR0246,Bocaditos inflados de brocoli - clasico - Caja de 11 packs de 1 kg,Bocaditos inflados de brocoli,Forma estable,Snacks y aperitivos - Base Brocoli,Snacks y aperitivos,Forma,11.0,11x1kg,11,1.0,ef2c4cbdd2be88c4d7a73fe0a429c842,11.0,4.6,378.0,245.0,245.0,387.2,254.2,254.2,1800,800,1200,7.0,2.0,4.0,56.0,0.8108317197037036,11,1.0,11.0,True,True,2.0,4.0,7.0,56.0,False,
BR0247,"BonsaiPremium Bastones rectos de brocoli 6x6 mm 5 x 2,5 kg | Ref 3BS",Bastones rectos de brocoli,Estacional,Bastones clasicos - Reserva Privada,Bastones clasicos,Fino,12.5,5x2.5kg,5,2.5,5c09a821f787019adf0ee74c5cc31985,6.25,4.1,385.0,255.0,318.0,393.2,263.2,326.2,1800,800,1200,5.0,2.0,4.0,40.0,0.7814471362962961,5,2.5,12.5,True,True,2.0,4.0,5.0,40.0,True,0.0
BR0248,"BonsaiPremium Bastones rectos de brocoli 6x6 mm 5 x 2,5 kg | Ref EBV",Bastones rectos de brocoli,Estacional,Bastones clasicos - Reserva Privada,Bastones clasicos,Fino,12.5,"5x2,5kg",5,2.5,845990194eeb50cd131954a55fecd655,12.5,2.5,395.0,264.0,330.0,400.0,269.0,335.0,1800,800,1200,5.0,2.0,4.0,40.0,0.8343981481481482,5,2.5,12.5,True,True,2.0,4.0,5.0,40.0,True,0.0
BR0249,"5 bolsas de 2,5 kg | Bastones rectos de brocoli 6x6 mm | Ref MO1",Bastones rectos de brocoli,Estacional,Bastones clasicos - Reserva Privada,Bastones clasicos,Fino,12.5,"5x2,5kg",5,2.5,2060590a59a5c59ff1bb32dbffe1028b,12.5,4.1,386.0,286.0,288.0,394.2,294.2,296.2,1800,800,1200,6.0,2.0,4.0,48.0,0.954205338,5,2.5,12.5,True,True,2.0,4.0,6.0,48.0,True,0.0
BR0250,"BonsaiPremium Bastones rectos de brocoli 6x6 mm 5 x 2,5 kg | Ref HQ9",Bastones rectos de brocoli,Estacional,Bastones clasicos - Reserva Privada,Bastones clasicos,Fino,12.5,"5x2,5kg",5,2.5,2060590a59a5c59ff1bb32dbffe1028b,12.5,4.1,386.0,286.0,288.0,394.2,294.2,296.2,1800,800,1200,6.0,2.0,4.0,48.0,0.954205338,5,2.5,12.5,True,True,2.0,4.0,6.0,48.0,True,0.0
BR0251,"Bastones rectos de brocoli 6x6 mm - clasico - Caja de 5 packs de 2,5 kg | Ref KYM",Bastones rectos de brocoli,Estacional,Bastones clasicos - Reserva Privada,Bastones clasicos,Fino,12.5,"5x2,5kg",5,2.5,60f9d051a89c1302333f9987840f1831,12.5,4.1,385.0,255.0,328.0,393.2,263.2,336.2,1800,800,1200,5.0,2.0,4.0,40.0,0.8054032103703702,5,2.5,12.5,True,True,2.0,4.0,5.0,40.0,True,0.0
BR0252,"BonsaiPremium Bastones rectos de brocoli 6x6 mm 5 x 2,5 kg | Ref 9HL",Bastones rectos de brocoli,Estacional,Bastones clasicos - Reserva Privada,Bastones clasicos,Fino,12.5,"5x2,5kg",5,2.5,60f9d051a89c1302333f9987840f1831,12.5,4.1,385.0,255.0,328.0,393.2,263.2,336.2,1800,800,1200,5.0,2.0,4.0,40.0,0.8054032103703702,5,2.5,12.5,True,True,2.0,4.0,5.0,40.0,True,0.0
BR0253,"BonsaiPremium Bastones rectos de brocoli 6x6 mm 5 x 2,5 kg | Ref 6DP",Bastones rectos de brocoli,Estacional,Bastones clasicos - Reserva Privada,Bastones clasicos,Fino,12.5,"5x2,5kg",5,2.5,845990194eeb50cd131954a55fecd655,12.5,2.5,395.0,264.0,330.0,400.0,269.0,335.0,1800,800,1200,5.0,2.0,4.0,40.0,0.8343981481481482,5,2.5,12.5,True,True,2.0,4.0,5.0,40.0,True,0.0
BR0254,"5 bolsas de 2,5 kg | Bastones rectos de brocoli 6x6 mm | Ref 7FD",Bastones rectos de brocoli,Estacional,Bastones clasicos - Reserva Privada,Bastones clasicos,Fino,12.5,"5x2,5kg",5,2.5,845990194eeb50cd131954a55fecd655,12.5,2.5,395.0,264.0,330.0,400.0,269.0,335.0,1800,800,1200,5.0,2.0,4.0,40.0,0.8343981481481482,5,2.5,12.5,True,True,2.0,4.0,5.0,40.0,True,0.0
BR0255,"BonsaiPremium Bastones rectos de brocoli 6x6 mm 5 x 2,5 kg | Ref UW8",Bastones rectos de brocoli,Estacional,Bastones clasicos - Reserva Privada,Bastones clasicos,Fino,12.5,"5x2,5kg",5,2.5,11b35a29e8327acfb5f714e16d96040c,12.5,4.1,379.0,268.0,363.0,387.2,276.2,371.2,1800,800,1200,4.0,2.0,4.0,32.0,0.7351453771851852,5,2.5,12.5,True,True,2.0,4.0,4.0,32.0,True,0.0
BR0256,"BonsaiPremium Bastones rectos de brocoli 6x6 mm 5 x 2,5 kg | Ref R0L",Bastones rectos de brocoli,Estacional,Bastones clasicos - Reserva Privada,Bastones clasicos,Fino,12.5,"5x2,5kg",5,2.5,4f15606db1c337e2b9460243b25326d4,12.5,4.1,379.0,268.0,358.0,387.2,276.2,366.2,1800,800,1200,4.0,2.0,4.0,32.0,0.7252430957037037,5,2.5,12.5,True,True,2.0,4.0,4.0,32.0,False,
BR0257,"BonsaiPremium Bastones rectos de brocoli 6x6 mm 5 x 2,5 kg | Ref 9HL",Bastones rectos de brocoli,Estacional,Bastones clasicos - Reserva Privada,Bastones clasicos,Fino,12.5,"5x2,5kg",5,2.5,2060590a59a5c59ff1bb32dbffe1028b,12.5,4.1,386.0,286.0,288.0,394.2,294.2,296.2,1800,800,1200,6.0,2.0,4.0,48.0,0.954205338,5,2.5,12.5,True,True,2.0,4.0,6.0,48.0,True,0.0
BR0258,"BonsaiPremium Bastones rectos de brocoli 6x6 mm 5 x 2,5 kg | Ref EBV",Bastones rectos de brocoli,Estacional,Bastones clasicos - Reserva Privada,Bastones clasicos,Fino,12.5,"5x2,5kg",5,2.5,2060590a59a5c59ff1bb32dbffe1028b,12.5,4.1,386.0,286.0,288.0,394.2,294.2,296.2,1800,800,1200,6.0,2.0,4.0,48.0,0.954205338,5,2.5,12.5,True,True,2.0,4.0,6.0,48.0,True,0.0
BR0259,"5 bolsas de 2,5 kg | Corte rustico de brocoli | Ref VYR",Corte rustico de brocoli,Forma estable,Bastones clasicos - Sigilo,Bastones clasicos,Forma,12.5,"5x2,5kg",5,2.5,d85b31778b741c8bdb462d9f332e56d2,12.5,4.1,383.0,248.0,244.0,391.2,256.2,252.2,1800,800,1200,7.0,2.0,4.0,56.0,0.8191573693333333,5,2.5,12.5,True,True,2.0,4.0,7.0,56.0,True,0.0
BR0260,"5 bolsas de 2,5 kg | Bastones rectos de brocoli 9x9 mm | Ref RZ3",Bastones rectos de brocoli,Estacional,Bastones clasicos - Legumes Frites Salados,Bastones clasicos,Medio,12.5,"5x2,5kg",5,2.5,f95687311339e4b9b0ef5622b26fd941,12.5,2.7,393.0,255.0,209.0,398.4,260.4,214.4,1800,800,1200,8.0,2.0,4.0,64.0,0.8237991253333332,5,2.5,12.5,True,True,2.0,4.0,8.0,64.0,True,0.0
BR0261,"BonsaiPremium Gajos de brocoli 5 x 2,5 kg",Gajos de brocoli,Forma estable,Bastones clasicos - Reserva Privada,Bastones clasicos,Forma,12.5,"5x2,5kg",5,2.5,83d3c7c10fbc6fe2e476fd8c600855e2,12.5,2.7,393.0,255.0,194.0,398.4,260.4,199.4,1800,800,1200,9.0,2.0,4.0,72.0,0.8619344159999999,5,2.5,12.5,True,True,2.0,4.0,9.0,72.0,True,0.0
BR0262,BonsaiVegetales Cubos de brocoli 11 x 1 kg,Cubos de brocoli,Forma estable,Guarniciones - Cubos,Guarniciones,Forma,11.0,11x1kg,11,1.0,83d3c7c10fbc6fe2e476fd8c600855e2,11.0,2.7,393.0,255.0,194.0,398.4,260.4,199.4,1800,800,1200,9.0,2.0,4.0,72.0,0.8619344159999999,11,1.0,11.0,True,True,2.0,4.0,9.0,72.0,True,0.0
BR0263,"5 bolsas de 2,5 kg | Bastones rectos de brocoli | Ref 2YG",Bastones rectos de brocoli,Estacional,Bastones clasicos - Legumes Frites,Bastones clasicos,Corte steak,12.5,"5x2,5kg",5,2.5,b9470f0403af99853ed89bcf86be3235,12.5,4.1,383.0,248.0,194.0,391.2,256.2,202.2,1800,800,1200,8.0,2.0,4.0,64.0,0.7505771839999998,5,2.5,12.5,True,True,2.0,4.0,8.0,64.0,False,
BR0264,"5 bolsas de 2,5 kg | Bastones rectos de brocoli | Ref GW2",Bastones rectos de brocoli,Estacional,Bastones clasicos - Legumes Frites,Bastones clasicos,Medio,12.5,"5x2,5kg",5,2.5,1a3ffa8018de4637afcdd1e390e2602a,12.5,4.1,383.0,248.0,199.0,391.2,256.2,207.2,1800,800,1200,8.0,2.0,4.0,64.0,0.7691374506666666,5,2.5,12.5,True,True,2.0,4.0,8.0,64.0,True,0.0
BR0265,"Gajos de brocoli - clasico - Caja de 5 packs de 2,5 kg | Ref SF8",Gajos de brocoli,Forma estable,Bastones clasicos - Reserva Privada,Bastones clasicos,Forma,12.5,"5x2,5kg",5,2.5,3b9cad8a30970ffa68683f11cb2734ba,12.5,4.1,383.0,248.0,184.0,391.2,256.2,192.2,1800,800,1200,9.0,2.0,4.0,72.0,0.8026387319999998,5,2.5,12.5,True,True,2.0,4.0,9.0,72.0,True,0.0
BR0266,"13 bolsas de 0,75 kg | Espirales de brocoli",Espirales de brocoli,Forma estable,Bastones clasicos - Sigilo,Bastones clasicos,Forma,9.75,"13x0,75kg",13,0.75,4989f7c44b56191eebb2c0b95763c0db,9.75,2.7,395.0,296.0,250.0,400.0,301.4,255.4,1800,800,1200,7.0,2.0,3.0,42.0,0.7483929444444445,13,0.75,9.75,True,True,2.0,3.0,7.0,42.0,False,
BR0267,"5 bolsas de 2,5 kg | Bastones rectos de brocoli con cabo, crocante",Bastones rectos de brocoli,Estacional,Bastones clasicos - Sigilo,Bastones clasicos,Fino,12.5,"5x2,5kg",5,2.5,5c09a821f787019adf0ee74c5cc31985,12.5,4.1,385.0,255.0,318.0,393.2,263.2,326.2,1800,800,1200,5.0,2.0,4.0,40.0,0.7814471362962961,5,2.5,12.5,True,True,2.0,4.0,5.0,40.0,True,0.0
BR0268,"BonsaiGreen Bastones rectos de brocoli 9x9 mm 5 x 2,5 kg | Ref 5JJ",Bastones rectos de brocoli,Estacional,Bastones clasicos - Legumes Frites,Bastones clasicos,Medio,12.5,"5x2,5kg",5,2.5,55b52b97c05b19dbbbefa191622fe36a,,4.1,386.0,286.0,179.0,394.2,294.2,187.2,1800,800,1200,9.0,2.0,4.0,72.0,0.9045943919999998,5,2.5,12.5,True,True,2.0,4.0,9.0,72.0,False,
BR0269,BonsaiGreen Bastones rectos de brocoli 9x9 mm 11 x 1 kg,Bastones rectos de brocoli,Estacional,Bastones clasicos - Legumes Frites,Bastones clasicos,Medio,11.0,11x1kg,11,1.0,9a88ed4806deaa5c9b3abac82886d23a,11.0,4.1,386.0,286.0,184.0,394.2,294.2,192.2,1800,800,1200,9.0,2.0,4.0,72.0,0.9287555669999998,11,1.0,11.0,True,True,2.0,4.0,9.0,72.0,True,0.0
BR0270,"Bastones rectos de brocoli 9x9 mm - crocante - Caja de 5 packs de 2,5 kg | Ref 0DP",Bastones rectos de brocoli,Estacional,Bastones clasicos - Sigilo,Bastones clasicos,Medio,12.5,"5x2,5kg",5,2.5,614801e8bbdec32546c0d92055dfb596,12.5,4.1,388.0,288.0,194.0,396.2,296.2,202.2,1800,800,1200,8.0,2.0,4.0,64.0,0.8788543617777776,5,2.5,12.5,True,True,2.0,4.0,8.0,64.0,True,0.0
BR0271,"13 bolsas de 0,75 kg | Bastones rectos de brocoli 9x9 mm crocante",Bastones rectos de brocoli,Estacional,Bastones clasicos - Sigilo,Bastones clasicos,Medio,9.75,"13x0,75kg",13,0.75,48d2fa87ef6ac189e633680672b6132e,9.75,4.1,386.0,286.0,199.0,394.2,294.2,207.2,1800,800,1200,8.0,2.0,4.0,64.0,0.8899903039999999,13,0.75,9.75,True,True,2.0,4.0,8.0,64.0,True,0.0
BR0272,"BonsaiGreen Brocoli zigzag 13 x 0,75 kg",Brocoli zigzag,Forma estable,Bastones clasicos - Sigilo,Bastones clasicos,Forma,9.75,"13x0,75kg",13,0.75,72188210fb21e6ddf6d4aba9a9301c48,9.75,4.1,388.0,288.0,239.0,396.2,296.2,247.2,1800,800,1200,7.0,2.0,4.0,56.0,0.940139458222222,13,0.75,9.75,True,True,2.0,4.0,7.0,56.0,True,0.0
BR0273,"5 bolsas de 2,5 kg | Bastones rectos de brocoli 6x6 mm crocante",Bastones rectos de brocoli,Estacional,Bastones clasicos - Sigilo,Bastones clasicos,Fino,12.5,5x2.5kg,5,2.5,ad99ed562d5d808977b10fa512bfde8b,6.25,4.1,386.0,286.0,214.0,394.2,294.2,222.2,1800,800,1200,8.0,2.0,4.0,64.0,0.954420104,5,2.5,12.5,True,True,2.0,4.0,8.0,64.0,True,0.0
BR0274,BonsaiGreen Bastones rectos de brocoli 6x6 mm crocante 13 x 1 kg,Bastones rectos de brocoli,Estacional,Bastones clasicos - Sigilo,Bastones clasicos,Fino,13.0,13x1kg,13,1.0,c61dafed9b7d2c7f917d4debf65896c1,13.0,4.1,386.0,286.0,263.0,394.2,294.2,271.2,1800,800,1200,6.0,2.0,4.0,48.0,0.873668088,13,1.0,13.0,True,True,2.0,4.0,6.0,48.0,True,0.0
BR0275,"Gajos de brocoli - sazonado - Caja de 13 packs de 0,75 kg | Ref Y7V",Gajos de brocoli,Forma estable,Bastones clasicos - Sigilo,Bastones clasicos,Forma,9.75,"13x0,75kg",13,0.75,4f08f853cf7f9be28571df66a50bc322,9.75,4.1,388.0,288.0,164.0,396.2,296.2,172.2,1800,800,1200,10.0,2.0,4.0,80.0,0.9355756744444444,13,0.75,9.75,True,True,2.0,4.0,10.0,80.0,True,0.0
BR0276,"BonsaiGreen Gajos de brocoli sazonado 5 x 2,5 kg | Ref B13",Gajos de brocoli,Forma estable,Bastones clasicos - Sigilo,Bastones clasicos,Forma,12.5,"5x2,5kg",5,2.5,116dda17a7b7fb82c62f462ef4a94218,,4.1,386.0,286.0,164.0,394.2,294.2,172.2,1800,800,1200,10.0,2.0,4.0,80.0,0.92456763,5,2.5,12.5,True,True,2.0,4.0,10.0,80.0,True,0.0
BR0277,"BonsaiGreen Brocoli en rejilla sazonado, con cabo 13 x 0,75 kg",Brocoli en rejilla,Forma estable,Bastones clasicos - Sigilo,Bastones clasicos,Forma,9.75,"13x0,75kg",13,0.75,ab2be01db2336d90876b25f646f81b48,9.75,4.1,386.0,286.0,283.0,394.2,294.2,291.2,1800,800,1200,6.0,2.0,4.0,48.0,0.9380978879999998,13,0.75,9.75,True,True,2.0,4.0,6.0,48.0,True,0.0
BR0278,"5 bolsas de 2,5 kg | Brocoli en rejilla sazonado, con cabo | Ref SEK",Brocoli en rejilla,Forma estable,Bastones clasicos - Sigilo,Bastones clasicos,Forma,12.5,"5x2,5kg",5,2.5,ab2be01db2336d90876b25f646f81b48,12.5,4.1,386.0,286.0,283.0,394.2,294.2,291.2,1800,800,1200,6.0,2.0,4.0,48.0,0.9380978879999998,5,2.5,12.5,True,True,2.0,4.0,6.0,48.0,True,0.0
BR0279,"13 bolsas de 0,75 kg | Espirales de brocoli sazonado, con cabo",Espirales de brocoli,Forma estable,Bastones clasicos - Sigilo,Bastones clasicos,Forma,9.75,13x0.8kg,13,0.75,c61dafed9b7d2c7f917d4debf65896c1,0.5625,4.1,386.0,286.0,263.0,394.2,294.2,271.2,1800,800,1200,6.0,2.0,4.0,48.0,0.873668088,13,0.8,9.75,True,True,2.0,4.0,6.0,48.0,True,0.0
BR0280,"5 bolsas de 2,5 kg | Espirales de brocoli sazonado, con cabo",Espirales de brocoli,Forma estable,Bastones clasicos - Sigilo,Bastones clasicos,Forma,12.5,"5x2,5kg",5,2.5,ce9d9f5685ddf0df230b3137826b5cde,12.5,4.1,386.0,286.0,256.0,394.2,294.2,264.2,1800,800,1200,6.0,2.0,4.0,48.0,0.8511176579999999,5,2.5,12.5,True,True,2.0,4.0,6.0,48.0,False,
BR0281,11 bolsas de 1 kg | Tortitas de brocoli | Ref 1Y4,Tortitas de brocoli,Forma estable,Guarniciones - Tortitas,Guarniciones,Forma,11.0,"11x1,0kg",11,1.0,63849e2a342c002e41cdca735b7ffa35,,4.6,381.0,283.0,229.0,390.2,292.2,238.2,1800,800,1200,7.0,2.0,4.0,56.0,0.8801435743333333,11,1.0,11.0,True,True,2.0,4.0,7.0,56.0,True,0.0
BR0282,"BonsaiVegetales Aros de brocoli crocante 13 x 0,5 kg",Aros de brocoli,Co-produccion,Snacks y aperitivos - Aros y Vegetales,Snacks y aperitivos,Forma,6.5,"13x0,5kg",13,0.5,1fe6b9010b30d1d429fc0c7a240159aa,6.5,2.7,395.0,296.0,255.0,400.0,301.4,260.4,1800,800,1200,6.0,2.0,3.0,36.0,0.654038,13,0.5,6.5,True,True,2.0,3.0,6.0,36.0,True,0.0
BR0283,Dippers de brocoli - clasico - Caja de 11 packs de 1 kg,Dippers de brocoli,Forma estable,Bastones clasicos - Sigilo,Bastones clasicos,Forma,11.0,11x1kg,11,1.0,6e24cdcd39a5b66463bacc58cc283eb7,11.0,4.1,388.0,288.0,227.0,396.2,296.2,235.2,1800,800,1200,7.0,2.0,4.0,56.0,0.8945016204444444,11,1.0,11.0,True,True,2.0,4.0,7.0,56.0,False,
BR0284,Bastones rectos de brocoli 6x6 mm - clasico - Caja de 11 packs de 1 kg | Ref 8CD,Bastones rectos de brocoli,Estacional,Bastones clasicos - Legumes Frites,Bastones clasicos,Fino,11.0,"11x1,0kg",11,1.0,8044f4664ac51a293ecacbd7a3d0fb38,,4.8,380.0,282.0,210.0,389.6,291.6,219.6,1800,800,1200,8.0,2.0,4.0,64.0,0.924006528,11,1.0,11.0,True,True,2.0,4.0,8.0,64.0,True,0.0
BR0285,BonsaiPremium Gajos de brocoli 11 x 1 kg | Ref 3T5,Gajos de brocoli,Forma estable,Bastones clasicos - Reserva Privada,Bastones clasicos,Forma,11.0,11x1kg,11,1.0,e740f34d87ef8ba88af8bc4375aaebab,11.0,4.8,384.0,286.0,167.0,393.6,295.6,176.6,1800,800,1200,10.0,2.0,4.0,80.0,0.9512539377777778,11,1.0,11.0,True,True,2.0,4.0,10.0,80.0,True,0.0
BR0286,11 bolsas de 1 kg | Bastones rectos de brocoli 12x12 mm,Bastones rectos de brocoli,Estacional,Bastones clasicos - Legumes Frites,Bastones clasicos,Medio,11.0,"11x1,0kg",11,1.0,228ba4e5ea3c7574cbd9ce77434d4525,,4.8,380.0,282.0,185.0,389.6,291.6,194.6,1800,800,1200,9.0,2.0,4.0,72.0,0.921166344,11,1.0,11.0,True,True,2.0,4.0,9.0,72.0,True,0.0
BR0287,"Brocoli en rejilla - sazonado, con cabo - Caja de 5 packs de 2,5 kg",Brocoli en rejilla,Forma estable,Bastones clasicos - Sigilo,Bastones clasicos,Forma,12.5,"5x2,5kg",5,2.5,ab2be01db2336d90876b25f646f81b48,12.5,4.1,386.0,286.0,283.0,394.2,294.2,291.2,1800,800,1200,6.0,2.0,4.0,48.0,0.9380978879999998,5,2.5,12.5,True,True,2.0,4.0,6.0,48.0,True,0.0
BR0288,"BonsaiVegetales Pure de brocoli 5 x 2,5 kg",Pure de brocoli,Co-produccion,Guarniciones - Pure,Guarniciones,Forma,12.5,"5x2,5kg",5,2.5,b8f10d20eb7db7428c07c066fa1e4da0,12.5,2.7,395.0,245.0,214.0,400.0,250.4,219.4,1800,800,1200,8.0,2.0,4.0,64.0,0.8138927407407407,5,2.5,12.5,True,True,2.0,4.0,8.0,64.0,True,0.0
BR0289,"Gajos de brocoli - clasico - Caja de 5 packs de 2,5 kg | Ref 0F7",Gajos de brocoli,Forma estable,Bastones clasicos - Sigilo,Bastones clasicos,Forma,12.5,"5x2,5kg",5,2.5,fe503fe59c48da80878a0b8f7ad58dcb,12.5,4.1,383.0,248.0,204.0,391.2,256.2,212.2,1800,800,1200,8.0,2.0,4.0,64.0,0.7876977173333333,5,2.5,12.5,True,True,2.0,4.0,8.0,64.0,False,
BR0290,"BonsaiPremium Brocoli en rejilla 5 x 2,5 kg",Brocoli en rejilla,Forma estable,Bastones clasicos - Reserva Privada,Bastones clasicos,Forma,12.5,"5x2,5kg",5,2.5,02cf77de65b70dd77905e2e33d78478f,12.5,2.7,395.0,296.0,291.0,400.0,301.4,296.4,1800,800,1200,6.0,2.0,3.0,36.0,0.744458,5,2.5,12.5,True,True,2.0,3.0,6.0,36.0,True,0.0
BR0291,"BonsaiGreen Bastones rectos de brocoli 5 x 2,5 kg | Ref BBL",Bastones rectos de brocoli,Estacional,Bastones clasicos - Sigilo,Bastones clasicos,Grueso,12.5,"5x2,5kg",5,2.5,5a779fb14ea37232001ecf933514d159,12.5,2.7,395.0,296.0,189.0,400.0,301.4,194.4,1800,800,1200,9.0,2.0,3.0,54.0,0.7324019999999999,5,2.5,12.5,True,True,2.0,3.0,9.0,54.0,True,0.0
BR0292,"16 bolsas de 0,5 kg | Espirales de brocoli",Espirales de brocoli,Forma estable,Bastones clasicos - Sigilo,Bastones clasicos,Forma,8.0,"16x0,5kg",16,0.5,c36eddeb93ed1ad7e063fda32344745b,8.0,2.7,395.0,296.0,275.0,400.0,301.4,280.4,1800,800,1200,6.0,2.0,3.0,36.0,0.7042713333333334,16,0.5,8.0,True,True,2.0,3.0,6.0,36.0,True,0.0
BR0293,"Gajos de brocoli - frito - Caja de 16 packs de 0,75 kg",Gajos de brocoli,Forma estable,Bastones clasicos - Sigilo,Bastones clasicos,Forma,12.0,"16x0,75kg",16,0.75,79637c70988d89fe3abe191b59c1ed0c,12.0,4.1,388.0,288.0,219.0,396.2,296.2,227.2,1800,800,1200,7.0,2.0,4.0,56.0,0.8640763952592592,16,0.75,12.0,True,True,2.0,4.0,7.0,56.0,True,0.0
BR0294,"BonsaiGreen Bastones rectos de brocoli sin gluten 13 x 0,75 kg",Bastones rectos de brocoli,Estacional,Bastones clasicos - Sigilo,Bastones clasicos,Grueso,9.75,"13x0,75kg",13,0.75,3cdb44bb6e06ba2151d665a0c599b894,9.75,2.7,395.0,296.0,173.0,400.0,301.4,178.4,1800,800,1200,10.0,2.0,3.0,60.0,0.746802222222222,13,0.75,9.75,True,True,2.0,3.0,10.0,60.0,True,0.0
BR0295,"Brocoli en rejilla - clasico - Caja de 13 packs de 0,5 kg | Ref XOB",Brocoli en rejilla,Forma estable,Bastones clasicos - Sigilo,Bastones clasicos,Forma,6.5,"13x0,5kg",13,0.5,c96df5913565ba35f3e02e744c9a6dde,6.5,2.7,395.0,296.0,224.0,400.0,301.4,229.4,1800,800,1200,7.0,2.0,3.0,42.0,0.6722057222222222,13,0.5,6.5,True,True,2.0,3.0,7.0,42.0,True,0.0
BR0296,"Bastones rectos de brocoli - clasico - Caja de 11 packs de 1,25 kg",Bastones rectos de brocoli,Estacional,Bastones clasicos - Sigilo,Bastones clasicos,Grueso,13.75,"11x1,25kg",11,1.25,c96df5913565ba35f3e02e744c9a6dde,13.75,2.7,395.0,296.0,224.0,400.0,301.4,229.4,1800,800,1200,7.0,2.0,3.0,42.0,0.6722057222222222,11,1.25,13.75,True,True,2.0,3.0,7.0,42.0,True,0.0
BR0297,"13 bolsas de 0,5 kg | Bastones rectos de brocoli sin gluten, con cabo",Bastones rectos de brocoli,Estacional,Bastones clasicos - Sigilo,Bastones clasicos,Medio,6.5,"13x0,5kg",13,0.5,3068e6f2a2ce79314e458b7a6ab57b4d,6.5,4.1,388.0,288.0,144.0,396.2,296.2,152.2,1800,800,1200,11.0,2.0,4.0,88.0,0.9096055715185184,13,0.5,6.5,True,True,2.0,4.0,11.0,88.0,True,0.0
BR0298,"Bastones rectos de brocoli - sazonado - Caja de 13 packs de 0,5 kg",Bastones rectos de brocoli,Estacional,Bastones clasicos - Sigilo,Bastones clasicos,Medio,6.5,"13x0,5kg",13,0.5,e86f3262de6efa8372f7a6e317b74e6b,6.5,4.1,386.0,286.0,144.0,394.2,294.2,152.2,1800,800,1200,11.0,2.0,4.0,88.0,0.8989030929999998,13,0.5,6.5,True,True,2.0,4.0,11.0,88.0,True,0.0
BR0299,13 bolsas de 1 kg | Bastones rectos de brocoli | Ref B8C,Bastones rectos de brocoli,Estacional,Bastones clasicos - Sigilo,Bastones clasicos,Grueso,13.0,13x1kg,13,1.0,600cd59259a79d7fa6a1bffb6451bb8a,13.0,4.1,386.0,286.0,219.0,394.2,294.2,227.2,1800,800,1200,7.0,2.0,4.0,56.0,0.8539096159999999,13,1.0,13.0,True,True,2.0,4.0,7.0,56.0,True,0.0
BR0300,"13 bolsas de 0,75 kg | Bastones rectos de brocoli 9x9 mm sin gluten, horneado",Bastones rectos de brocoli,Estacional,Bastones clasicos - Sigilo,Bastones clasicos,Medio,9.75,"13x0,8kg",13,0.75,a231d37bbfd765b2d130853c472c6f8c,,4.8,379.0,246.0,212.0,388.6,255.6,221.6,1800,800,1200,8.0,2.0,4.0,64.0,0.8152102613333334,13,0.8,9.75,True,True,2.0,4.0,8.0,64.0,True,0.0
BR0301,Bastones rectos de brocoli 6x6 mm - clasico - Caja de 11 packs de 1 kg | Ref 4YH,Bastones rectos de brocoli,Estacional,Bastones clasicos - Reserva Privada,Bastones clasicos,Fino,11.0,11x1kg,11,1.0,d8d0e4bd0a27b5d4b00b32f474a5923a,11.0,4.8,379.0,246.0,251.0,388.6,255.6,260.6,1800,800,1200,6.0,2.0,4.0,48.0,0.7190110360000002,11,1.0,11.0,True,True,2.0,4.0,6.0,48.0,True,0.0
BR0302,"Bastones rectos de brocoli 10x10 mm - clasico - Caja de 5 packs de 1,75 kg",Bastones rectos de brocoli,Estacional,Bastones clasicos - Legumes Frites,Bastones clasicos,Medio,8.75,"5x1,75kg",5,1.75,d26d5d6c9610627f969c12fa3f73a697,8.75,4.8,379.0,246.0,207.0,388.6,255.6,216.6,1800,800,1200,8.0,2.0,4.0,64.0,0.796816528,5,1.75,8.75,True,True,2.0,4.0,8.0,64.0,True,0.0
BR0303,BonsaiVegetales Rosti de brocoli 2 x 3 kg,Rosti de brocoli,Forma estable,Guarniciones - Legumes Croquetas,Guarniciones,Forma,6.0,2x3kg,2,3.0,25b51ca97d24c6dd7fdc2fd6f9551dac,6.0,4.6,380.0,252.0,144.0,389.2,261.2,153.2,1800,800,1200,11.0,2.0,4.0,88.0,0.7931287694814814,2,3.0,6.0,True,True,2.0,4.0,11.0,88.0,True,0.0
BR0304,Bocados de brocoli con mozzarella - clasico - Caja de 5 packs de 1 kg | Ref 3D8,Bocados de brocoli con mozzarella,Co-produccion,Snacks y aperitivos - Queso,Snacks y aperitivos,Forma,5.0,"5x1,0kg",5,1.0,4b244c7cfb71e51bf24fcc396d19c509,5.0,2.7,393.0,250.0,168.0,398.4,255.4,173.4,1800,800,1200,10.0,2.0,4.0,80.0,0.8168373066666668,5,1.0,5.0,True,True,2.0,4.0,10.0,80.0,True,0.0
BR0305,"Bastones rectos de brocoli 11x11 mm - clasico - Caja de 5 packs de 2,5 kg | Ref F3B",Bastones rectos de brocoli,Estacional,Bastones clasicos - Sigilo,Bastones clasicos,Medio,12.5,"5x2,5kg",5,2.5,125888817c4da192ce9335454b8d4432,12.5,4.8,379.0,281.0,271.0,388.6,290.6,280.6,1800,800,1200,6.0,2.0,4.0,48.0,0.8802044748888892,5,2.5,12.5,True,True,2.0,4.0,6.0,48.0,True,0.0
BR0306,"Bastones rectos de brocoli 12x12 mm - clasico - Caja de 5 packs de 2,5 kg",Bastones rectos de brocoli,Estacional,Bastones clasicos - Reserva Privada,Bastones clasicos,Medio,12.5,"5x2,5kg",5,2.5,bf05ab5b9fe071ca604f12617c73c3ec,12.5,4.1,386.0,286.0,258.0,394.2,294.2,266.2,1800,800,1200,6.0,2.0,4.0,48.0,0.8575606379999998,5,2.5,12.5,True,True,2.0,4.0,6.0,48.0,True,0.0
BR0307,"Bastones rectos de brocoli 6x6 mm - clasico - Caja de 5 packs de 2,5 kg | Ref 5W7",Bastones rectos de brocoli,Estacional,Bastones clasicos - Legumes Frites,Bastones clasicos,Fino,12.5,"5x2,5kg",5,2.5,3ee40e049bab5e95db9b552be527cd7d,12.5,4.8,380.0,282.0,261.0,389.6,291.6,270.6,1800,800,1200,6.0,2.0,4.0,48.0,0.8539486560000004,5,2.5,12.5,True,True,2.0,4.0,6.0,48.0,True,0.0
BR0308,BonsaiGreen Bastones rectos de brocoli 6x6 mm 11 x 1 kg,Bastones rectos de brocoli,Estacional,Bastones clasicos - Legumes Frites,Bastones clasicos,Fino,11.0,11x1kg,11,1.0,3665e3bea9deb6de2f6ad8e308473be4,11.0,4.8,380.0,282.0,212.0,389.6,291.6,221.6,1800,800,1200,8.0,2.0,4.0,64.0,0.932421888,11,1.0,11.0,True,True,2.0,4.0,8.0,64.0,True,0.0
BR0309,BonsaiPremium Gajos de brocoli 11 x 1 kg | Ref RF0,Gajos de brocoli,Forma estable,Bastones clasicos - Reserva Privada,Bastones clasicos,Forma,11.0,11x1kg,11,1.0,e740f34d87ef8ba88af8bc4375aaebab,11.0,4.8,384.0,286.0,167.0,393.6,295.6,176.6,1800,800,1200,10.0,2.0,4.0,80.0,0.9512539377777778,11,1.0,11.0,True,True,2.0,4.0,10.0,80.0,True,0.0
BR0310,5 bolsas de 1 kg | Aros de brocoli,Aros de brocoli,Co-produccion,Snacks y aperitivos - Aros y Vegetales,Snacks y aperitivos,Forma,5.0,"5x1,0kg",5,1.0,e743e947473252606cfa14519dbf593b,,2.7,393.0,255.0,291.0,398.4,260.4,296.4,1800,800,1200,6.0,2.0,4.0,48.0,0.8541536639999997,5,1.0,5.0,True,True,2.0,4.0,6.0,48.0,True,0.0
BR0310XL,5 bolsas de 1 kg | Aros de brocoli XL,Aros de brocoli,Co-produccion,Snacks y aperitivos - Aros y Vegetales,Snacks y aperitivos,Forma,5.0,"5x1,0kg",5,1.0,76707310f2a6b601d4f7815c21f6e7bd,,2.7,393.0,297.0,257.0,398.4,302.4,262.4,1800,800,1200,6.0,2.0,3.0,36.0,0.6586030079999999,5,1.0,5.0,True,True,2.0,3.0,6.0,36.0,True,0.0
BR0311,Aros de brocoli - crocante - Caja de 5 packs de 1 kg,Aros de brocoli,Co-produccion,Snacks y aperitivos - Aros y Vegetales,Snacks y aperitivos,Forma,5.0,5x1kg,5,1.0,25a862538c3d2488d1284dc2bd9244f3,5.0,2.7,395.0,296.0,204.0,400.0,301.4,209.4,1800,800,1200,8.0,2.0,3.0,48.0,0.7012573333333333,5,1.0,5.0,True,True,2.0,3.0,8.0,48.0,True,0.0
BR0312,BonsaiVegetales Aros de brocoli 5 x 1 kg,Aros de brocoli,Co-produccion,Snacks y aperitivos - Aros y Vegetales,Snacks y aperitivos,Forma,5.0,"5x1,0kg",5,1.0,25a862538c3d2488d1284dc2bd9244f3,,2.7,395.0,296.0,204.0,400.0,301.4,209.4,1800,800,1200,8.0,2.0,3.0,48.0,0.7012573333333333,5,1.0,5.0,True,True,2.0,3.0,8.0,48.0,True,0.0
BR0313,Aros de brocoli - crocante - Caja de 5 packs de 1 kg,Aros de brocoli,Co-produccion,Snacks y aperitivos - Aros y Vegetales,Snacks y aperitivos,Forma,5.0,5x1kg,5,1.0,25a862538c3d2488d1284dc2bd9244f3,5.0,2.7,395.0,296.0,204.0,400.0,301.4,209.4,1800,800,1200,8.0,2.0,3.0,48.0,0.7012573333333333,5,1.0,5.0,True,True,2.0,3.0,8.0,48.0,True,0.0
BR0314,"Bastones rectos de brocoli 9x9 mm - clasico - Caja de 5 packs de 2,5 kg | Ref CIH",Bastones rectos de brocoli,Estacional,Bastones clasicos - Sigilo,Bastones clasicos,Medio,12.5,"5x2,5kg",5,2.5,bbc4a9c702728931b676523ffd513a75,12.5,4.1,384.0,284.0,179.0,392.2,292.2,187.2,1800,800,1200,9.0,2.0,4.0,72.0,0.8938865519999998,5,2.5,12.5,True,True,2.0,4.0,9.0,72.0,True,0.0
BR0314XL,"Bastones rectos de brocoli 9x9 mm - clasico - Caja de 5 packs de 2,5 kg | Ref CIH XL",Bastones rectos de brocoli,Estacional,Bastones clasicos - Sigilo,Bastones clasicos,Medio,12.5,"5x2,5kg",5,2.5,9bad717e71278467a7e45ca1001c12ee,12.5,4.1,384.0,286.0,179.0,392.2,294.2,187.2,1800,800,1200,9.0,2.0,4.0,72.0,0.9000048719999999,5,2.5,12.5,True,True,2.0,4.0,9.0,72.0,True,0.0
BR0315,"5 bolsas de 2,5 kg | Bastones rectos de brocoli 11x11 mm | Ref CIA",Bastones rectos de brocoli,Estacional,Bastones clasicos - Sigilo,Bastones clasicos,Medio,12.5,"5x2,5kg",5,2.5,5de73c5764aabd7851aff9fdd3125d98,,4.7,385.0,285.0,170.0,394.4,294.4,179.4,1800,800,1200,10.0,2.0,4.0,80.0,0.964369351111111,5,2.5,12.5,True,True,2.0,4.0,10.0,80.0,True,0.0
BR0316,"5 bolsas de 2,5 kg | Bastones rectos de brocoli 9x9 mm | Ref AAM",Bastones rectos de brocoli,Estacional,Bastones clasicos - Legumes Frites,Bastones clasicos,Medio,12.5,"5x2,5kg",5,2.5,f152ca1c81c447e9f47aac4e934dc6fc,12.5,4.8,380.0,282.0,163.0,389.6,291.6,172.6,1800,800,1200,10.0,2.0,4.0,80.0,0.90780696,5,2.5,12.5,True,True,2.0,4.0,10.0,80.0,True,0.0
BR0317,"BonsaiGreen Bastones rectos de brocoli 11x11 mm 5 x 2,5 kg | Ref JZT",Bastones rectos de brocoli,Estacional,Bastones clasicos - Legumes Frites,Bastones clasicos,Medio,12.5,"5x2,5kg",5,2.5,f152ca1c81c447e9f47aac4e934dc6fc,12.5,4.8,380.0,282.0,163.0,389.6,291.6,172.6,1800,800,1200,10.0,2.0,4.0,80.0,0.90780696,5,2.5,12.5,True,True,2.0,4.0,10.0,80.0,True,0.0
BR0318,"BonsaiGreen Bastones rectos de brocoli 9x9 mm con cabo 5 x 2,5 kg | Ref GLD",Bastones rectos de brocoli,Estacional,Bastones clasicos - Sigilo,Bastones clasicos,Medio,12.5,"5x2,5kg",5,2.5,8850d576186653964c356b848cd2153a,12.5,4.1,386.0,286.0,194.0,394.2,294.2,202.2,1800,800,1200,8.0,2.0,4.0,64.0,0.8685137039999999,5,2.5,12.5,True,True,2.0,4.0,8.0,64.0,True,0.0
BR0319,"Bastones rectos de brocoli 13x13 mm - clasico - Caja de 5 packs de 2,5 kg | Ref DHZ",Bastones rectos de brocoli,Estacional,Bastones clasicos - Legumes Frites,Bastones clasicos,Grueso,12.5,"5x2,5kg",5,2.5,ec50ec2078db5c1fbf57db09049b95f3,12.5,4.8,380.0,282.0,158.0,389.6,291.6,167.6,1800,800,1200,10.0,2.0,4.0,80.0,0.8815089600000001,5,2.5,12.5,True,True,2.0,4.0,10.0,80.0,True,0.0
BR0320,"BonsaiGreen Bastones rectos de brocoli 6x6 mm 5 x 2,5 kg | Ref OI4",Bastones rectos de brocoli,Estacional,Bastones clasicos - Sigilo,Bastones clasicos,Fino,12.5,"5x2,5kg",5,2.5,beea47cc5f637c6fde9604c5cdd6c572,12.5,4.7,387.0,287.0,214.0,396.4,296.4,223.4,1800,800,1200,8.0,2.0,4.0,64.0,0.972145454222222,5,2.5,12.5,True,True,2.0,4.0,8.0,64.0,True,0.0
BR0321,"BonsaiPremium Bastones rectos de brocoli 6x6 mm 5 x 2,5 kg | Ref 59E",Bastones rectos de brocoli,Estacional,Bastones clasicos - Reserva Privada,Bastones clasicos,Fino,12.5,"5x2,5kg",5,2.5,d85b31778b741c8bdb462d9f332e56d2,12.5,4.1,383.0,248.0,244.0,391.2,256.2,252.2,1800,800,1200,7.0,2.0,4.0,56.0,0.8191573693333333,5,2.5,12.5,True,True,2.0,4.0,7.0,56.0,True,0.0
BR0322,"Bastones rectos de brocoli 6x6 mm - picante - Caja de 5 packs de 2,5 kg",Bastones rectos de brocoli,Estacional,Bastones clasicos - Sigilo,Bastones clasicos,Fino,12.5,"5x2,5kg",5,2.5,414d4cf5c1bc8a346f7e4445ede7acbd,12.5,4.1,386.0,286.0,229.0,394.2,294.2,237.2,1800,800,1200,7.0,2.0,4.0,56.0,0.8914936659999999,5,2.5,12.5,True,True,2.0,4.0,7.0,56.0,True,0.0
BR0323,"Bastones rectos de brocoli 6x6 mm - picante - Caja de 5 packs de 2,5 kg",Bastones rectos de brocoli,Estacional,Bastones clasicos - Sigilo,Bastones clasicos,Fino,12.5,"5x2,5kg",5,2.5,32afd4b4cbf80746743543d141a1b52c,12.5,2.7,395.0,296.0,235.0,400.0,301.4,240.4,1800,800,1200,7.0,2.0,3.0,42.0,0.7044387777777777,5,2.5,12.5,True,True,2.0,3.0,7.0,42.0,True,0.0
BR0324,"Cubos de brocoli - sazonado - Caja de 5 packs de 2,5 kg",Cubos de brocoli,Forma estable,Guarniciones - Cubos,Guarniciones,Forma,12.5,"5x2,5kg",5,2.5,082c1cdb42b1abd201403ca33ca11ef0,12.5,4.1,383.0,248.0,189.0,391.2,256.2,197.2,1800,800,1200,9.0,2.0,4.0,72.0,0.8235190319999999,5,2.5,12.5,True,True,2.0,4.0,9.0,72.0,True,0.0
BR0325,"BonsaiGreen Espirales de brocoli 13 x 0,5 kg | Ref V23",Espirales de brocoli,Forma estable,Bastones clasicos - Sigilo,Bastones clasicos,Forma,6.5,"13x0,5kg",13,0.5,457aead6b645a6fdaad21f23a4e8ca12,6.5,2.7,393.0,255.0,265.0,398.4,260.4,270.4,1800,800,1200,6.0,2.0,4.0,48.0,0.7792279039999997,13,0.5,6.5,True,True,2.0,4.0,6.0,48.0,True,0.0
BR0326,"13 bolsas de 0,5 kg | Espirales de brocoli sazonado | Ref 8LT",Espirales de brocoli,Forma estable,Bastones clasicos - Sigilo,Bastones clasicos,Forma,6.5,"13x0,5kg",13,0.5,ab79baee2357a91142d0c868d05f3c31,6.5,4.1,383.0,248.0,258.0,391.2,256.2,266.2,1800,800,1200,6.0,2.0,4.0,48.0,0.7411114479999998,13,0.5,6.5,True,True,2.0,4.0,6.0,48.0,True,0.0
BR0327,"BonsaiGreen Brocoli en rejilla sazonado 13 x 0,5 kg | Ref TWE",Brocoli en rejilla,Forma estable,Bastones clasicos - Sigilo,Bastones clasicos,Forma,6.5,"13x0,5kg",13,0.5,8ff369b05ce8c21076793bc345e6ec1e,6.5,4.1,383.0,248.0,268.0,391.2,256.2,276.2,1800,800,1200,6.0,2.0,4.0,48.0,0.7689518479999998,13,0.5,6.5,True,True,2.0,4.0,6.0,48.0,True,0.0
BR0328,"BonsaiGreen Espirales de brocoli 9 x 0,75 kg",Espirales de brocoli,Forma estable,Bastones clasicos - Sigilo,Bastones clasicos,Forma,6.75,"9x0,75kg",9,0.75,1c01c33ced1f5bfdb36a399ac98e0c68,6.75,4.1,383.0,248.0,214.0,391.2,256.2,222.2,1800,800,1200,8.0,2.0,4.0,64.0,0.8248182506666665,9,0.75,6.75,True,True,2.0,4.0,8.0,64.0,False,
BR0329,"Brocoli en rejilla - clasico - Caja de 9 packs de 0,75 kg | Ref JOY",Brocoli en rejilla,Forma estable,Bastones clasicos - Sigilo,Bastones clasicos,Forma,6.75,"9x0,75kg",9,0.75,1cbc364190e4feb6cfbe064584c400ab,6.75,4.1,383.0,248.0,224.0,391.2,256.2,232.2,1800,800,1200,7.0,2.0,4.0,56.0,0.7541964359999999,9,0.75,6.75,True,True,2.0,4.0,7.0,56.0,True,0.0
BR0330,"9 bolsas de 0,75 kg | Espirales de brocoli",Espirales de brocoli,Forma estable,Bastones clasicos - Sigilo,Bastones clasicos,Forma,6.75,"9x0,75kg",9,0.75,1c01c33ced1f5bfdb36a399ac98e0c68,6.75,4.1,383.0,248.0,214.0,391.2,256.2,222.2,1800,800,1200,8.0,2.0,4.0,64.0,0.8248182506666665,9,0.75,6.75,True,True,2.0,4.0,8.0,64.0,False,
BR0331,"Brocoli en rejilla - clasico - Caja de 9 packs de 0,75 kg | Ref TP4",Brocoli en rejilla,Forma estable,Bastones clasicos - Sigilo,Bastones clasicos,Forma,6.75,"9x0,75kg",9,0.75,1cbc364190e4feb6cfbe064584c400ab,6.75,4.1,383.0,248.0,224.0,391.2,256.2,232.2,1800,800,1200,7.0,2.0,4.0,56.0,0.7541964359999999,9,0.75,6.75,True,True,2.0,4.0,7.0,56.0,True,0.0
BR0332,"Bastones rectos de brocoli 6x6 mm - clasico - Caja de 5 packs de 2,5 kg | Ref VDD",Bastones rectos de brocoli,Estacional,Bastones clasicos - Sigilo,Bastones clasicos,Fino,12.5,"5x2,5kg",5,2.5,e67976152cc42ec69a300f4522f58632,12.5,2.7,393.0,255.0,255.0,398.4,260.4,260.4,1800,800,1200,6.0,2.0,4.0,48.0,0.7504103039999998,5,2.5,12.5,True,True,2.0,4.0,6.0,48.0,True,0.0
BR0333,"5 bolsas de 2,5 kg | Bastones rectos de brocoli 6x6 mm | Ref VXL",Bastones rectos de brocoli,Estacional,Bastones clasicos - Sigilo,Bastones clasicos,Fino,12.5,"5x2,5kg",5,2.5,3665e3bea9deb6de2f6ad8e308473be4,12.5,4.8,380.0,282.0,212.0,389.6,291.6,221.6,1800,800,1200,8.0,2.0,4.0,64.0,0.932421888,5,2.5,12.5,True,True,2.0,4.0,8.0,64.0,True,0.0
BR0334,"5 bolsas de 2,5 kg | Bastones rectos de brocoli 9x9 mm | Ref TYH",Bastones rectos de brocoli,Estacional,Bastones clasicos - Sigilo,Bastones clasicos,Medio,12.5,"5x2,5kg",5,2.5,fa8da38322149b23e14a120e71d38975,12.5,2.7,393.0,255.0,235.0,398.4,260.4,240.4,1800,800,1200,7.0,2.0,4.0,56.0,0.8082376213333332,5,2.5,12.5,True,True,2.0,4.0,7.0,56.0,True,0.0
BR0335,"Bastones rectos de brocoli 9x9 mm - clasico - Caja de 5 packs de 2,5 kg | Ref 5G6",Bastones rectos de brocoli,Estacional,Bastones clasicos - Sigilo,Bastones clasicos,Medio,12.5,"5x2,5kg",5,2.5,fa8da38322149b23e14a120e71d38975,12.5,2.7,393.0,255.0,235.0,398.4,260.4,240.4,1800,800,1200,7.0,2.0,4.0,56.0,0.8082376213333332,5,2.5,12.5,True,True,2.0,4.0,7.0,56.0,True,0.0
BR0336,"5 bolsas de 2,5 kg | Bastones rectos de brocoli 9x9 mm | Ref TYH",Bastones rectos de brocoli,Estacional,Bastones clasicos - Sigilo,Bastones clasicos,Medio,12.5,"5x2,5kg",5,2.5,cf4c068dfec055bf302e658d71c9c942,12.5,4.8,380.0,282.0,192.0,389.6,291.6,201.6,1800,800,1200,8.0,2.0,4.0,64.0,0.8482682880000002,5,2.5,12.5,True,True,2.0,4.0,8.0,64.0,True,0.0
BR0337,"Bastones rectos de brocoli 11x11 mm - clasico - Caja de 5 packs de 2,5 kg | Ref 9O7",Bastones rectos de brocoli,Estacional,Bastones clasicos - Sigilo,Bastones clasicos,Medio,12.5,"5x2,5kg",5,2.5,b104736a19fe0c796651c18805508482,12.5,4.1,383.0,248.0,209.0,391.2,256.2,217.2,1800,800,1200,8.0,2.0,4.0,64.0,0.8062579839999998,5,2.5,12.5,True,True,2.0,4.0,8.0,64.0,True,0.0
BR0338,"5 bolsas de 2,5 kg | Bastones rectos de brocoli 13x13 mm",Bastones rectos de brocoli,Estacional,Bastones clasicos - Sigilo,Bastones clasicos,Grueso,12.5,"5x2,5kg",5,2.5,0b72571a5bb7429ce7de424547e8d27d,,4.1,386.0,286.0,174.0,394.2,294.2,182.2,1800,800,1200,9.0,2.0,4.0,72.0,0.8804332169999999,5,2.5,12.5,True,True,2.0,4.0,9.0,72.0,True,0.0
BR0339,"Bastones rectos de brocoli 6x6 mm - con cabo - Caja de 5 packs de 2,5 kg",Bastones rectos de brocoli,Estacional,Bastones clasicos - Sigilo,Bastones clasicos,Fino,12.5,"5x2,5kg",5,2.5,3479d784dc4ed4c42784cabde22ac149,12.5,4.1,383.0,248.0,248.0,391.2,256.2,256.2,1800,800,1200,7.0,2.0,4.0,56.0,0.832149556,5,2.5,12.5,True,True,2.0,4.0,7.0,56.0,True,0.0
BR0340,"Bastones rectos de brocoli 9x9 mm - con cabo - Caja de 5 packs de 2,5 kg",Bastones rectos de brocoli,Estacional,Bastones clasicos - Sigilo,Bastones clasicos,Medio,12.5,"5x2,5kg",5,2.5,3826faf22304dbe5bef22f8c36155874,12.5,2.7,393.0,255.0,224.0,398.4,260.4,229.4,1800,800,1200,7.0,2.0,4.0,56.0,0.7712550346666666,5,2.5,12.5,True,True,2.0,4.0,7.0,56.0,False,
BR0340XL,"Bastones rectos de brocoli 9x9 mm - con cabo - Caja de 5 packs de 2,5 kg XL",Bastones rectos de brocoli,Estacional,Bastones clasicos - Sigilo,Bastones clasicos,Medio,12.5,"5x2,5kg",5,2.5,fa8da38322149b23e14a120e71d38975,12.5,2.7,393.0,255.0,235.0,398.4,260.4,240.4,1800,800,1200,7.0,2.0,4.0,56.0,0.8082376213333332,5,2.5,12.5,True,True,2.0,4.0,7.0,56.0,True,0.0
BR0341,"5 bolsas de 2,5 kg | Bastones rectos de brocoli 11x11 mm con cabo | Ref EBK",Bastones rectos de brocoli,Estacional,Bastones clasicos - Sigilo,Bastones clasicos,Medio,12.5,"5x2,5kg",5,2.5,1c01c33ced1f5bfdb36a399ac98e0c68,12.5,4.1,383.0,248.0,214.0,391.2,256.2,222.2,1800,800,1200,8.0,2.0,4.0,64.0,0.8248182506666665,5,2.5,12.5,True,True,2.0,4.0,8.0,64.0,False,
BR0342,"Bastones rectos de brocoli 9x9 mm - con cabo - Caja de 5 packs de 2,5 kg",Bastones rectos de brocoli,Estacional,Bastones clasicos - Sigilo,Bastones clasicos,Medio,12.5,"5x2,5kg",5,2.5,fa8da38322149b23e14a120e71d38975,12.5,2.7,393.0,255.0,235.0,398.4,260.4,240.4,1800,800,1200,7.0,2.0,4.0,56.0,0.8082376213333332,5,2.5,12.5,True,True,2.0,4.0,7.0,56.0,True,0.0
BR0343,"5 bolsas de 2,5 kg | Bastones rectos de brocoli 6x6 mm | Ref DUF",Bastones rectos de brocoli,Estacional,Bastones clasicos - Sigilo,Bastones clasicos,Fino,12.5,"5x2,5kg",5,2.5,b1561453f5edf808c1c92eb2d0f45d38,12.5,2.7,393.0,255.0,321.0,398.4,260.4,326.4,1800,800,1200,5.0,2.0,4.0,40.0,0.7838387199999998,5,2.5,12.5,True,True,2.0,4.0,5.0,40.0,False,
BR0344,"Bastones rectos de brocoli 9x9 mm - clasico - Caja de 5 packs de 2,5 kg | Ref HKF",Bastones rectos de brocoli,Estacional,Bastones clasicos - Sigilo,Bastones clasicos,Medio,12.5,"5x2,5kg",5,2.5,e743e947473252606cfa14519dbf593b,12.5,2.7,393.0,255.0,291.0,398.4,260.4,296.4,1800,800,1200,6.0,2.0,4.0,48.0,0.8541536639999997,5,2.5,12.5,True,True,2.0,4.0,6.0,48.0,True,0.0
BR0345,"Bastones rectos de brocoli 9x9 mm - clasico - Caja de 5 packs de 2,5 kg | Ref PII",Bastones rectos de brocoli,Estacional,Bastones clasicos - Sigilo,Bastones clasicos,Medio,12.5,"5x2,5kg",5,2.5,5e55b0f0e0122b55ba8d4d91fb921c5a,12.5,4.5,391.0,292.0,316.0,400.0,301.0,325.0,1800,800,1200,5.0,2.0,3.0,30.0,0.6793402777777777,5,2.5,12.5,True,True,2.0,3.0,5.0,30.0,True,0.0
BR0346,"Bastones rectos de brocoli 9x9 mm - clasico - Caja de 5 packs de 2,5 kg | Ref HKF",Bastones rectos de brocoli,Estacional,Bastones clasicos - Sigilo,Bastones clasicos,Medio,12.5,"5x2,5kg",5,2.5,5914abeae491eab8612131985b15994f,12.5,4.1,386.0,286.0,239.0,394.2,294.2,247.2,1800,800,1200,7.0,2.0,4.0,56.0,0.929077716,5,2.5,12.5,True,True,2.0,4.0,7.0,56.0,True,0.0
BR0347,"Bastones rectos de brocoli 9x9 mm - clasico - Caja de 5 packs de 2,5 kg | Ref HKF",Bastones rectos de brocoli,Estacional,Bastones clasicos - Sigilo,Bastones clasicos,Medio,12.5,"5x2,5kg",5,2.5,5914abeae491eab8612131985b15994f,,4.1,386.0,286.0,239.0,394.2,294.2,247.2,1800,800,1200,7.0,2.0,4.0,56.0,0.929077716,5,2.5,12.5,True,True,2.0,4.0,7.0,56.0,True,0.0
BR0348,"Bastones rectos de brocoli 9x9 mm - clasico - Caja de 5 packs de 2,5 kg | Ref PII",Bastones rectos de brocoli,Estacional,Bastones clasicos - Sigilo,Bastones clasicos,Medio,12.5,"5x2,5kg",5,2.5,4e08f8e3d25dca0ebe2ef18b5cff3f24,12.5,4.8,380.0,282.0,305.0,389.6,291.6,314.6,1800,800,1200,5.0,2.0,4.0,40.0,0.8273350800000001,5,2.5,12.5,True,True,2.0,4.0,5.0,40.0,True,0.0
BR0349,"Bastones rectos de brocoli 9x9 mm - clasico - Caja de 5 packs de 2,5 kg | Ref HKF",Bastones rectos de brocoli,Estacional,Bastones clasicos - Sigilo,Bastones clasicos,Medio,12.5,"5x2,5kg",5,2.5,6d5c1314ab281dbdd56dc5dde84579b9,12.5,2.7,395.0,296.0,245.0,400.0,301.4,250.4,1800,800,1200,7.0,2.0,3.0,42.0,0.7337415555555555,5,2.5,12.5,True,True,2.0,3.0,7.0,42.0,False,
BR0350,11 bolsas de 1 kg | Tortitas de brocoli | Ref G03,Tortitas de brocoli,Forma estable,Guarniciones - Tortitas,Guarniciones,Forma,11.0,11x1kg,11,1.0,1f3654aef5539d7393e1c6a4a8be552f,11.0,4.6,383.0,285.0,206.0,392.2,294.2,215.2,1800,800,1200,8.0,2.0,4.0,64.0,0.919663098074074,11,1.0,11.0,True,True,2.0,4.0,8.0,64.0,False,
BR0351,11 bolsas de 1 kg | Tortitas de brocoli | Ref G03,Tortitas de brocoli,Forma estable,Guarniciones - Tortitas,Guarniciones,Forma,11.0,11x1kg,11,1.0,1f3654aef5539d7393e1c6a4a8be552f,11.0,4.6,383.0,285.0,206.0,392.2,294.2,215.2,1800,800,1200,8.0,2.0,4.0,64.0,0.919663098074074,11,1.0,11.0,True,True,2.0,4.0,8.0,64.0,False,
BR0352,"BonsaiGreen Bastones rectos de brocoli 9x9 mm 5 x 2,5 kg | Ref KXH",Bastones rectos de brocoli,Estacional,Bastones clasicos - Sigilo,Bastones clasicos,Medio,12.5,"5x2,5kg",5,2.5,e743e947473252606cfa14519dbf593b,,2.7,393.0,255.0,291.0,398.4,260.4,296.4,1800,800,1200,6.0,2.0,4.0,48.0,0.8541536639999997,5,2.5,12.5,True,True,2.0,4.0,6.0,48.0,True,0.0
BR0353,"BonsaiVegetales Croquetas de brocoli 13 x 0,75 kg",Croquetas de brocoli,Forma estable,Guarniciones - Legumes Croquetas,Guarniciones,Forma,9.75,"13x0,75kg",13,0.75,ea6403e25e3a52198dad19251c207a47,9.75,4.6,380.0,252.0,245.0,389.2,261.2,254.2,1800,800,1200,7.0,2.0,4.0,56.0,0.8374634063703703,13,0.75,9.75,True,True,2.0,4.0,7.0,56.0,True,0.0
BR0354,"BonsaiGreen Brocoli en rejilla sazonado, con cabo 13 x 0,5 kg",Brocoli en rejilla,Forma estable,Bastones clasicos - Sigilo,Bastones clasicos,Forma,6.5,"13x0,5kg",13,0.5,6a29db0cef2137d2bb15a27d61f064bd,6.5,2.7,393.0,255.0,270.0,398.4,260.4,275.4,1800,800,1200,6.0,2.0,4.0,48.0,0.7936367039999996,13,0.5,6.5,True,True,2.0,4.0,6.0,48.0,True,0.0
BR0355,"BonsaiGreen Dippers de brocoli 13 x 0,5 kg",Dippers de brocoli,Forma estable,Bastones clasicos - Sigilo,Bastones clasicos,Forma,6.5,"13x0,5kg",13,0.5,a130566667d4be7bb38053adaefea0af,6.5,2.7,393.0,255.0,204.0,398.4,260.4,209.4,1800,800,1200,8.0,2.0,4.0,64.0,0.804587392,13,0.5,6.5,True,True,2.0,4.0,8.0,64.0,True,0.0
BR0356,"Espirales de brocoli - sazonado - Caja de 13 packs de 0,5 kg",Espirales de brocoli,Forma estable,Bastones clasicos - Sigilo,Bastones clasicos,Forma,6.5,"13x0,5kg",13,0.5,457aead6b645a6fdaad21f23a4e8ca12,6.5,2.7,393.0,255.0,265.0,398.4,260.4,270.4,1800,800,1200,6.0,2.0,4.0,48.0,0.7792279039999997,13,0.5,6.5,True,True,2.0,4.0,6.0,48.0,True,0.0
BR0357,"BonsaiGreen Bastones rectos de brocoli 6x6 mm 13 x 0,75 kg",Bastones rectos de brocoli,Estacional,Bastones clasicos - Sigilo,Bastones clasicos,Fino,9.75,"13x0,75kg",13,0.75,ad23381bab48bad4640990fdc6a27c9b,9.75,4.1,383.0,248.0,229.0,391.2,256.2,237.2,1800,800,1200,7.0,2.0,4.0,56.0,0.7704366693333332,13,0.75,9.75,True,True,2.0,4.0,7.0,56.0,True,0.0
BR0358,"BonsaiGreen Espirales de brocoli 13 x 0,75 kg",Espirales de brocoli,Forma estable,Bastones clasicos - Sigilo,Bastones clasicos,Forma,9.75,"13x0,75kg",13,0.75,6d5c1314ab281dbdd56dc5dde84579b9,9.75,2.7,395.0,296.0,245.0,400.0,301.4,250.4,1800,800,1200,7.0,2.0,3.0,42.0,0.7337415555555555,13,0.75,9.75,True,True,2.0,3.0,7.0,42.0,False,
BR0359,"Brocoli zigzag - clasico - Caja de 13 packs de 0,75 kg | Ref 6P9",Brocoli zigzag,Forma estable,Bastones clasicos - Legumes Frites,Bastones clasicos,Forma,9.75,"13x0,8kg",13,0.75,10c5f9edbe2c87186bcdeb991fe8d902,9.75,4.6,380.0,252.0,228.0,389.2,261.2,237.2,1800,800,1200,7.0,2.0,4.0,56.0,0.7814568056296296,13,0.8,9.75,True,True,2.0,4.0,7.0,56.0,True,0.0
BR0360,"Bastones rectos de brocoli 9x9 mm - crocante - Caja de 5 packs de 2,5 kg | Ref 559",Bastones rectos de brocoli,Estacional,Bastones clasicos - Sigilo,Bastones clasicos,Medio,12.5,"5x2,5kg",5,2.5,48d2fa87ef6ac189e633680672b6132e,12.5,4.1,386.0,286.0,199.0,394.2,294.2,207.2,1800,800,1200,8.0,2.0,4.0,64.0,0.8899903039999999,5,2.5,12.5,True,True,2.0,4.0,8.0,64.0,True,0.0
BR0361,"BonsaiGreen Gajos de brocoli sazonado 5 x 2,5 kg | Ref 595",Gajos de brocoli,Forma estable,Bastones clasicos - Sigilo,Bastones clasicos,Forma,12.5,5x2.5kg,5,2.5,116dda17a7b7fb82c62f462ef4a94218,6.25,4.1,386.0,286.0,164.0,394.2,294.2,172.2,1800,800,1200,10.0,2.0,4.0,80.0,0.92456763,5,2.5,12.5,True,True,2.0,4.0,10.0,80.0,True,0.0
BR0362,"BonsaiGreen Espirales de brocoli 5 x 2,5 kg",Espirales de brocoli,Forma estable,Bastones clasicos - Sigilo,Bastones clasicos,Forma,12.5,"5x2,5kg",5,2.5,3256a5fed07b421a92abee44a3d93243,12.5,2.7,395.0,296.0,260.0,400.0,301.4,265.4,1800,800,1200,6.0,2.0,3.0,36.0,0.6665963333333333,5,2.5,12.5,True,True,2.0,3.0,6.0,36.0,True,0.0
BR0363,"BonsaiPremium Bastones rectos de brocoli 5 x 2,5 kg | Ref XJT",Bastones rectos de brocoli,Estacional,Bastones clasicos - Reserva Privada,Bastones clasicos,Medio,12.5,"5x2,5kg",5,2.5,a053806f0b23db27a17e90bf971c8a62,12.5,4.1,386.0,286.0,273.0,394.2,294.2,281.2,1800,800,1200,6.0,2.0,4.0,48.0,0.905882988,5,2.5,12.5,True,True,2.0,4.0,6.0,48.0,True,0.0
BR0364,"BonsaiPremium Bastones rectos de brocoli 5 x 2,5 kg | Ref 8OM",Bastones rectos de brocoli,Estacional,Bastones clasicos - Reserva Privada,Bastones clasicos,Fino,12.5,"5x2,5kg",5,2.5,5752498adef915345dabc54b32edf146,12.5,2.7,395.0,296.0,219.0,400.0,301.4,224.4,1800,800,1200,8.0,2.0,3.0,48.0,0.7514906666666666,5,2.5,12.5,True,True,2.0,3.0,8.0,48.0,True,0.0
BR0365,"Bastones rectos de brocoli - clasico - Caja de 5 packs de 2,5 kg | Ref NW8",Bastones rectos de brocoli,Estacional,Bastones clasicos - Reserva Privada,Bastones clasicos,Grueso,12.5,"5x2,5kg",5,2.5,55b52b97c05b19dbbbefa191622fe36a,12.5,4.1,386.0,286.0,179.0,394.2,294.2,187.2,1800,800,1200,9.0,2.0,4.0,72.0,0.9045943919999998,5,2.5,12.5,True,True,2.0,4.0,9.0,72.0,False,
BR0366,"Bastones rectos de brocoli 6x6 mm - crocante - Caja de 5 packs de 2,5 kg | Ref JZO",Bastones rectos de brocoli,Estacional,Bastones clasicos - Sigilo,Bastones clasicos,Fino,12.5,"5x2,5kg",5,2.5,d6e2cbc227acca3455d02367e9bd0b2b,12.5,2.7,395.0,294.0,214.0,400.0,299.4,219.4,1800,800,1200,8.0,2.0,4.0,64.0,0.9731608888888889,5,2.5,12.5,True,True,2.0,4.0,8.0,64.0,True,0.0
BR0367,"5 bolsas de 2,5 kg | Bastones rectos de brocoli con cabo | Ref AYC",Bastones rectos de brocoli,Estacional,Bastones clasicos - Sigilo,Bastones clasicos,Medio,12.5,"5x2,5kg",5,2.5,48d2fa87ef6ac189e633680672b6132e,12.5,4.1,386.0,286.0,199.0,394.2,294.2,207.2,1800,800,1200,8.0,2.0,4.0,64.0,0.8899903039999999,5,2.5,12.5,True,True,2.0,4.0,8.0,64.0,True,0.0
BR0368,"Bastones rectos de brocoli - con cabo - Caja de 5 packs de 2,5 kg",Bastones rectos de brocoli,Estacional,Bastones clasicos - Sigilo,Bastones clasicos,Medio,12.5,"5x2,5kg",5,2.5,9a88ed4806deaa5c9b3abac82886d23a,12.5,4.1,386.0,286.0,184.0,394.2,294.2,192.2,1800,800,1200,9.0,2.0,4.0,72.0,0.9287555669999998,5,2.5,12.5,True,True,2.0,4.0,9.0,72.0,True,0.0
BR0369,"5 bolsas de 2,5 kg | Espirales de brocoli",Espirales de brocoli,Forma estable,Bastones clasicos - Reserva Privada,Bastones clasicos,Forma,12.5,"5x2,5kg",5,2.5,3256a5fed07b421a92abee44a3d93243,12.5,2.7,395.0,296.0,260.0,400.0,301.4,265.4,1800,800,1200,6.0,2.0,3.0,36.0,0.6665963333333333,5,2.5,12.5,True,True,2.0,3.0,6.0,36.0,True,0.0
BR0370,"BonsaiGreen Bastones rectos de brocoli 11 x 1,25 kg",Bastones rectos de brocoli,Estacional,Bastones clasicos - Sigilo,Bastones clasicos,Grueso,13.75,"11x1,25kg",11,1.25,c96df5913565ba35f3e02e744c9a6dde,13.75,2.7,395.0,296.0,224.0,400.0,301.4,229.4,1800,800,1200,7.0,2.0,3.0,42.0,0.6722057222222222,11,1.25,13.75,True,True,2.0,3.0,7.0,42.0,True,0.0
BR0371,13 bolsas de 1 kg | Bastones rectos de brocoli | Ref PB9,Bastones rectos de brocoli,Estacional,Bastones clasicos - Sigilo,Bastones clasicos,Grueso,13.0,13x1kg,13,1.0,dcc42a5da445d56728ad8178bf5931e9,13.0,2.7,395.0,296.0,240.0,400.0,301.4,245.4,1800,800,1200,7.0,2.0,3.0,42.0,0.7190901666666667,13,1.0,13.0,True,True,2.0,3.0,7.0,42.0,True,0.0
BR0372,"BonsaiGreen Espirales de brocoli sin gluten 13 x 0,75 kg",Espirales de brocoli,Forma estable,Bastones clasicos - Sigilo,Bastones clasicos,Forma,9.75,"13x0,75kg",13,0.75,4989f7c44b56191eebb2c0b95763c0db,9.75,2.7,395.0,296.0,250.0,400.0,301.4,255.4,1800,800,1200,7.0,2.0,3.0,42.0,0.7483929444444445,13,0.75,9.75,True,True,2.0,3.0,7.0,42.0,False,
BR0373,"16 bolsas de 0,5 kg | Brocoli en rejilla sin gluten",Brocoli en rejilla,Forma estable,Bastones clasicos - Sigilo,Bastones clasicos,Forma,8.0,"16x0,5kg",16,0.5,f1efec47e48187c72213058375afab2c,8.0,2.7,395.0,296.0,286.0,400.0,301.4,291.4,1800,800,1200,6.0,2.0,3.0,36.0,0.7318996666666666,16,0.5,8.0,True,True,2.0,3.0,6.0,36.0,False,
BR0374,Bastones rectos de brocoli - clasico - Caja de 13 packs de 1 kg | Ref OVH,Bastones rectos de brocoli,Estacional,Bastones clasicos - Sigilo,Bastones clasicos,Grueso,13.0,13x1kg,13,1.0,6d5c1314ab281dbdd56dc5dde84579b9,13.0,2.7,395.0,296.0,245.0,400.0,301.4,250.4,1800,800,1200,7.0,2.0,3.0,42.0,0.7337415555555555,13,1.0,13.0,True,True,2.0,3.0,7.0,42.0,False,
BR0375,"11 bolsas de 1,25 kg | Bastones rectos de brocoli | Ref YF3",Bastones rectos de brocoli,Estacional,Bastones clasicos - Legumes Frites,Bastones clasicos,Corte steak,13.75,"11x1,25kg",11,1.25,c61dafed9b7d2c7f917d4debf65896c1,13.75,4.1,386.0,286.0,263.0,394.2,294.2,271.2,1800,800,1200,6.0,2.0,4.0,48.0,0.873668088,11,1.25,13.75,True,True,2.0,4.0,6.0,48.0,True,0.0
BR0376,"13 bolsas de 0,75 kg | Brocoli zigzag sazonado",Brocoli zigzag,Forma estable,Bastones clasicos - Sigilo,Bastones clasicos,Forma,9.75,"13x0,75kg",13,0.75,ddc8f0c662924d5b7914ba35ddb1ebe4,9.75,2.7,395.0,294.0,250.0,400.0,299.4,255.4,1800,800,1200,7.0,2.0,4.0,56.0,0.9912357777777776,13,0.75,9.75,True,True,2.0,4.0,7.0,56.0,True,0.0
BR0377,"13 bolsas de 0,75 kg | Brocoli zigzag picante | Ref P85",Brocoli zigzag,Forma estable,Bastones clasicos - Sigilo,Bastones clasicos,Forma,9.75,"13x0,75kg",13,0.75,ddc8f0c662924d5b7914ba35ddb1ebe4,9.75,2.7,395.0,294.0,250.0,400.0,299.4,255.4,1800,800,1200,7.0,2.0,4.0,56.0,0.9912357777777776,13,0.75,9.75,True,True,2.0,4.0,7.0,56.0,True,0.0
BR0378,"BonsaiGreen Bastones rectos de brocoli 6x6 mm 5 x 2,5 kg | Ref FVE",Bastones rectos de brocoli,Estacional,Bastones clasicos - Grado B,Bastones clasicos,Fino,12.5,"5x2,5kg",5,2.5,2361696c0cf9b4a8490d7098c11e6a51,12.5,2.7,393.0,255.0,250.0,398.4,260.4,255.4,1800,800,1200,7.0,2.0,4.0,56.0,0.8586684213333333,5,2.5,12.5,True,True,2.0,4.0,7.0,56.0,True,0.0
BR0379,"Bastones rectos de brocoli 6x6 mm - clasico - Caja de 5 packs de 2,5 kg | Ref OO7",Bastones rectos de brocoli,Estacional,Bastones clasicos - Grado B,Bastones clasicos,Fino,12.5,"5x2,5kg",5,2.5,2361696c0cf9b4a8490d7098c11e6a51,12.5,2.7,393.0,255.0,250.0,398.4,260.4,255.4,1800,800,1200,7.0,2.0,4.0,56.0,0.8586684213333333,5,2.5,12.5,True,True,2.0,4.0,7.0,56.0,True,0.0
BR0380,"Bastones rectos de brocoli 6x6 mm - clasico - Caja de 5 packs de 2,5 kg | Ref OO7",Bastones rectos de brocoli,Estacional,Bastones clasicos - Grado B,Bastones clasicos,Fino,12.5,"5x2,5kg",5,2.5,edebe6dd9669ec03369694b6dbbd4c54,12.5,2.5,393.0,255.0,250.0,398.0,260.0,255.0,1800,800,1200,7.0,2.0,4.0,56.0,0.8551472222222222,5,2.5,12.5,True,True,2.0,4.0,7.0,56.0,True,0.0
BR0381,"Bastones rectos de brocoli 9x9 mm - clasico - Caja de 5 packs de 2,5 kg | Ref XNV",Bastones rectos de brocoli,Estacional,Bastones clasicos - Grado B,Bastones clasicos,Medio,12.5,"5x2,5kg",5,2.5,9dbb448086386afae3321dda0441c688,12.5,2.7,393.0,255.0,230.0,398.4,260.4,235.4,1800,800,1200,7.0,2.0,4.0,56.0,0.7914273546666666,5,2.5,12.5,True,True,2.0,4.0,7.0,56.0,True,0.0
BR0382,"BonsaiGreen Bastones rectos de brocoli 9x9 mm 5 x 2,5 kg | Ref 768",Bastones rectos de brocoli,Estacional,Bastones clasicos - Grado B,Bastones clasicos,Medio,12.5,"5x2,5kg",5,2.5,9dbb448086386afae3321dda0441c688,12.5,2.7,393.0,255.0,230.0,398.4,260.4,235.4,1800,800,1200,7.0,2.0,4.0,56.0,0.7914273546666666,5,2.5,12.5,True,True,2.0,4.0,7.0,56.0,True,0.0
BR0383,"BonsaiGreen Bastones rectos de brocoli 9x9 mm 5 x 2,5 kg | Ref 768",Bastones rectos de brocoli,Estacional,Bastones clasicos - Grado B,Bastones clasicos,Medio,12.5,"5x2,5kg",5,2.5,9dbb448086386afae3321dda0441c688,12.5,2.7,393.0,255.0,230.0,398.4,260.4,235.4,1800,800,1200,7.0,2.0,4.0,56.0,0.7914273546666666,5,2.5,12.5,True,True,2.0,4.0,7.0,56.0,True,0.0
BR0384,"5 bolsas de 2,5 kg | Bastones rectos de brocoli 11x11 mm | Ref UC1",Bastones rectos de brocoli,Estacional,Bastones clasicos - Grado B,Bastones clasicos,Medio,12.5,"5x2,5kg",5,2.5,d57ede415e9b30ea0e94a15552298aa3,12.5,2.7,393.0,255.0,214.0,398.4,260.4,219.4,1800,800,1200,8.0,2.0,4.0,64.0,0.8430108586666666,5,2.5,12.5,True,True,2.0,4.0,8.0,64.0,True,0.0
BR0385,"5 bolsas de 2,5 kg | Bastones rectos de brocoli 11x11 mm | Ref UC1",Bastones rectos de brocoli,Estacional,Bastones clasicos - Grado B,Bastones clasicos,Medio,12.5,"5x2,5kg",5,2.5,d57ede415e9b30ea0e94a15552298aa3,,2.7,393.0,255.0,214.0,398.4,260.4,219.4,1800,800,1200,8.0,2.0,4.0,64.0,0.8430108586666666,5,2.5,12.5,True,True,2.0,4.0,8.0,64.0,True,0.0
BR0386,"5 bolsas de 2,5 kg | Bastones rectos de brocoli 6x6 mm | Ref WPA",Bastones rectos de brocoli,Estacional,Bastones clasicos - Grado B,Bastones clasicos,Fino,12.5,"5x2,5kg",5,2.5,414d4cf5c1bc8a346f7e4445ede7acbd,12.5,4.1,386.0,286.0,229.0,394.2,294.2,237.2,1800,800,1200,7.0,2.0,4.0,56.0,0.8914936659999999,5,2.5,12.5,True,True,2.0,4.0,7.0,56.0,True,0.0
BR0387,"5 bolsas de 2,5 kg | Bastones rectos de brocoli 9x9 mm | Ref WFG",Bastones rectos de brocoli,Estacional,Bastones clasicos - Grado B,Bastones clasicos,Medio,12.5,"5x2,5kg",5,2.5,48d2fa87ef6ac189e633680672b6132e,12.5,4.1,386.0,286.0,199.0,394.2,294.2,207.2,1800,800,1200,8.0,2.0,4.0,64.0,0.8899903039999999,5,2.5,12.5,True,True,2.0,4.0,8.0,64.0,True,0.0
BR0388,"Bastones rectos de brocoli 9x9 mm - clasico - Caja de 5 packs de 2,5 kg | Ref GR7",Bastones rectos de brocoli,Estacional,Bastones clasicos - Grado B,Bastones clasicos,Medio,12.5,"5x2,5kg",5,2.5,1cbc364190e4feb6cfbe064584c400ab,12.5,4.1,383.0,248.0,224.0,391.2,256.2,232.2,1800,800,1200,7.0,2.0,4.0,56.0,0.7541964359999999,5,2.5,12.5,True,True,2.0,4.0,7.0,56.0,True,0.0
BR0389,"5 bolsas de 2,5 kg | Bastones rectos de brocoli 9x9 mm | Ref BHE",Bastones rectos de brocoli,Estacional,Bastones clasicos - Grado B,Bastones clasicos,Medio,12.5,"5x2,5kg",5,2.5,fc6931875b8384c7bacd18bb4699795f,12.5,2.7,393.0,255.0,219.0,398.4,260.4,224.4,1800,800,1200,8.0,2.0,4.0,64.0,0.862222592,5,2.5,12.5,True,True,2.0,4.0,8.0,64.0,True,0.0
BR0390,"BonsaiGreen Bastones rectos de brocoli 6x6 mm 5 x 2,5 kg | Ref FVE",Bastones rectos de brocoli,Estacional,Bastones clasicos - Sigilo,Bastones clasicos,Fino,12.5,"5x2,5kg",5,2.5,2361696c0cf9b4a8490d7098c11e6a51,12.5,2.7,393.0,255.0,250.0,398.4,260.4,255.4,1800,800,1200,7.0,2.0,4.0,56.0,0.8586684213333333,5,2.5,12.5,True,True,2.0,4.0,7.0,56.0,True,0.0
BR0391,"BonsaiGreen Gajos de brocoli sazonado 5 x 2,5 kg | Ref PO5",Gajos de brocoli,Forma estable,Bastones clasicos - Sigilo,Bastones clasicos,Forma,12.5,"5x2,5kg",5,2.5,83d3c7c10fbc6fe2e476fd8c600855e2,,2.7,393.0,255.0,194.0,398.4,260.4,199.4,1800,800,1200,9.0,2.0,4.0,72.0,0.8619344159999999,5,2.5,12.5,True,True,2.0,4.0,9.0,72.0,True,0.0
BR0392,"BonsaiGreen Gajos de brocoli sazonado 5 x 2,5 kg | Ref PO5",Gajos de brocoli,Forma estable,Bastones clasicos - Sigilo,Bastones clasicos,Forma,12.5,"5x2,5kg",5,2.5,dc0b41c3254944ee2f8977c80dc8f455,12.5,4.5,391.0,292.0,172.0,400.0,301.0,181.0,1800,800,1200,9.0,2.0,3.0,54.0,0.6810125,5,2.5,12.5,True,True,2.0,3.0,9.0,54.0,False,
BR0393,11 bolsas de 1 kg | Gajos de brocoli,Gajos de brocoli,Forma estable,Bastones clasicos - Reserva Privada,Bastones clasicos,Forma,11.0,11x1kg,11,1.0,83d3c7c10fbc6fe2e476fd8c600855e2,11.0,2.7,393.0,255.0,194.0,398.4,260.4,199.4,1800,800,1200,9.0,2.0,4.0,72.0,0.8619344159999999,11,1.0,11.0,True,True,2.0,4.0,9.0,72.0,True,0.0
BR0394,"Gajos de brocoli - con cabo - Caja de 5 packs de 2,5 kg",Gajos de brocoli,Forma estable,Bastones clasicos - Reserva Privada,Bastones clasicos,Forma,12.5,"5x2,5kg",5,2.5,b9470f0403af99853ed89bcf86be3235,12.5,4.1,383.0,248.0,194.0,391.2,256.2,202.2,1800,800,1200,8.0,2.0,4.0,64.0,0.7505771839999998,5,2.5,12.5,True,True,2.0,4.0,8.0,64.0,False,
BR0395,"Gajos de brocoli - sazonado - Caja de 5 packs de 2,5 kg",Gajos de brocoli,Forma estable,Bastones clasicos - Sigilo,Bastones clasicos,Forma,12.5,"5x2,5kg",5,2.5,082c1cdb42b1abd201403ca33ca11ef0,12.5,4.1,383.0,248.0,189.0,391.2,256.2,197.2,1800,800,1200,9.0,2.0,4.0,72.0,0.8235190319999999,5,2.5,12.5,True,True,2.0,4.0,9.0,72.0,True,0.0
BR0396,"5 bolsas de 2,5 kg | Gajos de brocoli sin gluten | Ref EQY",Gajos de brocoli,Forma estable,Bastones clasicos - Sigilo,Bastones clasicos,Forma,12.5,"5x2,5kg",5,2.5,ac8b5267c6be652bd0aff43408408e79,12.5,4.1,388.0,288.0,209.0,396.2,296.2,217.2,1800,800,1200,8.0,2.0,4.0,64.0,0.9440512728888888,5,2.5,12.5,True,True,2.0,4.0,8.0,64.0,True,0.0
BR0397,"5 bolsas de 2,5 kg | Gajos de brocoli sin gluten | Ref S62",Gajos de brocoli,Forma estable,Bastones clasicos - Sigilo,Bastones clasicos,Forma,12.5,"5x2,5kg",5,2.5,162c41fa859810e889efa37f867819bb,12.5,2.7,395.0,296.0,214.0,400.0,301.4,219.4,1800,800,1200,8.0,2.0,3.0,48.0,0.7347462222222222,5,2.5,12.5,True,True,2.0,3.0,8.0,48.0,True,0.0
BR0398,"Gajos de brocoli - sin gluten - Caja de 5 packs de 2,5 kg",Gajos de brocoli,Forma estable,Bastones clasicos - Sigilo,Bastones clasicos,Forma,12.5,"5x2,5kg",5,2.5,bdefb2124af27fa9ca0fa5d293a18aa4,12.5,4.1,386.0,286.0,209.0,394.2,294.2,217.2,1800,800,1200,8.0,2.0,4.0,64.0,0.932943504,5,2.5,12.5,True,True,2.0,4.0,8.0,64.0,True,0.0
BR0399,"Bastones rectos de brocoli 6x9 mm - clasico - Caja de 5 packs de 2,5 kg",Bastones rectos de brocoli,Estacional,Bastones clasicos - Sigilo,Bastones clasicos,Fino,12.5,"5x2,5kg",5,2.5,170f5916eaeb0e271ae012eedb1ad645,12.5,4.1,386.0,286.0,298.0,394.2,294.2,306.2,1800,800,1200,5.0,2.0,4.0,40.0,0.8220168649999999,5,2.5,12.5,True,True,2.0,4.0,5.0,40.0,True,0.0
BR0400,"5 bolsas de 2,5 kg | Bastones rectos de brocoli | Ref H44",Bastones rectos de brocoli,Estacional,Bastones clasicos - Legumes Frites,Bastones clasicos,Medio,12.5,"5x2,5kg",5,2.5,b4d42409ba0a801454f8f3bc60d94ec1,12.5,4.1,388.0,288.0,293.0,396.2,296.2,301.2,1800,800,1200,5.0,2.0,4.0,40.0,0.8182212344444444,5,2.5,12.5,True,True,2.0,4.0,5.0,40.0,True,0.0
BR0401,"5 bolsas de 2,5 kg | Bastones rectos de brocoli 9x9 mm con cabo",Bastones rectos de brocoli,Estacional,Bastones clasicos - Sigilo,Bastones clasicos,Medio,12.5,"5x2,5kg",5,2.5,6f0bc5eabea0d399e9342acf41bcb33b,12.5,2.7,395.0,296.0,194.0,400.0,301.4,199.4,1800,800,1200,9.0,2.0,3.0,54.0,0.7512394999999998,5,2.5,12.5,True,True,2.0,3.0,9.0,54.0,True,0.0
BR0402,"BonsaiGreen Gajos de brocoli 13 x 0,75 kg",Gajos de brocoli,Forma estable,Bastones clasicos - Sigilo,Bastones clasicos,Forma,9.75,"13x0,75kg",13,0.75,0b72571a5bb7429ce7de424547e8d27d,9.75,4.1,386.0,286.0,174.0,394.2,294.2,182.2,1800,800,1200,9.0,2.0,4.0,72.0,0.8804332169999999,13,0.75,9.75,True,True,2.0,4.0,9.0,72.0,True,0.0
BR0403,"BonsaiGreen Bastones rectos de brocoli 6x6 mm con cabo 5 x 2,5 kg",Bastones rectos de brocoli,Estacional,Bastones clasicos - Sigilo,Bastones clasicos,Fino,12.5,"5x2,5kg",5,2.5,4472825c5f9816d7befa089cf8451878,12.5,4.1,383.0,248.0,318.0,391.2,256.2,326.2,1800,800,1200,5.0,2.0,4.0,40.0,0.7567948733333333,5,2.5,12.5,True,True,2.0,4.0,5.0,40.0,False,
BR0404,Bastones rectos de brocoli 9x9 mm - clasico - Caja de 11 packs de 1 kg,Bastones rectos de brocoli,Estacional,Bastones clasicos - Sigilo,Bastones clasicos,Medio,11.0,11x1kg,11,1.0,563a3fa61d441769163b35905be8987d,11.0,4.1,383.0,248.0,234.0,391.2,256.2,242.2,1800,800,1200,7.0,2.0,4.0,56.0,0.7866769026666666,11,1.0,11.0,True,True,2.0,4.0,7.0,56.0,True,0.0
BR0405,"BonsaiVegetales Bastones rectos de brocoli 10x10 mm 5 x 2,5 kg",Bastones rectos de brocoli,Estacional,Guarniciones - Otros,Guarniciones,Medio,12.5,"5x2,5kg",5,2.5,55b52b97c05b19dbbbefa191622fe36a,12.5,4.1,386.0,286.0,179.0,394.2,294.2,187.2,1800,800,1200,9.0,2.0,4.0,72.0,0.9045943919999998,5,2.5,12.5,True,True,2.0,4.0,9.0,72.0,False,
BR0406,"BonsaiGreen Brocoli en rejilla sazonado 5 x 2,5 kg",Brocoli en rejilla,Forma estable,Bastones clasicos - Sigilo,Bastones clasicos,Forma,12.5,"5x2,5kg",5,2.5,a23eeef1c0cd8cfd40b780d65382034a,,4.1,386.0,286.0,303.0,394.2,294.2,311.2,1800,800,1200,5.0,2.0,4.0,40.0,0.8354397399999999,5,2.5,12.5,True,True,2.0,4.0,5.0,40.0,True,0.0
BR0407,"5 bolsas de 2,5 kg | Espirales de brocoli sazonado",Espirales de brocoli,Forma estable,Bastones clasicos - Sigilo,Bastones clasicos,Forma,12.5,"5x2,5kg",5,2.5,c61dafed9b7d2c7f917d4debf65896c1,,4.1,386.0,286.0,263.0,394.2,294.2,271.2,1800,800,1200,6.0,2.0,4.0,48.0,0.873668088,5,2.5,12.5,True,True,2.0,4.0,6.0,48.0,True,0.0
BR0408,Brocoli en rejilla - clasico - Caja de 11 packs de 1 kg | Ref GM8,Brocoli en rejilla,Forma estable,Bastones clasicos - Sigilo,Bastones clasicos,Forma,11.0,11x1kg,11,1.0,a23eeef1c0cd8cfd40b780d65382034a,11.0,4.1,386.0,286.0,303.0,394.2,294.2,311.2,1800,800,1200,5.0,2.0,4.0,40.0,0.8354397399999999,11,1.0,11.0,True,True,2.0,4.0,5.0,40.0,True,0.0
BR0409,"5 bolsas de 2,5 kg | Bastones rectos de brocoli 9x9 mm sin gluten, horneado",Bastones rectos de brocoli,Estacional,Bastones clasicos - Sigilo,Bastones clasicos,Medio,12.5,"5x2,5kg",5,2.5,563a3fa61d441769163b35905be8987d,12.5,4.1,383.0,248.0,234.0,391.2,256.2,242.2,1800,800,1200,7.0,2.0,4.0,56.0,0.7866769026666666,5,2.5,12.5,True,True,2.0,4.0,7.0,56.0,True,0.0
BR0410,"Brocoli en rejilla - clasico - Caja de 5 packs de 1,75 kg",Brocoli en rejilla,Forma estable,Bastones clasicos - Sigilo,Bastones clasicos,Forma,8.75,"5x1,8kg",5,1.75,b5ff628fcb5e9885b7d13c5dd1ddd441,8.75,4.8,380.0,282.0,286.0,389.6,291.6,295.6,1800,800,1200,6.0,2.0,4.0,48.0,0.9328426560000004,5,1.8,8.75,True,True,2.0,4.0,6.0,48.0,True,0.0
BR0411,"5 bolsas de 2,5 kg | Mix crujiente de brocoli",Mix crujiente de brocoli,Forma estable,Bastones clasicos - Sigilo,Bastones clasicos,Forma,12.5,"5x2,5kg",5,2.5,27cfee279bf2517d910cfab7c0b51213,12.5,4.1,386.0,286.0,204.0,394.2,294.2,212.2,1800,800,1200,8.0,2.0,4.0,64.0,0.911466904,5,2.5,12.5,True,True,2.0,4.0,8.0,64.0,True,0.0
BR0412,"Dippers de brocoli - clasico - Caja de 5 packs de 2,5 kg",Dippers de brocoli,Forma estable,Bastones clasicos - Sigilo,Bastones clasicos,Forma,12.5,"5x2,5kg",5,2.5,414d4cf5c1bc8a346f7e4445ede7acbd,12.5,4.1,386.0,286.0,229.0,394.2,294.2,237.2,1800,800,1200,7.0,2.0,4.0,56.0,0.8914936659999999,5,2.5,12.5,True,True,2.0,4.0,7.0,56.0,True,0.0
BR0413,"BonsaiPremium Bastones rectos de brocoli 6x6 mm 5 x 2,5 kg | Ref F06",Bastones rectos de brocoli,Estacional,Bastones clasicos - Reserva Privada,Bastones clasicos,Fino,12.5,"5x2,5kg",5,2.5,5914abeae491eab8612131985b15994f,12.5,4.1,386.0,286.0,239.0,394.2,294.2,247.2,1800,800,1200,7.0,2.0,4.0,56.0,0.929077716,5,2.5,12.5,True,True,2.0,4.0,7.0,56.0,True,0.0
BR0414,"Dippers de brocoli - clasico - Caja de 11 packs de 0,5 kg",Dippers de brocoli,Forma estable,Bastones clasicos - Sigilo,Bastones clasicos,Forma,5.5,"11x0,5kg",11,0.5,55b52b97c05b19dbbbefa191622fe36a,5.5,4.1,386.0,286.0,179.0,394.2,294.2,187.2,1800,800,1200,9.0,2.0,4.0,72.0,0.9045943919999998,11,0.5,5.5,True,True,2.0,4.0,9.0,72.0,False,
BR0415,"Dippers de brocoli - clasico - Caja de 5 packs de 2,5 kg",Dippers de brocoli,Forma estable,Bastones clasicos - Sigilo,Bastones clasicos,Forma,12.5,"5x2,5kg",5,2.5,963709ce03639618149be23f8bb82ece,12.5,4.1,383.0,248.0,253.0,391.2,256.2,261.2,1800,800,1200,6.0,2.0,4.0,48.0,0.7271912479999998,5,2.5,12.5,True,True,2.0,4.0,6.0,48.0,True,0.0
BR0416,"BonsaiVegetales Cubos de brocoli 5 x 2,5 kg",Cubos de brocoli,Forma estable,Guarniciones - Cubos,Guarniciones,Forma,12.5,"5x2,5kg",5,2.5,55b52b97c05b19dbbbefa191622fe36a,12.5,4.1,386.0,286.0,179.0,394.2,294.2,187.2,1800,800,1200,9.0,2.0,4.0,72.0,0.9045943919999998,5,2.5,12.5,True,True,2.0,4.0,9.0,72.0,False,
BR0417,"Mix crujiente de brocoli - clasico - Caja de 11 packs de 0,75 kg",Mix crujiente de brocoli,Forma estable,Bastones clasicos - Sigilo,Bastones clasicos,Forma,8.25,"11x0,75kg",11,0.75,563a3fa61d441769163b35905be8987d,8.25,4.1,383.0,248.0,234.0,391.2,256.2,242.2,1800,800,1200,7.0,2.0,4.0,56.0,0.7866769026666666,11,0.75,8.25,True,True,2.0,4.0,7.0,56.0,True,0.0
BR0418,"BonsaiGreen Mix crujiente de brocoli 11 x 0,75 kg",Mix crujiente de brocoli,Forma estable,Bastones clasicos - Sigilo,Bastones clasicos,Forma,8.25,"11x0,8kg",11,0.75,563a3fa61d441769163b35905be8987d,,4.1,383.0,248.0,234.0,391.2,256.2,242.2,1800,800,1200,7.0,2.0,4.0,56.0,0.7866769026666666,11,0.8,8.25,True,True,2.0,4.0,7.0,56.0,True,0.0
BR0419,"5 bolsas de 2,5 kg | Bastones rectos de brocoli 9x18 mm | Ref TUA",Bastones rectos de brocoli,Estacional,Bastones clasicos - Reserva Privada,Bastones clasicos,Corte steak,12.5,"5x2,5kg",5,2.5,3cdb44bb6e06ba2151d665a0c599b894,12.5,2.7,395.0,296.0,173.0,400.0,301.4,178.4,1800,800,1200,10.0,2.0,3.0,60.0,0.746802222222222,5,2.5,12.5,True,True,2.0,3.0,10.0,60.0,True,0.0
BR0420,"5 bolsas de 2,5 kg | Bastones rectos de brocoli 11x11 mm | Ref ADD",Bastones rectos de brocoli,Estacional,Bastones clasicos - Reserva Privada,Bastones clasicos,Medio,12.5,"5x2,5kg",5,2.5,a130566667d4be7bb38053adaefea0af,12.5,2.7,393.0,255.0,204.0,398.4,260.4,209.4,1800,800,1200,8.0,2.0,4.0,64.0,0.804587392,5,2.5,12.5,True,True,2.0,4.0,8.0,64.0,True,0.0
BR0421,"5 bolsas de 2,5 kg | Bastones rectos de brocoli 9x9 mm | Ref 45W",Bastones rectos de brocoli,Estacional,Bastones clasicos - Reserva Privada,Bastones clasicos,Medio,12.5,"5x2,5kg",5,2.5,3826faf22304dbe5bef22f8c36155874,12.5,2.7,393.0,255.0,224.0,398.4,260.4,229.4,1800,800,1200,7.0,2.0,4.0,56.0,0.7712550346666666,5,2.5,12.5,True,True,2.0,4.0,7.0,56.0,False,
